hanzi,tl,frequency,poj,tl_num,poj_num,tl_notone,poj_notone,tl_abbrev,poj_abbrev,kungge
邊,pinn,5350,piⁿ,pinn,pinn,pinn,pinn,,,True
畫,uē,2560,ōe,ue7,oe7,ue,oe,,,True
龜,ku,2000,ku,ku,ku,ku,ku,,,True
刻,khik,1154,khek,khik,khek,khik,khek,,,True
黏,liâm,969,liâm,liam5,liam5,liam,liam,,,True
鏡,kiànn,750,kiàⁿ,kiann3,kiann3,kiann,kiann,,,True
割,kuah,700,koah,kuah,koah,kuah,koah,,,True
剪,tsián,400,chián,tsian2,chian2,tsian,chian,,,True
尺,tshioh,400,chhioh,tshioh,chhioh,tshioh,chhioh,,,True
毛,moo,384,mo͘,moo,moo,moo,moo,,,True
堆,tui,350,tui,tui,tui,tui,tui,,,True
塑,sok,300,sok,sok,sok,sok,sok,,,True
摃,kòng,300,kòng,kong3,kong3,kong,kong,,,True
貼,tah,300,tah,tah,tah,tah,tah,,,True
敲,khà,200,khà,kha3,kha3,kha,kha,,,True
疊,tha̍h,200,tha̍h,thah8,thah8,thah,thah,,,True
鶴,ho̍h,100,ho̍h,hoh8,hoh8,hoh,hoh,,,True
捏,liap,50,liap,liap,liap,liap,liap,,,True
繞,liáu,50,liáu,liau2,liau2,liau,liau,,,True
iōng碗,iōng-uánn,25,iōng-óaⁿ,iong7uann2,iong7oann2,ionguann,iongoann,iu,io,True
,khò-té,25,khò-té,kho3te2,kho3te2,khote,khote,kt,kt,True
一吞,tsi̍t-thun,25,chi̍t-thun,tsit8thun,chit8thun,tsitthun,chitthun,tt,ct,True
三花,sam-hue,25,sam-hoe,samhue,samhoe,samhue,samhoe,sh,sh,True
九層,káu-tsan,25,káu-chan,kau2tsan,kau2chan,kautsan,kauchan,kt,kc,True
令旗,līng-kî,25,lēng-kî,ling7ki5,leng7ki5,lingki,lengki,lk,lk,True
作椅,tsoh-í,25,choh-í,tsohi2,chohi2,tsohi,chohi,ti,ci,True
保青,pó-tshenn,25,pó-chheⁿ,po2tshenn,po2chhenn,potshenn,pochhenn,pt,pc,True
修光,siu-kng,25,siu-kng,siukng,siukng,siukng,siukng,sk,sk,True
倒角,tò-kak,25,tò-kak,to3kak,to3kak,tokak,tokak,tk,tk,True
傍仔,png-á,25,png-á,pnga2,pnga2,pnga,pnga,pa,pa,True
冷盤,líng-puânn,25,léng-pôaⁿ,ling2puann5,leng2poann5,lingpuann,lengpoann,lp,lp,True
凹剾,nah-khau,25,nah-khau,nahkhau,nahkhau,nahkhau,nahkhau,nk,nk,True
出芽,tshut-gê,25,chhut-gê,tshutge5,chhutge5,tshutge,chhutge,tg,cg,True
分座,hun-tsō,25,hun-chō,huntso7,huncho7,huntso,huncho,ht,hc,True
分線,pun-suànn,25,pun-sòaⁿ,punsuann3,punsoann3,punsuann,punsoann,ps,ps,True
切仔,tshiat-á,25,chhiat-á,tshiata2,chhiata2,tshiata,chhiata,ta,ca,True
切檯,tshiat-tâi,25,chhiat-tâi,tshiattai5,chhiattai5,tshiattai,chhiattai,tt,ct,True
切針,tshiat-tsiam,25,chhiat-chiam,tshiattsiam,chhiatchiam,tshiattsiam,chhiatchiam,tt,cc,True
刮刀,kueh-to,25,koeh-to,kuehto,koehto,kuehto,koehto,kt,kt,True
刮青,kueh-tshenn,25,koeh-chheⁿ,kuehtshenn,koehchhenn,kuehtshenn,koehchhenn,kt,kc,True
刻字,khik-jī,25,khek-jī,khikji7,khekji7,khikji,khekji,kj,kj,True
刻花,khik-hue,25,khek-hoe,khikhue,khekhoe,khikhue,khekhoe,kh,kh,True
剪仔,tsián-á,25,chián-á,tsian2a2,chian2a2,tsiana,chiana,ta,ca,True
剪絨,tsián-jiông,25,chián-jiông,tsian2jiong5,chian2jiong5,tsianjiong,chianjiong,tj,cj,True
剪黏,tsián-liâm,25,chián-liâm,tsian2liam5,chian2liam5,tsianliam,chianliam,tl,cl,True
剾刀,khau-to,25,khau-to,khauto,khauto,khauto,khauto,kt,kt,True
剾枋,khau-pang,25,khau-pang,khaupang,khaupang,khaupang,khaupang,kp,kp,True
劍指,kiàm-kí,25,kiàm-kí,kiam3ki2,kiam3ki2,kiamki,kiamki,kk,kk,True
劍獅,kiàm-sai,25,kiàm-sai,kiam3sai,kiam3sai,kiamsai,kiamsai,ks,ks,True
包布,pau-pòo,25,pau-pò͘,paupoo3,paupoo3,paupoo,paupoo,pp,pp,True
包管,pau-kóng,25,pau-kóng,paukong2,paukong2,paukong,paukong,pk,pk,True
化色,huà-sik,25,hòa-sek,hua3sik,hoa3sek,huasik,hoasek,hs,hs,True
北式,pak-sik,25,pak-sek,paksik,paksek,paksik,paksek,ps,ps,True
南式,lâm-sik,25,lâm-sek,lam5sik,lam5sek,lamsik,lamsek,ls,ls,True
博古,phok-kóo,25,phok-kó͘,phokkoo2,phokkoo2,phokkoo,phokkoo,pk,pk,True
印台,ìn-tâi,25,ìn-tâi,in3tai5,in3tai5,intai,intai,it,it,True
印花,ìn-hue,25,ìn-hoe,in3hue,in3hoe,inhue,inhoe,ih,ih,True
卵殼,nn̄g-khak,25,nn̄g-khak,nng7khak,nng7khak,nngkhak,nngkhak,nk,nk,True
古錢,kóo-tsînn,25,kó͘-chîⁿ,koo2tsinn5,koo2chinn5,kootsinn,koochinn,kt,kc,True
吊夾,tiàu-ngeh,25,tiàu-ngeh,tiau3ngeh,tiau3ngeh,tiaungeh,tiaungeh,tn,tn,True
吊花,tiàu-hue,25,tiàu-hoe,tiau3hue,tiau3hoe,tiauhue,tiauhoe,th,th,True
吊鑽,tiàu-tsǹg,25,tiàu-chǹg,tiau3tsng3,tiau3chng3,tiautsng,tiauchng,tt,tc,True
名牌,bîng-pâi,25,bêng-pâi,bing5pai5,beng5pai5,bingpai,bengpai,bp,bp,True
吟龍,gîm-lîng,25,gîm-lêng,gim5ling5,gim5leng5,gimling,gimleng,gl,gl,True
喙舌,tshuì-tsi̍h,25,chhùi-chi̍h,tshui3tsih8,chhui3chih8,tshuitsih,chhuichih,tt,cc,True
噴漆,phùn-tshat,25,phùn-chhat,phun3tshat,phun3chhat,phuntshat,phunchhat,pt,pc,True
噴膠,phùn-ka,25,phùn-ka,phun3ka,phun3ka,phunka,phunka,pk,pk,True
噴銃,phùn-tshìng,25,phùn-chhèng,phun3tshing3,phun3chheng3,phuntshing,phunchheng,pt,pc,True
圍巾,uî-kin,25,ûi-kin,ui5kin,ui5kin,uikin,uikin,uk,uk,True
圓桶,înn-táng,25,îⁿ-táng,inn5tang2,inn5tang2,inntang,inntang,it,it,True
圓目,înn-ba̍k,25,îⁿ-ba̍k,inn5bak8,inn5bak8,innbak,innbak,ib,ib,True
地磅,tē-pōng,25,tē-pōng,te7pong7,te7pong7,tepong,tepong,tp,tp,True
坐五,tsē-gōo,25,chē-gō͘,tse7goo7,che7goo7,tsegoo,chegoo,tg,cg,True
堆的,tui-ê,25,tui-ê,tuie5,tuie5,tuie,tuie,te,te,True
堵頭,tóo-thâu,25,tó͘-thâu,too2thau5,too2thau5,toothau,toothau,tt,tt,True
塔啾,tah-tshiu,25,tah-chhiu,tahtshiu,tahchhiu,tahtshiu,tahchhiu,tt,tc,True
塔梯,thah-thui,25,thah-thui,thahthui,thahthui,thahthui,thahthui,tt,tt,True
塔舌,thah-tsi̍h,25,thah-chi̍h,thahtsih8,thahchih8,thahtsih,thahchih,tt,tc,True
塗捀,thôo-phâng,25,thô͘-phâng,thoo5phang5,thoo5phang5,thoophang,thoophang,tp,tp,True
塗朱,thôo-tsu,25,thô͘-chu,thoo5tsu,thoo5chu,thootsu,thoochu,tt,tc,True
塗紙,thôo-tsuá,25,thô͘-chóa,thoo5tsua2,thoo5choa2,thootsua,thoochoa,tt,tc,True
塗胚,thôo-phue,25,thô͘-phoe,thoo5phue,thoo5phoe,thoophue,thoophoe,tp,tp,True
塭仔,un-á,25,un-á,una2,una2,una,una,ua,ua,True
墜仔,tuī-á,25,tūi-á,tui7a2,tui7a2,tuia,tuia,ta,ta,True
墨斗,ba̍k-táu,25,ba̍k-táu,bak8tau2,bak8tau2,baktau,baktau,bt,bt,True
壁堵,piah-tóo,25,piah-tó͘,piahtoo2,piahtoo2,piahtoo,piahtoo,pt,pt,True
壓扒,ah-pe,25,ah-pe,ahpe,ahpe,ahpe,ahpe,ap,ap,True
大破,tuā-phuà,25,tōa-phòa,tua7phua3,toa7phoa3,tuaphua,toaphoa,tp,tp,True
大菁,tuā-tshinn,25,tōa-chhiⁿ,tua7tshinn,toa7chhinn,tuatshinn,toachhinn,tt,tc,True
大鏨,tuā-tsām,25,tōa-chām,tua7tsam7,toa7cham7,tuatsam,toacham,tt,tc,True
夾仔,ngeh-á,25,ngeh-á,ngeha2,ngeha2,ngeha,ngeha,na,na,True
夾枋,kiap-pang,25,kiap-pang,kiappang,kiappang,kiappang,kiappang,kp,kp,True
如意,jû-ì,25,jû-ì,ju5i3,ju5i3,jui,jui,ji,ji,True
定kô,tīng-kô,25,tēng-kô,ting7ko5,teng7ko5,tingko,tengko,tk,tk,True
定闊,tīng-khuah,25,tēng-khoah,ting7khuah,teng7khoah,tingkhuah,tengkhoah,tk,tk,True
寄線,kià-suànn,25,kià-sòaⁿ,kia3suann3,kia3soann3,kiasuann,kiasoann,ks,ks,True
寶扇,pó-sìnn,25,pó-sìⁿ,po2sinn3,po2sinn3,posinn,posinn,ps,ps,True
封帽,hong-bō,25,hong-bō,hongbo7,hongbo7,hongbo,hongbo,hb,hb,True
對破,tuì-phuà,25,tùi-phòa,tui3phua3,tui3phoa3,tuiphua,tuiphoa,tp,tp,True
小旦,sió-tuànn,25,sió-tòaⁿ,sio2tuann3,sio2toann3,siotuann,siotoann,st,st,True
小生,sió-sing,25,sió-seng,sio2sing,sio2seng,siosing,sioseng,ss,ss,True
小菁,sió-tshinn,25,sió-chhiⁿ,sio2tshinn,sio2chhinn,siotshinn,siochhinn,st,sc,True
尺鎚,tshioh-thuî,25,chhioh-thûi,tshiohthui5,chhiohthui5,tshiohthui,chhiohthui,tt,ct,True
屏風,pîn-hong,25,pîn-hong,pin5hong,pin5hong,pinhong,pinhong,ph,ph,True
巧雕,khá-tiau,25,khá-tiau,kha2tiau,kha2tiau,khatiau,khatiau,kt,kt,True
布枋,pòo-pang,25,pò͘-pang,poo3pang,poo3pang,poopang,poopang,pp,pp,True
布碖,pòo-lún,25,pò͘-lún,poo3lun2,poo3lun2,poolun,poolun,pl,pl,True
布袋,pòo-tē,25,pò͘-tē,poo3te7,poo3te7,poote,poote,pt,pt,True
帶鋸,tuà-kù,25,tòa-kù,tua3ku3,toa3ku3,tuaku,toaku,tk,tk,True
帶騎,tài-khiâ,25,tài-khiâ,tai3khia5,tai3khia5,taikhia,taikhia,tk,tk,True
帽仔,bō-á,25,bō-á,bo7a2,bo7a2,boa,boa,ba,ba,True
平尺,phînn-tshioh,25,phîⁿ-chhioh,phinn5tshioh,phinn5chhioh,phinntshioh,phinnchhioh,pt,pc,True
平枋,pênn-pang,25,pêⁿ-pang,penn5pang,penn5pang,pennpang,pennpang,pp,pp,True
幼破,iù-phuà,25,iù-phòa,iu3phua3,iu3phoa3,iuphua,iuphoa,ip,ip,True
幼胚,iù-phue,25,iù-phoe,iu3phue,iu3phoe,iuphue,iuphoe,ip,ip,True
幼蔥,iù-tshong,25,iù-chhong,iu3tshong,iu3chhong,iutshong,iuchhong,it,ic,True
幼針,iù-tsiam,25,iù-chiam,iu3tsiam,iu3chiam,iutsiam,iuchiam,it,ic,True
度針,tōo-tsiam,25,tō͘-chiam,too7tsiam,too7chiam,tootsiam,toochiam,tt,tc,True
弓仔,king-á,25,keng-á,kinga2,kenga2,kinga,kenga,ka,ka,True
弓枋,king-pang,25,keng-pang,kingpang,kengpang,kingpang,kengpang,kp,kp,True
彎剾,uân-khau,25,oân-khau,uan5khau,oan5khau,uankhau,oankhau,uk,ok,True
彩繪,tshái-uē,25,chhái-ōe,tshai2ue7,chhai2oe7,tshaiue,chhaioe,tu,co,True
徛七,khiā-tshit,25,khiā-chhit,khia7tshit,khia7chhit,khiatshit,khiachhit,kt,kc,True
徛心,khiā-sim,25,khiā-sim,khia7sim,khia7sim,khiasim,khiasim,ks,ks,True
徛柱,khiā-thiāu,25,khiā-thiāu,khia7thiau7,khia7thiau7,khiathiau,khiathiau,kt,kt,True
徛鏡,khiā-kiànn,25,khiā-kiàⁿ,khia7kiann3,khia7kiann3,khiakiann,khiakiann,kk,kk,True
戕仔,tshiâng-á,25,chhiâng-á,tshiang5a2,chhiang5a2,tshianga,chhianga,ta,ca,True
戰甲,tsiàn-kah,25,chiàn-kah,tsian3kah,chian3kah,tsiankah,chiankah,tk,ck,True
扁擔,pún-tann,25,pún-taⁿ,pun2tann,pun2tann,puntann,puntann,pt,pt,True
手包,tshiú-pau,25,chhiú-pau,tshiu2pau,chhiu2pau,tshiupau,chhiupau,tp,cp,True
手指,tshiú-tsí,25,chhiú-chí,tshiu2tsi2,chhiu2chi2,tshiutsi,chhiuchi,tt,cc,True
手裒,tshiú-pôo,25,chhiú-pô͘,tshiu2poo5,chhiu2poo5,tshiupoo,chhiupoo,tp,cp,True
手銬,tshiú-khàu,25,chhiú-khàu,tshiu2khau3,chhiu2khau3,tshiukhau,chhiukhau,tk,ck,True
托燈,thuh-ting,25,thuh-teng,thuhting,thuhteng,thuhting,thuhteng,tt,tt,True
批塗,phi-thôo,25,phi-thô͘,phithoo5,phithoo5,phithoo,phithoo,pt,pt,True
披土,phi-thôo,25,phi-thô͘,phithoo5,phithoo5,phithoo,phithoo,pt,pt,True
抹刀,buah-to,25,boah-to,buahto,boahto,buahto,boahto,bt,bt,True
抾板,khioh-pán,25,khioh-pán,khiohpan2,khiohpan2,khiohpan,khiohpan,kp,kp,True
抾蒼,khioh-tshong,25,khioh-chhong,khiohtshong,khiohchhong,khiohtshong,khiohchhong,kt,kc,True
拆線,thiah-suànn,25,thiah-sòaⁿ,thiahsuann3,thiahsoann3,thiahsuann,thiahsoann,ts,ts,True
拍漿,phah-tsiunn,25,phah-chiuⁿ,phahtsiunn,phahchiunn,phahtsiunn,phahchiunn,pt,pc,True
拍空,phah-khang,25,phah-khang,phahkhang,phahkhang,phahkhang,phahkhang,pk,pk,True
拍箍,phah-khoo,25,phah-kho͘,phahkhoo,phahkhoo,phahkhoo,phahkhoo,pk,pk,True
拍胚,phah-phue,25,phah-phoe,phahphue,phahphoe,phahphue,phahphoe,pp,pp,True
拔花,puēh-hue,25,poēh-hoe,pueh7hue,poeh7hoe,puehhue,poehhoe,ph,ph,True
拗彎,áu-uan,25,áu-oan,au2uan,au2oan,auuan,auoan,au,ao,True
挖空,ué-khang,25,óe-khang,ue2khang,oe2khang,uekhang,oekhang,uk,ok,True
挲線,so-suànn,25,so-sòaⁿ,sosuann3,sosoann3,sosuann,sosoann,ss,ss,True
捀盤,phâng-puânn,25,phâng-pôaⁿ,phang5puann5,phang5poann5,phangpuann,phangpoann,pp,pp,True
捆絃,khún-hiân,25,khún-hiân,khun2hian5,khun2hian5,khunhian,khunhian,kh,kh,True
捏頭,lia̍p-thâu,25,lia̍p-thâu,liap8thau5,liap8thau5,liapthau,liapthau,lt,lt,True
捲枋,kńg-pang,25,kńg-pang,kng2pang,kng2pang,kngpang,kngpang,kp,kp,True
掃枋,sàu-pang,25,sàu-pang,sau3pang,sau3pang,saupang,saupang,sp,sp,True
掠花,lia̍h-hue,25,lia̍h-hoe,liah8hue,liah8hoe,liahhue,liahhoe,lh,lh,True
接剾,tsiap-khau,25,chiap-khau,tsiapkhau,chiapkhau,tsiapkhau,chiapkhau,tk,ck,True
接線,tsiap-suànn,25,chiap-sòaⁿ,tsiapsuann3,chiapsoann3,tsiapsuann,chiapsoann,ts,cs,True
摃空,kòng-khang,25,kòng-khang,kong3khang,kong3khang,kongkhang,kongkhang,kk,kk,True
撋塗,nuá-thôo,25,nóa-thô͘,nua2thoo5,noa2thoo5,nuathoo,noathoo,nt,nt,True
擠金,tsik-kim,25,chek-kim,tsikkim,chekkim,tsikkim,chekkim,tk,ck,True
攕草,tshiám-tshó,25,chhiám-chhó,tshiam2tsho2,chhiam2chho2,tshiamtsho,chhiamchho,tt,cc,True
放枋,pàng-pang,25,pàng-pang,pang3pang,pang3pang,pangpang,pangpang,pp,pp,True
敲仔,khà-á,25,khà-á,kha3a2,kha3a2,khaa,khaa,ka,ka,True
敲槌,khà-thuî,25,khà-thûi,kha3thui5,kha3thui5,khathui,khathui,kt,kt,True
文目,bûn-ba̍k,25,bûn-ba̍k,bun5bak8,bun5bak8,bunbak,bunbak,bb,bb,True
文肚,bûn-tōo,25,bûn-tō͘,bun5too7,bun5too7,buntoo,buntoo,bt,bt,True
文袍,bûn-phâu,25,bûn-phâu,bun5phau5,bun5phau5,bunphau,bunphau,bp,bp,True
文轎,bûn-kiō,25,bûn-kiō,bun5kio7,bun5kio7,bunkio,bunkio,bk,bk,True
斧頭,póo-thâu,25,pó͘-thâu,poo2thau5,poo2thau5,poothau,poothau,pt,pt,True
旗頭,kî-thâu,25,kî-thâu,ki5thau5,ki5thau5,kithau,kithau,kt,kt,True
時鐘,sî-tsing,25,sî-cheng,si5tsing,si5cheng,sitsing,sicheng,st,sc,True
晟手,tshiânn-tshiú,25,chhiâⁿ-chhiú,tshiann5tshiu2,chhiann5chhiu2,tshianntshiu,chhiannchhiu,tt,cc,True
暗號,àm-hō,25,àm-hō,am3ho7,am3ho7,amho,amho,ah,ah,True
月桃,ge̍h-thô,25,ge̍h-thô,geh8tho5,geh8tho5,gehtho,gehtho,gt,gt,True
朝天,tiâu-thian,25,tiâu-thian,tiau5thian,tiau5thian,tiauthian,tiauthian,tt,tt,True
木尺,bo̍k-tshioh,25,bo̍k-chhioh,bok8tshioh,bok8chhioh,boktshioh,bokchhioh,bt,bc,True
本尊,pún-tsun,25,pún-chun,pun2tsun,pun2chun,puntsun,punchun,pt,pc,True
杜英,tōo-ing,25,tō͘-eng,too7ing,too7eng,tooing,tooeng,ti,te,True
束冠,sok-kuan,25,sok-koan,sokkuan,sokkoan,sokkuan,sokkoan,sk,sk,True
松膠,siông-ka,25,siông-ka,siong5ka,siong5ka,siongka,siongka,sk,sk,True
枇杷,gî-pê,25,gî-pê,gi5pe5,gi5pe5,gipe,gipe,gp,gp,True
染料,ní-liāu,25,ní-liāu,ni2liau7,ni2liau7,niliau,niliau,nl,nl,True
染桶,ní-tháng,25,ní-tháng,ni2thang2,ni2thang2,nithang,nithang,nt,nt,True
染色,ní-tsik,25,ní-chek,ni2tsik,ni2chek,nitsik,nichek,nt,nc,True
柱珠,thiāu-tsu,25,thiāu-chu,thiau7tsu,thiau7chu,thiautsu,thiauchu,tt,tc,True
柴砧,tshâ-tiam,25,chhâ-tiam,tsha5tiam,chha5tiam,tshatiam,chhatiam,tt,ct,True
柴窯,tshâ-iô,25,chhâ-iô,tsha5io5,chha5io5,tshaio,chhaio,ti,ci,True
柴胎,tshâ-thai,25,chhâ-thai,tsha5thai,chha5thai,tshathai,chhathai,tt,ct,True
桌崁,toh-khàm,25,toh-khàm,tohkham3,tohkham3,tohkham,tohkham,tk,tk,True
桌裙,toh-kûn,25,toh-kûn,tohkun5,tohkun5,tohkun,tohkun,tk,tk,True
桶梯,tháng-thui,25,tháng-thui,thang2thui,thang2thui,thangthui,thangthui,tt,tt,True
梅花,muî-hue,25,mûi-hoe,mui5hue,mui5hoe,muihue,muihoe,mh,mh,True
梳仔,se-á,25,se-á,sea2,sea2,sea,sea,sa,sa,True
棉布,mî-pòo,25,mî-pò͘,mi5poo3,mi5poo3,mipoo,mipoo,mp,mp,True
棉線,mî-suànn,25,mî-sòaⁿ,mi5suann3,mi5soann3,misuann,misoann,ms,ms,True
棕蓑,tsang-sui,25,chang-sui,tsangsui,changsui,tsangsui,changsui,ts,cs,True
椅條,í-liâu,25,í-liâu,i2liau5,i2liau5,iliau,iliau,il,il,True
植眉,ti̍t-bâi,25,ti̍t-bâi,tit8bai5,tit8bai5,titbai,titbai,tb,tb,True
楊梅,iûnn-muî,25,iûⁿ-mûi,iunn5mui5,iunn5mui5,iunnmui,iunnmui,im,im,True
槐花,huâi-hue,25,hoâi-hoe,huai5hue,hoai5hoe,huaihue,hoaihoe,hh,hh,True
樹木,tshiū-bo̍k,25,chhiū-bo̍k,tshiu7bok8,chhiu7bok8,tshiubok,chhiubok,tb,cb,True
橫頭,huâinn-thâu,25,hoâiⁿ-thâu,huainn5thau5,hoainn5thau5,huainnthau,hoainnthau,ht,ht,True
武將,bú-tsiòng,25,bú-chiòng,bu2tsiong3,bu2chiong3,butsiong,buchiong,bt,bc,True
武胸,bú-hing,25,bú-heng,bu2hing,bu2heng,buhing,buheng,bh,bh,True
武轎,bú-kiō,25,bú-kiō,bu2kio7,bu2kio7,bukio,bukio,bk,bk,True
比仔,pí-á,25,pí-á,pi2a2,pi2a2,pia,pia,pa,pa,True
毡仔,tsám-á,25,chám-á,tsam2a2,cham2a2,tsama,chama,ta,ca,True
水族,tsuí-tso̍k,25,chúi-cho̍k,tsui2tsok8,chui2chok8,tsuitsok,chuichok,tt,cc,True
水晶,tsuí-tsinn,25,chúi-chiⁿ,tsui2tsinn,chui2chinn,tsuitsinn,chuichinn,tt,cc,True
水油,tsuí-iû,25,chúi-iû,tsui2iu5,chui2iu5,tsuiiu,chuiiu,ti,ci,True
水波,tsuí-pho,25,chúi-pho,tsui2pho,chui2pho,tsuipho,chuipho,tp,cp,True
水秤,tsuí-tshìn,25,chúi-chhìn,tsui2tshin3,chui2chhin3,tsuitshin,chuichhin,tt,cc,True
水管,tsuí-kóng,25,chúi-kóng,tsui2kong2,chui2kong2,tsuikong,chuikong,tk,ck,True
水膠,tsuí-ka,25,chúi-ka,tsui2ka,chui2ka,tsuika,chuika,tk,ck,True
沖仔,tshong-á,25,chhong-á,tshonga2,chhonga2,tshonga,chhonga,ta,ca,True
油桶,iû-tháng,25,iû-tháng,iu5thang2,iu5thang2,iuthang,iuthang,it,it,True
油燈,iû-ting,25,iû-teng,iu5ting,iu5teng,iuting,iuteng,it,it,True
洋漆,iûnn-tshat,25,iûⁿ-chhat,iunn5tshat,iunn5chhat,iunntshat,iunnchhat,it,ic,True
洞簫,tōng-siau,25,tōng-siau,tong7siau,tong7siau,tongsiau,tongsiau,ts,ts,True
浮花,phû-hue,25,phû-hoe,phu5hue,phu5hoe,phuhue,phuhoe,ph,ph,True
涼傘,niû-suànn,25,niû-sòaⁿ,niu5suann3,niu5soann3,niusuann,niusoann,ns,ns,True
淋搪,lâm-thn̄g,25,lâm-thn̄g,lam5thng7,lam5thng7,lamthng,lamthng,lt,lt,True
深刻,tshim-khik,25,chhim-khek,tshimkhik,chhimkhek,tshimkhik,chhimkhek,tk,ck,True
湯匙,thng-sî,25,thng-sî,thngsi5,thngsi5,thngsi,thngsi,ts,ts,True
滾桶,kún-tháng,25,kún-tháng,kun2thang2,kun2thang2,kunthang,kunthang,kt,kt,True
滾花,kún-hue,25,kún-hoe,kun2hue,kun2hoe,kunhue,kunhoe,kh,kh,True
滾邊,kún-pinn,25,kún-piⁿ,kun2pinn,kun2pinn,kunpinn,kunpinn,kp,kp,True
漆畫,tshat-uē,25,chhat-ōe,tshatue7,chhatoe7,tshatue,chhatoe,tu,co,True
漆盤,tshat-puânn,25,chhat-pôaⁿ,tshatpuann5,chhatpoann5,tshatpuann,chhatpoann,tp,cp,True
漆碗,tshat-uánn,25,chhat-óaⁿ,tshatuann2,chhatoann2,tshatuann,chhatoann,tu,co,True
漆筅,tshat-tshíng,25,chhat-chhéng,tshattshing2,chhatchheng2,tshattshing,chhatchheng,tt,cc,True
灌漿,kuàn-tsiunn,25,koàn-chiuⁿ,kuan3tsiunn,koan3chiunn,kuantsiunn,koanchiunn,kt,kc,True
火喙,hué-tshuì,25,hóe-chhùi,hue2tshui3,hoe2chhui3,huetshui,hoechhui,ht,hc,True
火炭,hué-thuànn,25,hóe-thòaⁿ,hue2thuann3,hoe2thoann3,huethuann,hoethoann,ht,ht,True
火焰,hué-iām,25,hóe-iām,hue2iam7,hoe2iam7,hueiam,hoeiam,hi,hi,True
火爐,hué-lôo,25,hóe-lô͘,hue2loo5,hoe2loo5,hueloo,hoeloo,hl,hl,True
火籠,hué-lang,25,hóe-lang,hue2lang,hoe2lang,huelang,hoelang,hl,hl,True
火銃,hué-tshìng,25,hóe-chhèng,hue2tshing3,hoe2chheng3,huetshing,hoechheng,ht,hc,True
炊仔,tshue-á,25,chhoe-á,tshuea2,chhoea2,tshuea,chhoea,ta,ca,True
炭枋,thuànn-pang,25,thòaⁿ-pang,thuann3pang,thoann3pang,thuannpang,thoannpang,tp,tp,True
烏枋,oo-pang,25,o͘-pang,oopang,oopang,oopang,oopang,op,op,True
烏漆,oo-tshat,25,o͘-chhat,ootshat,oochhat,ootshat,oochhat,ot,oc,True
烘爐,hang-lôo,25,hang-lô͘,hangloo5,hangloo5,hangloo,hangloo,hl,hl,True
煎匙,tsian-sî,25,chian-sî,tsiansi5,chiansi5,tsiansi,chiansi,ts,cs,True
煏蔥,piak-tshong,25,piak-chhong,piaktshong,piakchhong,piaktshong,piakchhong,pt,pc,True
熟皮,si̍k-phuê,25,se̍k-phôe,sik8phue5,sek8phoe5,sikphue,sekphoe,sp,sp,True
燭台,tsik-tâi,25,chek-tâi,tsiktai5,chektai5,tsiktai,chektai,tt,ct,True
牌匾,pâi-pián,25,pâi-pián,pai5pian2,pai5pian2,paipian,paipian,pp,pp,True
牛樟,gû-tsiunn,25,gû-chiuⁿ,gu5tsiunn,gu5chiunn,gutsiunn,guchiunn,gt,gc,True
牛角,gû-kak,25,gû-kak,gu5kak,gu5kak,gukak,gukak,gk,gk,True
牡丹,bóo-tan,25,bó͘-tan,boo2tan,boo2tan,bootan,bootan,bt,bt,True
獅頭,sai-thâu,25,sai-thâu,saithau5,saithau5,saithau,saithau,st,st,True
玉蘭,gio̍k-lân,25,gio̍k-lân,giok8lan5,giok8lan5,gioklan,gioklan,gl,gl,True
玫瑰,muî-kuì,25,mûi-kùi,mui5kui3,mui5kui3,muikui,muikui,mk,mk,True
琥珀,hóo-phik,25,hó͘-phek,hoo2phik,hoo2phek,hoophik,hoophek,hp,hp,True
瑪瑙,bé-ló,25,bé-ló,be2lo2,be2lo2,belo,belo,bl,bl,True
璇石,suān-tsio̍h,25,soān-chio̍h,suan7tsioh8,soan7chioh8,suantsioh,soanchioh,st,sc,True
璇筆,suān-pit,25,soān-pit,suan7pit,soan7pit,suanpit,soanpit,sp,sp,True
璇針,suān-tsiam,25,soān-chiam,suan7tsiam,soan7chiam,suantsiam,soanchiam,st,sc,True
甕仔,àng-á,25,àng-á,ang3a2,ang3a2,anga,anga,aa,aa,True
生坯,tshenn-phue,25,chheⁿ-phoe,tshennphue,chhennphoe,tshennphue,chhennphoe,tp,cp,True
生漆,tshenn-tshat,25,chheⁿ-chhat,tshenntshat,chhennchhat,tshenntshat,chhennchhat,tt,cc,True
生皮,tshenn-phuê,25,chheⁿ-phôe,tshennphue5,chhennphoe5,tshennphue,chhennphoe,tp,cp,True
甲毛,kah-moo,25,kah-mo͘,kahmoo,kahmoo,kahmoo,kahmoo,km,km,True
畚箕,pùn-ki,25,pùn-ki,pun3ki,pun3ki,punki,punki,pk,pk,True
畫稿,uē-kó,25,ōe-kó,ue7ko2,oe7ko2,ueko,oeko,uk,ok,True
畫筆,uē-pit,25,ōe-pit,ue7pit,oe7pit,uepit,oepit,up,op,True
畫線,uē-suànn,25,ōe-sòaⁿ,ue7suann3,oe7soann3,uesuann,oesoann,us,os,True
畫金,uē-kim,25,ōe-kim,ue7kim,oe7kim,uekim,oekim,uk,ok,True
疊色,thia̍p-sik,25,thia̍p-sek,thiap8sik,thiap8sek,thiapsik,thiapsek,ts,ts,True
白膠,pe̍h-ka,25,pe̍h-ka,peh8ka,peh8ka,pehka,pehka,pk,pk,True
白身,pe̍h-sin,25,pe̍h-sin,peh8sin,peh8sin,pehsin,pehsin,ps,ps,True
皮仔,phuê-á,25,phôe-á,phue5a2,phoe5a2,phuea,phoea,pa,pa,True
皮包,phuê-pau,25,phôe-pau,phue5pau,phoe5pau,phuepau,phoepau,pp,pp,True
皮花,phuê-hue,25,phôe-hoe,phue5hue,phoe5hoe,phuehue,phoehoe,ph,ph,True
皮鞋,phuê-ê,25,phôe-ê,phue5e5,phoe5e5,phuee,phoee,pe,pe,True
直支,ti̍t-ki,25,ti̍t-ki,tit8ki,tit8ki,titki,titki,tk,tk,True
真珠,tsin-tsu,25,chin-chu,tsintsu,chinchu,tsintsu,chinchu,tt,cc,True
石榴,tsio̍h-liû,25,chio̍h-liû,tsioh8liu5,chioh8liu5,tsiohliu,chiohliu,tl,cl,True
石獅,tsio̍h-sai,25,chio̍h-sai,tsioh8sai,chioh8sai,tsiohsai,chiohsai,ts,cs,True
石錘,tsio̍h-thuî,25,chio̍h-thûi,tsioh8thui5,chioh8thui5,tsiohthui,chiohthui,tt,ct,True
石鎖,tsio̍h-só,25,chio̍h-só,tsioh8so2,chioh8so2,tsiohso,chiohso,ts,cs,True
石鼓,tsio̍h-kóo,25,chio̍h-kó͘,tsioh8koo2,chioh8koo2,tsiohkoo,chiohkoo,tk,ck,True
砂碖,sua-lún,25,soa-lún,sualun2,soalun2,sualun,soalun,sl,sl,True
砂紙,sua-tsuá,25,soa-chóa,suatsua2,soachoa2,suatsua,soachoa,st,sc,True
硩ㄧ,teh-it,25,teh-it,tehit,tehit,tehit,tehit,ti,ti,True
硩三,teh-sann,25,teh-saⁿ,tehsann,tehsann,tehsann,tehsann,ts,ts,True
硩二,teh-jī,25,teh-jī,tehji7,tehji7,tehji,tehji,tj,tj,True
硬斜,ngē-tshiâ,25,ngē-chhiâ,nge7tshia5,nge7chhia5,ngetshia,ngechhia,nt,nc,True
磅仔,pōng-á,25,pōng-á,pong7a2,pong7a2,ponga,ponga,pa,pa,True
磅子,pōng-tsí,25,pōng-chí,pong7tsi2,pong7chi2,pongtsi,pongchi,pt,pc,True
磅戕,pōng-tshiâng,25,pōng-chhiâng,pong7tshiang5,pong7chhiang5,pongtshiang,pongchhiang,pt,pc,True
磨台,buâ-tâi,25,bôa-tâi,bua5tai5,boa5tai5,buatai,boatai,bt,bt,True
磨坩,buâ-khann,25,bôa-khaⁿ,bua5khann,boa5khann,buakhann,boakhann,bk,bk,True
神椅,sîn-í,25,sîn-í,sin5i2,sin5i2,sini,sini,si,si,True
秤仔,tshìn-á,25,chhìn-á,tshin3a2,chhin3a2,tshina,chhina,ta,ca,True
秤錘,tshìn-thuî,25,chhìn-thûi,tshin3thui5,chhin3thui5,tshinthui,chhinthui,tt,ct,True
穗花,sūi-hue,25,sūi-hoe,sui7hue,sui7hoe,suihue,suihoe,sh,sh,True
空透,khang-thàu,25,khang-thàu,khangthau3,khangthau3,khangthau,khangthau,kt,kt,True
窯釘,iô-ting,25,iô-teng,io5ting,io5teng,ioting,ioteng,it,it,True
立板,li̍p-pán,25,li̍p-pán,lip8pan2,lip8pan2,lippan,lippan,lp,lp,True
立體,li̍p-thé,25,li̍p-thé,lip8the2,lip8the2,lipthe,lipthe,lt,lt,True
童子,tông-tsú,25,tông-chú,tong5tsu2,tong5chu2,tongtsu,tongchu,tt,tc,True
竹尺,tik-tshioh,25,tek-chhioh,tiktshioh,tekchhioh,tiktshioh,tekchhioh,tt,tc,True
竹扇,tik-sìnn,25,tek-sìⁿ,tiksinn3,teksinn3,tiksinn,teksinn,ts,ts,True
竹根,tik-kin,25,tek-kin,tikkin,tekkin,tikkin,tekkin,tk,tk,True
竹桮,tik-pue,25,tek-poe,tikpue,tekpoe,tikpue,tekpoe,tp,tp,True
竹梳,tik-se,25,tek-se,tikse,tekse,tikse,tekse,ts,ts,True
竹籠,tik-láng,25,tek-láng,tiklang2,teklang2,tiklang,teklang,tl,tl,True
竹編,tik-pinn,25,tek-piⁿ,tikpinn,tekpinn,tikpinn,tekpinn,tp,tp,True
竹胎,tik-thai,25,tek-thai,tikthai,tekthai,tikthai,tekthai,tt,tt,True
竹雕,tik-tiau,25,tek-tiau,tiktiau,tektiau,tiktiau,tektiau,tt,tt,True
笑鳳,tshiò-hōng,25,chhiò-hōng,tshio3hong7,chhio3hong7,tshiohong,chhiohong,th,ch,True
筅仔,tshíng-á,25,chhéng-á,tshing2a2,chheng2a2,tshinga,chhenga,ta,ca,True
筆刀,pit-to,25,pit-to,pitto,pitto,pitto,pitto,pt,pt,True
筆插,pit-tshah,25,pit-chhah,pittshah,pitchhah,pittshah,pitchhah,pt,pc,True
筆架,pit-kè,25,pit-kè,pitke3,pitke3,pitke,pitke,pk,pk,True
筆桶,pit-tháng,25,pit-tháng,pitthang2,pitthang2,pitthang,pitthang,pt,pt,True
筆筒,pit-tâng,25,pit-tâng,pittang5,pittang5,pittang,pittang,pt,pt,True
算盤,sǹg-puânn,25,sǹg-pôaⁿ,sng3puann5,sng3poann5,sngpuann,sngpoann,sp,sp,True
管頭,kóng-thâu,25,kóng-thâu,kong2thau5,kong2thau5,kongthau,kongthau,kt,kt,True
箸籠,tī-lāng,25,tī-lāng,ti7lang7,ti7lang7,tilang,tilang,tl,tl,True
簽仔,tshiam-á,25,chhiam-á,tshiama2,chhiama2,tshiama,chhiama,ta,ca,True
籤筒,tshiam-tâng,25,chhiam-tâng,tshiamtang5,chhiamtang5,tshiamtang,chhiamtang,tt,ct,True
米紙,bí-tsuá,25,bí-chóa,bi2tsua2,bi2choa2,bitsua,bichoa,bt,bc,True
米酒,bí-tsiú,25,bí-chiú,bi2tsiu2,bi2chiu2,bitsiu,bichiu,bt,bc,True
粉筒,hún-tâng,25,hún-tâng,hun2tang5,hun2tang5,huntang,huntang,ht,ht,True
粉面,hún-bīn,25,hún-bīn,hun2bin7,hun2bin7,hunbin,hunbin,hb,hb,True
粗剾,tshoo-khau,25,chho͘-khau,tshookhau,chhookhau,tshookhau,chhookhau,tk,ck,True
粗胚,tshoo-phue,25,chho͘-phoe,tshoophue,chhoophoe,tshoophue,chhoophoe,tp,cp,True
粗針,tshoo-tsiam,25,chho͘-chiam,tshootsiam,chhoochiam,tshootsiam,chhoochiam,tt,cc,True
粟耙,tshik-pê,25,chhek-pê,tshikpe5,chhekpe5,tshikpe,chhekpe,tp,cp,True
粿印,kué-ìn,25,kóe-ìn,kue2in3,koe2in3,kuein,koein,ki,ki,True
糊仔,kôo-á,25,kô͘-á,koo5a2,koo5a2,kooa,kooa,ka,ka,True
紅花,âng-hue,25,âng-hoe,ang5hue,ang5hoe,anghue,anghoe,ah,ah,True
紙喙,tsuá-tshuì,25,chóa-chhùi,tsua2tshui3,choa2chhui3,tsuatshui,choachhui,tt,cc,True
紙尺,tsuá-tshioh,25,chóa-chhioh,tsua2tshioh,choa2chhioh,tsuatshioh,choachhioh,tt,cc,True
紙枋,tsuá-pang,25,chóa-pang,tsua2pang,choa2pang,tsuapang,choapang,tp,cp,True
素坯,sòo-phue,25,sò͘-phoe,soo3phue,soo3phoe,soophue,soophoe,sp,sp,True
紩線,thīnn-suànn,25,thīⁿ-sòaⁿ,thinn7suann3,thinn7soann3,thinnsuann,thinnsoann,ts,ts,True
紩蒼,thīnn-tshong,25,thīⁿ-chhong,thinn7tshong,thinn7chhong,thinntshong,thinnchhong,tt,tc,True
絞車,ká-tshia,25,ká-chhia,ka2tshia,ka2chhia,katshia,kachhia,kt,kc,True
絳衣,kàng-i,25,kàng-i,kang3i,kang3i,kangi,kangi,ki,ki,True
線屎,suànn-sái,25,sòaⁿ-sái,suann3sai2,soann3sai2,suannsai,soannsai,ss,ss,True
線板,suànn-pán,25,sòaⁿ-pán,suann3pan2,soann3pan2,suannpan,soannpan,sp,sp,True
線眼,suànn-gán,25,sòaⁿ-gán,suann3gan2,soann3gan2,suanngan,soanngan,sg,sg,True
線車,suànn-tshia,25,sòaⁿ-chhia,suann3tshia,soann3chhia,suanntshia,soannchhia,st,sc,True
線鋸,suànn-kù,25,sòaⁿ-kù,suann3ku3,soann3ku3,suannku,soannku,sk,sk,True
緞仔,tuān-á,25,toān-á,tuan7a2,toan7a2,tuana,toana,ta,ta,True
繡剪,siù-tsián,25,siù-chián,siu3tsian2,siu3chian2,siutsian,siuchian,st,sc,True
繡花,siù-hue,25,siù-hoe,siu3hue,siu3hoe,siuhue,siuhoe,sh,sh,True
繡規,siù-kui,25,siù-kui,siu3kui,siu3kui,siukui,siukui,sk,sk,True
羊皮,iûnn-phuê,25,iûⁿ-phôe,iunn5phue5,iunn5phoe5,iunnphue,iunnphoe,ip,ip,True
翡翠,huí-tshuì,25,húi-chhùi,hui2tshui3,hui2chhui3,huitshui,huichhui,ht,hc,True
翼股,si̍t-kóo,25,si̍t-kó͘,sit8koo2,sit8koo2,sitkoo,sitkoo,sk,sk,True
老生,lāu-sing,25,lāu-seng,lau7sing,lau7seng,lausing,lauseng,ls,ls,True
耳鉤,hīnn-kau,25,hīⁿ-kau,hinn7kau,hinn7kau,hinnkau,hinnkau,hk,hk,True
肖楠,siau-lâm,25,siau-lâm,siaulam5,siaulam5,siaulam,siaulam,sl,sl,True
股線,kóo-suànn,25,kó͘-sòaⁿ,koo2suann3,koo2soann3,koosuann,koosoann,ks,ks,True
脫模,thuat-bôo,25,thoat-bô͘,thuatboo5,thoatboo5,thuatboo,thoatboo,tb,tb,True
腰帶,io-tuà,25,io-tòa,iotua3,iotoa3,iotua,iotoa,it,it,True
腰裒,io-pôo,25,io-pô͘,iopoo5,iopoo5,iopoo,iopoo,ip,ip,True
膨剾,phòng-khau,25,phòng-khau,phong3khau,phong3khau,phongkhau,phongkhau,pk,pk,True
色漆,sik-tshat,25,sek-chhat,siktshat,sekchhat,siktshat,sekchhat,st,sc,True
色粉,sik-hún,25,sek-hún,sikhun2,sekhun2,sikhun,sekhun,sh,sh,True
花心,hue-sim,25,hoe-sim,huesim,hoesim,huesim,hoesim,hs,hs,True
花板,hue-pán,25,hoe-pán,huepan2,hoepan2,huepan,hoepan,hp,hp,True
花鳥,hue-tsiáu,25,hoe-chiáu,huetsiau2,hoechiau2,huetsiau,hoechiau,ht,hc,True
茄苳,ka-tang,25,ka-tang,katang,katang,katang,katang,kt,kt,True
草鞋,tsháu-ê,25,chháu-ê,tshau2e5,chhau2e5,tshaue,chhaue,te,ce,True
荖安,láu-an,25,láu-an,lau2an,lau2an,lauan,lauan,la,la,True
菘藍,siông-nâ,25,siông-nâ,siong5na5,siong5na5,siongna,siongna,sn,sn,True
菜刀,tshài-to,25,chhài-to,tshai3to,chhai3to,tshaito,chhaito,tt,ct,True
菜砧,tshài-tiam,25,chhài-tiam,tshai3tiam,chhai3tiam,tshaitiam,chhaitiam,tt,ct,True
葫蘆,hôo-lôo,25,hô͘-lô͘,hoo5loo5,hoo5loo5,hooloo,hooloo,hl,hl,True
葵扇,khuê-sìnn,25,khôe-sìⁿ,khue5sinn3,khoe5sinn3,khuesinn,khoesinn,ks,ks,True
蒼布,tshong-pòo,25,chhong-pò͘,tshongpoo3,chhongpoo3,tshongpoo,chhongpoo,tp,cp,True
蓮葉,liân-hio̍h,25,liân-hio̍h,lian5hioh8,lian5hioh8,lianhioh,lianhioh,lh,lh,True
蓮蓬,liân-phōng,25,liân-phōng,lian5phong7,lian5phong7,lianphong,lianphong,lp,lp,True
蓼藍,liau-nâ,25,liau-nâ,liauna5,liauna5,liauna,liauna,ln,ln,True
蔥線,tshong-suànn,25,chhong-sòaⁿ,tshongsuann3,chhongsoann3,tshongsuann,chhongsoann,ts,cs,True
薯榔,tsû-nn̂g,25,chû-nn̂g,tsu5nng5,chu5nng5,tsunng,chunng,tn,cn,True
藥鉸,io̍h-ka,25,io̍h-ka,ioh8ka,ioh8ka,iohka,iohka,ik,ik,True
藩尺,huan-tshioh,25,hoan-chhioh,huantshioh,hoanchhioh,huantshioh,hoanchhioh,ht,hc,True
蘇式,soo-sik,25,so͘-sek,soosik,soosek,soosik,soosek,ss,ss,True
蘇木,soo-bo̍k,25,so͘-bo̍k,soobok8,soobok8,soobok,soobok,sb,sb,True
虎杖,hóo-tiōng,25,hó͘-tiōng,hoo2tiong7,hoo2tiong7,hootiong,hootiong,ht,ht,True
虹仔,khîng-á,25,khêng-á,khing5a2,kheng5a2,khinga,khenga,ka,ka,True
蝴蝶,ôo-tia̍p,25,ô͘-tia̍p,oo5tiap8,oo5tiap8,ootiap,ootiap,ot,ot,True
衣脊,i-tsit,25,i-chit,itsit,ichit,itsit,ichit,it,ic,True
裁紙,tshâi-tsuá,25,chhâi-chóa,tshai5tsua2,chhai5choa2,tshaitsua,chhaichoa,tt,cc,True
補刀,póo-to,25,pó͘-to,poo2to,poo2to,pooto,pooto,pt,pt,True
補塗,póo-thôo,25,pó͘-thô͘,poo2thoo5,poo2thoo5,poothoo,poothoo,pt,pt,True
裝飾,tsong-sik,25,chong-sek,tsongsik,chongsek,tsongsik,chongsek,ts,cs,True
角坩,kak-khann,25,kak-khaⁿ,kakkhann,kakkhann,kakkhann,kakkhann,kk,kk,True
角尺,kak-tshioh,25,kak-chhioh,kaktshioh,kakchhioh,kaktshioh,kakchhioh,kt,kc,True
角環,kak-khuân,25,kak-khoân,kakkhuan5,kakkhoan5,kakkhuan,kakkhoan,kk,kk,True
角甪,kah-lut,25,kah-lut,kahlut,kahlut,kahlut,kahlut,kl,kl,True
設計,siat-kè,25,siat-kè,siatke3,siatke3,siatke,siatke,sk,sk,True
調脊,tiâu-tsit,25,tiâu-chit,tiau5tsit,tiau5chit,tiautsit,tiauchit,tt,tc,True
豆器,tāu-khì,25,tāu-khì,tau7khi3,tau7khi3,taukhi,taukhi,tk,tk,True
豬槽,ti-tsô,25,ti-chô,titso5,ticho5,titso,ticho,tt,tc,True
豬皮,ti-phuê,25,ti-phôe,tiphue5,tiphoe5,tiphue,tiphoe,tp,tp,True
走獸,tsáu-siù,25,cháu-siù,tsau2siu3,chau2siu3,tsausiu,chausiu,ts,cs,True
起針,khí-tsiam,25,khí-chiam,khi2tsiam,khi2chiam,khitsiam,khichiam,kt,kc,True
跋桮,pua̍h-pue,25,poa̍h-poe,puah8pue,poah8poe,puahpue,poahpoe,pp,pp,True
跤徛,kha-khiā,25,kha-khiā,khakhia7,khakhia7,khakhia,khakhia,kk,kk,True
跤裒,kha-pôo,25,kha-pô͘,khapoo5,khapoo5,khapoo,khapoo,kp,kp,True
跨台,khuà-tâi,25,khòa-tâi,khua3tai5,khoa3tai5,khuatai,khoatai,kt,kt,True
跳刀,thiàu-to,25,thiàu-to,thiau3to,thiau3to,thiauto,thiauto,tt,tt,True
跳空,thiàu-khang,25,thiàu-khang,thiau3khang,thiau3khang,thiaukhang,thiaukhang,tk,tk,True
跳紗,thiàu-se,25,thiàu-se,thiau3se,thiau3se,thiause,thiause,ts,ts,True
踅檯,se̍h-tâi,25,se̍h-tâi,seh8tai5,seh8tai5,sehtai,sehtai,st,st,True
車台,tshia-tâi,25,chhia-tâi,tshiatai5,chhiatai5,tshiatai,chhiatai,tt,ct,True
軟斜,nńg-tshiâ,25,nńg-chhiâ,nng2tshia5,nng2chhia5,nngtshia,nngchhia,nt,nc,True
軟身,nńg-sin,25,nńg-sin,nng2sin,nng2sin,nngsin,nngsin,ns,ns,True
軟鉛,nńg-iân,25,nńg-iân,nng2ian5,nng2ian5,nngian,nngian,ni,ni,True
轆斗,lo̍k-táu,25,lo̍k-táu,lok8tau2,lok8tau2,loktau,loktau,lt,lt,True
轆空,lak-khang,25,lak-khang,lakkhang,lakkhang,lakkhang,lakkhang,lk,lk,True
轆管,lak-kóng,25,lak-kóng,lakkong2,lakkong2,lakkong,lakkong,lk,lk,True
轎堵,kiō-tóo,25,kiō-tó͘,kio7too2,kio7too2,kiotoo,kiotoo,kt,kt,True
轎底,kiō-té,25,kiō-té,kio7te2,kio7te2,kiote,kiote,kt,kt,True
透弄,thàu-lāng,25,thàu-lāng,thau3lang7,thau3lang7,thaulang,thaulang,tl,tl,True
逝板,tsuā-pán,25,chōa-pán,tsua7pan2,choa7pan2,tsuapan,choapan,tp,cp,True
過轎,kuè-kiō,25,kòe-kiō,kue3kio7,koe3kio7,kuekio,koekio,kk,kk,True
醃缸,am-kng,25,am-kng,amkng,amkng,amkng,amkng,ak,ak,True
野桐,iá-tông,25,iá-tông,ia2tong5,ia2tong5,iatong,iatong,it,it,True
量尺,niû-tshioh,25,niû-chhioh,niu5tshioh,niu5chhioh,niutshioh,niuchhioh,nt,nc,True
針空,tsiam-khang,25,chiam-khang,tsiamkhang,chiamkhang,tsiamkhang,chiamkhang,tk,ck,True
針跤,tsiam-kha,25,chiam-kha,tsiamkha,chiamkha,tsiamkha,chiamkha,tk,ck,True
鉛模,iân-bôo,25,iân-bô͘,ian5boo5,ian5boo5,ianboo,ianboo,ib,ib,True
鉛筆,iân-pit,25,iân-pit,ian5pit,ian5pit,ianpit,ianpit,ip,ip,True
鉸刀,ka-to,25,ka-to,kato,kato,kato,kato,kt,kt,True
鉸紙,ka-tsuá,25,ka-chóa,katsua2,kachoa2,katsua,kachoa,kt,kc,True
銅管,tâng-kóng,25,tâng-kóng,tang5kong2,tang5kong2,tangkong,tangkong,tk,tk,True
銅針,tâng-tsiam,25,tâng-chiam,tang5tsiam,tang5chiam,tangtsiam,tangchiam,tt,tc,True
鋪面,phoo-bīn,25,pho͘-bīn,phoobin7,phoobin7,phoobin,phoobin,pb,pb,True
鋸仔,kì-á,25,kì-á,ki3a2,ki3a2,kia,kia,ka,ka,True
鋸弓,kì-king,25,kì-keng,ki3king,ki3keng,kiking,kikeng,kk,kk,True
鋸片,kì-phìnn,25,kì-phìⁿ,ki3phinn3,ki3phinn3,kiphinn,kiphinn,kp,kp,True
鋼刀,kǹg-to,25,kǹg-to,kng3to,kng3to,kngto,kngto,kt,kt,True
鋼板,kǹg-pán,25,kǹg-pán,kng3pan2,kng3pan2,kngpan,kngpan,kp,kp,True
錢櫃,tsînn-kuī,25,chîⁿ-kūi,tsinn5kui7,chinn5kui7,tsinnkui,chinnkui,tk,ck,True
錦甲,gím-kah,25,gím-kah,gim2kah,gim2kah,gimkah,gimkah,gk,gk,True
錦花,gím-hue,25,gím-hoe,gim2hue,gim2hoe,gimhue,gimhoe,gh,gh,True
鎖頭,só-thâu,25,só-thâu,so2thau5,so2thau5,sothau,sothau,st,st,True
鎮針,tìn-tsiam,25,tìn-chiam,tin3tsiam,tin3chiam,tintsiam,tinchiam,tt,tc,True
鏡仔,kiànn-á,25,kiàⁿ-á,kiann3a2,kiann3a2,kianna,kianna,ka,ka,True
鏡套,kiànn-thò,25,kiàⁿ-thò,kiann3tho3,kiann3tho3,kianntho,kianntho,kt,kt,True
鏨仔,tsām-á,25,chām-á,tsam7a2,cham7a2,tsama,chama,ta,ca,True
鐵槽,thih-tsô,25,thih-chô,thihtso5,thihcho5,thihtso,thihcho,tt,tc,True
鐵砧,thih-tiam,25,thih-tiam,thihtiam,thihtiam,thihtiam,thihtiam,tt,tt,True
鐵筆,thih-pit,25,thih-pit,thihpit,thihpit,thihpit,thihpit,tp,tp,True
鐵線,thih-suànn,25,thih-sòaⁿ,thihsuann3,thihsoann3,thihsuann,thihsoann,ts,ts,True
鑢仔,lē-á,25,lē-á,le7a2,le7a2,lea,lea,la,la,True
鑽仔,tsǹg-á,25,chǹg-á,tsng3a2,chng3a2,tsnga,chnga,ta,ca,True
鑽尾,tsńg-bué,25,chńg-bóe,tsng2bue2,chng2boe2,tsngbue,chngboe,tb,cb,True
鑿仔,tsha̍k-á,25,chha̍k-á,tshak8a2,chhak8a2,tshaka,chhaka,ta,ca,True
鑿空,tsha̍k-khang,25,chha̍k-khang,tshak8khang,chhak8khang,tshakkhang,chhakkhang,tk,ck,True
門眉,mn̂g-bâi,25,mn̂g-bâi,mng5bai5,mng5bai5,mngbai,mngbai,mb,mb,True
門簾,mn̂g-liâm,25,mn̂g-liâm,mng5liam5,mng5liam5,mngliam,mngliam,ml,ml,True
開板,khui-pán,25,khui-pán,khuipan2,khuipan2,khuipan,khuipan,kp,kp,True
開繩,khui-tsìn,25,khui-chìn,khuitsin3,khuichin3,khuitsin,khuichin,kt,kc,True
開面,khui-bīn,25,khui-bīn,khuibin7,khuibin7,khuibin,khuibin,kb,kb,True
隔金,keh-kim,25,keh-kim,kehkim,kehkim,kehkim,kehkim,kk,kk,True
隔間,keh-king,25,keh-keng,kehking,kehkeng,kehking,kehkeng,kk,kk,True
雞籠,ke-lang,25,ke-lang,kelang,kelang,kelang,kelang,kl,kl,True
雲彩,hûn-tshái,25,hûn-chhái,hun5tshai2,hun5chhai2,huntshai,hunchhai,ht,hc,True
雲染,hûn-ní,25,hûn-ní,hun5ni2,hun5ni2,hunni,hunni,hn,hn,True
電窯,tiān-iô,25,tiān-iô,tian7io5,tian7io5,tianio,tianio,ti,ti,True
電鑽,tiān-tsńg,25,tiān-chńg,tian7tsng2,tian7chng2,tiantsng,tianchng,tt,tc,True
電鑽,tiān-tsǹg,25,tiān-chǹg,tian7tsng3,tian7chng3,tiantsng,tianchng,tt,tc,True
面金,bīn-kim,25,bīn-kim,bin7kim,bin7kim,binkim,binkim,bk,bk,True
靴管,hia-kóng,25,hia-kóng,hiakong2,hiakong2,hiakong,hiakong,hk,hk,True
頭手,thâu-tshiú,25,thâu-chhiú,thau5tshiu2,thau5chhiu2,thautshiu,thauchhiu,tt,tc,True
風琴,hong-khîm,25,hong-khîm,hongkhim5,hongkhim5,hongkhim,hongkhim,hk,hk,True
風車,hong-tshia,25,hong-chhia,hongtshia,hongchhia,hongtshia,hongchhia,ht,hc,True
風鼓,hong-kóo,25,hong-kó͘,hongkoo2,hongkoo2,hongkoo,hongkoo,hk,hk,True
食漿,tsia̍h-tsiunn,25,chia̍h-chiuⁿ,tsiah8tsiunn,chiah8chiunn,tsiahtsiunn,chiahchiunn,tt,cc,True
食色,tsia̍h-sik,25,chia̍h-sek,tsiah8sik,chiah8sek,tsiahsik,chiahsek,ts,cs,True
飯匙,pn̄g-sî,25,pn̄g-sî,png7si5,png7si5,pngsi,pngsi,ps,ps,True
飯坩,pn̄g-khann,25,pn̄g-khaⁿ,png7khann,png7khann,pngkhann,pngkhann,pk,pk,True
飯擔,pn̄g-tann,25,pn̄g-taⁿ,png7tann,png7tann,pngtann,pngtann,pt,pt,True
飯篱,pn̄g-lē,25,pn̄g-lē,png7le7,png7le7,pngle,pngle,pl,pl,True
餅模,piánn-bôo,25,piáⁿ-bô͘,piann2boo5,piann2boo5,piannboo,piannboo,pb,pb,True
香爐,hiunn-lôo,25,hiuⁿ-lô͘,hiunnloo5,hiunnloo5,hiunnloo,hiunnloo,hl,hl,True
香筒,hiunn-tâng,25,hiuⁿ-tâng,hiunntang5,hiunntang5,hiunntang,hiunntang,ht,ht,True
馬椅,bé-í,25,bé-í,be2i2,be2i2,bei,bei,bi,bi,True
鬚仔,tshiu-á,25,chhiu-á,tshiua2,chhiua2,tshiua,chhiua,ta,ca,True
鳳眼,hōng-gán,25,hōng-gán,hong7gan2,hong7gan2,honggan,honggan,hg,hg,True
鹿仔,lo̍k-á,25,lo̍k-á,lok8a2,lok8a2,loka,loka,la,la,True
麒麟,kî-lîn,25,kî-lîn,ki5lin5,ki5lin5,kilin,kilin,kl,kl,True
麻布,muâ-pòo,25,môa-pò͘,mua5poo3,moa5poo3,muapoo,moapoo,mp,mp,True
黜底,thuh-té,25,thuh-té,thuhte2,thuhte2,thuhte,thuhte,tt,tt,True
鼓椅,kóo-í,25,kó͘-í,koo2i2,koo2i2,kooi,kooi,ki,ki,True
鼓槌,kóo-thuî,25,kó͘-thûi,koo2thui5,koo2thui5,koothui,koothui,kt,kt,True
鼓燈,kóo-ting,25,kó͘-teng,koo2ting,koo2teng,kooting,kooteng,kt,kt,True
齒戳,khí-thok,25,khí-thok,khi2thok,khi2thok,khithok,khithok,kt,kt,True
龍旗,lîng-kî,25,lêng-kî,ling5ki5,leng5ki5,lingki,lengki,lk,lk,True
龍柱,lîng-thiāu,25,lêng-thiāu,ling5thiau7,leng5thiau7,lingthiau,lengthiau,lt,lt,True
龍珠,liông-tsu,25,liông-chu,liong5tsu,liong5chu,liongtsu,liongchu,lt,lc,True
龍罐,liông-kuàn,25,liông-koàn,liong5kuan3,liong5koan3,liongkuan,liongkoan,lk,lk,True
龍罐,lîng-kuàn,25,lêng-koàn,ling5kuan3,leng5koan3,lingkuan,lengkoan,lk,lk,True
龍袍,liông-phâu,25,liông-phâu,liong5phau5,liong5phau5,liongphau,liongphau,lp,lp,True
龍鱗,lîng-lân,25,lêng-lân,ling5lan5,leng5lan5,linglan,lenglan,ll,ll,True
龜骿,ku-phiann,25,ku-phiaⁿ,kuphiann,kuphiann,kuphiann,kuphiann,kp,kp,True
𣛮籃,siā-nâ,25,siā-nâ,sia7na5,sia7na5,siana,siana,sn,sn,True
𥰔仔,phín-á,25,phín-á,phin2a2,phin2a2,phina,phina,pa,pa,True
buân白胚,buân-pe̍h-phue,16,boân-pe̍h-phoe,buan5peh8phue,boan5peh8phoe,buanpehphue,boanpehphoe,bpp,bpp,True
gá-suh窯,gá-suh-iô,16,gá-suh-iô,ga2suhio5,ga2suhio5,gasuhio,gasuhio,gsi,gsi,True
hì-tah線,hì-tah-suànn,16,hì-tah-sòaⁿ,hi3tahsuann3,hi3tahsoann3,hitahsuann,hitahsoann,hts,hts,True
,mi-ni-khih,16,mi-ni-khih,minikhih,minikhih,minikhih,minikhih,mnk,mnk,True
,the̍h-hó-sì,16,the̍h-hó-sì,theh8ho2si3,theh8ho2si3,thehhosi,thehhosi,ths,ths,True
七里香,tshit-lí-hiong,16,chhit-lí-hiong,tshitli2hiong,chhitli2hiong,tshitlihiong,chhitlihiong,tlh,clh,True
三分目,sann-hun-ba̍k,16,saⁿ-hun-ba̍k,sannhunbak8,sannhunbak8,sannhunbak,sannhunbak,shb,shb,True
三分眼,sann-hun-gán,16,saⁿ-hun-gán,sannhungan2,sannhungan2,sannhungan,sannhungan,shg,shg,True
三角鱗,sann-kak-lân,16,saⁿ-kak-lân,sannkaklan5,sannkaklan5,sannkaklan,sannkaklan,skl,skl,True
三輪車,sann-lián-tshia,16,saⁿ-lián-chhia,sannlian2tshia,sannlian2chhia,sannliantshia,sannlianchhia,slt,slc,True
三轉型,sam-tsuān-hîng,16,sam-choān-hêng,samtsuan7hing5,samchoan7heng5,samtsuanhing,samchoanheng,sth,sch,True
丹迪紙,tan-tik-tsuá,16,tan-tek-chóa,tantiktsua2,tantekchoa2,tantiktsua,tantekchoa,ttt,ttc,True
九芎仔,kiú-kiong-á,16,kiú-kiong-á,kiu2kionga2,kiu2kionga2,kiukionga,kiukionga,kka,kka,True
乾漆粉,kan-tshat-hún,16,kan-chhat-hún,kantshathun2,kanchhathun2,kantshathun,kanchhathun,kth,kch,True
二層座,jī-tsàn-tsō,16,jī-chàn-chō,ji7tsan3tso7,ji7chan3cho7,jitsantso,jichancho,jtt,jcc,True
二次胚,jī-tshù-phue,16,jī-chhù-phoe,ji7tshu3phue,ji7chhu3phoe,jitshuphue,jichhuphoe,jtp,jcp,True
五倍子,ngóo-puē-tsí,16,ngó͘-pōe-chí,ngoo2pue7tsi2,ngoo2poe7chi2,ngoopuetsi,ngoopoechi,npt,npc,True
五福花,ngóo-hok-hue,16,ngó͘-hok-hoe,ngoo2hokhue,ngoo2hokhoe,ngoohokhue,ngoohokhoe,nhh,nhh,True
交趾釉,kau-tsí-iu,16,kau-chí-iu,kautsi2iu,kauchi2iu,kautsiiu,kauchiiu,kti,kci,True
亭仔景,tîng-á-kíng,16,têng-á-kéng,ting5a2king2,teng5a2keng2,tingaking,tengakeng,tak,tak,True
人物堵,jîn-bu̍t-tóo,16,jîn-bu̍t-tó͘,jin5but8too2,jin5but8too2,jinbuttoo,jinbuttoo,jbt,jbt,True
人物旗,jîn-bu̍t-kî,16,jîn-bu̍t-kî,jin5but8ki5,jin5but8ki5,jinbutki,jinbutki,jbk,jbk,True
人面竹,lâng-bīn-tik,16,lâng-bīn-tek,lang5bin7tik,lang5bin7tek,langbintik,langbintek,lbt,lbt,True
保溫棉,pó-un-mî,16,pó-un-mî,po2unmi5,po2unmi5,pounmi,pounmi,pum,pum,True
保溫磚,pó-un-tsng,16,pó-un-chng,po2untsng,po2unchng,pountsng,pounchng,put,puc,True
倒吊獅,tò-tiàu-sai,16,tò-tiàu-sai,to3tiau3sai,to3tiau3sai,totiausai,totiausai,tts,tts,True
倒角仔,tò-kak-á,16,tò-kak-á,to3kaka2,to3kaka2,tokaka,tokaka,tka,tka,True
備零件,pī-lîng-kiānn,16,pī-lêng-kiāⁿ,pi7ling5kiann7,pi7leng5kiann7,pilingkiann,pilengkiann,plk,plk,True
八仙綵,pat-sian-tshái,16,pat-sian-chhái,patsiantshai2,patsianchhai2,patsiantshai,patsianchhai,pst,psc,True
八卦窗,pat-kuà-thang,16,pat-kòa-thang,patkua3thang,patkoa3thang,patkuathang,patkoathang,pkt,pkt,True
八字彈,peh-jī-tân,16,peh-jī-tân,pehji7tan5,pehji7tan5,pehjitan,pehjitan,pjt,pjt,True
八獅座,pat-sai-tsō,16,pat-sai-chō,patsaitso7,patsaicho7,patsaitso,patsaicho,pst,psc,True
公婆椅,kong-pô-í,16,kong-pô-í,kongpo5i2,kongpo5i2,kongpoi,kongpoi,kpi,kpi,True
公母榫,kang-bú-sún,16,kang-bú-sún,kangbu2sun2,kangbu2sun2,kangbusun,kangbusun,kbs,kbs,True
切割墊,tshiat-kuah-tiām,16,chhiat-koah-tiām,tshiatkuahtiam7,chhiatkoahtiam7,tshiatkuahtiam,chhiatkoahtiam,tkt,ckt,True
切管頭,tshiat-kóng-thâu,16,chhiat-kóng-thâu,tshiatkong2thau5,chhiatkong2thau5,tshiatkongthau,chhiatkongthau,tkt,ckt,True
切紙枋,tshiat-tsuá-pang,16,chhiat-chóa-pang,tshiattsua2pang,chhiatchoa2pang,tshiattsuapang,chhiatchoapang,ttp,ccp,True
利利安,li-li-an,16,li-li-an,lilian,lilian,lilian,lilian,lla,lla,True
割紙刀,kuah-tsuá-to,16,koah-chóa-to,kuahtsua2to,koahchoa2to,kuahtsuato,koahchoato,ktt,kct,True
包喙口,pau-tshuì-kháu,16,pau-chhùi-kháu,pautshui3khau2,pauchhui3khau2,pautshuikhau,pauchhuikhau,ptk,pck,True
包蒼布,pau-tshong-pòo,16,pau-chhong-pò͘,pautshongpoo3,pauchhongpoo3,pautshongpoo,pauchhongpoo,ptp,pcp,True
包頭巾,pau-thâu-kin,16,pau-thâu-kin,pauthau5kin,pauthau5kin,pauthaukin,pauthaukin,ptk,ptk,True
半堆剪,puànn-tui-tsián,16,pòaⁿ-tui-chián,puann3tuitsian2,poann3tuichian2,puanntuitsian,poanntuichian,ptt,ptc,True
半浮堵,puànn-phû-tóo,16,pòaⁿ-phû-tó͘,puann3phu5too2,poann3phu5too2,puannphutoo,poannphutoo,ppt,ppt,True
半金彩,puànn-kim-tshái,16,pòaⁿ-kim-chhái,puann3kimtshai2,poann3kimchhai2,puannkimtshai,poannkimchhai,pkt,pkc,True
厚殼仔,kāu-khak-á,16,kāu-khak-á,kau7khaka2,kau7khaka2,kaukhaka,kaukhaka,kka,kka,True
反手體,huán-tshiú-thé,16,hoán-chhiú-thé,huan2tshiu2the2,hoan2chhiu2the2,huantshiuthe,hoanchhiuthe,htt,hct,True
古錢甲,kóo-tsînn-kah,16,kó͘-chîⁿ-kah,koo2tsinn5kah,koo2chinn5kah,kootsinnkah,koochinnkah,ktk,kck,True
古體鱗,kóo-thé-lân,16,kó͘-thé-lân,koo2the2lan5,koo2the2lan5,koothelan,koothelan,ktl,ktl,True
和尚頭,huê-siūnn-thâu,16,hôe-siūⁿ-thâu,hue5siunn7thau5,hoe5siunn7thau5,huesiunnthau,hoesiunnthau,hst,hst,True
咸豐草,hâm-hong-tsháu,16,hâm-hong-chháu,ham5hongtshau2,ham5hongchhau2,hamhongtshau,hamhongchhau,hht,hhc,True
四方竹,sù-hong-tik,16,sù-hong-tek,su3hongtik,su3hongtek,suhongtik,suhongtek,sht,sht,True
四點金,sì-tiám-kim,16,sì-tiám-kim,si3tiam2kim,si3tiam2kim,sitiamkim,sitiamkim,stk,stk,True
圓仔花,înn-á-hue,16,îⁿ-á-hoe,inn5a2hue,inn5a2hoe,innahue,innahoe,iah,iah,True
圓鑿仔,înn-tsha̍k-á,16,îⁿ-chha̍k-á,inn5tshak8a2,inn5chhak8a2,inntshaka,innchhaka,ita,ica,True
圓黜仔,înn-thuh-á,16,îⁿ-thuh-á,inn5thuha2,inn5thuha2,innthuha,innthuha,ita,ita,True
坐禪椅,tsē-siâm-í,16,chē-siâm-í,tse7siam5i2,che7siam5i2,tsesiami,chesiami,tsi,csi,True
塑膠枋,sok-ka-pang,16,sok-ka-pang,sokkapang,sokkapang,sokkapang,sokkapang,skp,skp,True
塑膠𧉟,sok-ka-tâi,16,sok-ka-tâi,sokkatai5,sokkatai5,sokkatai,sokkatai,skt,skt,True
塔簽仔,thah-tshiam-á,16,thah-chhiam-á,thahtshiama2,thahchhiama2,thahtshiama,thahchhiama,tta,tca,True
塗剾仔,thôo-khau-á,16,thô͘-khau-á,thoo5khaua2,thoo5khaua2,thookhaua,thookhaua,tka,tka,True
塗抓仔,thôo-jiàu-á,16,thô͘-jiàu-á,thoo5jiau3a2,thoo5jiau3a2,thoojiaua,thoojiaua,tja,tja,True
塭仔砧,un-á-tiam,16,un-á-tiam,una2tiam,una2tiam,unatiam,unatiam,uat,uat,True
墜仔模,tuī-á-bôo,16,tūi-á-bô͘,tui7a2boo5,tui7a2boo5,tuiaboo,tuiaboo,tab,tab,True
壓枋染,ah-pang-ní,16,ah-pang-ní,ahpangni2,ahpangni2,ahpangni,ahpangni,apn,apn,True
壓頭仔,ah-thâu-á,16,ah-thâu-á,ahthau5a2,ahthau5a2,ahthaua,ahthaua,ata,ata,True
大木作,tuā-ba̍k-tsok,16,tōa-ba̍k-chok,tua7bak8tsok,toa7bak8chok,tuabaktsok,toabakchok,tbt,tbc,True
大白釉,tuā-pe̍h-iu,16,tōa-pe̍h-iu,tua7peh8iu,toa7peh8iu,tuapehiu,toapehiu,tpi,tpi,True
大菁粉,tuā-tshinn-hún,16,tōa-chhiⁿ-hún,tua7tshinnhun2,toa7chhinnhun2,tuatshinnhun,toachhinnhun,tth,tch,True
太師椅,thài-su-í,16,thài-su-í,thai3sui2,thai3sui2,thaisui,thaisui,tsi,tsi,True
太魯刀,thài-lù-to,16,thài-lù-to,thai3lu3to,thai3lu3to,thailuto,thailuto,tlt,tlt,True
如意手,jû-ì-tshiú,16,jû-ì-chhiú,ju5i3tshiu2,ju5i3chhiu2,juitshiu,juichhiu,jit,jic,True
如意花,jû-ì-hue,16,jû-ì-hoe,ju5i3hue,ju5i3hoe,juihue,juihoe,jih,jih,True
娘絲布,niû-si-pòo,16,niû-si-pò͘,niu5sipoo3,niu5sipoo3,niusipoo,niusipoo,nsp,nsp,True
安金漆,an-kim-tshat,16,an-kim-chhat,ankimtshat,ankimchhat,ankimtshat,ankimchhat,akt,akc,True
實腹管,tsa̍t-pak-kóng,16,cha̍t-pak-kóng,tsat8pakkong2,chat8pakkong2,tsatpakkong,chatpakkong,tpk,cpk,True
寶石碭,pó-tsio̍h-thn̄g,16,pó-chio̍h-thn̄g,po2tsioh8thng7,po2chioh8thng7,potsiohthng,pochiohthng,ptt,pct,True
小冊櫃,sió-tsheh-kuì,16,sió-chheh-kùi,sio2tshehkui3,sio2chhehkui3,siotshehkui,siochhehkui,stk,sck,True
小葉桑,sió-hio̍h-song,16,sió-hio̍h-song,sio2hioh8song,sio2hioh8song,siohiohsong,siohiohsong,shs,shs,True
尤加利,iu-kha-lih,16,iu-kha-lih,iukhalih,iukhalih,iukhalih,iukhalih,ikl,ikl,True
尪仔頭,ang-á-thâu,16,ang-á-thâu,anga2thau5,anga2thau5,angathau,angathau,aat,aat,True
山棧花,suann-tsàn-hue,16,soaⁿ-chàn-hoe,suanntsan3hue,soannchan3hoe,suanntsanhue,soannchanhoe,sth,sch,True
山石仔,suann-tsio̍h-á,16,soaⁿ-chio̍h-á,suanntsioh8a2,soannchioh8a2,suanntsioha,soannchioha,sta,sca,True
工作台,kang-tsok-tâi,16,kang-chok-tâi,kangtsoktai5,kangchoktai5,kangtsoktai,kangchoktai,ktt,kct,True
工作椅,kang-tsok-í,16,kang-chok-í,kangtsoki2,kangchoki2,kangtsoki,kangchoki,kti,kci,True
布輪機,pòo-lûn-ki,16,pò͘-lûn-ki,poo3lun5ki,poo3lun5ki,poolunki,poolunki,plk,plk,True
平剾仔,phînn-khau-á,16,phîⁿ-khau-á,phinn5khaua2,phinn5khaua2,phinnkhaua,phinnkhaua,pka,pka,True
平剾仔,pêng-khau-á,16,pêng-khau-á,peng5khaua2,peng5khaua2,pengkhaua,pengkhaua,pka,pka,True
平鑿仔,phînn-tsha̍k-á,16,phîⁿ-chha̍k-á,phinn5tshak8a2,phinn5chhak8a2,phinntshaka,phinnchhaka,pta,pca,True
幼工棒,iù-kang-pāng,16,iù-kang-pāng,iu3kangpang7,iu3kangpang7,iukangpang,iukangpang,ikp,ikp,True
廟尪仔,biō-ang-á,16,biō-ang-á,bio7anga2,bio7anga2,bioanga,bioanga,baa,baa,True
弓中錘,king-tiong-tshuê,16,keng-tiong-chhôe,kingtiongtshue5,kengtiongchhoe5,kingtiongtshue,kengtiongchhoe,ktt,ktc,True
彎仔鋸,uan-á-kì,16,oan-á-kì,uana2ki3,oana2ki3,uanaki,oanaki,uak,oak,True
戮空的,lak-khang-ê,16,lak-khang-ê,lakkhange5,lakkhange5,lakkhange,lakkhange,lke,lke,True
扁鋏仔,pínn-giap-á,16,píⁿ-giap-á,pinn2giapa2,pinn2giapa2,pinngiapa,pinngiapa,pga,pga,True
手巾仔,tshiú-kin-á,16,chhiú-kin-á,tshiu2kina2,chhiu2kina2,tshiukina,chhiukina,tka,cka,True
手指圍,tshiú-tsí-uî,16,chhiú-chí-ûi,tshiu2tsi2ui5,chhiu2chi2ui5,tshiutsiui,chhiuchiui,ttu,ccu,True
手指條,tshiú-tsí-tiâu,16,chhiú-chí-tiâu,tshiu2tsi2tiau5,chhiu2chi2tiau5,tshiutsitiau,chhiuchitiau,ttt,cct,True
手指通,tshiú-tsí-thong,16,chhiú-chí-thong,tshiu2tsi2thong,chhiu2chi2thong,tshiutsithong,chhiuchithong,ttt,cct,True
手搖鈴,tshiú-iô-lîng,16,chhiú-iô-lêng,tshiu2io5ling5,chhiu2io5leng5,tshiuioling,chhiuioleng,til,cil,True
手環箸,tshiú-khuân-tī,16,chhiú-khoân-tī,tshiu2khuan5ti7,chhiu2khoan5ti7,tshiukhuanti,chhiukhoanti,tkt,ckt,True
抓耙仔,jiàu-pê-á,16,jiàu-pê-á,jiau3pe5a2,jiau3pe5a2,jiaupea,jiaupea,jpa,jpa,True
折刀器,tsiat-to-khì,16,chiat-to-khì,tsiattokhi3,chiattokhi3,tsiattokhi,chiattokhi,ttk,ctk,True
拍初胚,phah-tshoo-phue,16,phah-chho͘-phoe,phahtshoophue,phahchhoophoe,phahtshoophue,phahchhoophoe,ptp,pcp,True
拍剁仔,phah-tok-a,16,phah-tok-a,phahtoka,phahtoka,phahtoka,phahtoka,pta,pta,True
拍粗胚,phah-tshoo-phue,16,phah-chho͘-phoe,phahtshoophue,phahchhoophoe,phahtshoophue,phahchhoophoe,ptp,pcp,True
拍糊仔,phah-kôo-á,16,phah-kô͘-á,phahkoo5a2,phahkoo5a2,phahkooa,phahkooa,pka,pka,True
拍花面,phah-hue-bīn,16,phah-hoe-bīn,phahhuebin7,phahhoebin7,phahhuebin,phahhoebin,phb,phb,True
拖空墘,thua-khang-kînn,16,thoa-khang-kîⁿ,thuakhangkinn5,thoakhangkinn5,thuakhangkinn,thoakhangkinn,tkk,tkk,True
挲密刀,so-ba̍t-to,16,so-ba̍t-to,sobat8to,sobat8to,sobatto,sobatto,sbt,sbt,True
挲玻璃,so-po-lê,16,so-po-lê,sopole5,sopole5,sopole,sopole,spl,spl,True
捏版仔,lia̍p-pán-á,16,lia̍p-pán-á,liap8pan2a2,liap8pan2a2,liappana,liappana,lpa,lpa,True
捶篾仔,tuî-bi̍h-á,16,tûi-bi̍h-á,tui5bih8a2,tui5bih8a2,tuibiha,tuibiha,tba,tba,True
捻塔啾,liàn-thah-tshiu,16,liàn-thah-chhiu,lian3thahtshiu,lian3thahchhiu,lianthahtshiu,lianthahchhiu,ltt,ltc,True
控制錶,khòng-tsè-pió,16,khòng-chè-pió,khong3tse3pio2,khong3che3pio2,khongtsepio,khongchepio,ktp,kcp,True
掰糊仔,pué-kôo-á,16,póe-kô͘-á,pue2koo5a2,poe2koo5a2,puekooa,poekooa,pka,pka,True
描圖紙,biô-tôo-tsuá,16,biô-tô͘-chóa,bio5too5tsua2,bio5too5choa2,biotootsua,biotoochoa,btt,btc,True
搝厚薄,giú-kāu-po̍h,16,giú-kāu-po̍h,giu2kau7poh8,giu2kau7poh8,giukaupoh,giukaupoh,gkp,gkp,True
摃槌仔,kòng-thuî-á,16,kòng-thûi-á,kong3thui5a2,kong3thui5a2,kongthuia,kongthuia,kta,kta,True
撞璇仔,tōng-suān-á,16,tōng-soān-á,tong7suan7a2,tong7soan7a2,tongsuana,tongsoana,tsa,tsa,True
擠浮線,tsik-phû-suànn,16,chek-phû-sòaⁿ,tsikphu5suann3,chekphu5soann3,tsikphusuann,chekphusoann,tps,cps,True
敆內裡,kap-lāi-lí,16,kap-lāi-lí,kaplai7li2,kaplai7li2,kaplaili,kaplaili,kll,kll,True
敲薰屎,khà-hun-sái,16,khà-hun-sái,kha3hunsai2,kha3hunsai2,khahunsai,khahunsai,khs,khs,True
文公尺,bûn-kong-tshioh,16,bûn-kong-chhioh,bun5kongtshioh,bun5kongchhioh,bunkongtshioh,bunkongchhioh,bkt,bkc,True
文武甲,bûn-bú-kah,16,bûn-bú-kah,bun5bu2kah,bun5bu2kah,bunbukah,bunbukah,bbk,bbk,True
文武跤,bûn-bú-kha,16,bûn-bú-kha,bun5bu2kha,bun5bu2kha,bunbukha,bunbukha,bbk,bbk,True
文轎蓋,bûn-kiō-kuà,16,bûn-kiō-kòa,bun5kio7kua3,bun5kio7koa3,bunkiokua,bunkiokoa,bkk,bkk,True
曝日頭,pha̍k-ji̍t-thâu,16,pha̍k-ji̍t-thâu,phak8jit8thau5,phak8jit8thau5,phakjitthau,phakjitthau,pjt,pjt,True
月眉鱗,gua̍t-bâi-lân,16,goa̍t-bâi-lân,guat8bai5lan5,goat8bai5lan5,guatbailan,goatbailan,gbl,gbl,True
木桮刀,bo̍k-pue-to,16,bo̍k-poe-to,bok8pueto,bok8poeto,bokpueto,bokpoeto,bpt,bpt,True
木版畫,bo̍k-pán-uē,16,bo̍k-pán-ōe,bok8pan2ue7,bok8pan2oe7,bokpanue,bokpanoe,bpu,bpo,True
木麻黃,bo̍k-muâ-hông,16,bo̍k-môa-hông,bok8mua5hong5,bok8moa5hong5,bokmuahong,bokmoahong,bmh,bmh,True
松節油,siông-tsiat-iû,16,siông-chiat-iû,siong5tsiatiu5,siong5chiatiu5,siongtsiatiu,siongchiatiu,sti,sci,True
松膠碗,siông-ka-uánn,16,siông-ka-óaⁿ,siong5kauann2,siong5kaoann2,siongkauann,siongkaoann,sku,sko,True
架索仔,khuè-soh-á,16,khòe-soh-á,khue3soha2,khoe3soha2,khuesoha,khoesoha,ksa,ksa,True
柏青哥,pha-tsìn-kòo,16,pha-chìn-kò͘,phatsin3koo3,phachin3koo3,phatsinkoo,phachinkoo,ptk,pck,True
染料劑,ní-liāu-tse,16,ní-liāu-che,ni2liau7tse,ni2liau7che,niliautse,niliauche,nlt,nlc,True
柳葉眉,liú-hio̍h-bâi,16,liú-hio̍h-bâi,liu2hioh8bai5,liu2hioh8bai5,liuhiohbai,liuhiohbai,lhb,lhb,True
柴抹刀,tshâ-buah-to,16,chhâ-boah-to,tsha5buahto,chha5boahto,tshabuahto,chhaboahto,tbt,cbt,True
柴桮仔,tshâ-pue-á,16,chhâ-poe-á,tsha5puea2,chha5poea2,tshapuea,chhapoea,tpa,cpa,True
柴槌仔,tshâ-thuî-á,16,chhâ-thûi-á,tsha5thui5a2,chha5thui5a2,tshathuia,chhathuia,tta,cta,True
柿仔汁,khī-á-tsiap,16,khī-á-chiap,khi7a2tsiap,khi7a2chiap,khiatsiap,khiachiap,kat,kac,True
栗子殼,la̍t-tsí-khak,16,la̍t-chí-khak,lat8tsi2khak,lat8chi2khak,lattsikhak,latchikhak,ltk,lck,True
格仔尺,keh-á-tshioh,16,keh-á-chhioh,keha2tshioh,keha2chhioh,kehatshioh,kehachhioh,kat,kac,True
栽喙鬚,tsai-tshuì-tshiu,16,chai-chhùi-chhiu,tsaitshui3tshiu,chaichhui3chhiu,tsaitshuitshiu,chaichhuichhiu,ttt,ccc,True
栽喙齒,tsai-tshuì-khí,16,chai-chhùi-khí,tsaitshui3khi2,chaichhui3khi2,tsaitshuikhi,chaichhuikhi,ttk,cck,True
栽目睭,tsai-ba̍k-tsiu,16,chai-ba̍k-chiu,tsaibak8tsiu,chaibak8chiu,tsaibaktsiu,chaibakchiu,tbt,cbc,True
栽馬啾,tsai-bé-tshiu,16,chai-bé-chhiu,tsaibe2tshiu,chaibe2chhiu,tsaibetshiu,chaibechhiu,tbt,cbc,True
桂花甲,kuì-hue-kah,16,kùi-hoe-kah,kui3huekah,kui3hoekah,kuihuekah,kuihoekah,khk,khk,True
梳妝台,se-tsong-tâi,16,se-chong-tâi,setsongtai5,sechongtai5,setsongtai,sechongtai,stt,sct,True
椅頭仔,í-thâu-á,16,í-thâu-á,i2thau5a2,i2thau5a2,ithaua,ithaua,ita,ita,True
椅馬仔,í-bé-á,16,í-bé-á,i2be2a2,i2be2a2,ibea,ibea,iba,iba,True
楓仔樹,png-á-tshiū,16,png-á-chhiū,pnga2tshiu7,pnga2chhiu7,pngatshiu,pngachhiu,pat,pac,True
樟腦沙,tsiunn-ló-sua,16,chiuⁿ-ló-soa,tsiunnlo2sua,chiunnlo2soa,tsiunnlosua,chiunnlosoa,tls,cls,True
樟腦油,tsiunn-ló-iû,16,chiuⁿ-ló-iû,tsiunnlo2iu5,chiunnlo2iu5,tsiunnloiu,chiunnloiu,tli,cli,True
樹奶模,tshiū-ni-bôo,16,chhiū-ni-bô͘,tshiu7niboo5,chhiu7niboo5,tshiuniboo,chhiuniboo,tnb,cnb,True
橫杆仔,huâinn-kuainn-á,16,hoâiⁿ-koaiⁿ-á,huainn5kuainna2,hoainn5koainna2,huainnkuainna,hoainnkoainna,hka,hka,True
檳榔子,pin-nn̂g-tsí,16,pin-nn̂g-chí,pinnng5tsi2,pinnng5chi2,pinnngtsi,pinnngchi,pnt,pnc,True
櫃仔面,kuī-á-bīn,16,kūi-á-bīn,kui7a2bin7,kui7a2bin7,kuiabin,kuiabin,kab,kab,True
毛鋏仔,moo-giap-á,16,mo͘-giap-á,moogiapa2,moogiapa2,moogiapa,moogiapa,mga,mga,True
氣死貓,khì-sí-niau,16,khì-sí-niau,khi3si2niau,khi3si2niau,khisiniau,khisiniau,ksn,ksn,True
水粗紙,tsuí-tshoo-tsuá,16,chúi-chho͘-chóa,tsui2tshootsua2,chui2chhoochoa2,tsuitshootsua,chuichhoochoa,ttt,ccc,True
水茄苳,tsuí-ka-tang,16,chúi-ka-tang,tsui2katang,chui2katang,tsuikatang,chuikatang,tkt,ckt,True
水觳仔,tsuí-khok-á,16,chúi-khok-á,tsui2khoka2,chui2khoka2,tsuikhoka,chuikhoka,tka,cka,True
水車堵,tsuí-tshia-tóo,16,chúi-chhia-tó͘,tsui2tshiatoo2,chui2chhiatoo2,tsuitshiatoo,chuichhiatoo,ttt,cct,True
水𣁳仔,tsuí-khat-á,16,chúi-khat-á,tsui2khata2,chui2khata2,tsuikhata,chuikhata,tka,cka,True
沙拉油,sa-lá-iû,16,sa-lá-iû,sala2iu5,sala2iu5,salaiu,salaiu,sli,sli,True
油壓模,iû-ap-bôo,16,iû-ap-bô͘,iu5apboo5,iu5apboo5,iuapboo,iuapboo,iab,iab,True
油漏仔,iû-lāu-á,16,iû-lāu-á,iu5lau7a2,iu5lau7a2,iulaua,iulaua,ila,ila,True
油燈罩,iû-ting-tà,16,iû-teng-tà,iu5tingta3,iu5tengta3,iutingta,iutengta,itt,itt,True
油筒仔,iû-tâng-á,16,iû-tâng-á,iu5tang5a2,iu5tang5a2,iutanga,iutanga,ita,ita,True
泉州派,tsuân-tsiu-phài,16,choân-chiu-phài,tsuan5tsiuphai3,choan5chiuphai3,tsuantsiuphai,choanchiuphai,ttp,ccp,True
注蠟機,tsù-la̍h-ki,16,chù-la̍h-ki,tsu3lah8ki,chu3lah8ki,tsulahki,chulahki,tlk,clk,True
洋蔥皮,iûnn-tshang-phuê,16,iûⁿ-chhang-phôe,iunn5tshangphue5,iunn5chhangphoe5,iunntshangphue,iunnchhangphoe,itp,icp,True
浮綿仔,phoo-mî-a,16,pho͘-mî-a,phoomi5a,phoomi5a,phoomia,phoomia,pma,pma,True
浮雕堵,phû-tiau-tóo,16,phû-tiau-tó͘,phu5tiautoo2,phu5tiautoo2,phutiautoo,phutiautoo,ptt,ptt,True
淋碭釉,lâm-thn̄g-iu,16,lâm-thn̄g-iu,lam5thng7iu,lam5thng7iu,lamthngiu,lamthngiu,lti,lti,True
深篩仔,tshim-thai-á,16,chhim-thai-á,tshimthaia2,chhimthaia2,tshimthaia,chhimthaia,tta,cta,True
溫度針,un-tōo-tsiam,16,un-tō͘-chiam,untoo7tsiam,untoo7chiam,untootsiam,untoochiam,utt,utc,True
漆線塗,tshat-suànn-thôo,16,chhat-sòaⁿ-thô͘,tshatsuann3thoo5,chhatsoann3thoo5,tshatsuannthoo,chhatsoannthoo,tst,cst,True
漆線油,tshat-suànn-iû,16,chhat-sòaⁿ-iû,tshatsuann3iu5,chhatsoann3iu5,tshatsuanniu,chhatsoanniu,tsi,csi,True
漆線龍,tshat-suànn-liông,16,chhat-sòaⁿ-liông,tshatsuann3liong5,chhatsoann3liong5,tshatsuannliong,chhatsoannliong,tsl,csl,True
火勾仔,hué-kau-á,16,hóe-kau-á,hue2kaua2,hoe2kaua2,huekaua,hoekaua,hka,hka,True
火耙仔,hué-pê-á,16,hóe-pê-á,hue2pe5a2,hoe2pe5a2,huepea,hoepea,hpa,hpa,True
火鉗仔,hué-khînn-á,16,hóe-khîⁿ-á,hue2khinn5a2,hoe2khinn5a2,huekhinna,hoekhinna,hka,hka,True
火鍋爐,hué-ko-lôo,16,hóe-ko-lô͘,hue2koloo5,hoe2koloo5,huekoloo,hoekoloo,hkl,hkl,True
灰匙仔,hue-sî-á,16,hoe-sî-á,huesi5a2,hoesi5a2,huesia,hoesia,hsa,hsa,True
烏心石,oo-sim-tsio̍h,16,o͘-sim-chio̍h,oosimtsioh8,oosimchioh8,oosimtsioh,oosimchioh,ost,osc,True
熟桐油,si̍k-tâng-iû,16,se̍k-tâng-iû,sik8tang5iu5,sek8tang5iu5,siktangiu,sektangiu,sti,sti,True
燈火罩,ting-hué-tà,16,teng-hóe-tà,tinghue2ta3,tenghoe2ta3,tinghueta,tenghoeta,tht,tht,True
燖筒仔,tīm-tâng-á,16,tīm-tâng-á,tim7tang5a2,tim7tang5a2,timtanga,timtanga,tta,tta,True
牛喙罨,gû-tshuì-am,16,gû-chhùi-am,gu5tshui3am,gu5chhui3am,gutshuiam,guchhuiam,gta,gca,True
牛鈴仔,gû-lîng-á,16,gû-lêng-á,gu5ling5a2,gu5leng5a2,gulinga,gulenga,gla,gla,True
牽漆線,khan-tshat-suànn,16,khan-chhat-sòaⁿ,khantshatsuann3,khanchhatsoann3,khantshatsuann,khanchhatsoann,kts,kcs,True
獅仔跤,sai-á-kha,16,sai-á-kha,saia2kha,saia2kha,saiakha,saiakha,sak,sak,True
珊瑚樹,suan-ôo-tshiū,16,soan-ô͘-chhiū,suanoo5tshiu7,soanoo5chhiu7,suanootshiu,soanoochhiu,sot,soc,True
珠仔台,tsu-á-tâi,16,chu-á-tâi,tsua2tai5,chua2tai5,tsuatai,chuatai,tat,cat,True
瑪瑙刀,bé-ló-to,16,bé-ló-to,be2lo2to,be2lo2to,beloto,beloto,blt,blt,True
璇石膏,suān-tsio̍h-ko,16,soān-chio̍h-ko,suan7tsioh8ko,soan7chioh8ko,suantsiohko,soanchiohko,stk,sck,True
璇石花,suān-tsio̍h-hue,16,soān-chio̍h-hoe,suan7tsioh8hue,soan7chioh8hoe,suantsiohhue,soanchiohhoe,sth,sch,True
瓜笠仔,kue-le̍h-á,16,koe-le̍h-á,kueleh8a2,koeleh8a2,kueleha,koeleha,kla,kla,True
瓷仔枋,huî-á-pang,16,hûi-á-pang,hui5a2pang,hui5a2pang,huiapang,huiapang,hap,hap,True
瓷仔車,huî-á-tshia,16,hûi-á-chhia,hui5a2tshia,hui5a2chhia,huiatshia,huiachhia,hat,hac,True
番仔火,huan-á-hué,16,hoan-á-hóe,huana2hue2,hoana2hoe2,huanahue,hoanahoe,hah,hah,True
畫板仔,uē-pán-á,16,ōe-pán-á,ue7pan2a2,oe7pan2a2,uepana,oepana,upa,opa,True
畫活眼,uē-ua̍h-gán,16,ōe-oa̍h-gán,ue7uah8gan2,oe7oah8gan2,ueuahgan,oeoahgan,uug,oog,True
畫石頭,uē-tsio̍h-thâu,16,ōe-chio̍h-thâu,ue7tsioh8thau5,oe7chioh8thau5,uetsiohthau,oechiohthau,utt,oct,True
白匏仔,pe̍h-pû-á,16,pe̍h-pû-á,peh8pu5a2,peh8pu5a2,pehpua,pehpua,ppa,ppa,True
白玉仔,pe̍h-gi̍k-á,16,pe̍h-ge̍k-á,peh8gik8a2,peh8gek8a2,pehgika,pehgeka,pga,pga,True
白糊仔,pe̍h-kôo-á,16,pe̍h-kô͘-á,peh8koo5a2,peh8koo5a2,pehkooa,pehkooa,pka,pka,True
白胚紙,pe̍h-phue-tsuá,16,pe̍h-phoe-chóa,peh8phuetsua2,peh8phoechoa2,pehphuetsua,pehphoechoa,ppt,ppc,True
皮槌仔,phuê-thuî-á,16,phôe-thûi-á,phue5thui5a2,phoe5thui5a2,phuethuia,phoethuia,pta,pta,True
看紙紋,khuànn-tsuá-bûn,16,khòaⁿ-chóa-bûn,khuann3tsua2bun5,khoann3choa2bun5,khuanntsuabun,khoannchoabun,ktb,kcb,True
石榴皮,tsio̍h-liû-phuê,16,chio̍h-liû-phôe,tsioh8liu5phue5,chioh8liu5phoe5,tsiohliuphue,chiohliuphoe,tlp,clp,True
石灰粉,tsio̍h-hue-hún,16,chio̍h-hoe-hún,tsioh8huehun2,chioh8hoehun2,tsiohhuehun,chiohhoehun,thh,chh,True
石磨仔,tsio̍h-bō-á,16,chio̍h-bō-á,tsioh8bo7a2,chioh8bo7a2,tsiohboa,chiohboa,tba,cba,True
石膏模,tsio̍h-ko-bôo,16,chio̍h-ko-bô͘,tsioh8koboo5,chioh8koboo5,tsiohkoboo,chiohkoboo,tkb,ckb,True
石膏碗,tsio̍h-ko-uánn,16,chio̍h-ko-óaⁿ,tsioh8kouann2,chioh8kooann2,tsiohkouann,chiohkooann,tku,cko,True
石舂臼,tsio̍h-tsing-khū,16,chio̍h-cheng-khū,tsioh8tsingkhu7,chioh8chengkhu7,tsiohtsingkhu,chiohchengkhu,ttk,cck,True
砂輪機,sua-lûn-ki,16,soa-lûn-ki,sualun5ki,soalun5ki,sualunki,soalunki,slk,slk,True
破竹仔,phuà-tik-á,16,phòa-tek-á,phua3tika2,phoa3teka2,phuatika,phoateka,pta,pta,True
破篾仔,phuà-bi̍h-á,16,phòa-bi̍h-á,phua3bih8a2,phoa3bih8a2,phuabiha,phoabiha,pba,pba,True
磅璇石,pōng-suān-tsio̍h,16,pōng-soān-chio̍h,pong7suan7tsioh8,pong7soan7chioh8,pongsuantsioh,pongsoanchioh,pst,psc,True
穀亭畚,kok-tīng-pùn,16,kok-tēng-pùn,kokting7pun3,kokteng7pun3,koktingpun,koktengpun,ktp,ktp,True
空殼管,khang-khak-kóng,16,khang-khak-kóng,khangkhakkong2,khangkhakkong2,khangkhakkong,khangkhakkong,kkk,kkk,True
立德粉,li̍p-tik-hún,16,li̍p-tek-hún,lip8tikhun2,lip8tekhun2,liptikhun,liptekhun,lth,lth,True
竹仔箸,tik-á-tī,16,tek-á-tī,tika2ti7,teka2ti7,tikati,tekati,tat,tat,True
竹夫人,tik-hu-jîn,16,tek-hu-jîn,tikhujin5,tekhujin5,tikhujin,tekhujin,thj,thj,True
竹篾仔,tik-bi̍h-á,16,tek-bi̍h-á,tikbih8a2,tekbih8a2,tikbiha,tekbiha,tba,tba,True
竹鋏仔,tik-giap-á,16,tek-giap-á,tikgiapa2,tekgiapa2,tikgiapa,tekgiapa,tga,tga,True
竹𥴊仔,tik-kám-á,16,tek-kám-á,tikkam2a2,tekkam2a2,tikkama,tekkama,tka,tka,True
筍屏仔,sún-pîn-á,16,sún-pîn-á,sun2pin5a2,sun2pin5a2,sunpina,sunpina,spa,spa,True
籠鋪仔,láng-phoo-á,16,láng-pho͘-á,lang2phooa2,lang2phooa2,langphooa,langphooa,lpa,lpa,True
米釐尺,bí-lî-tshioh,16,bí-lî-chhioh,bi2li5tshioh,bi2li5chhioh,bilitshioh,bilichhioh,blt,blc,True
粉線管,hún-suànn-kóng,16,hún-sòaⁿ-kóng,hun2suann3kong2,hun2soann3kong2,hunsuannkong,hunsoannkong,hsk,hsk,True
糖篋仔,thn̂g-kheh-á,16,thn̂g-kheh-á,thng5kheha2,thng5kheha2,thngkheha,thngkheha,tka,tka,True
紅寶石,âng-pó-tsio̍h,16,âng-pó-chio̍h,ang5po2tsioh8,ang5po2chioh8,angpotsioh,angpochioh,apt,apc,True
紙膠帶,tsuá-ka-tuà,16,chóa-ka-tòa,tsua2katua3,choa2katoa3,tsuakatua,choakatoa,tkt,ckt,True
紙輪釘,tsuá-lián-ting,16,chóa-lián-teng,tsua2lian2ting,choa2lian2teng,tsualianting,choalianteng,tlt,clt,True
紙輪釘,tsuá-lián-tìng,16,chóa-lián-tèng,tsua2lian2ting3,choa2lian2teng3,tsualianting,choalianteng,tlt,clt,True
紡布輪,pháng-pòo-lún,16,pháng-pò͘-lún,phang2poo3lun2,phang2poo3lun2,phangpoolun,phangpoolun,ppl,ppl,True
紡金檯,pháng-kim-tâi,16,pháng-kim-tâi,phang2kimtai5,phang2kimtai5,phangkimtai,phangkimtai,pkt,pkt,True
索仔捲,soh-á-kńg,16,soh-á-kńg,soha2kng2,soha2kng2,sohakng,sohakng,sak,sak,True
紫色的,tsí-sik-ê,16,chí-sek-ê,tsi2sike5,chi2seke5,tsisike,chiseke,tse,cse,True
結龍跤,kiat-lîng-kha,16,kiat-lêng-kha,kiatling5kha,kiatleng5kha,kiatlingkha,kiatlengkha,klk,klk,True
絲仔線,si-á-suànn,16,si-á-sòaⁿ,sia2suann3,sia2soann3,siasuann,siasoann,sas,sas,True
網仔甲,bāng-á-kah,16,bāng-á-kah,bang7a2kah,bang7a2kah,bangakah,bangakah,bak,bak,True
練塗機,liān-thôo-ki,16,liān-thô͘-ki,lian7thoo5ki,lian7thoo5ki,lianthooki,lianthooki,ltk,ltk,True
縛厝蓋,pa̍k-tshù-kuà,16,pa̍k-chhù-kòa,pak8tshu3kua3,pak8chhu3koa3,paktshukua,pakchhukoa,ptk,pck,True
縛紙釘,pa̍k-tsuá-ting,16,pa̍k-chóa-teng,pak8tsua2ting,pak8choa2teng,paktsuating,pakchoateng,ptt,pct,True
繞銅線,liàu-tâng-suànn,16,liàu-tâng-sòaⁿ,liau3tang5suann3,liau3tang5soann3,liautangsuann,liautangsoann,lts,lts,True
繡花車,siù-hue-tshia,16,siù-hoe-chhia,siu3huetshia,siu3hoechhia,siuhuetshia,siuhoechhia,sht,shc,True
繡補店,siù-póo-tiàm,16,siù-pó͘-tiàm,siu3poo2tiam3,siu3poo2tiam3,siupootiam,siupootiam,spt,spt,True
羊仔頭,iûnn-á-thâu,16,iûⁿ-á-thâu,iunn5a2thau5,iunn5a2thau5,iunnathau,iunnathau,iat,iat,True
美工刀,bí-kang-to,16,bí-kang-to,bi2kangto,bi2kangto,bikangto,bikangto,bkt,bkt,True
耐火磚,nāi-hué-tsng,16,nāi-hóe-chng,nai7hue2tsng,nai7hoe2chng,naihuetsng,naihoechng,nht,nhc,True
胭脂蟲,ian-tsi-thâng,16,ian-chi-thâng,iantsithang5,ianchithang5,iantsithang,ianchithang,itt,ict,True
腰帶花,io-tuà-hue,16,io-tòa-hoe,iotua3hue,iotoa3hoe,iotuahue,iotoahoe,ith,ith,True
腱子肉,kiàn-tsí-bah,16,kiàn-chí-bah,kian3tsi2bah,kian3chi2bah,kiantsibah,kianchibah,ktb,kcb,True
臥蠶眉,ngōo-tshám-bî,16,ngō͘-chhám-bî,ngoo7tsham2bi5,ngoo7chham2bi5,ngootshambi,ngoochhambi,ntb,ncb,True
自動剾,tsū-tōng-khau,16,chū-tōng-khau,tsu7tong7khau,chu7tong7khau,tsutongkhau,chutongkhau,ttk,ctk,True
臺灣杉,tâi-uân-sam,16,tâi-oân-sam,tai5uan5sam,tai5oan5sam,taiuansam,taioansam,tus,tos,True
舂龜仔,tsing-ku-á,16,cheng-ku-á,tsingkua2,chengkua2,tsingkua,chengkua,tka,cka,True
花匙仔,hue-sî-á,16,hoe-sî-á,huesi5a2,hoesi5a2,huesia,hoesia,hsa,hsa,True
花枱仔,hue-tâi-á,16,hoe-tâi-á,huetai5a2,hoetai5a2,huetaia,hoetaia,hta,hta,True
花盆仔,hue-phûn-á,16,hoe-phûn-á,huephun5a2,hoephun5a2,huephuna,hoephuna,hpa,hpa,True
花蕊紋,hue-luí-bûn,16,hoe-lúi-bûn,huelui2bun5,hoelui2bun5,hueluibun,hoeluibun,hlb,hlb,True
花鳥堵,hue-tsiáu-tóo,16,hoe-chiáu-tó͘,huetsiau2too2,hoechiau2too2,huetsiautoo,hoechiautoo,htt,hct,True
茶杯仔,tê-pue-á,16,tê-poe-á,te5puea2,te5poea2,tepuea,tepoea,tpa,tpa,True
茶疊仔,tê-thia̍p-á,16,tê-thia̍p-á,te5thiap8a2,te5thiap8a2,tethiapa,tethiapa,tta,tta,True
茶籠仔,tê-láng-á,16,tê-láng-á,te5lang2a2,te5lang2a2,telanga,telanga,tla,tla,True
茶米甕,tê-bí-àng,16,tê-bí-àng,te5bi2ang3,te5bi2ang3,tebiang,tebiang,tba,tba,True
茶罐仔,tê-kuàn-á,16,tê-koàn-á,te5kuan3a2,te5koan3a2,tekuana,tekoana,tka,tka,True
草仔箬,tshó-á-ha̍h,16,chhó-á-ha̍h,tsho2a2hah8,chho2a2hah8,tshoahah,chhoahah,tah,cah,True
草仔花,tshó-á-hue,16,chhó-á-hoe,tsho2a2hue,chho2a2hoe,tshoahue,chhoahoe,tah,cah,True
菜櫥仔,tshài-tû-á,16,chhài-tû-á,tshai3tu5a2,chhai3tu5a2,tshaitua,chhaitua,tta,cta,True
蓮蕉盆,liân-tsio-phûn,16,liân-chio-phûn,lian5tsiophun5,lian5chiophun5,liantsiophun,lianchiophun,ltp,lcp,True
蔥管鼻,tshang-kóng-phīnn,16,chhang-kóng-phīⁿ,tshangkong2phinn7,chhangkong2phinn7,tshangkongphinn,chhangkongphinn,tkp,ckp,True
薄仔瓦,po̍h-á-hiā,16,po̍h-á-hiā,poh8a2hia7,poh8a2hia7,pohahia,pohahia,pah,pah,True
薄胎的,po̍h-thai-ê,16,po̍h-thai-ê,poh8thaie5,poh8thaie5,pohthaie,pohthaie,pte,pte,True
薰竹仔,hun-tik-á,16,hun-tek-á,huntika2,hunteka2,huntika,hunteka,hta,hta,True
藍寶石,nâ-pó-tsio̍h,16,nâ-pó-chio̍h,na5po2tsioh8,na5po2chioh8,napotsioh,napochioh,npt,npc,True
虎爺衫,hóo-iâ-sann,16,hó͘-iâ-saⁿ,hoo2ia5sann,hoo2ia5sann,hooiasann,hooiasann,his,his,True
蛋殼畫,nn̄g-khak-uē,16,nn̄g-khak-ōe,nng7khakue7,nng7khakoe7,nngkhakue,nngkhakoe,nku,nko,True
蜘蛛紋,ti-tu-bûn,16,ti-tu-bûn,titubun5,titubun5,titubun,titubun,ttb,ttb,True
蝦仔盤,hê-á-puânn,16,hê-á-pôaⁿ,he5a2puann5,he5a2poann5,heapuann,heapoann,hap,hap,True
螭虎窗,tshi-hóo-thang,16,chhi-hó͘-thang,tshihoo2thang,chhihoo2thang,tshihoothang,chhihoothang,tht,cht,True
螭虎緞,tshu-hóo-tuān,16,chhu-hó͘-toān,tshuhoo2tuan7,chhuhoo2toan7,tshuhootuan,chhuhootoan,tht,cht,True
螭虎草,tshu-hóo-tshó,16,chhu-hó͘-chhó,tshuhoo2tsho2,chhuhoo2chho2,tshuhootsho,chhuhoochho,tht,chc,True
螭龍頭,tshi-liông-thâu,16,chhi-liông-thâu,tshiliong5thau5,chhiliong5thau5,tshiliongthau,chhiliongthau,tlt,clt,True
螺仔片,lê-á-phìnn,16,lê-á-phìⁿ,le5a2phinn3,le5a2phinn3,leaphinn,leaphinn,lap,lap,True
衫摺路,sann-tsih-lōo,16,saⁿ-chih-lō͘,sanntsihloo7,sannchihloo7,sanntsihloo,sannchihloo,stl,scl,True
袚繡線,phua̍h-siù-suànn,16,phoa̍h-siù-sòaⁿ,phuah8siu3suann3,phoah8siu3soann3,phuahsiusuann,phoahsiusoann,pss,pss,True
裝喙鬚,tsng-tshuì-tshiu,16,chng-chhùi-chhiu,tsngtshui3tshiu,chngchhui3chhiu,tsngtshuitshiu,chngchhuichhiu,ttt,ccc,True
設計圖,siat-kè-tôo,16,siat-kè-tô͘,siatke3too5,siatke3too5,siatketoo,siatketoo,skt,skt,True
設計稿,siat-kè-kó,16,siat-kè-kó,siatke3ko2,siatke3ko2,siatkeko,siatkeko,skk,skk,True
試金石,tshì-kim-tsio̍h,16,chhì-kim-chio̍h,tshi3kimtsioh8,chhi3kimchioh8,tshikimtsioh,chhikimchioh,tkt,ckc,True
豆油缸,tāu-iû-kng,16,tāu-iû-kng,tau7iu5kng,tau7iu5kng,tauiukng,tauiukng,tik,tik,True
豬跤楠,ti-kha-lâm,16,ti-kha-lâm,tikhalam5,tikhalam5,tikhalam,tikhalam,tkl,tkl,True
貼內裡,tah-lāi-lí,16,tah-lāi-lí,tahlai7li2,tahlai7li2,tahlaili,tahlaili,tll,tll,True
賊仔剾,tsha̍t-á-khau,16,chha̍t-á-khau,tshat8a2khau,chhat8a2khau,tshatakhau,chhatakhau,tak,cak,True
起竹背,khí-tik-puè,16,khí-tek-pòe,khi2tikpue3,khi2tekpoe3,khitikpue,khitekpoe,ktp,ktp,True
跤踏仔,kha-ta̍h-á,16,kha-ta̍h-á,khatah8a2,khatah8a2,khataha,khataha,kta,kta,True
跤踏風,kha-ta̍h-hong,16,kha-ta̍h-hong,khatah8hong,khatah8hong,khatahhong,khatahhong,kth,kth,True
車仔線,tshia-á-suànn,16,chhia-á-sòaⁿ,tshiaa2suann3,chhiaa2soann3,tshiaasuann,chhiaasoann,tas,cas,True
車工課,tshia-khang-khuè,16,chhia-khang-khòe,tshiakhangkhue3,chhiakhangkhoe3,tshiakhangkhue,chhiakhangkhoe,tkk,ckk,True
車輪仔,tshia-lián-á,16,chhia-lián-á,tshialian2a2,chhialian2a2,tshialiana,chhialiana,tla,cla,True
輾龍啾,liàn-lîng-tshiu,16,liàn-lêng-chhiu,lian3ling5tshiu,lian3leng5chhiu,lianlingtshiu,lianlengchhiu,llt,llc,True
退火爐,thuè-hué-lôo,16,thòe-hóe-lô͘,thue3hue2loo5,thoe3hoe2loo5,thuehueloo,thoehoeloo,thl,thl,True
透明漆,thàu-bîng-tshat,16,thàu-bêng-chhat,thau3bing5tshat,thau3beng5chhat,thaubingtshat,thaubengchhat,tbt,tbc,True
釐仔甲,li-á-khah,16,li-á-khah,lia2khah,lia2khah,liakhah,liakhah,lak,lak,True
金剛砂,kim-kong-sua,16,kim-kong-soa,kimkongsua,kimkongsoa,kimkongsua,kimkongsoa,kks,kks,True
金槓槌,kim-kòng-thuî,16,kim-kòng-thûi,kimkong3thui5,kimkong3thui5,kimkongthui,kimkongthui,kkt,kkt,True
金牌模,kim-pâi-bôo,16,kim-pâi-bô͘,kimpai5boo5,kimpai5boo5,kimpaiboo,kimpaiboo,kpb,kpb,True
金箔仔,kim-po̍h-á,16,kim-po̍h-á,kimpoh8a2,kimpoh8a2,kimpoha,kimpoha,kpa,kpa,True
金錢雲,kim-tsînn-hûn,16,kim-chîⁿ-hûn,kimtsinn5hun5,kimchinn5hun5,kimtsinnhun,kimchinnhun,kth,kch,True
釘仔槌,tìng-á-thûi,16,tèng-á-thûi,ting3a2thui5,teng3a2thui5,tingathui,tengathui,tat,tat,True
鈕仔砧,liú-á-tiam,16,liú-á-tiam,liu2a2tiam,liu2a2tiam,liuatiam,liuatiam,lat,lat,True
鉛字架,iân-jī-kè,16,iân-jī-kè,ian5ji7ke3,ian5ji7ke3,ianjike,ianjike,ijk,ijk,True
鉛枋仔,iân-pang-á,16,iân-pang-á,ian5panga2,ian5panga2,ianpanga,ianpanga,ipa,ipa,True
鉛筆仔,iân-pit-á,16,iân-pit-á,ian5pita2,ian5pita2,ianpita,ianpita,ipa,ipa,True
鉸刀花,ka-to-hue,16,ka-to-hoe,katohue,katohoe,katohue,katohoe,kth,kth,True
銀箔仔,gîn-po̍h-á,16,gîn-po̍h-á,gin5poh8a2,gin5poh8a2,ginpoha,ginpoha,gpa,gpa,True
銅抿仔,tâng-bín-á,16,tâng-bín-á,tang5bin2a2,tang5bin2a2,tangbina,tangbina,tba,tba,True
鋏玻璃,giap-po-lê,16,giap-po-lê,giappole5,giappole5,giappole,giappole,gpl,gpl,True
錢袋仔,tsînn-tē-á,16,chîⁿ-tē-á,tsinn5te7a2,chinn5te7a2,tsinntea,chinntea,tta,cta,True
鍊帶鋸,lián-tuà-kì,16,lián-tòa-kì,lian2tua3ki3,lian2toa3ki3,liantuaki,liantoaki,ltk,ltk,True
鏡箱仔,kiànn-siunn-á,16,kiàⁿ-siuⁿ-á,kiann3siunna2,kiann3siunna2,kiannsiunna,kiannsiunna,ksa,ksa,True
鐮刈仔,liâm-li̍k-á,16,liâm-le̍k-á,liam5lik8a2,liam5lek8a2,liamlika,liamleka,lla,lla,True
鐵仔支,thih-á-ki,16,thih-á-ki,thiha2ki,thiha2ki,thihaki,thihaki,tak,tak,True
鐵仔棒,thih-á-pāng,16,thih-á-pāng,thiha2pang7,thiha2pang7,thihapang,thihapang,tap,tap,True
鐵冬青,thih-tang-tshenn,16,thih-tang-chheⁿ,thihtangtshenn,thihtangchhenn,thihtangtshenn,thihtangchhenn,ttt,ttc,True
鐵剪仔,thih-tsián-á,16,thih-chián-á,thihtsian2a2,thihchian2a2,thihtsiana,thihchiana,tta,tca,True
鐵鎚仔,thih-thuî-á,16,thih-thûi-á,thihthui5a2,thihthui5a2,thihthuia,thihthuia,tta,tta,True
鑢橋枋,lē-kiô-pang,16,lē-kiô-pang,le7kio5pang,le7kio5pang,lekiopang,lekiopang,lkp,lkp,True
鑿仔檯,tsha̍k-á-tâi,16,chha̍k-á-tâi,tshak8a2tai5,chhak8a2tai5,tshakatai,chhakatai,tat,cat,True
閘榫,tsa̍h--sún,16,cha̍h--sún,tsah8sun2,chah8sun2,tsahsun,chahsun,ts,cs,True
雕刻刀,tiau-khik-to,16,tiau-khek-to,tiaukhikto,tiaukhekto,tiaukhikto,tiaukhekto,tkt,tkt,True
雕刻機,tiau-khik-ki,16,tiau-khek-ki,tiaukhikki,tiaukhekki,tiaukhikki,tiaukhekki,tkk,tkk,True
雞卵面,ke-nn̄g-bīn,16,ke-nn̄g-bīn,kenng7bin7,kenng7bin7,kenngbin,kenngbin,knb,knb,True
雞屎雲,ke-sái-hûn,16,ke-sái-hûn,kesai2hun5,kesai2hun5,kesaihun,kesaihun,ksh,ksh,True
離心機,li-sim-ki,16,li-sim-ki,lisimki,lisimki,lisimki,lisimki,lsk,lsk,True
電塗燈,tiān-thôo-ting,16,tiān-thô͘-teng,tian7thoo5ting,tian7thoo5teng,tianthooting,tianthooteng,ttt,ttt,True
電熱爐,tiān-jia̍t-lôo,16,tiān-jia̍t-lô͘,tian7jiat8loo5,tian7jiat8loo5,tianjiatloo,tianjiatloo,tjl,tjl,True
電風龜,tiān-hong-ku,16,tiān-hong-ku,tian7hongku,tian7hongku,tianhongku,tianhongku,thk,thk,True
青斗石,tshenn-táu-tsio̍h,16,chheⁿ-táu-chio̍h,tshenntau2tsioh8,chhenntau2chioh8,tshenntautsioh,chhenntauchioh,ttt,ctc,True
鞋拔仔,ê-pue̍h-á,16,ê-poe̍h-á,e5pueh8a2,e5poeh8a2,epueha,epoeha,epa,epa,True
順手體,sūn-tshiú-thé,16,sūn-chhiú-thé,sun7tshiu2the2,sun7chhiu2the2,suntshiuthe,sunchhiuthe,stt,sct,True
風車花,hong-tshia-hue,16,hong-chhia-hoe,hongtshiahue,hongchhiahoe,hongtshiahue,hongchhiahoe,hth,hch,True
食生漆,tsia̍h-tshenn-tshat,16,chia̍h-chheⁿ-chhat,tsiah8tshenntshat,chiah8chhennchhat,tsiahtshenntshat,chiahchhennchhat,ttt,ccc,True
飯攕仔,pn̄g-tshiám-á,16,pn̄g-chhiám-á,png7tshiam2a2,png7chhiam2a2,pngtshiama,pngchhiama,pta,pca,True
魚仔盤,hî-á-puânn,16,hî-á-pôaⁿ,hi5a2puann5,hi5a2poann5,hiapuann,hiapoann,hap,hap,True
魚籠仔,hî-láng-á,16,hî-láng-á,hi5lang2a2,hi5lang2a2,hilanga,hilanga,hla,hla,True
魚鱗甲,hî-lân-kah,16,hî-lân-kah,hi5lan5kah,hi5lan5kah,hilankah,hilankah,hlk,hlk,True
魚鱗紋,hî-lân-bûn,16,hî-lân-bûn,hi5lan5bun5,hi5lan5bun5,hilanbun,hilanbun,hlb,hlb,True
鯉魚嘴,tāi-hî-tshuî,16,tāi-hî-chhûi,tai7hi5tshui5,tai7hi5chhui5,taihitshui,taihichhui,tht,thc,True
鯊魚刀,sua-hî-to,16,soa-hî-to,suahi5to,soahi5to,suahito,soahito,sht,sht,True
鹽筒仔,iâm-tâng-á,16,iâm-tâng-á,iam5tang5a2,iam5tang5a2,iamtanga,iamtanga,ita,ita,True
麥芽膏,be̍h-gê-ko,16,be̍h-gê-ko,beh8ge5ko,beh8ge5ko,behgeko,behgeko,bgk,bgk,True
黃塗底,n̂g-thôo-té,16,n̂g-thô͘-té,ng5thoo5te2,ng5thoo5te2,ngthoote,ngthoote,ntt,ntt,True
黃塗粉,n̂g-thôo-hún,16,n̂g-thô͘-hún,ng5thoo5hun2,ng5thoo5hun2,ngthoohun,ngthoohun,nth,nth,True
黃豆粉,n̂g-tāu-hún,16,n̂g-tāu-hún,ng5tau7hun2,ng5tau7hun2,ngtauhun,ngtauhun,nth,nth,True
黏美金,liâm-bí-kim,16,liâm-bí-kim,liam5bi2kim,liam5bi2kim,liambikim,liambikim,lbk,lbk,True
黑墨畫,oo-ba̍k-uē,16,o͘-ba̍k-ōe,oobak8ue7,oobak8oe7,oobakue,oobakoe,obu,obo,True
鼓仔燈,kóo-á-ting,16,kó͘-á-teng,koo2a2ting,koo2a2teng,kooating,kooateng,kat,kat,True
龍椅手,liông-í-tshiú,16,liông-í-chhiú,liong5i2tshiu2,liong5i2chhiu2,liongitshiu,liongichhiu,lit,lic,True
龍眼葉,lîng-gíng-hio̍h,16,lêng-géng-hio̍h,ling5ging2hioh8,leng5geng2hioh8,lingginghioh,lenggenghioh,lgh,lgh,True
龜甲紋,ku-kah-bûn,16,ku-kah-bûn,kukahbun5,kukahbun5,kukahbun,kukahbun,kkb,kkb,True
𥴊壺仔,kám-ôo-á,16,kám-ô͘-á,kam2oo5a2,kam2oo5a2,kamooa,kamooa,koa,koa,True
做密的,tsò-ba̍t--ê,12,chò-ba̍t--ê,tso3bat8e5,cho3bat8e5,tsobate,chobate,tbe,cbe,True
冰種的,ping-tsíng--ê,12,peng-chéng--ê,pingtsing2e5,pengcheng2e5,pingtsinge,pengchenge,pte,pce,True
戮空的,lak-khang--ê,12,lak-khang--ê,lakkhange5,lakkhange5,lakkhange,lakkhange,lke,lke,True
點火的,tiám-hué--ê,12,tiám-hóe--ê,tiam2hue2e5,tiam2hoe2e5,tiamhuee,tiamhoee,the,the,True
