hanzi,tl,frequency,poj,tl_num,poj_num
邊,pinn,5350,piⁿ,pinn1,pinn1
畫,uē,2560,ōe,ue7,oe7
龜,ku,2000,ku,ku1,ku1
刻,khik,1154,khek,khik4,khek4
黏,liâm,969,liâm,liam5,liam5
鏡,kiànn,750,kiàⁿ,kiann3,kiann3
割,kuah,700,koah,kuah4,koah4
剪,tsián,400,chián,tsian2,chian2
尺,tshioh,400,chhioh,tshioh4,chhioh4
毛,moo,384,mo͘,moo1,moo1
堆,tui,350,tui,tui1,tui1
塑,sok,300,sok,sok4,sok4
摃,kòng,300,kòng,kong3,kong3
貼,tah,300,tah,tah4,tah4
敲,khà,200,khà,kha3,kha3
疊,tha̍h,200,tha̍h,thah8,thah8
設計,siat-kè,101,siat-kè,siat4ke3,siat4ke3
鶴,ho̍h,100,ho̍h,hoh8,hoh8
捏,liap,50,liap,liap4,liap4
繞,liáu,50,liáu,liau2,liau2
iōng碗,iōng-uánn,25,iōng-óaⁿ,iong7uann2,iong7oann2
khò-té,khò-té,25,khò-té,kho3te2,kho3te2
一吞,tsi̍t-thun,25,chi̍t-thun,tsit8thun1,chit8thun1
三花,sam-hue,25,sam-hoe,sam1hue1,sam1hoe1
九層,káu-tsan,25,káu-chan,kau2tsan1,kau2chan1
令旗,līng-kî,25,lēng-kî,ling7ki5,leng7ki5
作椅,tsoh-í,25,choh-í,tsoh4i2,choh4i2
保青,pó-tshenn,25,pó-chheⁿ,po2tshenn1,po2chhenn1
修光,siu-kng,25,siu-kng,siu1kng1,siu1kng1
倒角,tò-kak,25,tò-kak,to3kak4,to3kak4
傍仔,png-á,25,png-á,png1a2,png1a2
冷盤,líng-puânn,25,léng-pôaⁿ,ling2puann5,leng2poann5
凹剾,nah-khau,25,nah-khau,nah4khau1,nah4khau1
出芽,tshut-gê,25,chhut-gê,tshut4ge5,chhut4ge5
分座,hun-tsō,25,hun-chō,hun1tso7,hun1cho7
分線,pun-suànn,25,pun-sòaⁿ,pun1suann3,pun1soann3
切仔,tshiat-á,25,chhiat-á,tshiat4a2,chhiat4a2
切檯,tshiat-tâi,25,chhiat-tâi,tshiat4tai5,chhiat4tai5
切針,tshiat-tsiam,25,chhiat-chiam,tshiat4tsiam1,chhiat4chiam1
刮刀,kueh-to,25,koeh-to,kueh4to1,koeh4to1
刮青,kueh-tshenn,25,koeh-chheⁿ,kueh4tshenn1,koeh4chhenn1
刻字,khik-jī,25,khek-jī,khik4ji7,khek4ji7
刻花,khik-hue,25,khek-hoe,khik4hue1,khek4hoe1
剪仔,tsián-á,25,chián-á,tsian2a2,chian2a2
剪黏,tsián-liâm,25,chián-liâm,tsian2liam5,chian2liam5
剾刀,khau-to,25,khau-to,khau1to1,khau1to1
剾枋,khau-pang,25,khau-pang,khau1pang1,khau1pang1
劍指,kiàm-kí,25,kiàm-kí,kiam3ki2,kiam3ki2
劍獅,kiàm-sai,25,kiàm-sai,kiam3sai1,kiam3sai1
包布,pau-pòo,25,pau-pò͘,pau1poo3,pau1poo3
包管,pau-kóng,25,pau-kóng,pau1kong2,pau1kong2
化色,huà-sik,25,hòa-sek,hua3sik4,hoa3sek4
北式,pak-sik,25,pak-sek,pak4sik4,pak4sek4
南式,lâm-sik,25,lâm-sek,lam5sik4,lam5sek4
博古,phok-kóo,25,phok-kó͘,phok4koo2,phok4koo2
印台,ìn-tâi,25,ìn-tâi,in3tai5,in3tai5
印花,ìn-hue,25,ìn-hoe,in3hue1,in3hoe1
卵殼,nn̄g-khak,25,nn̄g-khak,nng7khak4,nng7khak4
古錢,kóo-tsînn,25,kó͘-chîⁿ,koo2tsinn5,koo2chinn5
吊夾,tiàu-ngeh,25,tiàu-ngeh,tiau3ngeh4,tiau3ngeh4
吊花,tiàu-hue,25,tiàu-hoe,tiau3hue1,tiau3hoe1
吊鑽,tiàu-tsǹg,25,tiàu-chǹg,tiau3tsng3,tiau3chng3
名牌,bîng-pâi,25,bêng-pâi,bing5pai5,beng5pai5
吟龍,gîm-lîng,25,gîm-lêng,gim5ling5,gim5leng5
喙舌,tshuì-tsi̍h,25,chhùi-chi̍h,tshui3tsih8,chhui3chih8
噴漆,phùn-tshat,25,phùn-chhat,phun3tshat4,phun3chhat4
噴膠,phùn-ka,25,phùn-ka,phun3ka1,phun3ka1
噴銃,phùn-tshìng,25,phùn-chhèng,phun3tshing3,phun3chheng3
圍巾,uî-kin,25,ûi-kin,ui5kin1,ui5kin1
圓桶,înn-táng,25,îⁿ-táng,inn5tang2,inn5tang2
圓目,înn-ba̍k,25,îⁿ-ba̍k,inn5bak8,inn5bak8
地磅,tē-pōng,25,tē-pōng,te7pong7,te7pong7
坐五,tsē-gōo,25,chē-gō͘,tse7goo7,che7goo7
堆的,tui-ê,25,tui-ê,tui1e5,tui1e5
堵頭,tóo-thâu,25,tó͘-thâu,too2thau5,too2thau5
塔啾,tah-tshiu,25,tah-chhiu,tah4tshiu1,tah4chhiu1
塔梯,thah-thui,25,thah-thui,thah4thui1,thah4thui1
塔舌,thah-tsi̍h,25,thah-chi̍h,thah4tsih8,thah4chih8
塗捀,thôo-phâng,25,thô͘-phâng,thoo5phang5,thoo5phang5
塗朱,thôo-tsu,25,thô͘-chu,thoo5tsu1,thoo5chu1
塗紙,thôo-tsuá,25,thô͘-chóa,thoo5tsua2,thoo5choa2
塗胚,thôo-phue,25,thô͘-phoe,thoo5phue1,thoo5phoe1
塭仔,un-á,25,un-á,un1a2,un1a2
墜仔,tuī-á,25,tūi-á,tui7a2,tui7a2
墨斗,ba̍k-táu,25,ba̍k-táu,bak8tau2,bak8tau2
壁堵,piah-tóo,25,piah-tó͘,piah4too2,piah4too2
壓扒,ah-pe,25,ah-pe,ah4pe1,ah4pe1
大破,tuā-phuà,25,tōa-phòa,tua7phua3,toa7phoa3
大菁,tuā-tshinn,25,tōa-chhiⁿ,tua7tshinn1,toa7chhinn1
大鏨,tuā-tsām,25,tōa-chām,tua7tsam7,toa7cham7
夾仔,ngeh-á,25,ngeh-á,ngeh4a2,ngeh4a2
夾枋,kiap-pang,25,kiap-pang,kiap4pang1,kiap4pang1
如意,jû-ì,25,jû-ì,ju5i3,ju5i3
定kô,tīng-kô,25,tēng-kô,ting7ko5,teng7ko5
定闊,tīng-khuah,25,tēng-khoah,ting7khuah4,teng7khoah4
寄線,kià-suànn,25,kià-sòaⁿ,kia3suann3,kia3soann3
寶扇,pó-sìnn,25,pó-sìⁿ,po2sinn3,po2sinn3
封帽,hong-bō,25,hong-bō,hong1bo7,hong1bo7
對破,tuì-phuà,25,tùi-phòa,tui3phua3,tui3phoa3
小旦,sió-tuànn,25,sió-tòaⁿ,sio2tuann3,sio2toann3
小生,sió-sing,25,sió-seng,sio2sing1,sio2seng1
小菁,sió-tshinn,25,sió-chhiⁿ,sio2tshinn1,sio2chhinn1
尺鎚,tshioh-thuî,25,chhioh-thûi,tshioh4thui5,chhioh4thui5
屏風,pîn-hong,25,pîn-hong,pin5hong1,pin5hong1
巧雕,khá-tiau,25,khá-tiau,kha2tiau1,kha2tiau1
布枋,pòo-pang,25,pò͘-pang,poo3pang1,poo3pang1
布碖,pòo-lún,25,pò͘-lún,poo3lun2,poo3lun2
帶鋸,tuà-kù,25,tòa-kù,tua3ku3,toa3ku3
帶騎,tài-khiâ,25,tài-khiâ,tai3khia5,tai3khia5
平尺,phînn-tshioh,25,phîⁿ-chhioh,phinn5tshioh4,phinn5chhioh4
平枋,pênn-pang,25,pêⁿ-pang,penn5pang1,penn5pang1
幼破,iù-phuà,25,iù-phòa,iu3phua3,iu3phoa3
幼胚,iù-phue,25,iù-phoe,iu3phue1,iu3phoe1
幼蔥,iù-tshong,25,iù-chhong,iu3tshong1,iu3chhong1
幼針,iù-tsiam,25,iù-chiam,iu3tsiam1,iu3chiam1
度針,tōo-tsiam,25,tō͘-chiam,too7tsiam1,too7chiam1
弓仔,king-á,25,keng-á,king1a2,keng1a2
弓枋,king-pang,25,keng-pang,king1pang1,keng1pang1
彎剾,uân-khau,25,oân-khau,uan5khau1,oan5khau1
彩繪,tshái-uē,25,chhái-ōe,tshai2ue7,chhai2oe7
徛七,khiā-tshit,25,khiā-chhit,khia7tshit4,khia7chhit4
徛心,khiā-sim,25,khiā-sim,khia7sim1,khia7sim1
徛柱,khiā-thiāu,25,khiā-thiāu,khia7thiau7,khia7thiau7
徛鏡,khiā-kiànn,25,khiā-kiàⁿ,khia7kiann3,khia7kiann3
戕仔,tshiâng-á,25,chhiâng-á,tshiang5a2,chhiang5a2
戰甲,tsiàn-kah,25,chiàn-kah,tsian3kah4,chian3kah4
扁擔,pún-tann,25,pún-taⁿ,pun2tann1,pun2tann1
手包,tshiú-pau,25,chhiú-pau,tshiu2pau1,chhiu2pau1
手裒,tshiú-pôo,25,chhiú-pô͘,tshiu2poo5,chhiu2poo5
手銬,tshiú-khàu,25,chhiú-khàu,tshiu2khau3,chhiu2khau3
托燈,thuh-ting,25,thuh-teng,thuh4ting1,thuh4teng1
批塗,phi-thôo,25,phi-thô͘,phi1thoo5,phi1thoo5
披土,phi-thôo,25,phi-thô͘,phi1thoo5,phi1thoo5
抹刀,buah-to,25,boah-to,buah4to1,boah4to1
抾板,khioh-pán,25,khioh-pán,khioh4pan2,khioh4pan2
抾蒼,khioh-tshong,25,khioh-chhong,khioh4tshong1,khioh4chhong1
拆線,thiah-suànn,25,thiah-sòaⁿ,thiah4suann3,thiah4soann3
拍漿,phah-tsiunn,25,phah-chiuⁿ,phah4tsiunn1,phah4chiunn1
拍空,phah-khang,25,phah-khang,phah4khang1,phah4khang1
拍箍,phah-khoo,25,phah-kho͘,phah4khoo1,phah4khoo1
拍胚,phah-phue,25,phah-phoe,phah4phue1,phah4phoe1
拔花,puēh-hue,25,poēh-hoe,pueh7hue1,poeh7hoe1
拗彎,áu-uan,25,áu-oan,au2uan1,au2oan1
挖空,ué-khang,25,óe-khang,ue2khang1,oe2khang1
挲線,so-suànn,25,so-sòaⁿ,so1suann3,so1soann3
捀盤,phâng-puânn,25,phâng-pôaⁿ,phang5puann5,phang5poann5
捆絃,khún-hiân,25,khún-hiân,khun2hian5,khun2hian5
捏頭,lia̍p-thâu,25,lia̍p-thâu,liap8thau5,liap8thau5
捲枋,kńg-pang,25,kńg-pang,kng2pang1,kng2pang1
掃枋,sàu-pang,25,sàu-pang,sau3pang1,sau3pang1
掠花,lia̍h-hue,25,lia̍h-hoe,liah8hue1,liah8hoe1
接剾,tsiap-khau,25,chiap-khau,tsiap4khau1,chiap4khau1
接線,tsiap-suànn,25,chiap-sòaⁿ,tsiap4suann3,chiap4soann3
摃空,kòng-khang,25,kòng-khang,kong3khang1,kong3khang1
撋塗,nuá-thôo,25,nóa-thô͘,nua2thoo5,noa2thoo5
擠金,tsik-kim,25,chek-kim,tsik4kim1,chek4kim1
攕草,tshiám-tshó,25,chhiám-chhó,tshiam2tsho2,chhiam2chho2
放枋,pàng-pang,25,pàng-pang,pang3pang1,pang3pang1
敲仔,khà-á,25,khà-á,kha3a2,kha3a2
敲槌,khà-thuî,25,khà-thûi,kha3thui5,kha3thui5
文目,bûn-ba̍k,25,bûn-ba̍k,bun5bak8,bun5bak8
文肚,bûn-tōo,25,bûn-tō͘,bun5too7,bun5too7
文袍,bûn-phâu,25,bûn-phâu,bun5phau5,bun5phau5
文轎,bûn-kiō,25,bûn-kiō,bun5kio7,bun5kio7
旗頭,kî-thâu,25,kî-thâu,ki5thau5,ki5thau5
晟手,tshiânn-tshiú,25,chhiâⁿ-chhiú,tshiann5tshiu2,chhiann5chhiu2
月桃,ge̍h-thô,25,ge̍h-thô,geh8tho5,geh8tho5
朝天,tiâu-thian,25,tiâu-thian,tiau5thian1,tiau5thian1
木尺,bo̍k-tshioh,25,bo̍k-chhioh,bok8tshioh4,bok8chhioh4
本尊,pún-tsun,25,pún-chun,pun2tsun1,pun2chun1
杜英,tōo-ing,25,tō͘-eng,too7ing1,too7eng1
束冠,sok-kuan,25,sok-koan,sok4kuan1,sok4koan1
松膠,siông-ka,25,siông-ka,siong5ka1,siong5ka1
染料,ní-liāu,25,ní-liāu,ni2liau7,ni2liau7
染桶,ní-tháng,25,ní-tháng,ni2thang2,ni2thang2
染色,ní-tsik,25,ní-chek,ni2tsik4,ni2chek4
柱珠,thiāu-tsu,25,thiāu-chu,thiau7tsu1,thiau7chu1
柴砧,tshâ-tiam,25,chhâ-tiam,tsha5tiam1,chha5tiam1
柴窯,tshâ-iô,25,chhâ-iô,tsha5io5,chha5io5
柴胎,tshâ-thai,25,chhâ-thai,tsha5thai1,chha5thai1
桌崁,toh-khàm,25,toh-khàm,toh4kham3,toh4kham3
桌裙,toh-kûn,25,toh-kûn,toh4kun5,toh4kun5
桶梯,tháng-thui,25,tháng-thui,thang2thui1,thang2thui1
梅花,muî-hue,25,mûi-hoe,mui5hue1,mui5hoe1
梳仔,se-á,25,se-á,se1a2,se1a2
棉布,mî-pòo,25,mî-pò͘,mi5poo3,mi5poo3
棉線,mî-suànn,25,mî-sòaⁿ,mi5suann3,mi5soann3
棕蓑,tsang-sui,25,chang-sui,tsang1sui1,chang1sui1
植眉,ti̍t-bâi,25,ti̍t-bâi,tit8bai5,tit8bai5
槐花,huâi-hue,25,hoâi-hoe,huai5hue1,hoai5hoe1
樹木,tshiū-bo̍k,25,chhiū-bo̍k,tshiu7bok8,chhiu7bok8
橫頭,huâinn-thâu,25,hoâiⁿ-thâu,huainn5thau5,hoainn5thau5
武將,bú-tsiòng,25,bú-chiòng,bu2tsiong3,bu2chiong3
武胸,bú-hing,25,bú-heng,bu2hing1,bu2heng1
武轎,bú-kiō,25,bú-kiō,bu2kio7,bu2kio7
比仔,pí-á,25,pí-á,pi2a2,pi2a2
毡仔,tsám-á,25,chám-á,tsam2a2,cham2a2
水油,tsuí-iû,25,chúi-iû,tsui2iu5,chui2iu5
水波,tsuí-pho,25,chúi-pho,tsui2pho1,chui2pho1
水秤,tsuí-tshìn,25,chúi-chhìn,tsui2tshin3,chui2chhin3
水管,tsuí-kóng,25,chúi-kóng,tsui2kong2,chui2kong2
水膠,tsuí-ka,25,chúi-ka,tsui2ka1,chui2ka1
沖仔,tshong-á,25,chhong-á,tshong1a2,chhong1a2
油桶,iû-tháng,25,iû-tháng,iu5thang2,iu5thang2
油燈,iû-ting,25,iû-teng,iu5ting1,iu5teng1
洋漆,iûnn-tshat,25,iûⁿ-chhat,iunn5tshat4,iunn5chhat4
浮花,phû-hue,25,phû-hoe,phu5hue1,phu5hoe1
涼傘,niû-suànn,25,niû-sòaⁿ,niu5suann3,niu5soann3
淋搪,lâm-thn̄g,25,lâm-thn̄g,lam5thng7,lam5thng7
深刻,tshim-khik,25,chhim-khek,tshim1khik4,chhim1khek4
滾桶,kún-tháng,25,kún-tháng,kun2thang2,kun2thang2
滾花,kún-hue,25,kún-hoe,kun2hue1,kun2hoe1
滾邊,kún-pinn,25,kún-piⁿ,kun2pinn1,kun2pinn1
漆畫,tshat-uē,25,chhat-ōe,tshat4ue7,chhat4oe7
漆盤,tshat-puânn,25,chhat-pôaⁿ,tshat4puann5,chhat4poann5
漆碗,tshat-uánn,25,chhat-óaⁿ,tshat4uann2,chhat4oann2
漆筅,tshat-tshíng,25,chhat-chhéng,tshat4tshing2,chhat4chheng2
灌漿,kuàn-tsiunn,25,koàn-chiuⁿ,kuan3tsiunn1,koan3chiunn1
火喙,hué-tshuì,25,hóe-chhùi,hue2tshui3,hoe2chhui3
火焰,hué-iām,25,hóe-iām,hue2iam7,hoe2iam7
火爐,hué-lôo,25,hóe-lô͘,hue2loo5,hoe2loo5
火籠,hué-lang,25,hóe-lang,hue2lang1,hoe2lang1
火銃,hué-tshìng,25,hóe-chhèng,hue2tshing3,hoe2chheng3
炊仔,tshue-á,25,chhoe-á,tshue1a2,chhoe1a2
炭枋,thuànn-pang,25,thòaⁿ-pang,thuann3pang1,thoann3pang1
烏漆,oo-tshat,25,o͘-chhat,oo1tshat4,oo1chhat4
煎匙,tsian-sî,25,chian-sî,tsian1si5,chian1si5
煏蔥,piak-tshong,25,piak-chhong,piak4tshong1,piak4chhong1
熟皮,si̍k-phuê,25,se̍k-phôe,sik8phue5,sek8phoe5
燭台,tsik-tâi,25,chek-tâi,tsik4tai5,chek4tai5
牛樟,gû-tsiunn,25,gû-chiuⁿ,gu5tsiunn1,gu5chiunn1
牛角,gû-kak,25,gû-kak,gu5kak4,gu5kak4
獅頭,sai-thâu,25,sai-thâu,sai1thau5,sai1thau5
琥珀,hóo-phik,25,hó͘-phek,hoo2phik4,hoo2phek4
瑪瑙,bé-ló,25,bé-ló,be2lo2,be2lo2
璇石,suān-tsio̍h,25,soān-chio̍h,suan7tsioh8,soan7chioh8
璇筆,suān-pit,25,soān-pit,suan7pit4,soan7pit4
璇針,suān-tsiam,25,soān-chiam,suan7tsiam1,soan7chiam1
生坯,tshenn-phue,25,chheⁿ-phoe,tshenn1phue1,chhenn1phoe1
生漆,tshenn-tshat,25,chheⁿ-chhat,tshenn1tshat4,chhenn1chhat4
生皮,tshenn-phuê,25,chheⁿ-phôe,tshenn1phue5,chhenn1phoe5
甲毛,kah-moo,25,kah-mo͘,kah4moo1,kah4moo1
畚箕,pùn-ki,25,pùn-ki,pun3ki1,pun3ki1
畫稿,uē-kó,25,ōe-kó,ue7ko2,oe7ko2
畫筆,uē-pit,25,ōe-pit,ue7pit4,oe7pit4
畫線,uē-suànn,25,ōe-sòaⁿ,ue7suann3,oe7soann3
畫金,uē-kim,25,ōe-kim,ue7kim1,oe7kim1
疊色,thia̍p-sik,25,thia̍p-sek,thiap8sik4,thiap8sek4
白膠,pe̍h-ka,25,pe̍h-ka,peh8ka1,peh8ka1
白身,pe̍h-sin,25,pe̍h-sin,peh8sin1,peh8sin1
皮仔,phuê-á,25,phôe-á,phue5a2,phoe5a2
皮包,phuê-pau,25,phôe-pau,phue5pau1,phoe5pau1
皮花,phuê-hue,25,phôe-hoe,phue5hue1,phoe5hoe1
直支,ti̍t-ki,25,ti̍t-ki,tit8ki1,tit8ki1
石錘,tsio̍h-thuî,25,chio̍h-thûi,tsioh8thui5,chioh8thui5
石鎖,tsio̍h-só,25,chio̍h-só,tsioh8so2,chioh8so2
石鼓,tsio̍h-kóo,25,chio̍h-kó͘,tsioh8koo2,chioh8koo2
砂碖,sua-lún,25,soa-lún,sua1lun2,soa1lun2
砂紙,sua-tsuá,25,soa-chóa,sua1tsua2,soa1choa2
硩ㄧ,teh-it,25,teh-it,teh4it4,teh4it4
硩三,teh-sann,25,teh-saⁿ,teh4sann1,teh4sann1
硩二,teh-jī,25,teh-jī,teh4ji7,teh4ji7
硬斜,ngē-tshiâ,25,ngē-chhiâ,nge7tshia5,nge7chhia5
磅仔,pōng-á,25,pōng-á,pong7a2,pong7a2
磅戕,pōng-tshiâng,25,pōng-chhiâng,pong7tshiang5,pong7chhiang5
磨台,buâ-tâi,25,bôa-tâi,bua5tai5,boa5tai5
磨坩,buâ-khann,25,bôa-khaⁿ,bua5khann1,boa5khann1
神椅,sîn-í,25,sîn-í,sin5i2,sin5i2
穗花,sūi-hue,25,sūi-hoe,sui7hue1,sui7hoe1
空透,khang-thàu,25,khang-thàu,khang1thau3,khang1thau3
窯釘,iô-ting,25,iô-teng,io5ting1,io5teng1
立板,li̍p-pán,25,li̍p-pán,lip8pan2,lip8pan2
立體,li̍p-thé,25,li̍p-thé,lip8the2,lip8the2
童子,tông-tsú,25,tông-chú,tong5tsu2,tong5chu2
竹尺,tik-tshioh,25,tek-chhioh,tik4tshioh4,tek4chhioh4
竹扇,tik-sìnn,25,tek-sìⁿ,tik4sinn3,tek4sinn3
竹根,tik-kin,25,tek-kin,tik4kin1,tek4kin1
竹桮,tik-pue,25,tek-poe,tik4pue1,tek4poe1
竹梳,tik-se,25,tek-se,tik4se1,tek4se1
竹籠,tik-láng,25,tek-láng,tik4lang2,tek4lang2
竹編,tik-pinn,25,tek-piⁿ,tik4pinn1,tek4pinn1
竹胎,tik-thai,25,tek-thai,tik4thai1,tek4thai1
竹雕,tik-tiau,25,tek-tiau,tik4tiau1,tek4tiau1
笑鳳,tshiò-hōng,25,chhiò-hōng,tshio3hong7,chhio3hong7
筅仔,tshíng-á,25,chhéng-á,tshing2a2,chheng2a2
筆刀,pit-to,25,pit-to,pit4to1,pit4to1
筆插,pit-tshah,25,pit-chhah,pit4tshah4,pit4chhah4
筆架,pit-kè,25,pit-kè,pit4ke3,pit4ke3
筆桶,pit-tháng,25,pit-tháng,pit4thang2,pit4thang2
筆筒,pit-tâng,25,pit-tâng,pit4tang5,pit4tang5
管頭,kóng-thâu,25,kóng-thâu,kong2thau5,kong2thau5
箸籠,tī-lāng,25,tī-lāng,ti7lang7,ti7lang7
簽仔,tshiam-á,25,chhiam-á,tshiam1a2,chhiam1a2
籤筒,tshiam-tâng,25,chhiam-tâng,tshiam1tang5,chhiam1tang5
米紙,bí-tsuá,25,bí-chóa,bi2tsua2,bi2choa2
粉筒,hún-tâng,25,hún-tâng,hun2tang5,hun2tang5
粉面,hún-bīn,25,hún-bīn,hun2bin7,hun2bin7
粗剾,tshoo-khau,25,chho͘-khau,tshoo1khau1,chhoo1khau1
粗胚,tshoo-phue,25,chho͘-phoe,tshoo1phue1,chhoo1phoe1
粗針,tshoo-tsiam,25,chho͘-chiam,tshoo1tsiam1,chhoo1chiam1
粟耙,tshik-pê,25,chhek-pê,tshik4pe5,chhek4pe5
粿印,kué-ìn,25,kóe-ìn,kue2in3,koe2in3
紅花,âng-hue,25,âng-hoe,ang5hue1,ang5hoe1
紙喙,tsuá-tshuì,25,chóa-chhùi,tsua2tshui3,choa2chhui3
紙尺,tsuá-tshioh,25,chóa-chhioh,tsua2tshioh4,choa2chhioh4
紙枋,tsuá-pang,25,chóa-pang,tsua2pang1,choa2pang1
素坯,sòo-phue,25,sò͘-phoe,soo3phue1,soo3phoe1
紩線,thīnn-suànn,25,thīⁿ-sòaⁿ,thinn7suann3,thinn7soann3
紩蒼,thīnn-tshong,25,thīⁿ-chhong,thinn7tshong1,thinn7chhong1
絞車,ká-tshia,25,ká-chhia,ka2tshia1,ka2chhia1
絳衣,kàng-i,25,kàng-i,kang3i1,kang3i1
線屎,suànn-sái,25,sòaⁿ-sái,suann3sai2,soann3sai2
線板,suànn-pán,25,sòaⁿ-pán,suann3pan2,soann3pan2
線眼,suànn-gán,25,sòaⁿ-gán,suann3gan2,soann3gan2
線車,suànn-tshia,25,sòaⁿ-chhia,suann3tshia1,soann3chhia1
線鋸,suànn-kù,25,sòaⁿ-kù,suann3ku3,soann3ku3
緞仔,tuān-á,25,toān-á,tuan7a2,toan7a2
繡剪,siù-tsián,25,siù-chián,siu3tsian2,siu3chian2
繡花,siù-hue,25,siù-hoe,siu3hue1,siu3hoe1
繡規,siù-kui,25,siù-kui,siu3kui1,siu3kui1
羊皮,iûnn-phuê,25,iûⁿ-phôe,iunn5phue5,iunn5phoe5
翡翠,huí-tshuì,25,húi-chhùi,hui2tshui3,hui2chhui3
老生,lāu-sing,25,lāu-seng,lau7sing1,lau7seng1
耳鉤,hīnn-kau,25,hīⁿ-kau,hinn7kau1,hinn7kau1
肖楠,siau-lâm,25,siau-lâm,siau1lam5,siau1lam5
股線,kóo-suànn,25,kó͘-sòaⁿ,koo2suann3,koo2soann3
脫模,thuat-bôo,25,thoat-bô͘,thuat4boo5,thoat4boo5
腰帶,io-tuà,25,io-tòa,io1tua3,io1toa3
腰裒,io-pôo,25,io-pô͘,io1poo5,io1poo5
膨剾,phòng-khau,25,phòng-khau,phong3khau1,phong3khau1
色漆,sik-tshat,25,sek-chhat,sik4tshat4,sek4chhat4
色粉,sik-hún,25,sek-hún,sik4hun2,sek4hun2
花心,hue-sim,25,hoe-sim,hue1sim1,hoe1sim1
花板,hue-pán,25,hoe-pán,hue1pan2,hoe1pan2
花鳥,hue-tsiáu,25,hoe-chiáu,hue1tsiau2,hoe1chiau2
荖安,láu-an,25,láu-an,lau2an1,lau2an1
菘藍,siông-nâ,25,siông-nâ,siong5na5,siong5na5
菜砧,tshài-tiam,25,chhài-tiam,tshai3tiam1,chhai3tiam1
蒼布,tshong-pòo,25,chhong-pò͘,tshong1poo3,chhong1poo3
蓮葉,liân-hio̍h,25,liân-hio̍h,lian5hioh8,lian5hioh8
蓮蓬,liân-phōng,25,liân-phōng,lian5phong7,lian5phong7
蓼藍,liau-nâ,25,liau-nâ,liau1na5,liau1na5
蔥線,tshong-suànn,25,chhong-sòaⁿ,tshong1suann3,chhong1soann3
藥鉸,io̍h-ka,25,io̍h-ka,ioh8ka1,ioh8ka1
藩尺,huan-tshioh,25,hoan-chhioh,huan1tshioh4,hoan1chhioh4
蘇式,soo-sik,25,so͘-sek,soo1sik4,soo1sek4
蘇木,soo-bo̍k,25,so͘-bo̍k,soo1bok8,soo1bok8
虎杖,hóo-tiōng,25,hó͘-tiōng,hoo2tiong7,hoo2tiong7
虹仔,khîng-á,25,khêng-á,khing5a2,kheng5a2
衣脊,i-tsit,25,i-chit,i1tsit4,i1chit4
裁紙,tshâi-tsuá,25,chhâi-chóa,tshai5tsua2,chhai5choa2
補刀,póo-to,25,pó͘-to,poo2to1,poo2to1
補塗,póo-thôo,25,pó͘-thô͘,poo2thoo5,poo2thoo5
裝飾,tsong-sik,25,chong-sek,tsong1sik4,chong1sek4
角坩,kak-khann,25,kak-khaⁿ,kak4khann1,kak4khann1
角尺,kak-tshioh,25,kak-chhioh,kak4tshioh4,kak4chhioh4
角環,kak-khuân,25,kak-khoân,kak4khuan5,kak4khoan5
角甪,kah-lut,25,kah-lut,kah4lut4,kah4lut4
調脊,tiâu-tsit,25,tiâu-chit,tiau5tsit4,tiau5chit4
豆器,tāu-khì,25,tāu-khì,tau7khi3,tau7khi3
豬槽,ti-tsô,25,ti-chô,ti1tso5,ti1cho5
豬皮,ti-phuê,25,ti-phôe,ti1phue5,ti1phoe5
走獸,tsáu-siù,25,cháu-siù,tsau2siu3,chau2siu3
起針,khí-tsiam,25,khí-chiam,khi2tsiam1,khi2chiam1
跋桮,pua̍h-pue,25,poa̍h-poe,puah8pue1,poah8poe1
跤徛,kha-khiā,25,kha-khiā,kha1khia7,kha1khia7
跤裒,kha-pôo,25,kha-pô͘,kha1poo5,kha1poo5
跨台,khuà-tâi,25,khòa-tâi,khua3tai5,khoa3tai5
跳刀,thiàu-to,25,thiàu-to,thiau3to1,thiau3to1
跳空,thiàu-khang,25,thiàu-khang,thiau3khang1,thiau3khang1
跳紗,thiàu-se,25,thiàu-se,thiau3se1,thiau3se1
踅檯,se̍h-tâi,25,se̍h-tâi,seh8tai5,seh8tai5
車台,tshia-tâi,25,chhia-tâi,tshia1tai5,chhia1tai5
軟斜,nńg-tshiâ,25,nńg-chhiâ,nng2tshia5,nng2chhia5
軟身,nńg-sin,25,nńg-sin,nng2sin1,nng2sin1
軟鉛,nńg-iân,25,nńg-iân,nng2ian5,nng2ian5
轆斗,lo̍k-táu,25,lo̍k-táu,lok8tau2,lok8tau2
轆空,lak-khang,25,lak-khang,lak4khang1,lak4khang1
轆管,lak-kóng,25,lak-kóng,lak4kong2,lak4kong2
轎堵,kiō-tóo,25,kiō-tó͘,kio7too2,kio7too2
轎底,kiō-té,25,kiō-té,kio7te2,kio7te2
透弄,thàu-lāng,25,thàu-lāng,thau3lang7,thau3lang7
逝板,tsuā-pán,25,chōa-pán,tsua7pan2,choa7pan2
過轎,kuè-kiō,25,kòe-kiō,kue3kio7,koe3kio7
醃缸,am-kng,25,am-kng,am1kng1,am1kng1
野桐,iá-tông,25,iá-tông,ia2tong5,ia2tong5
量尺,niû-tshioh,25,niû-chhioh,niu5tshioh4,niu5chhioh4
針空,tsiam-khang,25,chiam-khang,tsiam1khang1,chiam1khang1
針跤,tsiam-kha,25,chiam-kha,tsiam1kha1,chiam1kha1
鉛模,iân-bôo,25,iân-bô͘,ian5boo5,ian5boo5
鉛筆,iân-pit,25,iân-pit,ian5pit4,ian5pit4
鉸紙,ka-tsuá,25,ka-chóa,ka1tsua2,ka1choa2
銅管,tâng-kóng,25,tâng-kóng,tang5kong2,tang5kong2
銅針,tâng-tsiam,25,tâng-chiam,tang5tsiam1,tang5chiam1
鋪面,phoo-bīn,25,pho͘-bīn,phoo1bin7,phoo1bin7
鋸弓,kì-king,25,kì-keng,ki3king1,ki3keng1
鋸片,kì-phìnn,25,kì-phìⁿ,ki3phinn3,ki3phinn3
鋼刀,kǹg-to,25,kǹg-to,kng3to1,kng3to1
鋼板,kǹg-pán,25,kǹg-pán,kng3pan2,kng3pan2
錢櫃,tsînn-kuī,25,chîⁿ-kūi,tsinn5kui7,chinn5kui7
錦甲,gím-kah,25,gím-kah,gim2kah4,gim2kah4
錦花,gím-hue,25,gím-hoe,gim2hue1,gim2hoe1
鎖頭,só-thâu,25,só-thâu,so2thau5,so2thau5
鎮針,tìn-tsiam,25,tìn-chiam,tin3tsiam1,tin3chiam1
鏡仔,kiànn-á,25,kiàⁿ-á,kiann3a2,kiann3a2
鏡套,kiànn-thò,25,kiàⁿ-thò,kiann3tho3,kiann3tho3
鏨仔,tsām-á,25,chām-á,tsam7a2,cham7a2
鐵槽,thih-tsô,25,thih-chô,thih4tso5,thih4cho5
鐵砧,thih-tiam,25,thih-tiam,thih4tiam1,thih4tiam1
鐵筆,thih-pit,25,thih-pit,thih4pit4,thih4pit4
鑢仔,lē-á,25,lē-á,le7a2,le7a2
鑽仔,tsǹg-á,25,chǹg-á,tsng3a2,chng3a2
鑽尾,tsńg-bué,25,chńg-bóe,tsng2bue2,chng2boe2
鑿仔,tsha̍k-á,25,chha̍k-á,tshak8a2,chhak8a2
鑿空,tsha̍k-khang,25,chha̍k-khang,tshak8khang1,chhak8khang1
門眉,mn̂g-bâi,25,mn̂g-bâi,mng5bai5,mng5bai5
門簾,mn̂g-liâm,25,mn̂g-liâm,mng5liam5,mng5liam5
開板,khui-pán,25,khui-pán,khui1pan2,khui1pan2
開繩,khui-tsìn,25,khui-chìn,khui1tsin3,khui1chin3
開面,khui-bīn,25,khui-bīn,khui1bin7,khui1bin7
隔金,keh-kim,25,keh-kim,keh4kim1,keh4kim1
隔間,keh-king,25,keh-keng,keh4king1,keh4keng1
雲彩,hûn-tshái,25,hûn-chhái,hun5tshai2,hun5chhai2
雲染,hûn-ní,25,hûn-ní,hun5ni2,hun5ni2
電窯,tiān-iô,25,tiān-iô,tian7io5,tian7io5
電鑽,tiān-tsńg,25,tiān-chńg,tian7tsng2,tian7chng2
電鑽,tiān-tsǹg,25,tiān-chǹg,tian7tsng3,tian7chng3
面金,bīn-kim,25,bīn-kim,bin7kim1,bin7kim1
靴管,hia-kóng,25,hia-kóng,hia1kong2,hia1kong2
頭手,thâu-tshiú,25,thâu-chhiú,thau5tshiu2,thau5chhiu2
風琴,hong-khîm,25,hong-khîm,hong1khim5,hong1khim5
風車,hong-tshia,25,hong-chhia,hong1tshia1,hong1chhia1
風鼓,hong-kóo,25,hong-kó͘,hong1koo2,hong1koo2
食漿,tsia̍h-tsiunn,25,chia̍h-chiuⁿ,tsiah8tsiunn1,chiah8chiunn1
食色,tsia̍h-sik,25,chia̍h-sek,tsiah8sik4,chiah8sek4
飯坩,pn̄g-khann,25,pn̄g-khaⁿ,png7khann1,png7khann1
飯擔,pn̄g-tann,25,pn̄g-taⁿ,png7tann1,png7tann1
餅模,piánn-bôo,25,piáⁿ-bô͘,piann2boo5,piann2boo5
香爐,hiunn-lôo,25,hiuⁿ-lô͘,hiunn1loo5,hiunn1loo5
香筒,hiunn-tâng,25,hiuⁿ-tâng,hiunn1tang5,hiunn1tang5
馬椅,bé-í,25,bé-í,be2i2,be2i2
鬚仔,tshiu-á,25,chhiu-á,tshiu1a2,chhiu1a2
鳳眼,hōng-gán,25,hōng-gán,hong7gan2,hong7gan2
黜底,thuh-té,25,thuh-té,thuh4te2,thuh4te2
鼓椅,kóo-í,25,kó͘-í,koo2i2,koo2i2
鼓槌,kóo-thuî,25,kó͘-thûi,koo2thui5,koo2thui5
鼓燈,kóo-ting,25,kó͘-teng,koo2ting1,koo2teng1
齒戳,khí-thok,25,khí-thok,khi2thok4,khi2thok4
龍旗,lîng-kî,25,lêng-kî,ling5ki5,leng5ki5
龍柱,lîng-thiāu,25,lêng-thiāu,ling5thiau7,leng5thiau7
龍珠,liông-tsu,25,liông-chu,liong5tsu1,liong5chu1
龍罐,liông-kuàn,25,liông-koàn,liong5kuan3,liong5koan3
龍罐,lîng-kuàn,25,lêng-koàn,ling5kuan3,leng5koan3
龍袍,liông-phâu,25,liông-phâu,liong5phau5,liong5phau5
龍鱗,lîng-lân,25,lêng-lân,ling5lan5,leng5lan5
龜骿,ku-phiann,25,ku-phiaⁿ,ku1phiann1,ku1phiann1
𣛮籃,siā-nâ,25,siā-nâ,sia7na5,sia7na5
𥰔仔,phín-á,25,phín-á,phin2a2,phin2a2
buân白胚,buân-pe̍h-phue,16,boân-pe̍h-phoe,buan5peh8phue1,boan5peh8phoe1
gá-suh窯,gá-suh-iô,16,gá-suh-iô,ga2suh4io5,ga2suh4io5
hì-tah線,hì-tah-suànn,16,hì-tah-sòaⁿ,hi3tah4suann3,hi3tah4soann3
mi-ni-khih,mi-ni-khih,16,mi-ni-khih,mi1ni1khih4,mi1ni1khih4
the̍h-hó-sì,the̍h-hó-sì,16,the̍h-hó-sì,theh8ho2si3,theh8ho2si3
七里香,tshit-lí-hiong,16,chhit-lí-hiong,tshit4li2hiong1,chhit4li2hiong1
三分目,sann-hun-ba̍k,16,saⁿ-hun-ba̍k,sann1hun1bak8,sann1hun1bak8
三分眼,sann-hun-gán,16,saⁿ-hun-gán,sann1hun1gan2,sann1hun1gan2
三角鱗,sann-kak-lân,16,saⁿ-kak-lân,sann1kak4lan5,sann1kak4lan5
三輪車,sann-lián-tshia,16,saⁿ-lián-chhia,sann1lian2tshia1,sann1lian2chhia1
三轉型,sam-tsuān-hîng,16,sam-choān-hêng,sam1tsuan7hing5,sam1choan7heng5
丹迪紙,tan-tik-tsuá,16,tan-tek-chóa,tan1tik4tsua2,tan1tek4choa2
九芎仔,kiú-kiong-á,16,kiú-kiong-á,kiu2kiong1a2,kiu2kiong1a2
乾漆粉,kan-tshat-hún,16,kan-chhat-hún,kan1tshat4hun2,kan1chhat4hun2
二層座,jī-tsàn-tsō,16,jī-chàn-chō,ji7tsan3tso7,ji7chan3cho7
二次胚,jī-tshù-phue,16,jī-chhù-phoe,ji7tshu3phue1,ji7chhu3phoe1
五倍子,ngóo-puē-tsí,16,ngó͘-pōe-chí,ngoo2pue7tsi2,ngoo2poe7chi2
五福花,ngóo-hok-hue,16,ngó͘-hok-hoe,ngoo2hok4hue1,ngoo2hok4hoe1
交趾釉,kau-tsí-iu,16,kau-chí-iu,kau1tsi2iu1,kau1chi2iu1
亭仔景,tîng-á-kíng,16,têng-á-kéng,ting5a2king2,teng5a2keng2
人物堵,jîn-bu̍t-tóo,16,jîn-bu̍t-tó͘,jin5but8too2,jin5but8too2
人物旗,jîn-bu̍t-kî,16,jîn-bu̍t-kî,jin5but8ki5,jin5but8ki5
人面竹,lâng-bīn-tik,16,lâng-bīn-tek,lang5bin7tik4,lang5bin7tek4
保溫棉,pó-un-mî,16,pó-un-mî,po2un1mi5,po2un1mi5
保溫磚,pó-un-tsng,16,pó-un-chng,po2un1tsng1,po2un1chng1
倒吊獅,tò-tiàu-sai,16,tò-tiàu-sai,to3tiau3sai1,to3tiau3sai1
倒角仔,tò-kak-á,16,tò-kak-á,to3kak4a2,to3kak4a2
備零件,pī-lîng-kiānn,16,pī-lêng-kiāⁿ,pi7ling5kiann7,pi7leng5kiann7
八仙綵,pat-sian-tshái,16,pat-sian-chhái,pat4sian1tshai2,pat4sian1chhai2
八卦窗,pat-kuà-thang,16,pat-kòa-thang,pat4kua3thang1,pat4koa3thang1
八字彈,peh-jī-tân,16,peh-jī-tân,peh4ji7tan5,peh4ji7tan5
八獅座,pat-sai-tsō,16,pat-sai-chō,pat4sai1tso7,pat4sai1cho7
公婆椅,kong-pô-í,16,kong-pô-í,kong1po5i2,kong1po5i2
公母榫,kang-bú-sún,16,kang-bú-sún,kang1bu2sun2,kang1bu2sun2
切割墊,tshiat-kuah-tiām,16,chhiat-koah-tiām,tshiat4kuah4tiam7,chhiat4koah4tiam7
切管頭,tshiat-kóng-thâu,16,chhiat-kóng-thâu,tshiat4kong2thau5,chhiat4kong2thau5
切紙枋,tshiat-tsuá-pang,16,chhiat-chóa-pang,tshiat4tsua2pang1,chhiat4choa2pang1
利利安,li-li-an,16,li-li-an,li1li1an1,li1li1an1
割紙刀,kuah-tsuá-to,16,koah-chóa-to,kuah4tsua2to1,koah4choa2to1
包喙口,pau-tshuì-kháu,16,pau-chhùi-kháu,pau1tshui3khau2,pau1chhui3khau2
包蒼布,pau-tshong-pòo,16,pau-chhong-pò͘,pau1tshong1poo3,pau1chhong1poo3
包頭巾,pau-thâu-kin,16,pau-thâu-kin,pau1thau5kin1,pau1thau5kin1
半堆剪,puànn-tui-tsián,16,pòaⁿ-tui-chián,puann3tui1tsian2,poann3tui1chian2
半浮堵,puànn-phû-tóo,16,pòaⁿ-phû-tó͘,puann3phu5too2,poann3phu5too2
半金彩,puànn-kim-tshái,16,pòaⁿ-kim-chhái,puann3kim1tshai2,poann3kim1chhai2
厚殼仔,kāu-khak-á,16,kāu-khak-á,kau7khak4a2,kau7khak4a2
反手體,huán-tshiú-thé,16,hoán-chhiú-thé,huan2tshiu2the2,hoan2chhiu2the2
古錢甲,kóo-tsînn-kah,16,kó͘-chîⁿ-kah,koo2tsinn5kah4,koo2chinn5kah4
古體鱗,kóo-thé-lân,16,kó͘-thé-lân,koo2the2lan5,koo2the2lan5
和尚頭,huê-siūnn-thâu,16,hôe-siūⁿ-thâu,hue5siunn7thau5,hoe5siunn7thau5
咸豐草,hâm-hong-tsháu,16,hâm-hong-chháu,ham5hong1tshau2,ham5hong1chhau2
四方竹,sù-hong-tik,16,sù-hong-tek,su3hong1tik4,su3hong1tek4
四點金,sì-tiám-kim,16,sì-tiám-kim,si3tiam2kim1,si3tiam2kim1
圓仔花,înn-á-hue,16,îⁿ-á-hoe,inn5a2hue1,inn5a2hoe1
圓鑿仔,înn-tsha̍k-á,16,îⁿ-chha̍k-á,inn5tshak8a2,inn5chhak8a2
圓黜仔,înn-thuh-á,16,îⁿ-thuh-á,inn5thuh4a2,inn5thuh4a2
坐禪椅,tsē-siâm-í,16,chē-siâm-í,tse7siam5i2,che7siam5i2
塑膠枋,sok-ka-pang,16,sok-ka-pang,sok4ka1pang1,sok4ka1pang1
塑膠𧉟,sok-ka-tâi,16,sok-ka-tâi,sok4ka1tai5,sok4ka1tai5
塔簽仔,thah-tshiam-á,16,thah-chhiam-á,thah4tshiam1a2,thah4chhiam1a2
塗剾仔,thôo-khau-á,16,thô͘-khau-á,thoo5khau1a2,thoo5khau1a2
塗抓仔,thôo-jiàu-á,16,thô͘-jiàu-á,thoo5jiau3a2,thoo5jiau3a2
塭仔砧,un-á-tiam,16,un-á-tiam,un1a2tiam1,un1a2tiam1
墜仔模,tuī-á-bôo,16,tūi-á-bô͘,tui7a2boo5,tui7a2boo5
壓枋染,ah-pang-ní,16,ah-pang-ní,ah4pang1ni2,ah4pang1ni2
壓頭仔,ah-thâu-á,16,ah-thâu-á,ah4thau5a2,ah4thau5a2
大木作,tuā-ba̍k-tsok,16,tōa-ba̍k-chok,tua7bak8tsok4,toa7bak8chok4
大白釉,tuā-pe̍h-iu,16,tōa-pe̍h-iu,tua7peh8iu1,toa7peh8iu1
大菁粉,tuā-tshinn-hún,16,tōa-chhiⁿ-hún,tua7tshinn1hun2,toa7chhinn1hun2
太魯刀,thài-lù-to,16,thài-lù-to,thai3lu3to1,thai3lu3to1
如意手,jû-ì-tshiú,16,jû-ì-chhiú,ju5i3tshiu2,ju5i3chhiu2
如意花,jû-ì-hue,16,jû-ì-hoe,ju5i3hue1,ju5i3hoe1
娘絲布,niû-si-pòo,16,niû-si-pò͘,niu5si1poo3,niu5si1poo3
安金漆,an-kim-tshat,16,an-kim-chhat,an1kim1tshat4,an1kim1chhat4
實腹管,tsa̍t-pak-kóng,16,cha̍t-pak-kóng,tsat8pak4kong2,chat8pak4kong2
寶石碭,pó-tsio̍h-thn̄g,16,pó-chio̍h-thn̄g,po2tsioh8thng7,po2chioh8thng7
小冊櫃,sió-tsheh-kuì,16,sió-chheh-kùi,sio2tsheh4kui3,sio2chheh4kui3
小葉桑,sió-hio̍h-song,16,sió-hio̍h-song,sio2hioh8song1,sio2hioh8song1
尤加利,iu-kha-lih,16,iu-kha-lih,iu1kha1lih4,iu1kha1lih4
尪仔頭,ang-á-thâu,16,ang-á-thâu,ang1a2thau5,ang1a2thau5
山棧花,suann-tsàn-hue,16,soaⁿ-chàn-hoe,suann1tsan3hue1,soann1chan3hoe1
山石仔,suann-tsio̍h-á,16,soaⁿ-chio̍h-á,suann1tsioh8a2,soann1chioh8a2
工作台,kang-tsok-tâi,16,kang-chok-tâi,kang1tsok4tai5,kang1chok4tai5
工作椅,kang-tsok-í,16,kang-chok-í,kang1tsok4i2,kang1chok4i2
布輪機,pòo-lûn-ki,16,pò͘-lûn-ki,poo3lun5ki1,poo3lun5ki1
平剾仔,phînn-khau-á,16,phîⁿ-khau-á,phinn5khau1a2,phinn5khau1a2
平剾仔,pêng-khau-á,16,pêng-khau-á,peng5khau1a2,peng5khau1a2
平鑿仔,phînn-tsha̍k-á,16,phîⁿ-chha̍k-á,phinn5tshak8a2,phinn5chhak8a2
幼工棒,iù-kang-pāng,16,iù-kang-pāng,iu3kang1pang7,iu3kang1pang7
廟尪仔,biō-ang-á,16,biō-ang-á,bio7ang1a2,bio7ang1a2
弓中錘,king-tiong-tshuê,16,keng-tiong-chhôe,king1tiong1tshue5,keng1tiong1chhoe5
彎仔鋸,uan-á-kì,16,oan-á-kì,uan1a2ki3,oan1a2ki3
戮空的,lak-khang-ê,16,lak-khang-ê,lak4khang1e5,lak4khang1e5
扁鋏仔,pínn-giap-á,16,píⁿ-giap-á,pinn2giap4a2,pinn2giap4a2
手指圍,tshiú-tsí-uî,16,chhiú-chí-ûi,tshiu2tsi2ui5,chhiu2chi2ui5
手指條,tshiú-tsí-tiâu,16,chhiú-chí-tiâu,tshiu2tsi2tiau5,chhiu2chi2tiau5
手指通,tshiú-tsí-thong,16,chhiú-chí-thong,tshiu2tsi2thong1,chhiu2chi2thong1
手搖鈴,tshiú-iô-lîng,16,chhiú-iô-lêng,tshiu2io5ling5,chhiu2io5leng5
手環箸,tshiú-khuân-tī,16,chhiú-khoân-tī,tshiu2khuan5ti7,chhiu2khoan5ti7
抓耙仔,jiàu-pê-á,16,jiàu-pê-á,jiau3pe5a2,jiau3pe5a2
折刀器,tsiat-to-khì,16,chiat-to-khì,tsiat4to1khi3,chiat4to1khi3
拍初胚,phah-tshoo-phue,16,phah-chho͘-phoe,phah4tshoo1phue1,phah4chhoo1phoe1
拍剁仔,phah-tok-a,16,phah-tok-a,phah4tok4a1,phah4tok4a1
拍粗胚,phah-tshoo-phue,16,phah-chho͘-phoe,phah4tshoo1phue1,phah4chhoo1phoe1
拍糊仔,phah-kôo-á,16,phah-kô͘-á,phah4koo5a2,phah4koo5a2
拍花面,phah-hue-bīn,16,phah-hoe-bīn,phah4hue1bin7,phah4hoe1bin7
拖空墘,thua-khang-kînn,16,thoa-khang-kîⁿ,thua1khang1kinn5,thoa1khang1kinn5
挲密刀,so-ba̍t-to,16,so-ba̍t-to,so1bat8to1,so1bat8to1
挲玻璃,so-po-lê,16,so-po-lê,so1po1le5,so1po1le5
捏版仔,lia̍p-pán-á,16,lia̍p-pán-á,liap8pan2a2,liap8pan2a2
捶篾仔,tuî-bi̍h-á,16,tûi-bi̍h-á,tui5bih8a2,tui5bih8a2
捻塔啾,liàn-thah-tshiu,16,liàn-thah-chhiu,lian3thah4tshiu1,lian3thah4chhiu1
控制錶,khòng-tsè-pió,16,khòng-chè-pió,khong3tse3pio2,khong3che3pio2
掰糊仔,pué-kôo-á,16,póe-kô͘-á,pue2koo5a2,poe2koo5a2
描圖紙,biô-tôo-tsuá,16,biô-tô͘-chóa,bio5too5tsua2,bio5too5choa2
搝厚薄,giú-kāu-po̍h,16,giú-kāu-po̍h,giu2kau7poh8,giu2kau7poh8
撞璇仔,tōng-suān-á,16,tōng-soān-á,tong7suan7a2,tong7soan7a2
擠浮線,tsik-phû-suànn,16,chek-phû-sòaⁿ,tsik4phu5suann3,chek4phu5soann3
敆內裡,kap-lāi-lí,16,kap-lāi-lí,kap4lai7li2,kap4lai7li2
敲薰屎,khà hun-sái,16,khà hun-sái,kha3hun1sai2,kha3hun1sai2
文公尺,bûn-kong-tshioh,16,bûn-kong-chhioh,bun5kong1tshioh4,bun5kong1chhioh4
文武甲,bûn-bú-kah,16,bûn-bú-kah,bun5bu2kah4,bun5bu2kah4
文武跤,bûn-bú-kha,16,bûn-bú-kha,bun5bu2kha1,bun5bu2kha1
文轎蓋,bûn-kiō-kuà,16,bûn-kiō-kòa,bun5kio7kua3,bun5kio7koa3
曝日頭,pha̍k-ji̍t-thâu,16,pha̍k-ji̍t-thâu,phak8jit8thau5,phak8jit8thau5
月眉鱗,gua̍t-bâi-lân,16,goa̍t-bâi-lân,guat8bai5lan5,goat8bai5lan5
木桮刀,bo̍k-pue-to,16,bo̍k-poe-to,bok8pue1to1,bok8poe1to1
木版畫,bo̍k-pán-uē,16,bo̍k-pán-ōe,bok8pan2ue7,bok8pan2oe7
木麻黃,bo̍k-muâ-hông,16,bo̍k-môa-hông,bok8mua5hong5,bok8moa5hong5
松節油,siông-tsiat-iû,16,siông-chiat-iû,siong5tsiat4iu5,siong5chiat4iu5
松膠碗,siông-ka-uánn,16,siông-ka-óaⁿ,siong5ka1uann2,siong5ka1oann2
架索仔,khuè-soh-á,16,khòe-soh-á,khue3soh4a2,khoe3soh4a2
柏青哥,pha-tsìn-kòo,16,pha-chìn-kò͘,pha1tsin3koo3,pha1chin3koo3
染料劑,ní-liāu-tse,16,ní-liāu-che,ni2liau7tse1,ni2liau7che1
柳葉眉,liú-hio̍h-bâi,16,liú-hio̍h-bâi,liu2hioh8bai5,liu2hioh8bai5
柴抹刀,tshâ-buah-to,16,chhâ-boah-to,tsha5buah4to1,chha5boah4to1
柴桮仔,tshâ-pue-á,16,chhâ-poe-á,tsha5pue1a2,chha5poe1a2
柴槌仔,tshâ-thuî-á,16,chhâ-thûi-á,tsha5thui5a2,chha5thui5a2
柿仔汁,khī-á-tsiap,16,khī-á-chiap,khi7a2tsiap4,khi7a2chiap4
栗子殼,la̍t-tsí-khak,16,la̍t-chí-khak,lat8tsi2khak4,lat8chi2khak4
格仔尺,keh-á-tshioh,16,keh-á-chhioh,keh4a2tshioh4,keh4a2chhioh4
栽喙鬚,tsai-tshuì-tshiu,16,chai-chhùi-chhiu,tsai1tshui3tshiu1,chai1chhui3chhiu1
栽喙齒,tsai-tshuì-khí,16,chai-chhùi-khí,tsai1tshui3khi2,chai1chhui3khi2
栽目睭,tsai-ba̍k-tsiu,16,chai-ba̍k-chiu,tsai1bak8tsiu1,chai1bak8chiu1
栽馬啾,tsai-bé-tshiu,16,chai-bé-chhiu,tsai1be2tshiu1,chai1be2chhiu1
桂花甲,kuì-hue-kah,16,kùi-hoe-kah,kui3hue1kah4,kui3hoe1kah4
梳妝台,se-tsong-tâi,16,se-chong-tâi,se1tsong1tai5,se1chong1tai5
椅頭仔,í-thâu-á,16,í-thâu-á,i2thau5a2,i2thau5a2
椅馬仔,í-bé-á,16,í-bé-á,i2be2a2,i2be2a2
樟腦沙,tsiunn-ló-sua,16,chiuⁿ-ló-soa,tsiunn1lo2sua1,chiunn1lo2soa1
樟腦油,tsiunn-ló-iû,16,chiuⁿ-ló-iû,tsiunn1lo2iu5,chiunn1lo2iu5
樹奶模,tshiū-ni-bôo,16,chhiū-ni-bô͘,tshiu7ni1boo5,chhiu7ni1boo5
橫杆仔,huâinn-kuainn-á,16,hoâiⁿ-koaiⁿ-á,huainn5kuainn1a2,hoainn5koainn1a2
檳榔子,pin-nn̂g-tsí,16,pin-nn̂g-chí,pin1nng5tsi2,pin1nng5chi2
櫃仔面,kuī-á-bīn,16,kūi-á-bīn,kui7a2bin7,kui7a2bin7
毛鋏仔,moo-giap-á,16,mo͘-giap-á,moo1giap4a2,moo1giap4a2
氣死貓,khì-sí-niau,16,khì-sí-niau,khi3si2niau1,khi3si2niau1
水粗紙,tsuí-tshoo-tsuá,16,chúi-chho͘-chóa,tsui2tshoo1tsua2,chui2chhoo1choa2
水茄苳,tsuí-ka-tang,16,chúi-ka-tang,tsui2ka1tang1,chui2ka1tang1
水觳仔,tsuí-khok-á,16,chúi-khok-á,tsui2khok4a2,chui2khok4a2
水車堵,tsuí-tshia-tóo,16,chúi-chhia-tó͘,tsui2tshia1too2,chui2chhia1too2
水𣁳仔,tsuí-khat-á,16,chúi-khat-á,tsui2khat4a2,chui2khat4a2
沙拉油,sa-lá-iû,16,sa-lá-iû,sa1la2iu5,sa1la2iu5
油壓模,iû-ap-bôo,16,iû-ap-bô͘,iu5ap4boo5,iu5ap4boo5
油漏仔,iû-lāu-á,16,iû-lāu-á,iu5lau7a2,iu5lau7a2
油燈罩,iû-ting-tà,16,iû-teng-tà,iu5ting1ta3,iu5teng1ta3
油筒仔,iû-tâng-á,16,iû-tâng-á,iu5tang5a2,iu5tang5a2
泉州派,tsuân-tsiu-phài,16,choân-chiu-phài,tsuan5tsiu1phai3,choan5chiu1phai3
注蠟機,tsù-la̍h-ki,16,chù-la̍h-ki,tsu3lah8ki1,chu3lah8ki1
洋蔥皮,iûnn-tshang-phuê,16,iûⁿ-chhang-phôe,iunn5tshang1phue5,iunn5chhang1phoe5
浮綿仔,phoo-mî-a,16,pho͘-mî-a,phoo1mi5a1,phoo1mi5a1
浮雕堵,phû-tiau-tóo,16,phû-tiau-tó͘,phu5tiau1too2,phu5tiau1too2
淋碭釉,lâm-thn̄g-iu,16,lâm-thn̄g-iu,lam5thng7iu1,lam5thng7iu1
深篩仔,tshim-thai-á,16,chhim-thai-á,tshim1thai1a2,chhim1thai1a2
溫度針,un-tōo-tsiam,16,un-tō͘-chiam,un1too7tsiam1,un1too7chiam1
漆線塗,tshat-suànn-thôo,16,chhat-sòaⁿ-thô͘,tshat4suann3thoo5,chhat4soann3thoo5
漆線油,tshat-suànn-iû,16,chhat-sòaⁿ-iû,tshat4suann3iu5,chhat4soann3iu5
漆線龍,tshat-suànn-liông,16,chhat-sòaⁿ-liông,tshat4suann3liong5,chhat4soann3liong5
火勾仔,hué-kau-á,16,hóe-kau-á,hue2kau1a2,hoe2kau1a2
火耙仔,hué-pê-á,16,hóe-pê-á,hue2pe5a2,hoe2pe5a2
火鉗仔,hué-khînn-á,16,hóe-khîⁿ-á,hue2khinn5a2,hoe2khinn5a2
火鍋爐,hué-ko-lôo,16,hóe-ko-lô͘,hue2ko1loo5,hoe2ko1loo5
灰匙仔,hue-sî-á,16,hoe-sî-á,hue1si5a2,hoe1si5a2
烏心石,oo-sim-tsio̍h,16,o͘-sim-chio̍h,oo1sim1tsioh8,oo1sim1chioh8
熟桐油,si̍k-tâng-iû,16,se̍k-tâng-iû,sik8tang5iu5,sek8tang5iu5
燈火罩,ting-hué-tà,16,teng-hóe-tà,ting1hue2ta3,teng1hoe2ta3
燖筒仔,tīm-tâng-á,16,tīm-tâng-á,tim7tang5a2,tim7tang5a2
牛喙罨,gû-tshuì-am,16,gû-chhùi-am,gu5tshui3am1,gu5chhui3am1
牛鈴仔,gû-lîng-á,16,gû-lêng-á,gu5ling5a2,gu5leng5a2
牽漆線,khan-tshat-suànn,16,khan-chhat-sòaⁿ,khan1tshat4suann3,khan1chhat4soann3
獅仔跤,sai-á-kha,16,sai-á-kha,sai1a2kha1,sai1a2kha1
珊瑚樹,suan-ôo-tshiū,16,soan-ô͘-chhiū,suan1oo5tshiu7,soan1oo5chhiu7
珠仔台,tsu-á-tâi,16,chu-á-tâi,tsu1a2tai5,chu1a2tai5
瑪瑙刀,bé-ló-to,16,bé-ló-to,be2lo2to1,be2lo2to1
璇石膏,suān-tsio̍h-ko,16,soān-chio̍h-ko,suan7tsioh8ko1,soan7chioh8ko1
璇石花,suān-tsio̍h-hue,16,soān-chio̍h-hoe,suan7tsioh8hue1,soan7chioh8hoe1
瓜笠仔,kue-le̍h-á,16,koe-le̍h-á,kue1leh8a2,koe1leh8a2
瓷仔枋,huî-á-pang,16,hûi-á-pang,hui5a2pang1,hui5a2pang1
瓷仔車,huî-á-tshia,16,hûi-á-chhia,hui5a2tshia1,hui5a2chhia1
畫板仔,uē-pán-á,16,ōe-pán-á,ue7pan2a2,oe7pan2a2
畫活眼,uē-ua̍h-gán,16,ōe-oa̍h-gán,ue7uah8gan2,oe7oah8gan2
畫石頭,uē-tsio̍h-thâu,16,ōe-chio̍h-thâu,ue7tsioh8thau5,oe7chioh8thau5
白匏仔,pe̍h-pû-á,16,pe̍h-pû-á,peh8pu5a2,peh8pu5a2
白玉仔,pe̍h-gi̍k-á,16,pe̍h-ge̍k-á,peh8gik8a2,peh8gek8a2
白糊仔,pe̍h-kôo-á,16,pe̍h-kô͘-á,peh8koo5a2,peh8koo5a2
白胚紙,pe̍h-phue-tsuá,16,pe̍h-phoe-chóa,peh8phue1tsua2,peh8phoe1choa2
皮槌仔,phuê-thuî-á,16,phôe-thûi-á,phue5thui5a2,phoe5thui5a2
看紙紋,khuànn-tsuá-bûn,16,khòaⁿ-chóa-bûn,khuann3tsua2bun5,khoann3choa2bun5
石榴皮,tsio̍h-liû-phuê,16,chio̍h-liû-phôe,tsioh8liu5phue5,chioh8liu5phoe5
石灰粉,tsio̍h-hue-hún,16,chio̍h-hoe-hún,tsioh8hue1hun2,chioh8hoe1hun2
石磨仔,tsio̍h-bō-á,16,chio̍h-bō-á,tsioh8bo7a2,chioh8bo7a2
石膏模,tsio̍h-ko-bôo,16,chio̍h-ko-bô͘,tsioh8ko1boo5,chioh8ko1boo5
石膏碗,tsio̍h-ko-uánn,16,chio̍h-ko-óaⁿ,tsioh8ko1uann2,chioh8ko1oann2
石舂臼,tsio̍h-tsing-khū,16,chio̍h-cheng-khū,tsioh8tsing1khu7,chioh8cheng1khu7
砂輪機,sua-lûn-ki,16,soa-lûn-ki,sua1lun5ki1,soa1lun5ki1
破竹仔,phuà-tik-á,16,phòa-tek-á,phua3tik4a2,phoa3tek4a2
破篾仔,phuà-bi̍h-á,16,phòa-bi̍h-á,phua3bih8a2,phoa3bih8a2
磅璇石,pōng-suān-tsio̍h,16,pōng-soān-chio̍h,pong7suan7tsioh8,pong7soan7chioh8
穀亭畚,kok-tīng-pùn,16,kok-tēng-pùn,kok4ting7pun3,kok4teng7pun3
空殼管,khang-khak-kóng,16,khang-khak-kóng,khang1khak4kong2,khang1khak4kong2
立德粉,li̍p-tik-hún,16,li̍p-tek-hún,lip8tik4hun2,lip8tek4hun2
竹仔箸,tik-á-tī,16,tek-á-tī,tik4a2ti7,tek4a2ti7
竹夫人,tik-hu-jîn,16,tek-hu-jîn,tik4hu1jin5,tek4hu1jin5
竹篾仔,tik-bi̍h-á,16,tek-bi̍h-á,tik4bih8a2,tek4bih8a2
竹鋏仔,tik-giap-á,16,tek-giap-á,tik4giap4a2,tek4giap4a2
竹𥴊仔,tik-kám-á,16,tek-kám-á,tik4kam2a2,tek4kam2a2
筍屏仔,sún-pîn-á,16,sún-pîn-á,sun2pin5a2,sun2pin5a2
籠鋪仔,láng-phoo-á,16,láng-pho͘-á,lang2phoo1a2,lang2phoo1a2
米釐尺,bí-lî-tshioh,16,bí-lî-chhioh,bi2li5tshioh4,bi2li5chhioh4
粉線管,hún-suànn-kóng,16,hún-sòaⁿ-kóng,hun2suann3kong2,hun2soann3kong2
糖篋仔,thn̂g-kheh-á,16,thn̂g-kheh-á,thng5kheh4a2,thng5kheh4a2
紅寶石,âng-pó-tsio̍h,16,âng-pó-chio̍h,ang5po2tsioh8,ang5po2chioh8
紙膠帶,tsuá-ka-tuà,16,chóa-ka-tòa,tsua2ka1tua3,choa2ka1toa3
紙輪釘,tsuá-lián-ting,16,chóa-lián-teng,tsua2lian2ting1,choa2lian2teng1
紙輪釘,tsuá-lián-tìng,16,chóa-lián-tèng,tsua2lian2ting3,choa2lian2teng3
紡布輪,pháng-pòo-lún,16,pháng-pò͘-lún,phang2poo3lun2,phang2poo3lun2
紡金檯,pháng-kim-tâi,16,pháng-kim-tâi,phang2kim1tai5,phang2kim1tai5
索仔捲,soh-á-kńg,16,soh-á-kńg,soh4a2kng2,soh4a2kng2
紫色的,tsí-sik-ê,16,chí-sek-ê,tsi2sik4e5,chi2sek4e5
結龍跤,kiat-lîng-kha,16,kiat-lêng-kha,kiat4ling5kha1,kiat4leng5kha1
絲仔線,si-á-suànn,16,si-á-sòaⁿ,si1a2suann3,si1a2soann3
網仔甲,bāng-á-kah,16,bāng-á-kah,bang7a2kah4,bang7a2kah4
練塗機,liān-thôo-ki,16,liān-thô͘-ki,lian7thoo5ki1,lian7thoo5ki1
縛厝蓋,pa̍k-tshù-kuà,16,pa̍k-chhù-kòa,pak8tshu3kua3,pak8chhu3koa3
縛紙釘,pa̍k-tsuá-ting,16,pa̍k-chóa-teng,pak8tsua2ting1,pak8choa2teng1
繞銅線,liàu-tâng-suànn,16,liàu-tâng-sòaⁿ,liau3tang5suann3,liau3tang5soann3
繡花車,siù-hue-tshia,16,siù-hoe-chhia,siu3hue1tshia1,siu3hoe1chhia1
繡補店,siù-póo-tiàm,16,siù-pó͘-tiàm,siu3poo2tiam3,siu3poo2tiam3
羊仔頭,iûnn-á-thâu,16,iûⁿ-á-thâu,iunn5a2thau5,iunn5a2thau5
美工刀,bí-kang-to,16,bí-kang-to,bi2kang1to1,bi2kang1to1
耐火磚,nāi-hué-tsng,16,nāi-hóe-chng,nai7hue2tsng1,nai7hoe2chng1
胭脂蟲,ian-tsi-thâng,16,ian-chi-thâng,ian1tsi1thang5,ian1chi1thang5
腰帶花,io-tuà-hue,16,io-tòa-hoe,io1tua3hue1,io1toa3hoe1
腱子肉,kiàn-tsí-bah,16,kiàn-chí-bah,kian3tsi2bah4,kian3chi2bah4
臥蠶眉,ngōo-tshám-bî,16,ngō͘-chhám-bî,ngoo7tsham2bi5,ngoo7chham2bi5
自動剾,tsū-tōng-khau,16,chū-tōng-khau,tsu7tong7khau1,chu7tong7khau1
臺灣杉,tâi-uân-sam,16,tâi-oân-sam,tai5uan5sam1,tai5oan5sam1
舂龜仔,tsing-ku-á,16,cheng-ku-á,tsing1ku1a2,cheng1ku1a2
花匙仔,hue-sî-á,16,hoe-sî-á,hue1si5a2,hoe1si5a2
花枱仔,hue-tâi-á,16,hoe-tâi-á,hue1tai5a2,hoe1tai5a2
花盆仔,hue-phûn-á,16,hoe-phûn-á,hue1phun5a2,hoe1phun5a2
花蕊紋,hue-luí-bûn,16,hoe-lúi-bûn,hue1lui2bun5,hoe1lui2bun5
花鳥堵,hue-tsiáu-tóo,16,hoe-chiáu-tó͘,hue1tsiau2too2,hoe1chiau2too2
茶杯仔,tê-pue-á,16,tê-poe-á,te5pue1a2,te5poe1a2
茶疊仔,tê-thia̍p-á,16,tê-thia̍p-á,te5thiap8a2,te5thiap8a2
茶籠仔,tê-láng-á,16,tê-láng-á,te5lang2a2,te5lang2a2
茶米甕,tê-bí-àng,16,tê-bí-àng,te5bi2ang3,te5bi2ang3
茶罐仔,tê-kuàn-á,16,tê-koàn-á,te5kuan3a2,te5koan3a2
草仔箬,tshó-á-ha̍h,16,chhó-á-ha̍h,tsho2a2hah8,chho2a2hah8
草仔花,tshó-á-hue,16,chhó-á-hoe,tsho2a2hue1,chho2a2hoe1
菜櫥仔,tshài-tû-á,16,chhài-tû-á,tshai3tu5a2,chhai3tu5a2
蓮蕉盆,liân-tsio-phûn,16,liân-chio-phûn,lian5tsio1phun5,lian5chio1phun5
蔥管鼻,tshang-kóng-phīnn,16,chhang-kóng-phīⁿ,tshang1kong2phinn7,chhang1kong2phinn7
薄仔瓦,po̍h-á-hiā,16,po̍h-á-hiā,poh8a2hia7,poh8a2hia7
薄胎的,po̍h-thai-ê,16,po̍h-thai-ê,poh8thai1e5,poh8thai1e5
薰竹仔,hun-tik-á,16,hun-tek-á,hun1tik4a2,hun1tek4a2
藍寶石,nâ-pó-tsio̍h,16,nâ-pó-chio̍h,na5po2tsioh8,na5po2chioh8
虎爺衫,hóo-iâ-sann,16,hó͘-iâ-saⁿ,hoo2ia5sann1,hoo2ia5sann1
蛋殼畫,nn̄g-khak-uē,16,nn̄g-khak-ōe,nng7khak4ue7,nng7khak4oe7
蜘蛛紋,ti-tu-bûn,16,ti-tu-bûn,ti1tu1bun5,ti1tu1bun5
蝦仔盤,hê-á-puânn,16,hê-á-pôaⁿ,he5a2puann5,he5a2poann5
螭虎窗,tshi-hóo-thang,16,chhi-hó͘-thang,tshi1hoo2thang1,chhi1hoo2thang1
螭虎緞,tshu-hóo-tuān,16,chhu-hó͘-toān,tshu1hoo2tuan7,chhu1hoo2toan7
螭虎草,tshu-hóo-tshó,16,chhu-hó͘-chhó,tshu1hoo2tsho2,chhu1hoo2chho2
螭龍頭,tshi-liông-thâu,16,chhi-liông-thâu,tshi1liong5thau5,chhi1liong5thau5
螺仔片,lê-á-phìnn,16,lê-á-phìⁿ,le5a2phinn3,le5a2phinn3
衫摺路,sann-tsih-lōo,16,saⁿ-chih-lō͘,sann1tsih4loo7,sann1chih4loo7
袚繡線,phua̍h-siù-suànn,16,phoa̍h-siù-sòaⁿ,phuah8siu3suann3,phoah8siu3soann3
裝喙鬚,tsng-tshuì-tshiu,16,chng-chhùi-chhiu,tsng1tshui3tshiu1,chng1chhui3chhiu1
設計圖,siat-kè-tôo,16,siat-kè-tô͘,siat4ke3too5,siat4ke3too5
設計稿,siat-kè-kó,16,siat-kè-kó,siat4ke3ko2,siat4ke3ko2
試金石,tshì-kim-tsio̍h,16,chhì-kim-chio̍h,tshi3kim1tsioh8,chhi3kim1chioh8
豆油缸,tāu-iû-kng,16,tāu-iû-kng,tau7iu5kng1,tau7iu5kng1
豬跤楠,ti-kha-lâm,16,ti-kha-lâm,ti1kha1lam5,ti1kha1lam5
貼內裡,tah-lāi-lí,16,tah-lāi-lí,tah4lai7li2,tah4lai7li2
賊仔剾,tsha̍t-á-khau,16,chha̍t-á-khau,tshat8a2khau1,chhat8a2khau1
起竹背,khí-tik-puè,16,khí-tek-pòe,khi2tik4pue3,khi2tek4poe3
跤踏仔,kha-ta̍h-á,16,kha-ta̍h-á,kha1tah8a2,kha1tah8a2
跤踏風,kha-ta̍h-hong,16,kha-ta̍h-hong,kha1tah8hong1,kha1tah8hong1
車仔線,tshia-á-suànn,16,chhia-á-sòaⁿ,tshia1a2suann3,chhia1a2soann3
車工課,tshia-khang-khuè,16,chhia-khang-khòe,tshia1khang1khue3,chhia1khang1khoe3
車輪仔,tshia-lián-á,16,chhia-lián-á,tshia1lian2a2,chhia1lian2a2
輾龍啾,liàn-lîng-tshiu,16,liàn-lêng-chhiu,lian3ling5tshiu1,lian3leng5chhiu1
退火爐,thuè-hué-lôo,16,thòe-hóe-lô͘,thue3hue2loo5,thoe3hoe2loo5
透明漆,thàu-bîng-tshat,16,thàu-bêng-chhat,thau3bing5tshat4,thau3beng5chhat4
釐仔甲,li-á-khah,16,li-á-khah,li1a2khah4,li1a2khah4
金剛砂,kim-kong-sua,16,kim-kong-soa,kim1kong1sua1,kim1kong1soa1
金槓槌,kim-kòng-thuî,16,kim-kòng-thûi,kim1kong3thui5,kim1kong3thui5
金牌模,kim-pâi-bôo,16,kim-pâi-bô͘,kim1pai5boo5,kim1pai5boo5
金箔仔,kim-po̍h-á,16,kim-po̍h-á,kim1poh8a2,kim1poh8a2
金錢雲,kim-tsînn-hûn,16,kim-chîⁿ-hûn,kim1tsinn5hun5,kim1chinn5hun5
釘仔槌,tìng-á-thûi,16,tèng-á-thûi,ting3a2thui5,teng3a2thui5
鈕仔砧,liú-á-tiam,16,liú-á-tiam,liu2a2tiam1,liu2a2tiam1
鉛字架,iân-jī-kè,16,iân-jī-kè,ian5ji7ke3,ian5ji7ke3
鉛枋仔,iân-pang-á,16,iân-pang-á,ian5pang1a2,ian5pang1a2
鉛筆仔,iân-pit-á,16,iân-pit-á,ian5pit4a2,ian5pit4a2
鉸刀花,ka-to-hue,16,ka-to-hoe,ka1to1hue1,ka1to1hoe1
銀箔仔,gîn-po̍h-á,16,gîn-po̍h-á,gin5poh8a2,gin5poh8a2
銅抿仔,tâng-bín-á,16,tâng-bín-á,tang5bin2a2,tang5bin2a2
鋏玻璃,giap-po-lê,16,giap-po-lê,giap4po1le5,giap4po1le5
錢袋仔,tsînn-tē-á,16,chîⁿ-tē-á,tsinn5te7a2,chinn5te7a2
鍊帶鋸,lián-tuà-kì,16,lián-tòa-kì,lian2tua3ki3,lian2toa3ki3
鏡箱仔,kiànn-siunn-á,16,kiàⁿ-siuⁿ-á,kiann3siunn1a2,kiann3siunn1a2
鐮刈仔,liâm-li̍k-á,16,liâm-le̍k-á,liam5lik8a2,liam5lek8a2
鐵仔支,thih-á-ki,16,thih-á-ki,thih4a2ki1,thih4a2ki1
鐵仔棒,thih-á-pāng,16,thih-á-pāng,thih4a2pang7,thih4a2pang7
鐵冬青,thih-tang-tshenn,16,thih-tang-chheⁿ,thih4tang1tshenn1,thih4tang1chhenn1
鐵剪仔,thih-tsián-á,16,thih-chián-á,thih4tsian2a2,thih4chian2a2
鐵鎚仔,thih-thuî-á,16,thih-thûi-á,thih4thui5a2,thih4thui5a2
鑢橋枋,lē-kiô-pang,16,lē-kiô-pang,le7kio5pang1,le7kio5pang1
鑿仔檯,tsha̍k-á-tâi,16,chha̍k-á-tâi,tshak8a2tai5,chhak8a2tai5
雕刻刀,tiau-khik-to,16,tiau-khek-to,tiau1khik4to1,tiau1khek4to1
雕刻機,tiau-khik-ki,16,tiau-khek-ki,tiau1khik4ki1,tiau1khek4ki1
雞卵面,ke-nn̄g-bīn,16,ke-nn̄g-bīn,ke1nng7bin7,ke1nng7bin7
雞屎雲,ke-sái-hûn,16,ke-sái-hûn,ke1sai2hun5,ke1sai2hun5
離心機,li-sim-ki,16,li-sim-ki,li1sim1ki1,li1sim1ki1
電塗燈,tiān-thôo-ting,16,tiān-thô͘-teng,tian7thoo5ting1,tian7thoo5teng1
電熱爐,tiān-jia̍t-lôo,16,tiān-jia̍t-lô͘,tian7jiat8loo5,tian7jiat8loo5
電風龜,tiān-hong-ku,16,tiān-hong-ku,tian7hong1ku1,tian7hong1ku1
青斗石,tshenn-táu-tsio̍h,16,chheⁿ-táu-chio̍h,tshenn1tau2tsioh8,chhenn1tau2chioh8
鞋拔仔,ê-pue̍h-á,16,ê-poe̍h-á,e5pueh8a2,e5poeh8a2
順手體,sūn-tshiú-thé,16,sūn-chhiú-thé,sun7tshiu2the2,sun7chhiu2the2
風車花,hong-tshia-hue,16,hong-chhia-hoe,hong1tshia1hue1,hong1chhia1hoe1
食生漆,tsia̍h-tshenn-tshat,16,chia̍h-chheⁿ-chhat,tsiah8tshenn1tshat4,chiah8chhenn1chhat4
飯攕仔,pn̄g-tshiám-á,16,pn̄g-chhiám-á,png7tshiam2a2,png7chhiam2a2
魚仔盤,hî-á-puânn,16,hî-á-pôaⁿ,hi5a2puann5,hi5a2poann5
魚籠仔,hî-láng-á,16,hî-láng-á,hi5lang2a2,hi5lang2a2
魚鱗甲,hî-lân-kah,16,hî-lân-kah,hi5lan5kah4,hi5lan5kah4
魚鱗紋,hî-lân-bûn,16,hî-lân-bûn,hi5lan5bun5,hi5lan5bun5
鯉魚嘴,tāi-hî-tshuî,16,tāi-hî-chhûi,tai7hi5tshui5,tai7hi5chhui5
鯊魚刀,sua-hî-to,16,soa-hî-to,sua1hi5to1,soa1hi5to1
鹽筒仔,iâm-tâng-á,16,iâm-tâng-á,iam5tang5a2,iam5tang5a2
黃塗底,n̂g-thôo-té,16,n̂g-thô͘-té,ng5thoo5te2,ng5thoo5te2
黃塗粉,n̂g-thôo-hún,16,n̂g-thô͘-hún,ng5thoo5hun2,ng5thoo5hun2
黃豆粉,n̂g-tāu-hún,16,n̂g-tāu-hún,ng5tau7hun2,ng5tau7hun2
黏美金,liâm-bí-kim,16,liâm-bí-kim,liam5bi2kim1,liam5bi2kim1
黑墨畫,oo-ba̍k-uē,16,o͘-ba̍k-ōe,oo1bak8ue7,oo1bak8oe7
鼓仔燈,kóo-á-ting,16,kó͘-á-teng,koo2a2ting1,koo2a2teng1
龍椅手,liông-í-tshiú,16,liông-í-chhiú,liong5i2tshiu2,liong5i2chhiu2
龍眼葉,lîng-gíng-hio̍h,16,lêng-géng-hio̍h,ling5ging2hioh8,leng5geng2hioh8
龜甲紋,ku-kah-bûn,16,ku-kah-bûn,ku1kah4bun5,ku1kah4bun5
布袋,pòo-tē,15,pò͘-tē,poo3te7,poo3te7
hì-tah開關,hì-tah khai-kuan,12,hì-tah khai-koan,hi3tah4khai1kuan1,hi3tah4khai1koan1
khe金倒槽,khe-kim-tò-tsô,12,khe-kim-tò-chô,khe1kim1to3tso5,khe1kim1to3cho5
phue體kue枋,phue-thé kue-pang,12,phoe-thé koe-pang,phue1the2kue1pang1,phoe1the2koe1pang1
一分丁線,tsi̍t-hun-ting-suànn,12,chi̍t-hun-teng-sòaⁿ,tsit8hun1ting1suann3,chit8hun1teng1soann3
七分鑿仔,tshit-hun-tsha̍k-á,12,chhit-hun-chha̍k-á,tshit4hun1tshak8a2,chhit4hun1chhak8a2
三分鑿仔,sann-hun-tsha̍k-á,12,saⁿ-hun-chha̍k-á,sann1hun1tshak8a2,sann1hun1chhak8a2
三角刀仔,sann-kak-to-á,12,saⁿ-kak-to-á,sann1kak4to1a2,sann1kak4to1a2
乾漆茶盤,kan-tshat tê-puânn,12,kan-chhat tê-pôaⁿ,kan1tshat4te5puann5,kan1chhat4te5poann5
五分鑿仔,gōo-hun-tsha̍k-á,12,gō͘-hun-chha̍k-á,goo7hun1tshak8a2,goo7hun1chhak8a2
便當篋仔,piān-tong-kheh-á,12,piān-tong-kheh-á,pian7tong1kheh4a2,pian7tong1kheh4a2
修光鑿仔,siu-kng-tsha̍k-á,12,siu-kng-chha̍k-á,siu1kng1tshak8a2,siu1kng1chhak8a2
做四條線,tsò-sì-tiâu-suànn,12,chò-sì-tiâu-sòaⁿ,tso3si3tiau5suann3,cho3si3tiau5soann3
做密的,tsò-ba̍t--ê,12,chò-ba̍t--ê,tso3bat8e5,cho3bat8e5
兩分丁線,nn̄g-hun-ting-suànn,12,nn̄g-hun-teng-sòaⁿ,nng7hun1ting1suann3,nng7hun1teng1soann3
兩分鑿仔,nn̄g-hun-tsha̍k-á,12,nn̄g-hun-chha̍k-á,nng7hun1tshak8a2,nng7hun1chhak8a2
冰種的,ping-tsíng--ê,12,peng-chéng--ê,ping1tsing2e5,peng1cheng2e5
分半鑿仔,hun-puànn-tsha̍k-á,12,hun-pòaⁿ-chha̍k-á,hun1puann3tshak8a2,hun1poann3chhak8a2
切線模仔,tshiat-suànn-bôo-á,12,chhiat-sòaⁿ-bô͘-á,tshiat4suann3boo5a2,chhiat4soann3boo5a2
南京剾仔,lâm-kiann-khau-á,12,lâm-kiaⁿ-khau-á,lam5kiann1khau1a2,lam5kiann1khau1a2
印仔手指,ìn-á-tshiú-tsí,12,ìn-á-chhiú-chí,in3a2tshiu2tsi2,in3a2chhiu2chi2
厚葉柃木,kāu-hio̍h-lîng-bo̍k,12,kāu-hio̍h-lêng-bo̍k,kau7hioh8ling5bok8,kau7hioh8leng5bok8
原料槽仔,guân-liāu-tsô-á,12,goân-liāu-chô-á,guan5liau7tso5a2,goan5liau7cho5a2
吊鏡片仔,tiò-kiànn-phìnn-á,12,tiò-kiàⁿ-phìⁿ-á,tio3kiann3phinn3a2,tio3kiann3phinn3a2
四叉鋏仔,sì-tshe-giap-á,12,sì-chhe-giap-á,si3tshe1giap4a2,si3chhe1giap4a2
四耳提壺,sì-hīnn thê-ôo,12,sì-hīⁿ thê-ô͘,si3hinn7the5oo5,si3hinn7the5oo5
塑膠桮刀,sok-ka-pue-to,12,sok-ka-poe-to,sok4ka1pue1to1,sok4ka1poe1to1
壽字燭台,siū-jī tsik-tâi,12,siū-jī chek-tâi,siu7ji7tsik4tai5,siu7ji7chek4tai5
大葉楠仔,tuā-hio̍h-lâm-á,12,tōa-hio̍h-lâm-á,tua7hioh8lam5a2,toa7hioh8lam5a2
奶母車仔,ling-bó-tshia-á,12,leng-bó-chhia-á,ling1bo2tshia1a2,leng1bo2chhia1a2
安金箔仔,an-kim-po̍h-á,12,an-kim-po̍h-á,an1kim1poh8a2,an1kim1poh8a2
寸二桮仔,tshùn-jī-pue-a,12,chhùn-jī-poe-a,tshun3ji7pue1a1,chhun3ji7poe1a1
尖喙剪仔,tsiam-tshuì-tsián-á,12,chiam-chhùi-chián-á,tsiam1tshui3tsian2a2,chiam1chhui3chian2a2
屏風神椅,pîn-hong sîn-í,12,pîn-hong sîn-í,pin5hong1sin5i2,pin5hong1sin5i2
工作桌仔,kang-tsok-toh-á,12,kang-chok-toh-á,kang1tsok4toh4a2,kang1chok4toh4a2
年畫刻板,nî-uē-khik-pán,12,nî-ōe-khek-pán,ni5ue7khik4pan2,ni5oe7khek4pan2
彩繪化色,tshái-uē-huà-sik,12,chhái-ōe-hòa-sek,tshai2ue7hua3sik4,chhai2oe7hoa3sek4
戮空的,lak-khang--ê,12,lak-khang--ê,lak4khang1e5,lak4khang1e5
手環模仔,tshiú-khuân-bôo-á,12,chhiú-khoân-bô͘-á,tshiu2khuan5boo5a2,chhiu2khoan5boo5a2
抾光剾刀,khioh-kng-khau-to,12,khioh-kng-khau-to,khioh4kng1khau1to1,khioh4kng1khau1to1
拌料機仔,puānn-liāu-ki-á,12,pōaⁿ-liāu-ki-á,puann7liau7ki1a2,poann7liau7ki1a2
挲線枋仔,so-suànn-pang-á,12,so-sòaⁿ-pang-á,so1suann3pang1a2,so1soann3pang1a2
掃梳笒仔,sàu-se-gím-á,12,sàu-se-gím-á,sau3se1gim2a2,sau3se1gim2a2
搭架剪仔,tah-kè-tsián-á,12,tah-kè-chián-á,tah4ke3tsian2a2,tah4ke3chian2a2
摃手指跤,kòng-tshiú-tsí-kha,12,kòng-chhiú-chí-kha,kong3tshiu2tsi2kha1,kong3chhiu2chi2kha1
春壽香筒,tshun-siū-hiunn-tâng,12,chhun-siū-hiuⁿ-tâng,tshun1siu7hiunn1tang5,chhun1siu7hiunn1tang5
木苧仔麻,bo̍k-tē-á-muâ,12,bo̍k-tē-á-môa,bok8te7a2mua5,bok8te7a2moa5
果子粒仔,kué-tsí-lia̍p-á,12,kóe-chí-lia̍p-á,kue2tsi2liap8a2,koe2chi2liap8a2
栽目睭毛,tsai-ba̍k-tsiu-moo,12,chai-ba̍k-chiu-mo͘,tsai1bak8tsiu1moo1,chai1bak8chiu1moo1
桌跤蛰仔,toh-kha-tinn-á,12,toh-kha-tiⁿ-á,toh4kha1tinn1a2,toh4kha1tinn1a2
樹奶桮仔,tshiū-ling-pue-á,12,chhiū-leng-poe-á,tshiu7ling1pue1a2,chhiu7leng1poe1a2
水波山頭,tsuí-pho-suann-thâu,12,chúi-pho-soaⁿ-thâu,tsui2pho1suann1thau5,chui2pho1soann1thau5
汽水籃仔,khì-tsuí-nâ-á,12,khì-chúi-nâ-á,khi3tsui2na5a2,khi3chui2na5a2
海綿砂碖,hái-mî-sua-lún,12,hái-mî-soa-lún,hai2mi5sua1lun2,hai2mi5soa1lun2
漆釉的筆,tshat-iu ê pit,12,chhat-iu ê pit,tshat4iu1e5pit4,chhat4iu1e5pit4
煙腸頭毛,ian-tshiâng-thâu-moo,12,ian-chhiâng-thâu-mo͘,ian1tshiang5thau5moo1,ian1chhiang5thau5moo1
牛角掛屏,gû-kak-kuà-pîn,12,gû-kak-kòa-pîn,gu5kak4kua3pin5,gu5kak4koa3pin5
牽線柴仔,khan-suànn-tshâ-á,12,khan-sòaⁿ-chhâ-á,khan1suann3tsha5a2,khan1soann3chha5a2
狗母鍋仔,káu-bó-ue-á,12,káu-bó-oe-á,kau2bo2ue1a2,kau2bo2oe1a2
玻璃模仔,po-lê-bôo-á,12,po-lê-bô͘-á,po1le5boo5a2,po1le5boo5a2
玻璃甕仔,po-lê-àng-á,12,po-lê-àng-á,po1le5ang3a2,po1le5ang3a2
玻璃粉仔,po-lê-hún-á,12,po-lê-hún-á,po1le5hun2a2,po1le5hun2a2
玻璃粒仔,po-lê-lia̍p-á,12,po-lê-lia̍p-á,po1le5liap8a2,po1le5liap8a2
玻璃𣁳仔,po-lê-khat-á,12,po-lê-khat-á,po1le5khat4a2,po1le5khat4a2
生毛柿仔,senn-moo-khī-á,12,seⁿ-mo͘-khī-á,senn1moo1khi7a2,senn1moo1khi7a2
生頭發尾,senn-thâu-huat-bué,12,seⁿ-thâu-hoat-bóe,senn1thau5huat4bue2,senn1thau5hoat4boe2
畫布花仔,uē-pòo-hue-á,12,ōe-pò͘-hoe-á,ue7poo3hue1a2,oe7poo3hoe1a2
白糊固定,pe̍h-kôo kòo-tīng,12,pe̍h-kô͘ kò͘-tēng,peh8koo5koo3ting7,peh8koo5koo3teng7
相思仔樹,siunn-si-á-tshiū,12,siuⁿ-si-á-chhiū,siunn1si1a2tshiu7,siunn1si1a2chhiu7
石仔秤錘,tsio̍h ê tshìn-thuî,12,chio̍h ê chhìn-thûi,tsioh8e5tshin3thui5,chioh8e5chhin3thui5
石仔香爐,tsio̍h ê hiunn-lôo,12,chio̍h ê hiuⁿ-lô͘,tsioh8e5hiunn1loo5,chioh8e5hiunn1loo5
石膏機仔,tsio̍h-ko-ki-á,12,chio̍h-ko-ki-á,tsioh8ko1ki1a2,chioh8ko1ki1a2
福在眼前,hok-tsāi-gán-tsîng,12,hok-chāi-gán-chêng,hok4tsai7gan2tsing5,hok4chai7gan2cheng5
竹仔屏風,tik-á pîn-hong,12,tek-á pîn-hong,tik4a2pin5hong1,tek4a2pin5hong1
竹仔枕頭,tik-á-tsím-thâu,12,tek-á-chím-thâu,tik4a2tsim2thau5,tek4a2chim2thau5
竹管仔飯,tik-kóng-á-pn̄g,12,tek-kóng-á-pn̄g,tik4kong2a2png7,tek4kong2a2png7
竹編花籃,tik-pinn hue-nâ,12,tek-piⁿ hoe-nâ,tik4pinn1hue1na5,tek4pinn1hoe1na5
管頭鋏仔,kóng-thâu-giap-á,12,kóng-thâu-giap-á,kong2thau5giap4a2,kong2thau5giap4a2
籤尾刀仔,tshiam-bué-to-á,12,chhiam-bóe-to-á,tshiam1bue2to1a2,chhiam1boe2to1a2
粗胚鑿仔,tshoo-phue-tsha̍k-á,12,chho͘-phoe-chha̍k-á,tshoo1phue1tshak8a2,chhoo1phoe1chhak8a2
細支鉸刀,sè-ki-ka-to,12,sè-ki-ka-to,se3ki1ka1to1,se3ki1ka1to1
綠釉夜壺,lik-iu-iā-hôo,12,lek-iu-iā-hô͘,lik4iu1ia7hoo5,lek4iu1ia7hoo5
線板鋸仔,suànn-pán-kì-á,12,sòaⁿ-pán-kì-á,suann3pan2ki3a2,soann3pan2ki3a2
線條鋏仔,suànn-tiâu-giap-á,12,sòaⁿ-tiâu-giap-á,suann3tiau5giap4a2,soann3tiau5giap4a2
練塗機仔,liān-thôo-ki-á,12,liān-thô͘-ki-á,lian7thoo5ki1a2,lian7thoo5ki1a2
縛冬瓜箍,pa̍k-tang-kue-khoo,12,pa̍k-tang-koe-kho͘,pak8tang1kue1khoo1,pak8tang1koe1khoo1
纏鍊仔目,tînn-liān-á-ba̍k,12,tîⁿ-liān-á-ba̍k,tinn5lian7a2bak8,tinn5lian7a2bak8
胭脂樹仔,ian-tsi-tshiū-á,12,ian-chi-chhiū-á,ian1tsi1tshiu7a2,ian1chi1chhiu7a2
脫胎漆器,thuat-thai-tshat-khì,12,thoat-thai-chhat-khì,thuat4thai1tshat4khi3,thoat4thai1chhat4khi3
自動鉛筆,tsū-tōng-iân-pit,12,chū-tōng-iân-pit,tsu7tong7ian5pit4,chu7tong7ian5pit4
臺灣杜鵑,tâi-uân-tōo-kuan,12,tâi-oân-tō͘-koan,tai5uan5too7kuan1,tai5oan5too7koan1
臺灣松梧,tâi-uân siông-ngôo,12,tâi-oân siông-ngô͘,tai5uan5siong5ngoo5,tai5oan5siong5ngoo5
臺灣玉仔,tâi-uân-gi̍k-á,12,tâi-oân-ge̍k-á,tai5uan5gik8a2,tai5oan5gek8a2
臺灣赤楊,tâi-uân-tshik-iông,12,tâi-oân-chhek-iông,tai5uan5tshik4iong5,tai5oan5chhek4iong5
臺灣鋸仔,tâi-uân-kù-á,12,tâi-oân-kù-á,tai5uan5ku3a2,tai5oan5ku3a2
花鳥走獸,hue-tsiáu-tsáu-siù,12,hoe-chiáu-cháu-siù,hue1tsiau2tsau2siu3,hoe1chiau2chau2siu3
茶米黜仔,tê-bí-thuh-á,12,tê-bí-thuh-á,te5bi2thuh4a2,te5bi2thuh4a2
草仔花窗,tshó-á-hue-thang,12,chhó-á-hoe-thang,tsho2a2hue1thang1,chho2a2hoe1thang1
葫蘆鎚仔,hôo-lôo-thuî-á,12,hô͘-lô͘-thûi-á,hoo5loo5thui5a2,hoo5loo5thui5a2
螭虎屈篆,tshi-hóo khut-tuān,12,chhi-hó͘ khut-toān,tshi1hoo2khut4tuan7,chhi1hoo2khut4toan7
豆腐角仔,tāu-hū-kak-á,12,tāu-hū-kak-á,tau7hu7kak4a2,tau7hu7kak4a2
豬油甕仔,ti-iû-àng-á,12,ti-iû-àng-á,ti1iu5ang3a2,ti1iu5ang3a2
越南松梧,ua̍t-lâm siông-ngôo,12,oa̍t-lâm siông-ngô͘,uat8lam5siong5ngoo5,oat8lam5siong5ngoo5
辦桌湯盤,pān-toh-thng-puânn,12,pān-toh-thng-pôaⁿ,pan7toh4thng1puann5,pan7toh4thng1poann5
連堵剾仔,liân-tóo-khau-á,12,liân-tó͘-khau-á,lian5too2khau1a2,lian5too2khau1a2
連座硬身,liân-tsō ngē-sin,12,liân-chō ngē-sin,lian5tso7nge7sin1,lian5cho7nge7sin1
連鏡批筒,liân-kiànn-phue-tháng,12,liân-kiàⁿ-phoe-tháng,lian5kiann3phue1thang2,lian5kiann3phoe1thang2
選竹篾仔,suán-tik-bi̍h-á,12,soán-tek-bi̍h-á,suan2tik4bih8a2,soan2tek4bih8a2
醬菜甕仔,tsiùnn-tshài-àng-á,12,chiùⁿ-chhài-àng-á,tsiunn3tshai3ang3a2,chiunn3chhai3ang3a2
金箔仔紙,kim-po̍h-á-tsuá,12,kim-po̍h-á-chóa,kim1poh8a2tsua2,kim1poh8a2choa2
金銀箔紙,kim-gîn-po̍h-tsuá,12,kim-gîn-po̍h-chóa,kim1gin5poh8tsua2,kim1gin5poh8choa2
鉛筆盒仔,iân-pit-a̍p-á,12,iân-pit-a̍p-á,ian5pit4ap8a2,ian5pit4ap8a2
鉸刀剪仔,ka-to-tsián-á,12,ka-to-chián-á,ka1to1tsian2a2,ka1to1chian2a2
鉸鍊仔機,ka-liān-á-ki,12,ka-liān-á-ki,ka1lian7a2ki1,ka1lian7a2ki1
銀花矸仔,gîn-hue-kan-á,12,gîn-hoe-kan-á,gin5hue1kan1a2,gin5hoe1kan1a2
鋸鍊仔目,kù-liān-á-ba̍k,12,kù-liān-á-ba̍k,ku3lian7a2bak8,ku3lian7a2bak8
鑿人字甲,tsha̍k-jîn-jī-kah,12,chha̍k-jîn-jī-kah,tshak8jin5ji7kah4,chhak8jin5ji7kah4
雞鵤仔車,ke-kak-á-tshia,12,ke-kak-á-chhia,ke1kak4a2tshia1,ke1kak4a2chhia1
電子磅仔,tiān-tsú-pōng-á,12,tiān-chú-pōng-á,tian7tsu2pong7a2,tian7chu2pong7a2
電解機仔,tiān-kái-ki-á,12,tiān-kái-ki-á,tian7kai2ki1a2,tian7kai2ki1a2
面桶架仔,bīn-tháng-kè-á,12,bīn-tháng-kè-á,bin7thang2ke3a2,bin7thang2ke3a2
頭毛捋仔,thâu-moo-lua̍h-á,12,thâu-mo͘-loa̍h-á,thau5moo1luah8a2,thau5moo1loah8a2
食飯桌仔,tsia̍h-pn̄g-toh-á,12,chia̍h-pn̄g-toh-á,tsiah8png7toh4a2,chiah8png7toh4a2
香港秤仔,hiong-káng-tshìn-á,12,hiong-káng-chhìn-á,hiong1kang2tshin3a2,hiong1kang2chhin3a2
香蕉剾刀,kim-tsio-khau-to,12,kim-chio-khau-to,kim1tsio1khau1to1,kim1chio1khau1to1
魚鱗片仔,hî-lân-phìnn-á,12,hî-lân-phìⁿ-á,hi5lan5phinn3a2,hi5lan5phinn3a2
麻姑獻壽,mâ-koo hiàn-siū,12,mâ-ko͘ hiàn-siū,ma5koo1hian3siu7,ma5koo1hian3siu7
黃金染料,n̂g-kim-ní-liāu,12,n̂g-kim-ní-liāu,ng5kim1ni2liau7,ng5kim1ni2liau7
點火的,tiám-hué--ê,12,tiám-hóe--ê,tiam2hue2e5,tiam2hoe2e5
茄苳,ka-tang,11,ka-tang,ka1tang1,ka1tang1
三尺的花鐘,sann-tshioh ê hue-tsing,10,saⁿ-chhioh ê hoe-cheng,sann1tshioh4e5hue1tsing1,sann1chhioh4e5hoe1cheng1
三角溫度針,sann-kak-un-tōo-tsiam,10,saⁿ-kak-un-tō͘-chiam,sann1kak4un1too7tsiam1,sann1kak4un1too7chiam1
五尺的花鐘,gōo-tshioh ê hue-tsing,10,gō͘-chhioh ê hoe-cheng,goo7tshioh4e5hue1tsing1,goo7chhioh4e5hoe1cheng1
仿古的銅鼎,hóng-kóo ê tâng-tiánn,10,hóng-kó͘ ê tâng-tiáⁿ,hong2koo2e5tang5tiann2,hong2koo2e5tang5tiann2
切割的直尺,tshiat-kuah ê ti̍t-tshioh,10,chhiat-koah ê ti̍t-chhioh,tshiat4kuah4e5tit8tshioh4,chhiat4koah4e5tit8chhioh4
剪白鐵網剪,tsián-pe̍h-thih-bāng-tsián,10,chián-pe̍h-thih-bāng-chián,tsian2peh8thih4bang7tsian2,chian2peh8thih4bang7chian2
割圓的器具,kuah-înn ê khì-kū,10,koah-îⁿ ê khì-kū,kuah4inn5e5khi3ku7,koah4inn5e5khi3ku7
厚葉石斑木,kāu-hio̍h-tsio̍h-pan-bo̍k,10,kāu-hio̍h-chio̍h-pan-bo̍k,kau7hioh8tsioh8pan1bok8,kau7hioh8chioh8pan1bok8
古早的鎖頭,kóo-tsá ê só-thâu,10,kó͘-chá ê só-thâu,koo2tsa2e5so2thau5,koo2cha2e5so2thau5
四角柱仔跤,sì-kak thiāu-á-kha,10,sì-kak thiāu-á-kha,si3kak4thiau7a2kha1,si3kak4thiau7a2kha1
塗燒的螿蜍,thôo sio ê tsiunn-tsî,10,thô͘ sio ê chiuⁿ-chî,thoo5sio1e5tsiunn1tsi5,thoo5sio1e5chiunn1chi5
奇種茶米罐,kî-tsióng tê-bí-kuàn,10,kî-chióng tê-bí-koàn,ki5tsiong2te5bi2kuan3,ki5chiong2te5bi2koan3
小型的籠床,sió-hîng ê lâng-sn̂g,10,sió-hêng ê lâng-sn̂g,sio2hing5e5lang5sng5,sio2heng5e5lang5sng5
尪仔頭模仔,ang-á-thâu-bôo-á,10,ang-á-thâu-bô͘-á,ang1a2thau5boo5a2,ang1a2thau5boo5a2
帽仔,bō-á,10,bō-á,bo7a2,bo7a2
彎角柱仔跤,uan-kak thiāu-á-kha,10,oan-kak thiāu-á-kha,uan1kak4thiau7a2kha1,oan1kak4thiau7a2kha1
彩繪錦花仔,tshái-uē-gím-hue-á,10,chhái-ōe-gím-hoe-á,tshai2ue7gim2hue1a2,chhai2oe7gim2hoe1a2
彩色的玻璃,tshái-sik-ê po-lê,10,chhái-sek-ê po-lê,tshai2sik4e5po1le5,chhai2sek4e5po1le5
戰甲人字甲,tsiàn-kah jîn-jī-kah,10,chiàn-kah jîn-jī-kah,tsian3kah4jin5ji7kah4,chian3kah4jin5ji7kah4
手巾仔,tshiú-kin-á,10,chhiú-kin-á,tshiu2kin1a2,chhiu2kin1a2
手指,tshiú-tsí,10,chhiú-chí,tshiu2tsi2,chhiu2chi2
拍空的工具,phah-khang ê kang-kū,10,phah-khang ê kang-kū,phah4khang1e5kang1ku7,phah4khang1e5kang1ku7
挑紗的戰甲,thiàu-se ê tsiàn-kah,10,thiàu-se ê chiàn-kah,thiau3se1e5tsian3kah4,thiau3se1e5chian3kah4
捲紙的鐵筆,kńg-tsuá-ê thih-pit,10,kńg-chóa-ê thih-pit,kng2tsua2e5thih4pit4,kng2choa2e5thih4pit4
摃槌仔,kòng-thuî-á,10,kòng-thûi-á,kong3thui5a2,kong3thui5a2
斧頭,póo-thâu,10,pó͘-thâu,poo2thau5,poo2thau5
時鐘,sî-tsing,10,sî-cheng,si5tsing1,si5cheng1
晟手的二鏨,tshiânn-tshiú ê jī-tsām,10,chhiâⁿ-chhiú ê jī-chām,tshiann5tshiu2e5ji7tsam7,chhiann5chhiu2e5ji7cham7
柴做的飯坩,tshâ tsò ê pn̄g-khann,10,chhâ chò ê pn̄g-khaⁿ,tsha5tso3e5png7khann1,chha5cho3e5png7khann1
柴的敲槌仔,tshâ ê khà-thuî-á,10,chhâ ê khà-thûi-á,tsha5e5kha3thui5a2,chha5e5kha3thui5a2
柴雕的劍獅,tshâ-tiau ê kiàm-sai,10,chhâ-tiau ê kiàm-sai,tsha5tiau1e5kiam3sai1,chha5tiau1e5kiam3sai1
椅條,í-liâu,10,í-liâu,i2liau5,i2liau5
楓仔樹,png-á-tshiū,10,png-á-chhiū,png1a2tshiu7,png1a2chhiu7
樟仔柴冊櫃,tsiunn-á-tshâ tsheh-kuì,10,chiuⁿ-á-chhâ chheh-kùi,tsiunn1a2tsha5tsheh4kui3,chiunn1a2chha5chheh4kui3
泉州派牽線,tsuân-tsiu-phài khan-suànn,10,choân-chiu-phài khan-sòaⁿ,tsuan5tsiu1phai3khan1suann3,choan5chiu1phai3khan1soann3
泡棉的膠帶,phàu-mî ê ka-tuà,10,phàu-mî ê ka-tòa,phau3mi5e5ka1tua3,phau3mi5e5ka1toa3
湯匙,thng-sî,10,thng-sî,thng1si5,thng1si5
火炭的熨斗,hué-thuànn ê ut-táu,10,hóe-thòaⁿ ê ut-táu,hue2thuann3e5ut4tau2,hoe2thoann3e5ut4tau2
烏枋,oo-pang,10,o͘-pang,oo1pang1,oo1pang1
烘爐,hang-lôo,10,hang-lô͘,hang1loo5,hang1loo5
玉蘭,gio̍k-lân,10,gio̍k-lân,giok8lan5,giok8lan5
玫瑰,muî-kuì,10,mûi-kùi,mui5kui3,mui5kui3
番仔火,huan-á-hué,10,hoan-á-hóe,huan1a2hue2,hoan1a2hoe2
皮鞋,phuê-ê,10,phôe-ê,phue5e5,phoe5e5
真珠,tsin-tsu,10,chin-chu,tsin1tsu1,chin1chu1
硩紙的鐵筆,teh-tsuá-ê thih-pit,10,teh-chóa-ê thih-pit,teh4tsua2e5thih4pit4,teh4choa2e5thih4pit4
硩邊的軟墊,teh-pinn ê nńg-tiām,10,teh-piⁿ ê nńg-tiām,teh4pinn1e5nng2tiam7,teh4pinn1e5nng2tiam7
磨跳舞鍊仔,buâ-thiàu-bú-liān-á,10,bôa-thiàu-bú-liān-á,bua5thiau3bu2lian7a2,boa5thiau3bu2lian7a2
神像設計圖,sîn-siōng siat-kè-tôo,10,sîn-siōng siat-kè-tô͘,sin5siong7siat4ke3too5,sin5siong7siat4ke3too5
福州派粉線,hok-tsiu-phài hún-suànn,10,hok-chiu-phài hún-sòaⁿ,hok4tsiu1phai3hun2suann3,hok4chiu1phai3hun2soann3
秤仔,tshìn-á,10,chhìn-á,tshin3a2,chhin3a2
竹編的火籠,tik-pinn-ê hué-lang,10,tek-piⁿ-ê hóe-lang,tik4pinn1e5hue2lang1,tek4pinn1e5hoe2lang1
竹編的飯擔,tik-pinn ê pn̄g-tànn,10,tek-piⁿ ê pn̄g-tàⁿ,tik4pinn1e5png7tann3,tek4pinn1e5png7tann3
簇柴灰架子,tshok-tshâ-hu-kè-á,10,chhok-chhâ-hu-kè-á,tshok4tsha5hu1ke3a2,chhok4chha5hu1ke3a2
粗胚的大鏨,tshoo-phue ê tuā-tsām,10,chho͘-phoe ê tōa-chām,tshoo1phue1e5tua7tsam7,chhoo1phoe1e5toa7cham7
粗胚的頓槌,tshoo-phue ê tǹg-thuî,10,chho͘-phoe ê tǹg-thûi,tshoo1phue1e5tng3thui5,chhoo1phoe1e5tng3thui5
純銀的秤仔,sûn-gîn-ê tshìn-á,10,sûn-gîn-ê chhìn-á,sun5gin5e5tshin3a2,sun5gin5e5chhin3a2
茄苳入石榴,ka-tang ji̍p-tsio̍h-liû,10,ka-tang ji̍p-chio̍h-liû,ka1tang1jip8tsioh8liu5,ka1tang1jip8chioh8liu5
草鞋,tsháu-ê,10,chháu-ê,tshau2e5,chhau2e5
菜刀,tshài-to,10,chhài-to,tshai3to1,chhai3to1
調味的架仔,tiâu-bī ê kè-á,10,tiâu-bī ê kè-á,tiau5bi7e5ke3a2,tiau5bi7e5ke3a2
鉸刀,ka-to,10,ka-to,ka1to1,ka1to1
銅雕的祥獸,tâng-tiau ê siông-siù,10,tâng-tiau ê siông-siù,tang5tiau1e5siong5siu3,tang5tiau1e5siong5siu3
鋸仔,kì-á,10,kì-á,ki3a2,ki3a2
鋸齒的剪刀,kì-khí ê ka-to,10,kì-khí ê ka-to,ki3khi2e5ka1to1,ki3khi2e5ka1to1
鐵線,thih-suànn,10,thih-sòaⁿ,thih4suann3,thih4soann3
鶯歌的箸籠,ing-ko ê tī-lāng,10,eng-ko ê tī-lāng,ing1ko1e5ti7lang7,eng1ko1e5ti7lang7
枇杷,gî-pê,2,gî-pê,gi5pe5,gi5pe5
楊梅,iûnn-muî,2,iûⁿ-mûi,iunn5mui5,iunn5mui5
剪絨,tsián-jiông,1,chián-jiông,tsian2jiong5,chian2jiong5
太師椅,thài-su-í,1,thài-su-í,thai3su1i2,thai3su1i2
暗號,àm-hō,1,àm-hō,am3ho7,am3ho7
水族,tsuí-tso̍k,1,chúi-cho̍k,tsui2tsok8,chui2chok8
水晶,tsuí-tsinn,1,chúi-chiⁿ,tsui2tsinn1,chui2chinn1
洞簫,tōng-siau,1,tōng-siau,tong7siau1,tong7siau1
火炭,hué-thuànn,1,hóe-thòaⁿ,hue2thuann3,hoe2thoann3
牌匾,pâi-pián,1,pâi-pián,pai5pian2,pai5pian2
牡丹,bóo-tan,1,bó͘-tan,boo2tan1,boo2tan1
甕仔,àng-á,1,àng-á,ang3a2,ang3a2
石榴,tsio̍h-liû,1,chio̍h-liû,tsioh8liu5,chioh8liu5
石獅,tsio̍h-sai,1,chio̍h-sai,tsioh8sai1,chioh8sai1
磅子,pōng-tsí,1,pōng-chí,pong7tsi2,pong7chi2
秤錘,tshìn-thuî,1,chhìn-thûi,tshin3thui5,chhin3thui5
算盤,sǹg-puânn,1,sǹg-pôaⁿ,sng3puann5,sng3poann5
米酒,bí-tsiú,1,bí-chiú,bi2tsiu2,bi2chiu2
糊仔,kôo-á,1,kô͘-á,koo5a2,koo5a2
翼股,si̍t-kóo,1,si̍t-kó͘,sit8koo2,sit8koo2
葫蘆,hôo-lôo,1,hô͘-lô͘,hoo5loo5,hoo5loo5
葵扇,khuê-sìnn,1,khôe-sìⁿ,khue5sinn3,khoe5sinn3
薯榔,tsû-nn̂g,1,chû-nn̂g,tsu5nng5,chu5nng5
蝴蝶,ôo-tia̍p,1,ô͘-tia̍p,oo5tiap8,oo5tiap8
雞籠,ke-lang,1,ke-lang,ke1lang1,ke1lang1
風調雨順,hong-tiâu-ú-sūn,1,hong-tiâu-ú-sūn,hong1tiau5u2sun7,hong1tiau5u2sun7
飯匙,pn̄g-sî,1,pn̄g-sî,png7si5,png7si5
飯篱,pn̄g-lē,1,pn̄g-lē,png7le7,png7le7
鹿仔,lo̍k-á,1,lo̍k-á,lok8a2,lok8a2
麒麟,kî-lîn,1,kî-lîn,ki5lin5,ki5lin5
麥芽膏,be̍h-gê-ko,1,be̍h-gê-ko,beh8ge5ko1,beh8ge5ko1
麻布,muâ-pòo,1,môa-pò͘,mua5poo3,moa5poo3
𥴊壺仔,kám-ôo-á,1,kám-ô͘-á,kam2oo5a2,kam2oo5a2
