tl,hanzi,frequency
tê,茶,3426
liân,蓮,999
kiunn,薑,400
tîn,藤,350
tōo,杜,300
sam,杉,200
tsang,棕,200
tsiunn,樟,200
tshat,漆,150
tshîng,松,100
tshîng,榕,100
pin-nn̂g,檳榔,100
phuē,稗,100
kiô,茄,100
tshài-thâu,菜頭,100
gû-lin,牛乳,50
hiānn,艾,50
hò,荷,50
sann-khak,三麴,25
khu-phiô,丘萍,25
tiong-iū,中柚,25
káu-tsô,九槽,25
kiú-kiong,九芎,25
lin-tsháu,乳草,25
lin-tîn,乳藤,25
kan-kuah,乾葛,25
a-sam,亞杉,25
jîn-kí,仁𣏌,25
hu̍t-siú,佛手,25
tshik-peh,側柏,25
pueh-kak,八角,25
phànn-khīng,冇柏,25
phànn-kuì,冇桂,25
phànn-tsiunn,冇樟,25
tshì-á,刺仔,25
tshì-keh,刺格,25
tshì-tông,刺桐,25
tshì-lâm,刺楠,25
tshì-tik,刺竹,25
tshì-kiô,刺茄,25
tshì-tsháu,刺草,25
tshì-hīng,刺莧,25
tshì-tshang,刺葱,25
tshì-soo,刺蒐,25
pak-tsio,北蕉,25
puàn-hā,半夏,25
kńg-peh,卷柏,25
kāu-khak,厚殼,25
siong-lio̍k,商陸,25
siān-po̍k,善薄,25
tshuì-tsháu,嘴草,25
phùn-seh,噴雪,25
thóo-sam,土杉,25
thóo-lâm,土楠,25
thóo-tsiunn,土樟,25
thóo-hun,土烟,25
thóo-hun,土煙,25
thóo-ho̍k,土茯,25
thôo-hiunn,土香,25
tē-ting,地丁,25
suî-liú,垂柳,25
poo-lûn,埔崙,25
poo-tiū,埔稻,25
hē-bê,夏粥,25
iā-ha̍p,夜合,25
tuā-phànn,大冇,25
tuā-tsó,大棗,25
tuā-tshinn,大菁,25
tuā-tshài,大菜,25
tuā-phiô,大萍,25
tuā-be̍h,大麥,25
thian-tsháu,天草,25
siā-kan,射干,25
sió-tshinn,小菁,25
sió-be̍h,小麥,25
suann-nai,山奈,25
suann-sam,山杉,25
suann-khīng,山柏,25
suann-khī,山柿,25
suann-lâi,山梨,25
suann-tsang,山棕,25
suann-tshîng,山榕,25
suann-tshat,山漆,25
suann-tê,山茶,25
suann-tshinn,山菁,25
suann-kiok,山菊,25
suann-muâ,山麻,25
tshuan-tshit,川七,25
pa-tau,巴豆,25
pa-tāu,巴豆,25
tshī-tshang,市葱,25
pòo-kiunn,布姜,25
siông-san,常山,25
nî-kam,年柑,25
kóng-á,廣仔,25
gōng-tshiū,戇樹,25
tshiú-io̍h,手藥,25
pat-á,扒仔,25
tánn-tsio,打招,25
buah-tsháu,抹草,25
iông-phoo,揚波,25
phang-kuì,攀桂,25
táu-iū,斗柚,25
táu-lo̍k,斗鹿,25
tsá-iū,早柚,25
bān-iū,晚柚,25
ge̍h-thô,月桃,25
bo̍k-ha̍k,木斛,25
bo̍k-kua,木瓜,25
ba̍k-lô,木羅,25
ba̍k-hiunn,木香,25
pún-tsiunn,本樟,25
pún-tshinn,本菁,25
kuann-á,杆仔,25
lí-á,李仔,25
tōo-á,杜仔,25
siông-ngôo,松梧,25
siông-lô,松蘿,25
tsí-á,枳仔,25
tsí-poo,枳枯,25
khīng-á,柏仔,25
kho-á,柯仔,25
kua-thôo,柯土,25
kho-si,柯絲,25
tshâ-ôo,柴胡,25
khī-kôo,柿糊,25
káu-la̍t,校栗,25
káu-tsan,校櫕,25
kuì-ki,桂枝,25
kuì-tik,桂竹,25
kuì-hue,桂花,25
thô-jîn,桃仁,25
thô-tik,桃竹,25
kong-lông,桄榔,25
song-tshiū,桑樹,25
tháng-kam,桶柑,25
ngôo-tông,梧桐,25
mî-la̍t,棉栗,25
tsó-á,棗仔,25
iâ-phiô,椰瓢,25
iông-muâi,楊梅,25
phng-siū,楓樹,25
lâm-á,楠仔,25
tshîng-tshiū,榕樹,25
tsiunn-gû,樟牛,25
tshiū-lân,樹蘭,25
tshiū-tāu,樹豆,25
tshiū-tshinn,樹青,25
tshiū-lîng,樹龍,25
ting-tông,橙桐,25
ting-lân,橙欄,25
tuânn-hiunn,檀香,25
tâi-á,檯仔,25
luân-tshiū,欒樹,25
lám-jîn,欖仁,25
tsí-kiong,止宮,25
tsiànn-tshîng,正榕,25
khak-tshài,殼菜,25
mô-khī,毛柿,25
kiû-lân,毬蘭,25
tsuí-kam,水柑,25
tsuí-liú,水柳,25
tsuí-tsik,水燭,25
tsuí-tîn,水籐,25
tsuí-ōo,水芋,25
tsuí-kiô,水茄,25
tsuí-tsháu,水草,25
iû-bo̍k,油木,25
iû-sam,油杉,25
iû-tshîng,油杉,25
iû-kam,油柑,25
iû-tê,油茶,25
iû-muâ,油麻,25
hái-tông,海棠,25
lîm-lî,淋漓,25
tām-tik,淡竹,25
siap-lâi,澁梨,25
siap-hio̍h,澁葉,25
ti̍k-lân,澤蘭,25
oo-sam,烏杉,25
oo-tshîng,烏榕,25
oo-tāu,烏豆,25
oo-muâ,烏麻,25
hun-tsháu,煙草,25
nuā-sim,爛心,25
gû-tsiunn,牛樟,25
giû-tshik,牛膝,25
káu-tsit,狗脊,25
bíng-tshiū,猛樹,25
to̍k-hua̍t,獨活,25
giô-tsí,玉枳,25
tinn-kiat,甜橘,25
tinn-tshài,甜菜,25
tinn-be̍h,甜麥,25
tshinn-kiunn,生姜,25
tshân-tshinn,田菁,25
tshân-tsû,田薯,25
pe̍h-á,白仔,25
pe̍h-mn̂g,白們,25
pe̍h-pû,白匏,25
pe̍h-khing,白柏,25
pe̍h-tông,白桐,25
pe̍h-muî,白梅,25
pe̍h-tshîng,白榕,25
pe̍h-tshiū,白樹,25
pe̍h-tāu,白豆,25
pe̍h-gûn,白銀,25
pe̍h-lîn,白隣,25
pe̍h-muâ,白麻,25
tsinn-tik,矢竹,25
tsio̍h-kiàm,石劍,25
tsio̍h-phok,石博,25
tsio̍h-ge̍h,石月,25
tsio̍h-tshîng,石松,25
tsio̍h-lîng,石柃,25
tsio̍h-liú,石柳,25
sia̍h-liû,石榴,25
tsio̍h-tsu,石櫧,25
tsio̍h-siap,石澁,25
tsio̍h-tik,石竹,25
tsio̍h-tsû,石薯,25
bé-tsî,碼薯,25
bō-tsháu,磨草,25
kî-gāi,祈艾,25
siù-ing,秀英,25
tshiu-lân,秋蘭,25
tiû-á,稠仔,25
tsang-bo̍k,稯木,25
tik-peh,竹柏,25
tsìnn-tik,箭竹,25
bí-tāu,米豆,25
hun-tsio,粉蕉,25
phoh-á,粕仔,25
kôo-thu,糊樗,25
khong-lông,糠榔,25
âng-sam,紅杉,25
âng-kam,紅柑,25
âng-tshâ,紅柴,25
âng-tsó,紅棗,25
âng-tām,紅淡,25
âng-tsu,紅珠,25
âng-phê,紅皮,25
âng-tik,紅竹,25
âng-phiô,紅萍,25
sò-sim,素心,25
sòo-hiunn,素香,25
tsú-tuânn,紫檀,25
sè-sin,細辛,25
si-kue,絲瓜,25
li̍k-tsiunn,綠樟,25
lik-tik,綠竹,25
eng-be̍h,罌麥,25
iûnn-tāu,羊豆,25
bah-tāu,肉豆,25
siau-lâm,肖楠,25
ho-tsio,胡椒,25
la̍h-tshì,臘刺,25
tshàu-hīng,臭杏,25
tshàu-tsiunn,臭樟,25
tshàu-kue,臭瓜,25
tsi-muâ,芝麻,25
hue-tshó,花草,25
khóo-thu,苦株,25
khóo-līng,苦楝,25
khóo-tê,苦茶,25
khóo-muâ,苦麻,25
thú-muâ,苧麻,25
bak-nī,茉莉,25
huê-hiunn,茴香,25
tê-muî,茶梅,25
tê-lân,茶蘭,25
tang-o,茼萵,25
tsháu-se,草紗,25
hò-siū,荷樹,25
kuann-bâng,菅芒,25
kak-hue,菊花,25
tshong-pô,菖蒲,25
tshài-hue,菜花,25
tshài-tāu,菜豆,25
lâi-ho̍k,萊菔,25
suan-á,萱仔,25
pián-thiok,萹蓄,25
kuah-tsû,葛薯,25
kuah-tîn,葛藤,25
pôo-kuî,蒲葵,25
tsi̍t-lê,蒺藜,25
tshio̍h-tsháu,蓆草,25
pi-muâ,蓖麻,25
thong-tshó,蓪草,25
lô-tîn,蔞藤,25
muâ-á,蔴仔,25
muâ-tik,蔴竹,25
tshì-muî,蕀梅,25
huan-kam,蕃柑,25
huan-hue,蕃花,25
huan-tshinn,蕃菁,25
huan-kiunn,蕃薑,25
huan-be̍h,蕃麥,25
huan-sué,蕃黍,25
kiô-be̍h,蕎麥,25
lōo-tîn,蕗藤,25
keh-niau,蕨猫,25
po̍h-phê,薄皮,25
po̍h-ho,薄荷,25
kiunn-n̂g,薑黃,25
tsû-táu,薯斗,25
tsû-tāu,薯豆,25
tîn-tsû,藤薯,25
io̍h-hóo,藥虎,25
lōo-sué,蘆黍,25
soo-bo̍k,蘇木,25
soo-thih,蘇鐵,25
pîn-pô,蘋婆,25
hóo-tshì,虎刺,25
tsuâ-pô,蛇婆,25
tsuâ-pho,蛇波,25
bit-iū,蜜柚,25
pián-tsiong,蝙章,25
hê-bé,蝦尾,25
ia̍h-lân,蝶蘭,25
thâng-sái,蟲屎,25
tsîm-tshài,蟳菜,25
tshâm-tāu,蠶豆,25
huih-tông,血桐,25
huih-tîn,血藤,25
kak-tshài,角菜,25
tāu-hóo,豆虎,25
kòng-á,貢仔,25
kuàn-tsiòng,貫眾,25
tshiah-ko,赤柯,25
tshiah-kua,赤柯,25
tshiah-káu,赤校,25
tshiah-iông,赤榕,25
tshiah-phê,赤皮,25
tshiah-lân,赤蘭,25
tshiah-liû,赤鱗,25
uán-tsì,遠志,25
sng-kiat,酸橘,25
sng-tìn,酸藤,25
kim-kam,金柑,25
kim-tsuánn,金盞,25
kim-sún,金筍,25
kim-ing,金英,25
kau-tîn,鈎藤,25
kau-tîn,鉤藤,25
thih-á,鐵仔,25
thih-tshiū,鐵樹,25
hông-kí,防巳,25
hông-hong,防風,25
kue-bâi,雞眉,25
seh-kam,雪柑,25
tshinn-tông,青桐,25
tshinn-png,青楓,25
tshi-siunn,青箱,25
tshinn-o,青荷,25
tshinn-phiô,青萍,25
hong-tîn,風藤,25
hong-kóo,風鼓,25
hiunn-sam,香杉,25
hiong-kó,香果,25
hiunn-kam,香柑,25
hiunn-iū,香柚,25
hiunn-kuì,香桂,25
phang-lâi,香梨,25
hiunn-lâm,香楠,25
hiunn-jû,香榆,25
hiong-iân,香櫞,25
hiunn-hû,香符,25
phang-hue,香花,25
hiong-jû,香茹,25
hiunn-tsháu,香草,25
phang-tsháu,香草,25
ko-pue,高杯,25
hî-tîn,魚藤,25
tsiáu-lâi,鳥梨,25
tsiáu-tshîng,鳥榕,25
tsiáu-tsiunn,鳥樟,25
kue-kè,鷄冠,25
kue-iû,鷄油,25
kue-bâi,鷄眉,25
iâm-pô,鹽婆,25
lo̍k-pn̄g,鹿飯,25
be̍h-á,麥仔,25
bi̍k-tshong,麥葱,25
n̂g-peh,黃柏,25
n̂g-kam,黃柑,25
n̂g-kun,黃根,25
n̂g-tsuí,黃槿,25
n̂g-kú,黃櫸,25
n̂g-phî,黃皮,25
n̂g-tîn,黃籐,25
n̂g-sik,黃粟,25
n̂g-tîn,黃藤,25
n̂g-muâ,黃麻,25
n̂g-kí,黃𣏌,25
sué-á,黍仔,25
tshú-khak,鼠麴,25
kí-thok,齒托,25
ku-hue,龜花,25
ōng-lâi,𦬬萊,25
it-ki-hiunn,一枝香,16
it-tiám-hông,一點紅,16
tshit-hōo-liân,七厚蓮,16
tshit-tshùn-kim,七寸金,16
tshit-ji̍t-n̄g,七日暈,16
tshit-lí-hiong,七星香,16
tshit-hio̍h-liân,七葉蓮,16
tshit-lí-hiong,七里香,16
sann-pán-to,三版刀,16
sann-hī-tsháu,三耳草,16
sann-kha-ting,三脚丁,16
sann-kha-pia̍t,三脚別,16
sann-kha-tiāu,三脚掉,16
sann-kha-phî,三脚皮,16
sann-kha-hóo,三脚虎,16
sann-kha-pih,三脚鼈,16
sann-kha-puà,三角破,16
sann-kha-pih,三角鼈,16
sann-pih-pí,三鼈比,16
put-liû-hîng,不留行,16
m̄-kiann-king,不驚經,16
m̄-kiann-tê,不驚茶,16
tshǹg-phīnn-lîng,串鼻龍,16
kiú-kiong-kū,九芎舅,16
káu-tîng-tshe,九重吹,16
khit-tshia̍h-uánn,乞食碗,16
lin-á-tsháu,乳仔草,16
gōo-the̍h-kiô,五宅茄,16
gōo-kun-tsháu,五根草,16
ngóo-jiáu-jiông,五爪絨,16
ngóo-jiáu-lîng,五爪龍,16
gōo-kha-lí,五脚里,16
góo-lîng-lân,五龍蘭,16
tsínn-pinn-tsháu,井邊草,16
jîn-biān-tik,人面竹,16
jîn-tshì-tshang,仁刺葱,16
sian-pa-tsiúnn,仙巴掌,16
hô-siú-oo,何首烏,16
hu̍t-thâu-kó,佛頭果,16
sù-kun-tsú,使君子,16
tó-tuē-kióng,倒地拱,16
tó-tuē-lîng,倒地柃,16
tó-kî-lîn,倒麒麟,16
siong-si̍t-tsháu,傷食草,16
guân-siau-kam,元宵柑,16
thòo-á-tshài,兔仔草,16
thòo-hī-tsháu,兔耳草,16
lāi-tang-tsí,內冬子,16
pat-kuà-tsháu,八卦草,16
pueh-kak-á,八角仔,16
pueh-kak-liân,八角蓮,16
kong-sun-kiat,公孫橘,16
la̍k-ge̍h-seh,六月雪,16
la̍k-liàm-á,六棯仔,16
la̍k-kiám-á,六檢仔,16
la̍k-kak-ing,六角英,16
la̍k-kak-tsháu,六角草,16
tsài-sing-kiat,再生橘,16
líng-pn̄g-tîn,冷飯藤,16
tshìn-pn̄g-tîn,凊飯藤,16
tshut-sing-láu,出生老,16
to-siong-tsháu,刀傷草,16
tò-kè-tsháu,到繼草,16
tshì-tōo-bi̍t,刺杜蜜,16
tshì-kam-á,刺柑仔,16
tshì-keh-á,刺格仔,16
tshì-kiû-hue,刺毬花,16
tshì-tshang-tshiū,刺葱樹,16
tsián-jiông-hue,剪絨花,16
ka-ji̍p-kū,加入舅,16
ka-po̍h-mî,加薄棉,16
sip-lí-hiong,十里香,16
tshian-kun-puih,千斤拔,16
tshian-lí-kong,千里光,16
gōo-sî-tsháu,午時草,16
lâm-hong-tsháu,南風草,16
kāu-khak-á,厚殼仔,16
kau-khak-kuì,厚殼桂,16
sim-á-hio̍h,參仔葉,16
kháu-kha-á,口脚仔,16
kóo-gua̍t-kun,古月根,16
tông-tī-tsháu,同治草,16
hiòng-thian-tsuánn,向天盞,16
hiòng-thian-hông,向天黃,16
kā-lâng-niau,咬人猫,16
hâm-hong-tsháu,咸豐草,16
to-nî-á,哆哖仔,16
lā-lí-á,嘮哩仔,16
sù-kuì-tshun,四季春,16
sù-kuì-kiat,四季橘,16
sù-sî-tshun,四時春,16
sù-bí-tsháu,四米草,16
sì-hio̍h-tshài,四葉菜,16
sì-hio̍h-liân,四葉蓮,16
înn-á-hue,圓仔花,16
înn-tshài-thâu,圓菜頭,16
thóo-puàn-hā,土半夏,16
thóo-tshuan-nî,土川連,16
thóo-tîm-hiunn,土沈香,16
thóo-giû-tshit,土牛七,16
thóo-jio̍k-kuì,土肉桂,16
thóo-ho̍k-lîng,土茯苓,16
thôo-tāu-kū,土豆舅,16
tuē-giâ-kang,地蜈蚣,16
tē-kut-phî,地骨皮,16
poo-lûn-á,埔崙仔,16
poo-pit-á,埔筆仔,16
poo-tsháu-iūnn,埔草樣,16
poo-iâm-á,埔鹽仔,16
hē-koo-tsháu,夏枯草,16
hâ-phî-lâm,夏皮楠,16
tāi-ting-hông,大丁黃,16
tuā-phànn-tshiū,大冇樹,16
tuā-huê-hûn,大回魂,16
tuā-gōng-tshiū,大戇樹,16
tuā-táu-iū,大斗柚,16
tuā-phànn-tshiū,大有樹,16
tuā-tsuí-phiô,大水萍,16
tāi-kah-tsháu,大甲草,16
tuā-pe̍h-hue,大白花,16
tuā-âng-sim,大紅心,16
tuā-âng-hue,大紅花,16
tuā-huan-hûn,大翻魂,16
tuā-hio̍h-phànn,大葉冇,16
tuā-hio̍h-tōo,大葉杜,16
tuā-hio̍h-lâm,大葉楠,16
tuā-phû-tô,大葡萄,16
tuā-thè-hông,大退癀,16
tuā-kim-ing,大金英,16
tuā-thâu-tê,大頭茶,16
tuā-thâu-tshang,大頭葱,16
tuā-hong-tsháu,大風草,16
tuā-hong-tîn,大風藤,16
tāi-hông-tsháu,大黃草,16
thian-lâm-sing,天南星,16
thian-bûn-tong,天門冬,16
kip-tik-thô,夾竹桃,16
ko-pô-ōo,姑婆芋,16
ui-lîng-sian,威靈仙,16
bēng-tsong-tik,孟宗竹,16
tīng-king-tsháu,定經草,16
gî-hoo-tuan,宜呼端,16
hu-kuì-tāu,富貴豆,16
sió-lé-hue,小禮花,16
sió-huan-hûn,小翻魂,16
sió-kim-ing,小金英,16
tsiam-bé-hong,尖尾峯,16
tsiam-bé-hong,尖尾風,16
bé-ia̍h-hue,尾蝶花,16
suann-siann-tsa,山仙查,16
suann-tshì-kue,山刺瓜,16
suann-sù-ing,山四英,16
suann-thôo-tāu,山土豆,16
suann-poo-kiunn,山埔姜,16
suann-poo-iâm,山埔鹽,16
suann-pòo-tsí,山布子,16
suann-tang-iū,山東柚,16
suann-gî-pê,山枇杷,16
suann-nâ-tâu,山林投,16
suann-kam-á,山柑仔,16
suann-iū-á,山柚仔,16
suann-kun-lîng,山根龍,16
suann-kuì-hue,山桂花,16
suann-suāinn-á,山檨仔,16
suann-pin-nn̂g,山檳榔,16
suann-eng-thô,山櫻桃,16
suann-tsuí-liú,山水柳,16
suann-ti̍k-lân,山澤蘭,16
suann-hun-tsháu,山煙草,16
suann-gû-lin,山牛乳,16
suann-ti-kê,山猪枷,16
suann-ti-bah,山猪肉,16
suann-ti-kuann,山猪肝,16
suann-kue-tshài,山瓜菜,16
suann-pe̍h-tshài,山白菜,16
suann-bé-tsî,山碼薯,16
suann-âng-be̍h,山紅麥,16
suann-sòo-ing,山素英,16
suann-tsí-soo,山紫蘇,16
suann-iûnn-sái,山羊屎,16
suann-iûnn-hī,山羊耳,16
suann-jio̍k-kuì,山肉桂,16
suann-bah-tāu,山肉豆,16
suann-ho-tsio,山胡椒,16
suann-tshàu-tsiunn,山臭樟,16
suann-king-tsio,山芎蕉,16
suann-phû-iông,山芙蓉,16
suann-kuà-tshài,山芥菜,16
suann-khóo-līng,山苦楝,16
suann-khóo-kue,山苦瓜,16
suann-tê-á,山茶仔,16
suann-hīng-tshài,山莕菜,16
suann-kuann-lân,山菅蘭,16
suann-tshài-tāu,山菜豆,16
suann-pe-lîng,山菠薐,16
suann-kuah-tshài,山葛菜,16
suann-phû-tô,山葡萄,16
suann-suàn-thâu,山蒜頭,16
suann-neh-kiau,山蕨猫,16
suann-io̍k-tsû,山藥薯,16
suann-ti-bah,山豬肉,16
suann-tsha̍t-á,山賊仔,16
suann-hiunn-înn,山香圓,16
suann-bé-tê,山馬茶,16
suann-bé-tê,山馬蹄,16
suann-tsiáu-tsiunn,山鳥樟,16
suann-iâm-tshinn,山鹽菁,16
suann-iâm-sng,山鹽酸,16
suann-n̂g-kinn,山黃梔,16
suann-iûnn-muâ,山黃麻,16
suann-gîng-gíng,山龍眼,16
pòo-pòo-oo,布布烏,16
pòo-kut-siau,布骨梢,16
sai-kong-giang,師公銒,16
siông-san-nî,常山尼,16
siông-san-tshiū,常山樹,16
bō-á-tún,帽仔盾,16
liân-siau-kam,年宵柑,16
kóng-hio̍h-sam,廣葉杉,16
sim-kong-tsháu,心廣草,16
jím-tang-tîn,忍冬藤,16
ò-giô-tsí,愛玉子,16
gōng-gōng-tsháu,戇戇草,16
phah-bóo-tshài,打妻菜,16
khînn-piah-tîn,扲壁藤,16
hû-song-hue,扶桑花,16
liam-la̍t-á,拈力仔,16
tsńg-kah-hue,指甲花,16
sàu-tshiú-tsháu,掃箒草,16
tuah-phīnn-tsháu,掇鼻草,16
tsiap-kut-tang,接骨筒,16
tsiap-kut-tsháu,接骨草,16
tshuah-phīnn-tsháu,擦鼻草,16
bûn-tsu-lân,文珠蘭,16
bûn-thâu-ké,文頭菓,16
ji̍t-ji̍t-tshun,日日春,16
tsá-liân-tsháu,早蓮草,16
ge̍h-lâi-hiong,月來香,16
ba̍k-lông-tshiū,木浪樹,16
bo̍k-tsi̍k-tsháu,木賊草,16
bo̍k-muâ-hông,木麻黃,16
bo̍k-pih-tsú,木鼈子,16
tsu-tsú-tsháu,朱子草,16
phoh-á-tsháu,朴仔草,16
kuann-á-phê,杆仔皮,16
tōo-bi̍t-tshiū,杜蜜樹,16
siông-lô-tōo,松蘿杜,16
nâ-tâu-koo,林投菰,16
koo-lí-tin,枯里珍,16
khīng-á-tshiū,柏仔樹,16
liú-á-hông,柳仔黃,16
liú-hio̍h-kiô,柳葉茄,16
tshâ-tsńg-kah,柴指甲,16
khī-kôo-bo̍k,柿糊木,16
tshe-thâu-hîng,栖頭恒,16
kuì-tik-á,桂竹仔,16
tông-tsi-tshiū,桐子樹,16
tông-tsí-tshiū,桐子樹,16
sng-tsâi-á,桑材仔,16
tháng-kau-tîn,桶鈎藤,16
kak-á-tik,桷仔竹,16
iûnn-muî-thô,楊梅桃,16
se-tsí-á,樨枳仔,16
tshiū-tsí-á,樹子仔,16
tshiū-tsháu-liân,樹草蓮,16
lám-jîn-kū,欖仁舅,16
bú-hia-tîn,武靴藤,16
mn̂g-tsiong-kun,毛將軍,16
mô-khī-keh,毛柿格,16
tsuí-ting-hiunn,水丁香,16
tsuí-ting-hông,水丁黃,16
tsuí-sian-hue,水仙花,16
tsuí-tang-kue,水冬瓜,16
tsuí-to-nî,水刀連,16
tsuí-kho-á,水柯仔,16
tsuí-liú-á,水柳仔,16
tsuí-liú-kho,水柳柯,16
tsuí-kang-lîng,水江龍,16
tsuí-liû-kho,水流柯,16
tsuí-pit-á,水筆仔,16
tsuí-kóng-sim,水管心,16
tsuí-khûn-tshài,水芹菜,16
tsuí-khûn-tshái,水芹菜,16
tsuí-ka-tang,水茄苳,16
tsuí-láu-tsháu,水荖草,16
tsuí-liân-hue,水蓮花,16
tsuí-lôo-tik,水蘆竹,16
tsuí-kòng-á,水貢仔,16
tsuí-tsha̍t-á,水賊仔,16
tsuí-kim-tiānn,水金定,16
tsiú-gím-hue,水錦花,16
tsuí-hûn-á,水魂仔,16
tsuí-kue-iû,水鷄油,16
tsuí-iâm-sng,水鹽酸,16
iû-tông-tshiū,油桐樹,16
iû-tê-tshiū,油茶樹,16
iû-hio̍h-lâm,油葉楠,16
iû-hio̍h-tê,油葉茶,16
hái-poo-kiunn,海埔姜,16
hái-lâi-kam,海梨柑,16
hái-suāinn-á,海檨仔,16
hái-iông-phoo,海洋波,16
hái-ka-tang,海茄苳,16
hái-ka-tîn,海茄藤,16
tshing-bîng-tsháu,清明草,16
un-tsiu-sam,溫州杉,16
muá-thian-sing,滿天星,16
muá-suann-âng,滿山紅,16
tshat-tshit-tshiū,漆七樹,16
tsiunn-linn-á,漿乳仔,16
siap-á-tshiū,澁仔樹,16
te̍k-lân-tsháu,澤蘭草,16
hé-sio-kua,火燒柯,16
hé-kn̂g-tik,火管竹,16
phàu-á-tsháu,炮仔草,16
uî-hōo-sian,為候仙,16
oo-á-tshài,烏仔菜,16
oo-tshì-á,烏刺仔,16
oo-tshì-kiô,烏刺茄,16
oo-tsí-kiô,烏子茄,16
oo-sim-tsio̍h,烏心石,16
oo-tshâi-á,烏材仔,16
oo-tshâi-khī,烏材柿,16
oo-kam-á,烏柑仔,16
oo-hun-hue,烏煙花,16
oo-tshân-oo,烏田烏,16
oo-phê-tê,烏皮茶,16
oo-tik-á,烏竹仔,16
oo-hio̍h-iū,烏葉柚,16
oo-kue-bú,烏雞母,16
oo-bīn-bé,烏面馬,16
oo-hî-hue,烏魚花,16
oo-kue-kut,烏鷄骨,16
bô-kun-tsháu,無根草,16
bû-hua-kô,無花果,16
bô-thâu-hiunn,無頭香,16
ting-á-tsháu,燈仔草,16
ting-sim-tsháu,燈心草,16
ting-phing-á,燈秤仔,16
ting-phîng-hue,燈秤花,16
ting-tshing-hue,燈稱花,16
nuānn-sim-bo̍k,爛心木,16
gû-lin-pông,牛乳房,16
gû-lin-tshiū,牛乳樹,16
gû-sái-tê,牛屎茶,16
giû-sim-lâi,牛心梨,16
gû-kak-uai,牛角歪,16
gû-kak-hue,牛角花,16
gû-tùn-tsháu,牛頓草,16
gû-kut-á,牛骨仔,16
gû-tsang-tshì,牛鬃刺,16
luê-piah-tshì,犁壁刺,16
luê-piah-tsháu,犁壁草,16
luê-piah-tîn,犁壁藤,16
káu-bé-tsháu,狗尾草,16
káu-sái-kue,狗屎瓜,16
káu-lia̍p-bí,狗粒米,16
káu-kha-tuê,狗腳蹄,16
káu-kut-á,狗骨仔,16
káu-kut-siau,狗骨消,16
ti-bú-lin,猪母乳,16
ti-bú-tsháu,猪母草,16
ti-kha-lâm,猪脚楠,16
kâu-huann-hí,猴歡喜,16
ông-put-liû,王不留,16
tin-tiong-pit,珍中筆,16
tsu-á-tsháu,珠仔草,16
pan-tsi-tshiū,班芝樹,16
liû-kiû-tik,琉球竹,16
kue-tsi-tsháu,瓜子草,16
ìng-tshài-hông,甕菜黃,16
kam-a-bi̍t,甘仔蜜,16
kam-á-bìt,甘仔蜜,16
tinn-á-puânn,甜仔盤,16
tshinn-to-tsháu,生刀草,16
tshinn-to-io̍h,生刀藥,16
tshinn-ki-hiunn,生支香,16
tshân-oo-tsháu,田烏草,16
tshân-ōo-á,田芋仔,16
tshân-pinn-tsháu,田邊草,16
tshân-hiunn-tsháu,田香草,16
ting-khiā-u,登竪杇,16
ting-lông-tsháu,登郎草,16
pe̍h-kî-tshun,白其春,16
pe̍h-pû-á,白匏仔,16
pe̍h-kāu-phoh,白厚朴,16
pe̍h-poo-kiunn,白埔姜,16
pe̍h-khun-tsháu,白昆草,16
pe̍h-tshîng-peh,白松柏,16
pe̍h-káu-tsan,白校櫕,16
pe̍h-tshiū-á,白樹仔,16
pe̍h-sia̍h-liû,白石榴,16
pe̍h-tsí-soo,白紫蘇,16
pe̍h-bah-iū,白肉柚,16
pe̍h-bah-tshîng,白肉榕,16
pe̍h-bah-tāu,白肉豆,16
pe̍h-hue-tsháu,白花草,16
pe̍h-khóo-thiāu,白苦柱,16
pe̍h-kiok-hue,白菊花,16
pe̍h-pi-sián,白萆蘚,16
pe̍h-hio̍h-ē,白葉下,16
pe̍h-hio̍h-á,白葉仔,16
pe̍h-hio̍h-iū,白葉柚,16
pe̍h-tsi̍t-lê,白蒺藜,16
peh-tsû-nn̂g,白薯榔,16
pe̍h-hiong-hù,白香附,16
pe̍h-bé-sái,白馬屎,16
pe̍h-hōng-tshài,白鳳菜,16
pe̍h-kue-kè,白鷄冠,16
pe̍h-kue-iû,白鷄油,16
pah-ji̍t-tsháu,百日草,16
pah-jit-tshinn,百日青,16
hông-tè-tāu,皇帝豆,16
ah-bú-tsháu,益母草,16
hiong-si-siū,相思樹,16
siunn-su-tsháu,相思草,16
tsin-hong-tîn,真風藤,16
tsìnn-tik-á,矢竹仔,16
tsio̍h-lîng-kū,石柃舅,16
tsio̍h-tsu-á,石珠仔,16
tsio̍h-tik-á,石竹仔,16
tsio̍h-tshiong-pô,石菖蒲,16
tsio̍h-tshiong-pôo,石菖蒲,16
tsio̍h-thâu-iū,石頭柚,16
phuà-pòo-tsí,破布子,16
phuà-pòo-bo̍k,破布木,16
uánn-kong-hue,碗公花,16
uánn-lîng-tshiū,碗龍樹,16
mn̂g-huē-bak,磅蟹目,16
mn̂g-huē-tsháu,磅蟹草,16
bō-á-tsháu,磨仔草,16
hok-tsiu-sam,福州杉,16
tsu̍t-bí-tsháu,秫米草,16
hi-tshiam-tsháu,稀簽草,16
tshuan-san-liông,穿山龍,16
tik-á-tshài,竹仔菜,16
tik-á-hio̍h,竹仔葉,16
tik-tsat-hông,竹節黃,16
tik-hio̍h-lâm,竹葉楠,16
pit-á-tsháu,筆仔草,16
pit-tâng-tshiū,筆筒樹,16
pit-lô-tsí,筆羅子,16
kun-thâu-tik,筋頭竹,16
tsat-tsat-âng,節節紅,16
tsat-tsat-hue,節節花,16
tîn-tik-á,籐竹仔,16
bí-nâ-tsháu,米籃草,16
tshoo-khng-á,粗糠仔,16
tshoo-khng-kak,粗糠壳,16
pùn-ki-tîn,糞箕藤,16
âng-lin-tsháu,紅乳草,16
âng-kāu-khak,紅厚殼,16
âng-tsí-á,紅子仔,16
âng-sim-á,紅心仔,16
âng-tshîng-peh,紅松柏,16
âng-káu-tsan,紅校櫕,16
âng-mn̂g-tsháu,紅毛草,16
âng-tām-pí,紅淡比,16
âng-tsu-á,紅珠仔,16
âng-tsu-bo̍k,紅珠木,16
âng-tshân-oo,紅田烏,16
âng-phê-kua,紅皮柯,16
âng-sia̍h-liû,紅石榴,16
âng-tsí-soo,紅紫蘇,16
âng-bah-tōo,紅肉杜,16
âng-ka-tang,紅茄苳,16
âng-pi-muâ,紅蓖麻,16
âng-ì-á,紅薏仔,16
âng-bīn-huan,紅面番,16
âng-kut-tsuâ,紅骨蛇,16
âng-hōng-tshài,紅鳳菜,16
suè-hio̍h-lâm,細葉楠,16
sù-bî-tsháu,絮薇草,16
si-suànn-tsháu,絲線草,16
lik-san-ôo,綠珊瑚,16
tiû-tshun-hue,綢春花,16
tàu-piah-hông,罩壁黃,16
iûnn-tài-lâi,羊帶來,16
iûnn-kang-tshì,羊牨刺,16
iûnn-kak-tāu,羊角豆,16
gī-nâ-puânn,義藍盤,16
huan-hûn-tsháu,翻魂草,16
hī-kau-tsháu,耳鉤草,16
ian-tsi-hue,胭脂花,16
kha-bú-tsháu,脚母草,16
kha-bak-tsháu,脚目草,16
kha-pe̍h-sún,腳白筍,16
sàn-huih-tsháu,臭天黃,16
tshàu-sái-lâm,臭屎楠,16
tshàu-sái-kue,臭屎瓜,16
tshàu-tshuan-kiong,臭川芎,16
tshàu-kám-tsháu,臭敢草,16
tshàu-khang-á,臭空仔,16
tshàu-tsho-tsháu,臭臊草,16
tshàu-phû-iông,臭芙蓉,16
ōo-koo-tsháu,芋菰草,16
khóo-līng-kang,苦楝江,16
khóo-līng-kū,苦楝舅,16
khóo-kue-tsháu,苦瓜草,16
khóo-nâ-puânn,苦藍盤,16
ing-á-tsháu,英仔草,16
tang-e-tshài,苳萵菜,16
hm̂-á-tsháu,茅仔草,16
bâ-lî-tik,茅茹竹,16
ba̍k-nī-hue,茉莉花,16
ka-pe̍h-sún,茭白筍,16
tê-sî-hông,茶匙黃,16
tê-bí-tsháu,茶米草,16
tê-si-hông,茶絲黃,16
tâng-o-tshài,茼萵菜,16
hô-lân-tsû,荷蘭薯,16
ho-lin-tāu,荷蘭豆,16
tshinn-hong-tsháu,菁方草,16
kiok-hue-bo̍k,菊花木,16
tshài-to-tāu,菜刀豆,16
tshài-tsháu-thâu,菜草頭,16
bān-siū-kó,萬壽果,16
bān-liân-siông,萬年松,16
bān-kun-tsháu,萬斤草,16
bān-thô-hue,萬桃花,16
bān-tiám-kim,萬點金,16
pián-thiok-tsháu,萹蓄草,16
lo̍h-khak-tsan,落殼櫕,16
hio̍h-ē-tsu,葉下珠,16
hio̍h-ē-pe̍h,葉下白,16
hio̍h-ē-âng,葉下紅,16
kuah-tîn-tsháu,葛藤草,16
hô-lôo-pû,葫蘆匏,16
pôo-kong-ing,蒲公英,16
kuà-tshiú-hiunn,蓋手香,16
pi-muâ-á,蓖麻仔,16
liân-tsiau-hue,蓮蕉花,16
tshuà-pán-tsháu,蔡板草,16
huan-á-tshì,蕃仔刺,16
huan-á-uan,蕃仔灣,16
huan-á-hue,蕃仔花,16
huan-á-tîn,蕃仔藤,16
huan-á-tāu,蕃仔豆,16
huan-tshì-á,蕃刺仔,16
huan-pô-uân,蕃婆怨,16
huan-pô-tshiū,蕃婆樹,16
huan-pô-uan,蕃婆灣,16
han-tsû-kū,蕃薯舅,16
keh-niau-tsháu,蕨猫草,16
po̍h-kiunn-á,薄姜仔,16
hóo-kā-hông,虎咬廣,16
hóo-kā-hông,虎咬癀,16
hóo-bé-lân,虎尾蘭,16
hóo-m̂-tshì,虎梅刺,16
hóo-jiáu-tāu,虎爪豆,16
hóo-phê-lâm,虎皮楠,16
hôo-hī-tsháu,虎耳草,16
hóo-thâu-kam,虎頭柑,16
sat-bú-tsí,虱母子,16
sat-bú-thâu,虱母頭,16
sat-pìn-tsháu,虱篦草,16
báng-á-hun,蚊仔煙,16
juā-á-tsháu,蚋仔草,16
juē-á-tsháu,蚋仔草,16
tsuâ-tsi̍h-hông,蛇舌黃,16
ngôo-bî-tāu,蛾眉豆,16
hê-kong-tshiu,蝦公鬚,16
hê-koo-tsháu,蝦蛄草,16
ôo-tia̍p-lân,蝴蝶蘭,16
hôo-sîn-si̍t,蝴蠅翼,16
tsîm-kóng-tshài,蟳管菜,16
sîn-si̍t-tsháu,蠅翼草,16
ô-khak-á,蠔殼仔,16
niû-á-tshiū,蠶仔樹,16
kiàn-hông-hông,見紅黃,16
kuan-im-tik,觀音竹,16
piàn-tē-hut,變地忽,16
ti-sái-tshài,豬屎菜,16
ti-tshài-tsháu,豬菜草,16
niau-kong-tshi,貓公刺,16
tsha̍t-á-tshiū,賊仔樹,16
sù-bí-tsháu,賜米草,16
tshiah-kun-tshài,赤根菜,16
tshiah-huih-á,赤血仔,16
tsáu-bé-thai,走馬胎,16
ku-tsiân-tsháu,車前草,16
kè-suann-hiunn,過山香,16
kuè-suann-lîng,過山龍,16
kè-kang-lîng,過江龍,16
ké-kau-tshái,過溝菜,16
kè-kau-lîng,過溝龍,16
sik-kia-kó,釋迦果,16
kim-put-huàn,金不換,16
kim-tsài-kau,金再鈎,16
kim-kiàm-tsháu,金劍草,16
kim-ha̍p-huan,金合歡,16
kim-siā-liû,金榭榴,16
kim-tsio̍h-ha̍k,金石斛,16
kim-sia̍h-liû,金石榴,16
kim-tsio̍h-uí,金石韋,16
kim-suànn-liân,金線蓮,16
kim-hī-tuī,金耳墜,16
kim-tsiam-tshài,金針菜,16
kim-gûn-hue,金銀花,16
kim-só-sî,金鎖匙,16
kim-hî-tsháu,金魚草,16
kim-ku-tshiū,金龜樹,16
liú-á-kiô,鈕仔茄,16
tshìng-tshn̂g-lâm,銃床楠,16
kim-hī-tsháu,錦耳草,16
thih-sái-lâm,鐵屎楠,16
thih-kûn-thâu,鐵拳頭,16
thih-bo̍k-kùn,鐵木棍,16
thih-sik-tshiū,鐵色樹,16
thih-tiò-kuann,鐵釣竿,16
thih-kau-tsháu,鐵鉤草,16
thih-hōo-suànn,鐵雨傘,16
thih-bí-pinn,鐵馬鞭,16
thih-kut-mn̂g,鐵骨毛,16
tn̂g-ki-á,長枝仔,16
khui-pî-tsháu,開脾草,16
kuan-to-tāu,關刀豆,16
a-lí-sim,阿里參,16
sang-bīn-tshì,雙面刺,16
hōo-suànn-á,雨傘仔,16
hōo-suànn-á,雨傘子,16
luî-kong-tshìng,雷公銃,16
tshinn-ba̍k-hiunn,青木香,16
tshinn-phê-tāu,青皮豆,16
tshinn-o-tsháu,青萵草,16
bîn-thâu-ké,面頭菓,16
bīn-thâu-ké,面頭菓,16
ām-sê-tāu,頷垂豆,16
hong-put-tōng,風不動,16
hong-thai-tsháu,風颱草,16
bé-kháu-tshiū,馬口樹,16
bé-bé-si,馬尾絲,16
bé-tê-kim,馬蹄金,16
bé-uann-tîn,馬鞍藤,16
bé-pinn-tsháu,馬鞭草,16
bé-khí-tāu,馬齒豆,16
kut-tshuì-pòo,骨碎補,16
kuâinn-tshiûnn-iū,高墻柚,16
kuí-liú-kun,鬼柳根,16
hî-tsho-tsháu,魚臊草,16
hî-tsiam-tsháu,魚針草,16
hî-liu-tsháu,魚鰌草,16
lóo-huà-tshiū,魯化樹,16
tsit-á-tánn,鯽仔膽,16
tsit-hî-tánn,鯽魚膽,16
hau-khak-tshì,鱟壳刺,16
hāu-khak-tshì,鱟壳刺,16
hāu-khak-tîn,鱟壳藤,16
tsiáu-á-hue,鳥仔花,16
tsiáu-á-tāu,鳥仔豆,16
tsiáu-sái-tshîng,鳥屎榕,16
tsiáu-kiān-hue,鳥腱花,16
tsiáu-ta̍h-tshì,鳥踏刺,16
hōng-bé-tik,鳳尾竹,16
hōng-bé-pit,鳳尾筆,16
hōng-bé-tsháu,鳳尾草,16
hōng-bé-hông,鳳尾黃,16
ah-tshuì-hông,鴨嘴黃,16
ap-bú-tshiū,鴨母樹,16
ah-bú-tsu,鴨母珠,16
ah-bú-tsháu,鴨母草,16
ah-kiān-tîn,鴨腱藤,16
ah-kha-pê,鴨腳筢,16
ah-kha-sué,鴨腳黍,16
ah-tsi̍h-tsháu,鴨舌草,16
ah-chi̍h-hông,鴨舌黃,16
ah-tsih-hông,鴨舌黃,16
ah-tsi̍h-hông,鴨舌黃,16
ah-tuê-tsháu,鴨蹄草,16
ap-mâ-kua̍t,鴨麻瓜,16
giâ-á-tsháu,鵞仔草,16
giâ-á-tshài,鵞仔菜,16
keh-tsiáu-hue,鵲鳥花,16
ing-jiáu-thô,鶯爪桃,16
kue-kè-hue,鷄冠花,16
kue-sái-tîn,鷄屎藤,16
kue-bú-tsú,鷄母子,16
kue-bú-tsu,鷄母珠,16
kue-jiáu-lân,鷄爪蘭,16
kue-kha-tsháu,鷄脚草,16
kue-kha-lân,鷄脚蘭,16
kue-tn̂g-tsháu,鷄腸草,16
kue-tsih-hông,鷄舌黃,16
kue-tsi̍h-hông,鷄舌黃,16
kue-phang-tîn,鷄香藤,16
kue-kut-hông,鷄骨癀,16
kue-kak-kong,鷄鵤公,16
ing-hio̍h-tshì,鷹葉刺,16
iâm-tang-hue,鹽東花,16
iâm-sng-á,鹽桑仔,16
iâm-sng-tsháu,鹽酸草,16
lo̍k-á-tshiū,鹿仔樹,16
lo̍k-á-tshài,鹿仔菜,16
lo̍k-jiông-tshàu,鹿茸草,16
beh-suī-hong,麥穗黃,16
bi̍k-bûn-tong,麥門冬,16
n̂g-sim-á,黃心仔,16
n̂g-tsuí-kiô,黃水茄,16
n̂g-ba̍k-tsí,黃目子,16
n̂g-bah-tshiū,黃肉樹,16
n̂g-ôo-ia̍p,黃蝴蝶,16
n̂g-kim-kuì,黃金桂,16
oo-ba̍k-á,黑目仔,16
pih-á-tsháu,鼈仔草,16
tiann-tshuè-tîn,鼎刷藤,16
tiann-tshe-tîn,鼎炊藤,16
tshú-bé-hông,鼠尾紅,16
tsháu-bé-hông,鼠尾黃,16
tshú-bé-hông,鼠尾黃,16
tshú-kun-hông,鼠筋黃,16
tshú-khak-tsháu,鼠麴草,16
lîng-thòo-tsu,龍吐珠,16
lîng-tsi̍h-hông,龍舌黃,16
lîng-tsûn-hue,龍船花,16
lîng-tshiu-tîn,龍鬚藤,16
lîng-lân-tsháu,龍麟草,16
tsu̍t-bí-tsháu,𥟇米草,16
tāi-hî-lân,𩻸魚鱗,16
sann-hīnn-á-tsháu,三硯仔草,12
sann-kha-bé-á,三脚馬仔,12
sann-kak-iâm-sng,三角鹽酸,12
sann-kha-pih-tsháu,三角鼈草,12
káu-lê-á-hue,九螺仔花,12
gōo-tsiúnn-lâm-á,五掌楠仔,12
góo-jiáu-hún-tîn,五爪粉藤,12
gōo-hio̍h-lâm-á,五葉楠仔,12
hu̍t-siú-hiunn-kam,佛手香柑,12
tó-tuē-giâ-kang,倒地蜈蚣,12
tó-té-giâ-kang,倒地蜈蚣,12
lâi-tang-tsí-lâm,內冬子楠,12
luē-tē-tsio̍h-liú,內地石柳,12
lāi-thuànn-tsí-lâm,內炭子楠,12
to-pán-jîn-tāu,刀板仁豆,12
lâm-ngóo-bī-tsí,南五味子,12
lâm-tâu-ngôo-tông,南投梧桐,12
kńg-sim-pe̍h-tshài,卷心白菜,12
ham-khah-tsînn-tsháu,含殼錢草,12
sù-kuì-n̂g-ki,四季黃枝,12
sì-hio̍h-tsí-soo,四葉紫蘇,12
tē-lōo-giâ-kang,地路蜈蚣,12
tuā-pe̍h-hio̍h-á,大白葉仔,12
tuā-âng-thun-tshiū,大紅椿樹,12
tuā-hio̍h-tshì-tshang,大葉刺葱,12
tuā-hio̍h-tōo-á,大葉杜仔,12
tuā-hio̍h-káu-la̍t,大葉校栗,12
tuā-hio̍h-pe̍h-mn̂g,大葉白門,12
tuā-tiam-ú-sam,大點雨杉,12
thian-hông-tsháu-kū,天紅草舅,12
sió-iûnn-kak-tāu,小羊角豆,12
sió-tshú-bé-hông,小鼠尾黃,12
suann-poo-lûn-á,山埔崙仔,12
suann-huan-á-hun,山蕃仔煙,12
pòo-pòo-oo-tshiū,布布烏樹,12
bō-á-tùn-tsháu,帽仔盾草,12
kńg-tang-iû-tông,廣東油桐,12
phah-puà-uánn-hue,打破碗花,12
liam-la̍t-á-tsháu,拈力仔草,12
pua̍t-á-kue-iû,拔仔雞油,12
ji̍t-pún-han-tsû,日本番薯,12
sî-pió-á-hue,時錶仔花,12
ū-tshì-tshiah-lân,有刺赤蘭,12
bo̍k-kua-king-tsio,木瓜芎蕉,12
tsuí-sian-hue-tsháu,水仙花草,12
tsuí-ting-sim-tsháu,水燈心草,12
tsuí-luê-piah-tsháu,水犁壁草,12
tsuí-âng-kut-tsuâ,水紅骨蛇,12
tsuí-ti-bú-lin,水豬母乳,12
tsuí-piàn-tē-gím,水遍地錦,12
iû-hio̍h-tōo-á,油葉杜仔,12
phû-tsuí-liân-hue,浮水蓮花,12
hái-tsuá-tsînn-lóo,海紙錢魯,12
muá-tiánn-kôo-tsháu,滿鼎糊草,12
hé-thuànn-lâm-á,火炭楠仔,12
oo-á-ba̍k-tsháu,烏仔目草,12
oo-tsí-á-tsháu,烏子仔草,12
oo-tsí-á-tshài,烏子仔菜,12
oo-phê-kiú-kiong,烏皮九芎,12
oo-phê-tsio̍h-lîng,烏皮石柃,12
bô-thâu-thôo-hiunn,無頭土香,12
gû-kut-á-tshiū,牛骨仔樹,12
káu-thâu-phû-iông,狗頭芙蓉,12
ti-bú-lin-kū,猪母乳舅,12
ông-put-liû-hîng,王不留行,12
pan-tik-siunn-si,班竹相思,12
sinn-mn̂g-tsiong-kun,生毛將軍,12
tshân-oo-á-tsháu,田烏仔草,12
tshân-gō-á-tsháu,田臥仔草,12
huan-á-bo̍k-kua,番仔木瓜,12
pe̍h-koo-soo-hue,白古蘇花,12
pe̍h-bé-ia̍h-hue,白尾蝶花,12
pe̍h-suann-han-tsû,白山蕃薯,12
pe̍h-kuì-kiok-hue,白桂菊花,12
pe̍h-tsuí-gím-hue,白水錦花,12
pe̍h-ting-khiā-u,白登竪杇,12
pe̍h-ah-bé-tsháu,白益母草,12
pe̍h-tik-á-tshài,白竹仔菜,12
pe̍h-tshoo-khng-á,白粗糠仔,12
pe̍h-hue-á-tsháu,白花仔草,12
pe̍h-hue-á-tshài,白花仔菜,12
pe̍h-kue-sái-tîn,白鷄屎藤,12
pe̍h-kue-iû-kū,白鷄油舅,12
pe̍h-lîng-tsûn-hue,白龍船花,12
gíng-á-tún-tsháu,研仔盾草,12
kî-puânn-kha-tshiū,碁盤脚樹,12
bō-á-tún-tsháu,磨仔盾草,12
âng-sam-tshit-tsháu,紅三七草,12
âng-bé-á-tsháu,紅尾仔草,12
âng-bé-ia̍h-hue,紅尾蝶花,12
âng-kun-á-tsháu,紅根仔草,12
âng-tsu-á-thâu,紅珠仔頭,12
âng-tshân-oo-tsháu,紅田烏草,12
âng-ting-khiā-u,紅登竪杇,12
âng-tik-á-tshài,紅竹仔菜,12
âng-hī-á-tshù,紅耳仔厝,12
âng-hī-á-bi̍t,紅耳仔蜜,12
âng-hue-bi̍t-tshài,紅花蜜菜,12
âng-tîn-á-tsháu,紅藤仔草,12
sò-sim-kuann-lân,素心菅蘭,12
suè-hio̍h-tsuí-tsháu,細葉水草,12
suè-hio̍h-siap-hio̍h,細葉澁葉,12
suè-hio̍h-pe̍h-mn̂g,細葉白門,12
suè-hōo-tshì-tshang,細號刺葱,12
bián-tiān-hap-huan,緬甸合歡,12
iûnn-kak-sam-kiàm,羊角三劍,12
hī-khang-á-tîn,耳空仔藤,12
puî-ti-á-tāu,肥猪仔豆,12
hue-lê-tshiū-tāu,花螺樹豆,12
khóo-tiau-á-tsháu,苦柱仔草,12
tsiúnn-tsháu-sim-tsháu,蔣草心草,12
huan-á-sàu-tshiú,蕃仔掃箒,12
huan-á-nâ-tâu,蕃仔林投,12
huan-á-láu-hio̍h,蕃仔荖葉,12
huan-á-han-tsû,蕃仔蕃薯,12
huan-á-phang-tsháu,蕃仔香草,12
huân-á-gîng-gíng,蕃仔龍眼,12
sat-bú-tsí-tsháu,虱母子草,12
báng-á-hun-tsháu,蚊仔煙草,12
ham-khah-á-tsháu,蚶壳仔草,12
niû-á-hio̍h-tshiū,蠶仔葉樹,12
tshiah-phê-tōo-á,赤皮杜仔,12
kè-lo-giâ-kang,過路蜈蚣,12
kè-lōo-giâ-kang,過路蜈蚣,12
kim-káu-á-mn̂g,金狗仔毛,12
kim-tshînn-po̍h-ho,金錢薄荷,12
kim-tsînn-po̍h-ho,金錢薄荷,12
tìng-tuē-giâ-kang,釘地蜈蚣,12
thih-gû-ji̍p-tsio̍h,鐵牛入石,12
tn̂g-ki-á-tik,長枝仔竹,12
tshinn-kâu-kong-tshiū,青猴公樹,12
hong-put-tōng-tîn,風不動藤,12
kuâinn-tshiûnn-tháng-kam,高墻桶柑,12
kue-bû-tsin-tsu,鷄母真珠,12
iâm-sng-á-tsháu,鹽酸仔草,12
muâ-tāu-bûn-tàn,麻豆文旦,12
muâ-tāu-pe̍h-iū,麻豆白柚,12
n̂g-hue-á-tsháu,黃花仔草,12
poo-iâm,埔鹽,11
ka-tang,茄苳,11
lôo-tik,蘆竹,11
káu-tsàn-thah,九層塔,10
sian-tan,仙丹,10
sian-tsháu,仙草,10
hâm-siàu,含笑,10
thôo-tāu,土豆,10
bûn-tàn,文旦,10
tshîng-peh,松柏,10
nâ-tâu,林投,10
iū-á,柚仔,10
khī-á,柿仔,10
la̍t-tsí,栗子,10
thô-á,桃仔,10
muî-á,梅仔,10
lâi-á,梨仔,10
suāinn-á,檨仔,10
tsuí-phiô,水萍,10
oo-tinn,烏甜,10
oo-tinn-á,烏甜仔,10
gio̍k-lân,玉蘭,10
kam-tsià,甘蔗,10
pe̍h-tshài,白菜,10
tiū-á,稻仔,10
âng-khī,紅柿,10
âng-tshài,紅菜,10
âng-tshài-thâu,紅菜頭,10
li̍k-tāu,綠豆,10
jio̍k-kuì,肉桂,10
ōo-á,芋仔,10
king-tsio,芎蕉,10
kuà-tshài,芥菜,10
khóo-kue,苦瓜,10
nāi-tsi,荔枝,10
tshài-kue,菜瓜,10
phû-tô,葡萄,10
tshang-á,葱仔,10
suàn-á,蒜仔,10
si-kue,西瓜,10
tāu-tshài,豆菜,10
kiō-kǹg-tik,轎槓竹,10
kim-kue,金瓜,10
kú-tshài,韮菜,10
ko-lê-tshài,高麗菜,10
gîng-gíng,龍眼,10
n̂g-ki,黃枝,9
pua̍t-á,拔仔,5
khûn-tshài,芹菜,5
han-tsû,蕃薯,5
gî-pê,枇杷,2
pû-á,匏仔,1
hiòng-ji̍t-kuî,向日葵,1
kā-lâng-káu,咬人狗,1
poo-kiunn,埔姜,1
suann-n̂g-ki,山黃枝,1
tah-bah-tshì,搭肉刺,1
phoh-á,朴仔,1
sam-á,杉仔,1
kóo-kí,枸杞,1
png-á,楓仔,1
tshiū-m̂,樹梅,1
tshiū-tsû,樹薯,1
kann-ná,橄欖,1
tsuí-lâi,水梨,1
tsuí-tshat,水漆,1
tsuí-pit,水筆,1
iû-tông,油桐,1
pho-lô-bi̍t,波羅蜜,1
pe̍h-jîn,白仁,1
pe̍h-sua,白沙,1
siunn-si-á,相思仔,1
âng-kue-iû,紅鷄油,1
tsí-soo,紫蘇,1
phû-iông,芙蓉,1
tuē-á,苧仔,1
kiô-á,茄仔,1
hm̂-á,茅仔,1
hm̂-tsháu,茅草,1
láu-tîn,荖藤,1
tshinn-á,菁仔,1
kiok-á,菊仔,1
kiok-hue,菊花,1
e-á-tshài,萵仔菜,1
tshang-thâu,葱頭,1
liân-hue,蓮花,1
lōo-giō,蕗蕎,1
tsû-nn̂g,薯榔,1
lôo-hē,蘆薈,1
giâ-kang-tsháu,蜈蚣草,1
ia̍h-á-tsháu,蝶仔草,1
hiunn-înn,香圓,1
hiang-hm̂,香茅,1
kue-jiû,鷄柔,1
n̂g-ki-hue,黃枝花,1
