tl,poj,hanzi,tl_no_tone,poj_no_tone,syllable_count,source
giâ-kang-tsháu,giâ-kang-chháu,蜈蚣草,gia-kang-tshau,gia-kang-chhau,3,sitbut
tó-kî-lîn,tó-kî-lîn,倒麒麟,to-ki-lin,to-ki-lin,3,sitbut
tuē-giâ-kang,tōe-giâ-kang,地蜈蚣,tue-gia-kang,toe-gia-kang,3,sitbut
pit-tâng-tshiū,pit-tâng-chhiū,筆筒樹,pit-tang-tshiu,pit-tang-chhiu,3,sitbut
kuàn-tsiòng,koàn-chiòng,貫眾,kuan-tsiong,koan-chiong,2,sitbut
kut-tshuì-pòo,kut-chhùi-pò͘,骨碎補,kut-tshui-poo,kut-chhui-po͘,3,sitbut
káu-tsit,káu-chit,狗脊,kau-tsit,kau-chit,2,sitbut
lîng-lân-tsháu,lêng-lân-chháu,龍麟草,ling-lan-tshau,leng-lan-chhau,3,sitbut
hōng-bé-tsháu,hōng-bé-chháu,鳳尾草,hong-be-tshau,hong-be-chhau,3,sitbut
suann-neh-kiau,soaⁿ-neh-kiau,山蕨猫,suann-neh-kiau,soaⁿ-neh-kiau,3,sitbut
hong-put-tōng,hong-put-tōng,風不動,hong-put-tong,hong-put-tong,3,sitbut
tshiū-lîng,chhiū-lêng,樹龍,tshiu-ling,chhiu-leng,2,sitbut
tsio̍h-kiàm,chio̍h-kiàm,石劍,tsioh-kiam,chioh-kiam,2,sitbut
bé-bé-si,bé-bé-si,馬尾絲,be-be-si,be-be-si,3,sitbut
keh-niau,keh-niau,蕨猫,keh-niau,keh-niau,2,sitbut
ké-kau-tshái,ké-kau-chhái,過溝菜,ke-kau-tshai,ke-kau-chhai,3,sitbut
thóo-tshuan-nî,thó͘-chhoan-nî,土川連,thoo-tshuan-ni,tho͘-chhoan-ni,3,sitbut
hōng-bé-pit,hōng-bé-pit,鳳尾筆,hong-be-pit,hong-be-pit,3,sitbut
ah-kha-pê,ah-kha-pê,鴨腳筢,ah-kha-pe,ah-kha-pe,3,sitbut
ah-tuê-tsháu,ah-tôe-chháu,鴨蹄草,ah-tue-tshau,ah-toe-chhau,3,sitbut
kim-tsio̍h-uí,kim-chio̍h-úi,金石韋,kim-tsioh-ui,kim-chioh-ui,3,sitbut
keh-niau-tsháu,keh-niau-chháu,蕨猫草,keh-niau-tshau,keh-niau-chhau,3,sitbut
tsínn-pinn-tsháu,chíⁿ-piⁿ-chháu,井邊草,tsinn-pinn-tshau,chiⁿ-piⁿ-chhau,3,sitbut
tsuí-khûn-tshái,chúi-khûn-chhái,水芹菜,tsui-khun-tshai,chui-khun-chhai,3,sitbut
tiann-tshe-tîn,tiaⁿ-chhe-tîn,鼎炊藤,tiann-tshe-tin,tiaⁿ-chhe-tin,3,sitbut
tin-tiong-pit,tin-tiong-pit,珍中筆,tin-tiong-pit,tin-tiong-pit,3,sitbut
tiann-tshuè-tîn,tiaⁿ-chhòe-tîn,鼎刷藤,tiann-tshue-tin,tiaⁿ-chhoe-tin,3,sitbut
sì-hio̍h-tshài,sì-hio̍h-chhài,四葉菜,si-hioh-tshai,si-hioh-chhai,3,sitbut
tsuí-iâm-sng,chúi-iâm-sng,水鹽酸,tsui-iam-sng,chui-iam-sng,3,sitbut
khu-phiô,khu-phiô,丘萍,khu-phio,khu-phio,2,sitbut
bo̍k-tsi̍k-tsháu,bo̍k-che̍k-chháu,木賊草,bok-tsik-tshau,bok-chek-chhau,3,sitbut
tsiap-kut-tang,chiap-kut-tang,接骨筒,tsiap-kut-tang,chiap-kut-tang,3,sitbut
tsiap-kut-tsháu,chiap-kut-chháu,接骨草,tsiap-kut-tshau,chiap-kut-chhau,3,sitbut
niau-kong-tshi,niau-kong-chhi,貓公刺,niau-kong-tshi,niau-kong-chhi,3,sitbut
thih-kut-mn̂g,thih-kut-mn̂g,鐵骨毛,thih-kut-mng,thih-kut-mng,3,sitbut
lo̍k-jiông-tshàu,lo̍k-jiông-chhàu,鹿茸草,lok-jiong-tshau,lok-jiong-chhau,3,sitbut
kim-put-huàn,kim-put-hoàn,金不換,kim-put-huan,kim-put-hoan,3,sitbut
tshit-tshùn-kim,chhit-chhùn-kim,七寸金,tshit-tshun-kim,chhit-chhun-kim,3,sitbut
kńg-peh,kńg-peh,卷柏,kng-peh,kng-peh,2,sitbut
bān-liân-siông,bān-liân-siông,萬年松,ban-lian-siong,ban-lian-siong,3,sitbut
soo-thih,so͘-thih,蘇鐵,soo-thih,so͘-thih,2,sitbut
âng-sam,âng-sam,紅杉,ang-sam,ang-sam,2,sitbut
suann-sam,soaⁿ-sam,山杉,suann-sam,soaⁿ-sam,2,sitbut
pah-jit-tshinn,pah-jit-chhiⁿ,百日青,pah-jit-tshinn,pah-jit-chhiⁿ,3,sitbut
tik-peh,tek-peh,竹柏,tik-peh,tek-peh,2,sitbut
thóo-sam,thó͘-sam,土杉,thoo-sam,tho͘-sam,2,sitbut
pe̍h-tshîng-peh,pe̍h-chhêng-peh,白松柏,peh-tshing-peh,peh-chheng-peh,3,sitbut
tōo,tō͘,杜,too,to͘,1,sitbut
iû-sam,iû-sam,油杉,iu-sam,iu-sam,2,sitbut
siông-lô-tōo,siông-lô-tō͘,松蘿杜,siong-lo-too,siong-lo-to͘,3,sitbut
tshîng,chhêng,松,tshing,chheng,1,sitbut
âng-tshîng-peh,âng-chhêng-peh,紅松柏,ang-tshing-peh,ang-chheng-peh,3,sitbut
tshîng-peh,chhêng-peh,松柏,tshing-peh,chheng-peh,2,sitbut
siông-lô,siông-lô,松蘿,siong-lo,siong-lo,2,sitbut
iû-tshîng,iû-chhêng,油杉,iu-tshing,iu-chheng,2,sitbut
sam,sam,杉,sam,sam,1,sitbut
kóng-hio̍h-sam,kóng-hio̍h-sam,廣葉杉,kong-hioh-sam,kong-hioh-sam,3,sitbut
sam-á,sam-á,杉仔,sam-a,sam-a,2,sitbut
hok-tsiu-sam,hok-chiu-sam,福州杉,hok-tsiu-sam,hok-chiu-sam,3,sitbut
hiunn-sam,hiuⁿ-sam,香杉,hiunn-sam,hiuⁿ-sam,2,sitbut
oo-sam,o͘-sam,烏杉,oo-sam,o͘-sam,2,sitbut
un-tsiu-sam,un-chiu-sam,溫州杉,un-tsiu-sam,un-chiu-sam,3,sitbut
a-sam,a-sam,亞杉,a-sam,a-sam,2,sitbut
po̍h-phê,po̍h-phê,薄皮,poh-phe,poh-phe,2,sitbut
siông-ngôo,siông-ngô͘,松梧,siong-ngoo,siong-ngo͘,2,sitbut
kāu-khak,kāu-khak,厚殼,kau-khak,kau-khak,2,sitbut
siau-lâm,siau-lâm,肖楠,siau-lam,siau-lam,2,sitbut
n̂g-bah-tshiū,n̂g-bah-chhiū,黃肉樹,ng-bah-tshiu,ng-bah-chhiu,3,sitbut
tshik-peh,chhek-peh,側柏,tshik-peh,chhek-peh,2,sitbut
tsuí-tsik,chúi-chek,水燭,tsui-tsik,chui-chek,2,sitbut
suann-nâ-tâu,soaⁿ-nâ-tâu,山林投,suann-na-tau,soaⁿ-na-tau,3,sitbut
nâ-tâu,nâ-tâu,林投,na-tau,na-tau,2,sitbut
tsuí-ōo,chúi-ō͘,水芋,tsui-oo,chui-o͘,2,sitbut
tsu̍t-bí-tsháu,chu̍t-bí-chháu,秫米草,tsut-bi-tshau,chut-bi-chhau,3,sitbut
si-suànn-tsháu,si-sòaⁿ-chháu,絲線草,si-suann-tshau,si-soaⁿ-chhau,3,sitbut
tsìnn-tik-á,chìⁿ-tek-á,矢竹仔,tsinn-tik-a,chiⁿ-tek-a,3,sitbut
tsìnn-tik,chìⁿ-tek,箭竹,tsinn-tik,chiⁿ-tek,2,sitbut
lôo-tik,lô͘-tek,蘆竹,loo-tik,lo͘-tek,2,sitbut
tsuí-lôo-tik,chúi-lô͘-tek,水蘆竹,tsui-loo-tik,chui-lo͘-tek,3,sitbut
kak-á-tik,kak-á-tek,桷仔竹,kak-a-tik,kak-a-tek,3,sitbut
tn̂g-ki-á,tn̂g-ki-á,長枝仔,tng-ki-a,tng-ki-a,3,sitbut
hé-kn̂g-tik,hé-kn̂g-tek,火管竹,he-kng-tik,he-kng-tek,3,sitbut
kuan-im-tik,koan-im-tek,觀音竹,kuan-im-tik,koan-im-tek,3,sitbut
hōng-bé-tik,hōng-bé-tek,鳳尾竹,hong-be-tik,hong-be-tek,3,sitbut
lik-tik,lek-tek,綠竹,lik-tik,lek-tek,2,sitbut
tsinn-tik,chiⁿ-tek,矢竹,tsinn-tik,chiⁿ-tek,2,sitbut
tshì-tik,chhì-tek,刺竹,tshi-tik,chhi-tek,2,sitbut
sué-á,sóe-á,黍仔,sue-a,soe-a,2,sitbut
tâi-á,tâi-á,檯仔,tai-a,tai-a,2,sitbut
káu-bé-tsháu,káu-bé-chháu,狗尾草,kau-be-tshau,kau-be-chhau,3,sitbut
ah-bú-tsu,ah-bú-chu,鴨母珠,ah-bu-tsu,ah-bu-chu,3,sitbut
hiang-hm̂,hiang-hm̂,香茅,hiang-hm,hiang-hm,2,sitbut
muâ-tik,môa-tek,蔴竹,mua-tik,moa-tek,2,sitbut
phuē,phōe,稗,phue,phoe,1,sitbut
suann-âng-be̍h,soaⁿ-âng-be̍h,山紅麥,suann-ang-beh,soaⁿ-ang-beh,3,sitbut
hî-liu-tsháu,hî-liu-chháu,魚鰌草,hi-liu-tshau,hi-liu-chhau,3,sitbut
gû-tùn-tsháu,gû-tùn-chháu,牛頓草,gu-tun-tshau,gu-tun-chhau,3,sitbut
bān-kun-tsháu,bān-kun-chháu,萬斤草,ban-kun-tshau,ban-kun-chhau,3,sitbut
huan-sué,hoan-sóe,蕃黍,huan-sue,hoan-soe,2,sitbut
lōo-sué,lō͘-sóe,蘆黍,loo-sue,lo͘-soe,2,sitbut
tuā-be̍h,tōa-be̍h,大麥,tua-beh,toa-beh,2,sitbut
hm̂-tsháu,hm̂-chháu,茅草,hm-tshau,hm-chhau,2,sitbut
hm̂-á-tsháu,hm̂-á-chháu,茅仔草,hm-a-tshau,hm-a-chhau,3,sitbut
hm̂-á,hm̂-á,茅仔,hm-a,hm-a,2,sitbut
tshuan-san-liông,chhoan-san-liông,穿山龍,tshuan-san-liong,chhoan-san-liong,3,sitbut
tām-tik,tām-tek,淡竹,tam-tik,tam-tek,2,sitbut
suan-á,soan-á,萱仔,suan-a,soan-a,2,sitbut
kuann-bâng,koaⁿ-bâng,菅芒,kuann-bang,koaⁿ-bang,2,sitbut
tsu̍t-bí-tsháu,chu̍t-bí-chháu,𥟇米草,tsut-bi-tshau,chut-bi-chhau,3,sitbut
tiū-á,tiū-á,稻仔,tiu-a,tiu-a,2,sitbut
poo-tiū,po͘-tiū,埔稻,poo-tiu,po͘-tiu,2,sitbut
ah-kha-sué,ah-kha-sóe,鴨腳黍,ah-kha-sue,ah-kha-soe,3,sitbut
n̂g-sik,n̂g-sek,黃粟,ng-sik,ng-sek,2,sitbut
tuā-hong-tsháu,tōa-hong-chháu,大風草,tua-hong-tshau,toa-hong-chhau,3,sitbut
hong-thai-tsháu,hong-thai-chháu,風颱草,hong-thai-tshau,hong-thai-chhau,3,sitbut
jîn-biān-tik,jîn-biān-tek,人面竹,jin-bian-tik,jin-bian-tek,3,sitbut
tsio̍h-tik-á,chio̍h-tek-á,石竹仔,tsioh-tik-a,chioh-tek-a,3,sitbut
tsio̍h-tik,chio̍h-tek,石竹,tsioh-tik,chioh-tek,2,sitbut
kiō-kǹg-tik,kiō-kǹg-tek,轎槓竹,kio-kng-tik,kio-kng-tek,3,sitbut
kuì-tik-á,kùi-tek-á,桂竹仔,kui-tik-a,kui-tek-a,3,sitbut
kuì-tik,kùi-tek,桂竹,kui-tik,kui-tek,2,sitbut
oo-tik-á,o͘-tek-á,烏竹仔,oo-tik-a,o͘-tek-a,3,sitbut
bâ-lî-tik,bâ-lî-tek,茅茹竹,ba-li-tik,ba-li-tek,3,sitbut
bēng-tsong-tik,bēng-chong-tek,孟宗竹,beng-tsong-tik,beng-chong-tek,3,sitbut
pit-á-tsháu,pit-á-chháu,筆仔草,pit-a-tshau,pit-a-chhau,3,sitbut
âng-mn̂g-tsháu,âng-mn̂g-chháu,紅毛草,ang-mng-tshau,ang-mng-chhau,3,sitbut
kam-tsià,kam-chià,甘蔗,kam-tsia,kam-chia,2,sitbut
la̍h-tshì,la̍h-chhì,臘刺,lah-tshi,lah-chhi,2,sitbut
mn̂g-huē-tsháu,mn̂g-hōe-chháu,磅蟹草,mng-hue-tshau,mng-hoe-chhau,3,sitbut
be̍h-á,be̍h-á,麥仔,beh-a,beh-a,2,sitbut
sió-be̍h,sió-be̍h,小麥,sio-beh,sio-beh,2,sitbut
huan-be̍h,hoan-be̍h,蕃麥,huan-beh,hoan-beh,2,sitbut
kha-pe̍h-sún,kha-pe̍h-sún,腳白筍,kha-peh-sun,kha-peh-sun,3,sitbut
ka-pe̍h-sún,ka-pe̍h-sún,茭白筍,ka-peh-sun,ka-peh-sun,3,sitbut
thôo-hiunn,thô͘-hiuⁿ,土香,thoo-hiunn,tho͘-hiuⁿ,2,sitbut
bé-tsî,bé-chî,碼薯,be-tsi,be-chi,2,sitbut
sat-pìn-tsháu,sat-pìn-chháu,虱篦草,sat-pin-tshau,sat-pin-chhau,3,sitbut
pe̍h-hiong-hù,pe̍h-hiong-hù,白香附,peh-hiong-hu,peh-hiong-hu,3,sitbut
bô-thâu-hiunn,bô-thâu-hiuⁿ,無頭香,bo-thau-hiunn,bo-thau-hiuⁿ,3,sitbut
tshio̍h-tsháu,chhio̍h-chháu,蓆草,tshioh-tshau,chhioh-chhau,2,sitbut
pin-nn̂g,pin-nn̂g,檳榔,pin-nng,pin-nng,2,sitbut
tshinn-á,chhiⁿ-á,菁仔,tshinn-a,chhiⁿ-a,2,sitbut
suann-tsang,soaⁿ-chang,山棕,suann-tsang,soaⁿ-chang,2,sitbut
tsuí-tîn,chúi-tîn,水籐,tsui-tin,chui-tin,2,sitbut
n̂g-tîn,n̂g-tîn,黃籐,ng-tin,ng-tin,2,sitbut
tîn,tîn,藤,tin,tin,1,sitbut
iâ-phiô,iâ-phiô,椰瓢,ia-phio,ia-phio,2,sitbut
pôo-kuî,pô͘-kûi,蒲葵,poo-kui,po͘-kui,2,sitbut
khong-lông,khong-lông,糠榔,khong-long,khong-long,2,sitbut
kong-lông,kong-lông,桄榔,kong-long,kong-long,2,sitbut
liû-kiû-tik,liû-kiû-tek,琉球竹,liu-kiu-tik,liu-kiu-tek,3,sitbut
kun-thâu-tik,kun-thâu-tek,筋頭竹,kun-thau-tik,kun-thau-tek,3,sitbut
tsang,chang,棕,tsang,chang,1,sitbut
tshong-pô,chhong-pô,菖蒲,tshong-po,chhong-po,2,sitbut
tsio̍h-tshiong-pô,chio̍h-chhiong-pô,石菖蒲,tsioh-tshiong-po,chioh-chhiong-po,3,sitbut
tsio̍h-tshiong-pôo,chio̍h-chhiong-pô͘,石菖蒲,tsioh-tshiong-poo,chioh-chhiong-po͘,3,sitbut
ko-pô-ōo,ko-pô-ō͘,姑婆芋,ko-po-oo,ko-po-o͘,3,sitbut
luî-kong-tshìng,lûi-kong-chhèng,雷公銃,lui-kong-tshing,lui-kong-chheng,3,sitbut
thian-lâm-sing,thian-lâm-seng,天南星,thian-lam-sing,thian-lam-seng,3,sitbut
ōo-á,ō͘-á,芋仔,oo-a,o͘-a,2,sitbut
tuā-phiô,tōa-phiô,大萍,tua-phio,toa-phio,2,sitbut
thóo-puàn-hā,thó͘-poàn-hā,土半夏,thoo-puan-ha,tho͘-poan-ha,3,sitbut
ìng-tshài-hông,èng-chhài-hông,甕菜黃,ing-tshai-hong,eng-chhai-hong,3,sitbut
puàn-hā,poàn-hā,半夏,puan-ha,poan-ha,2,sitbut
âng-phiô,âng-phiô,紅萍,ang-phio,ang-phio,2,sitbut
tshinn-phiô,chhiⁿ-phiô,青萍,tshinn-phio,chhiⁿ-phio,2,sitbut
tsuí-phiô,chúi-phiô,水萍,tsui-phio,chui-phio,2,sitbut
tîn-tik-á,tîn-tek-á,籐竹仔,tin-tik-a,tin-tek-a,3,sitbut
ōng-lâi,ōng-lâi,𦬬萊,ong-lai,ong-lai,2,sitbut
tik-á-hio̍h,tek-á-hio̍h,竹仔葉,tik-a-hioh,tek-a-hioh,3,sitbut
tik-á-tshài,tek-á-chhài,竹仔菜,tik-a-tshai,tek-a-chhai,3,sitbut
tuā-tsuí-phiô,tōa-chúi-phiô,大水萍,tua-tsui-phio,toa-chui-phio,3,sitbut
tinn-tshài,tiⁿ-chhài,甜菜,tinn-tshai,tiⁿ-chhai,2,sitbut
ah-tsi̍h-tsháu,ah-chi̍h-chháu,鴨舌草,ah-tsih-tshau,ah-chih-chhau,3,sitbut
tshân-ōo-á,chhân-ō͘-á,田芋仔,tshan-oo-a,chhan-o͘-a,3,sitbut
ting-sim-tsháu,teng-sim-chháu,燈心草,ting-sim-tshau,teng-sim-chhau,3,sitbut
lōo-giō,lō͘-giō,蕗蕎,loo-gio,lo͘-gio,2,sitbut
tshang-thâu,chhang-thâu,葱頭,tshang-thau,chhang-thau,2,sitbut
tshang-á,chhang-á,葱仔,tshang-a,chhang-a,2,sitbut
tuā-thâu-tshang,tōa-thâu-chhang,大頭葱,tua-thau-tshang,toa-thau-chhang,3,sitbut
bi̍k-tshong,be̍k-chhong,麥葱,bik-tshong,bek-chhong,2,sitbut
kú-tshài,kú-chhài,韮菜,ku-tshai,ku-chhai,2,sitbut
suàn-á,soàn-á,蒜仔,suan-a,soan-a,2,sitbut
lôo-hē,lô͘-hē,蘆薈,loo-he,lo͘-he,2,sitbut
thian-bûn-tong,thian-bûn-tong,天門冬,thian-bun-tong,thian-bun-tong,3,sitbut
suann-kuann-lân,soaⁿ-koaⁿ-lân,山菅蘭,suann-kuann-lan,soaⁿ-koaⁿ-lan,3,sitbut
kim-tsiam-tshài,kim-chiam-chhài,金針菜,kim-tsiam-tshai,kim-chiam-chhai,3,sitbut
pe̍h-pi-sián,pe̍h-pi-sián,白萆蘚,peh-pi-sian,peh-pi-sian,3,sitbut
thóo-ho̍k,thó͘-ho̍k,土茯,thoo-hok,tho͘-hok,2,sitbut
suann-suàn-thâu,soaⁿ-soàn-thâu,山蒜頭,suann-suan-thau,soaⁿ-soan-thau,3,sitbut
sai-kong-giang,sai-kong-giang,師公銒,sai-kong-giang,sai-kong-giang,3,sitbut
bi̍k-bûn-tong,be̍k-bûn-tong,麥門冬,bik-bun-tong,bek-bun-tong,3,sitbut
tshit-hio̍h-liân,chhit-hio̍h-liân,七葉蓮,tshit-hioh-lian,chhit-hioh-lian,3,sitbut
tshinn-ba̍k-hiunn,chhiⁿ-ba̍k-hiuⁿ,青木香,tshinn-bak-hiunn,chhiⁿ-bak-hiuⁿ,3,sitbut
tshit-hōo-liân,chhit-hō͘-liân,七厚蓮,tshit-hoo-lian,chhit-ho͘-lian,3,sitbut
hóo-bé-lân,hó͘-bé-lân,虎尾蘭,hoo-be-lan,ho͘-be-lan,3,sitbut
hāu-khak-tshì,hāu-khak-chhì,鱟壳刺,hau-khak-tshi,hau-khak-chhi,3,sitbut
hāu-khak-tîn,hāu-khak-tîn,鱟壳藤,hau-khak-tin,hau-khak-tin,3,sitbut
thóo-ho̍k-lîng,thó͘-ho̍k-lêng,土茯苓,thoo-hok-ling,tho͘-hok-leng,3,sitbut
suann-bé-tsî,soaⁿ-bé-chî,山碼薯,suann-be-tsi,soaⁿ-be-chi,3,sitbut
âng-tik,âng-tek,紅竹,ang-tik,ang-tek,2,sitbut
bûn-tsu-lân,bûn-chu-lân,文珠蘭,bun-tsu-lan,bun-chu-lan,3,sitbut
tsuí-sian-hue,chúi-sian-hoe,水仙花,tsui-sian-hue,chui-sian-hoe,3,sitbut
ge̍h-lâi-hiong,ge̍h-lâi-hiong,月來香,geh-lai-hiong,geh-lai-hiong,3,sitbut
tshân-tsû,chhân-chû,田薯,tshan-tsu,chhan-chu,2,sitbut
suann-io̍k-tsû,soaⁿ-io̍k-chû,山藥薯,suann-iok-tsu,soaⁿ-iok-chu,3,sitbut
tshân-tshinn,chhân-chhiⁿ,田菁,tshan-tshinn,chhan-chhiⁿ,2,sitbut
tsû-nn̂g,chû-nn̂g,薯榔,tsu-nng,chu-nng,2,sitbut
peh-tsû-nn̂g,peh-chû-nn̂g,白薯榔,peh-tsu-nng,peh-chu-nng,3,sitbut
siā-kan,siā-kan,射干,sia-kan,sia-kan,2,sitbut
bé-ia̍h-hue,bé-ia̍h-hoe,尾蝶花,be-iah-hue,be-iah-hoe,3,sitbut
hun-tsio,hun-chio,粉蕉,hun-tsio,hun-chio,2,sitbut
suann-king-tsio,soaⁿ-keng-chio,山芎蕉,suann-king-tsio,soaⁿ-keng-chio,3,sitbut
king-tsio,keng-chio,芎蕉,king-tsio,keng-chio,2,sitbut
pak-tsio,pak-chio,北蕉,pak-tsio,pak-chio,2,sitbut
tshinn-kiunn,chhiⁿ-kiuⁿ,生姜,tshinn-kiunn,chhiⁿ-kiuⁿ,2,sitbut
kiunn-n̂g,kiuⁿ-n̂g,薑黃,kiunn-ng,kiuⁿ-ng,2,sitbut
suann-nai,soaⁿ-nai,山奈,suann-nai,soaⁿ-nai,2,sitbut
ge̍h-thô,ge̍h-thô,月桃,geh-tho,geh-tho,2,sitbut
kiunn,kiuⁿ,薑,kiunn,kiuⁿ,1,sitbut
liân-tsiau-hue,liân-chiau-hoe,蓮蕉花,lian-tsiau-hue,lian-chiau-hoe,3,sitbut
kim-sún,kim-sún,金筍,kim-sun,kim-sun,2,sitbut
kim-suànn-liân,kim-sòaⁿ-liân,金線蓮,kim-suann-lian,kim-soaⁿ-lian,3,sitbut
tshiū-tsháu-liân,chhiū-chháu-liân,樹草蓮,tshiu-tshau-lian,chhiu-chhau-lian,3,sitbut
tsiáu-á-hue,chiáu-á-hoe,鳥仔花,tsiau-a-hue,chiau-a-hoe,3,sitbut
sò-sim,sò-sim,素心,so-sim,so-sim,2,sitbut
it-tiám-hông,it-tiám-hông,一點紅,it-tiam-hong,it-tiam-hong,3,sitbut
bo̍k-ha̍k,bo̍k-ha̍k,木斛,bok-hak,bok-hak,2,sitbut
kim-tsio̍h-ha̍k,kim-chio̍h-ha̍k,金石斛,kim-tsioh-hak,kim-chioh-hak,3,sitbut
ôo-tia̍p-lân,ô͘-tia̍p-lân,蝴蝶蘭,oo-tiap-lan,o͘-tiap-lan,3,sitbut
ia̍h-lân,ia̍h-lân,蝶蘭,iah-lan,iah-lan,2,sitbut
bo̍k-muâ-hông,bo̍k-môa-hông,木麻黃,bok-mua-hong,bok-moa-hong,3,sitbut
tshàu-tsho-tsháu,chhàu-chho-chháu,臭臊草,tshau-tsho-tshau,chhau-chho-chhau,3,sitbut
tshàu-kám-tsháu,chhàu-kám-chháu,臭敢草,tshau-kam-tshau,chhau-kam-chhau,3,sitbut
káu-lia̍p-bí,káu-lia̍p-bí,狗粒米,kau-liap-bi,kau-liap-bi,3,sitbut
tshiú-io̍h,chhiú-io̍h,手藥,tshiu-ioh,chhiu-ioh,2,sitbut
hî-tsho-tsháu,hî-chho-chháu,魚臊草,hi-tsho-tshau,hi-chho-chhau,3,sitbut
tsuí-láu-tsháu,chúi-láu-chháu,水荖草,tsui-lau-tshau,chui-lau-chhau,3,sitbut
lô-tîn,lô-tîn,蔞藤,lo-tin,lo-tin,2,sitbut
láu-tîn,láu-tîn,荖藤,lau-tin,lau-tin,2,sitbut
hong-tîn,hong-tîn,風藤,hong-tin,hong-tin,2,sitbut
tuā-hong-tîn,tōa-hong-tîn,大風藤,tua-hong-tin,toa-hong-tin,3,sitbut
tsin-hong-tîn,chin-hong-tîn,真風藤,tsin-hong-tin,chin-hong-tin,3,sitbut
ho-tsio,ho-chio,胡椒,ho-tsio,ho-chio,2,sitbut
sì-hio̍h-liân,sì-hio̍h-liân,四葉蓮,si-hioh-lian,si-hioh-lian,3,sitbut
kue-kha-lân,koe-kha-lân,鷄脚蘭,kue-kha-lan,koe-kha-lan,3,sitbut
tê-lân,tê-lân,茶蘭,te-lan,te-lan,2,sitbut
suî-liú,sûi-liú,垂柳,sui-liu,sui-liu,2,sitbut
tsuí-liú,chúi-liú,水柳,tsui-liu,chui-liu,2,sitbut
tsuí-liú-á,chúi-liú-á,水柳仔,tsui-liu-a,chui-liu-a,3,sitbut
tshiū-m̂,chhiū-m̂,樹梅,tshiu-m,chhiu-m,2,sitbut
iuān-m̂,ioān-m̂,椵梅,iuan-m,ioan-m,2,sitbut
iông-muâi,iông-moâi,楊梅,iong-muai,iong-moai,2,sitbut
n̂g-kí,n̂g-kí,黃𣏌,ng-ki,ng-ki,2,sitbut
n̂g-kú,n̂g-kú,黃櫸,ng-ku,ng-ku,2,sitbut
jîn-kí,jîn-kí,仁𣏌,jin-ki,jin-ki,2,sitbut
tsuí-kho-á,chúi-kho-á,水柯仔,tsui-kho-a,chui-kho-a,3,sitbut
tsuí-liû-kho,chúi-liû-kho,水流柯,tsui-liu-kho,chui-liu-kho,3,sitbut
tsuí-liú-kho,chúi-liú-kho,水柳柯,tsui-liu-kho,chui-liu-kho,3,sitbut
la̍t-tsí,la̍t-chí,栗子,lat-tsi,lat-chi,2,sitbut
tshiah-káu,chhiah-káu,赤校,tshiah-kau,chhiah-kau,2,sitbut
tshiah-liû,chhiah-liû,赤鱗,tshiah-liu,chhiah-liu,2,sitbut
káu-la̍t,káu-la̍t,校栗,kau-lat,kau-lat,2,sitbut
âng-phê-kua,âng-phê-koa,紅皮柯,ang-phe-kua,ang-phe-koa,3,sitbut
hé-sio-kua,hé-sio-koa,火燒柯,he-sio-kua,he-sio-koa,3,sitbut
tuā-hio̍h-tōo,tōa-hio̍h-tō͘,大葉杜,tua-hioh-too,toa-hioh-to͘,3,sitbut
tōo-á,tō͘-á,杜仔,too-a,to͘-a,2,sitbut
âng-káu-tsan,âng-káu-chan,紅校櫕,ang-kau-tsan,ang-kau-chan,3,sitbut
káu-tsan,káu-chan,校櫕,kau-tsan,kau-chan,2,sitbut
tshiah-ko,chhiah-ko,赤柯,tshiah-ko,chhiah-ko,2,sitbut
kho-á,kho-á,柯仔,kho-a,kho-a,2,sitbut
âng-bah-tōo,âng-bah-tō͘,紅肉杜,ang-bah-too,ang-bah-to͘,3,sitbut
pe̍h-káu-tsan,pe̍h-káu-chan,白校櫕,peh-kau-tsan,peh-kau-chan,3,sitbut
kho-si,kho-si,柯絲,kho-si,kho-si,2,sitbut
lîm-lî,lîm-lî,淋漓,lim-li,lim-li,2,sitbut
tshiah-phê,chhiah-phê,赤皮,tshiah-phe,chhiah-phe,2,sitbut
tsio̍h-tsu,chio̍h-chu,石櫧,tsioh-tsu,chioh-chu,2,sitbut
tshiah-kua,chhiah-koa,赤柯,tshiah-kua,chhiah-koa,2,sitbut
káu-tsô,káu-chô,九槽,kau-tso,kau-cho,2,sitbut
tiû-á,tiû-á,稠仔,tiu-a,tiu-a,2,sitbut
mî-la̍t,mî-la̍t,棉栗,mi-lat,mi-lat,2,sitbut
pe̍h-kue-iû,pe̍h-koe-iû,白鷄油,peh-kue-iu,peh-koe-iu,3,sitbut
tsio̍h-phok,chio̍h-phok,石博,tsioh-phok,chioh-phok,2,sitbut
tsio̍h-siap,chio̍h-siap,石澁,tsioh-siap,chioh-siap,2,sitbut
phoh-á,phoh-á,粕仔,phoh-a,phoh-a,2,sitbut
suann-iûnn-muâ,soaⁿ-iûⁿ-môa,山黃麻,suann-iunn-mua,soaⁿ-iuⁿ-moa,3,sitbut
âng-kue-iû,âng-koe-iû,紅鷄油,ang-kue-iu,ang-koe-iu,3,sitbut
kue-iû,koe-iû,鷄油,kue-iu,koe-iu,2,sitbut
pho-lô-bi̍t,pho-lô-bi̍t,波羅蜜,pho-lo-bit,pho-lo-bit,3,sitbut
lo̍k-á-tshiū,lo̍k-á-chhiū,鹿仔樹,lok-a-tshiu,lok-a-chhiu,3,sitbut
ò-giô-tsí,ò-giô-chí,愛玉子,o-gio-tsi,o-gio-chi,3,sitbut
giô-tsí,giô-chí,玉枳,gio-tsi,gio-chi,2,sitbut
tsí-á,chí-á,枳仔,tsi-a,chi-a,2,sitbut
gû-lin-pông,gû-lin-pông,牛乳房,gu-lin-pong,gu-lin-pong,3,sitbut
sann-khak,saⁿ-khak,三麴,sann-khak,saⁿ-khak,2,sitbut
tsiunn-linn-á,chiuⁿ-liⁿ-á,漿乳仔,tsiunn-linn-a,chiuⁿ-liⁿ-a,3,sitbut
lo̍k-pn̄g,lo̍k-pn̄g,鹿飯,lok-png,lok-png,2,sitbut
bû-hua-kô,bû-hoa-kô,無花果,bu-hua-ko,bu-hoa-ko,3,sitbut
tuā-phànn,tōa-phàⁿ,大冇,tua-phann,toa-phaⁿ,2,sitbut
gû-lin-tshiū,gû-lin-chhiū,牛乳樹,gu-lin-tshiu,gu-lin-chhiu,3,sitbut
ti-bú-lin,ti-bú-lin,猪母乳,ti-bu-lin,ti-bu-lin,3,sitbut
pe̍h-bah-tshîng,pe̍h-bah-chhêng,白肉榕,peh-bah-tshing,peh-bah-chheng,3,sitbut
bō-tsháu,bō-chháu,磨草,bo-tshau,bo-chhau,2,sitbut
khînn-piah-tîn,khîⁿ-piah-tîn,扲壁藤,khinn-piah-tin,khiⁿ-piah-tin,3,sitbut
gû-lin,gû-lin,牛乳,gu-lin,gu-lin,2,sitbut
tāi-ting-hông,tāi-teng-hông,大丁黃,tai-ting-hong,tai-teng-hong,3,sitbut
tuā-phànn-tshiū,tōa-phàⁿ-chhiū,大冇樹,tua-phann-tshiu,toa-phaⁿ-chhiu,3,sitbut
tuā-hio̍h-phànn,tōa-hio̍h-phàⁿ,大葉冇,tua-hioh-phann,toa-hioh-phaⁿ,3,sitbut
se-tsí-á,se-chí-á,樨枳仔,se-tsi-a,se-chi-a,3,sitbut
tsí-poo,chí-po͘,枳枯,tsi-poo,chi-po͘,2,sitbut
oo-tshîng,o͘-chhêng,烏榕,oo-tshing,o͘-chheng,2,sitbut
tshîng-tshiū,chhêng-chhiū,榕樹,tshing-tshiu,chheng-chhiu,2,sitbut
tshîng,chhêng,榕,tshing,chheng,1,sitbut
tsiànn-tshîng,chiàⁿ-chhêng,正榕,tsiann-tshing,chiaⁿ-chheng,2,sitbut
káu-tîng-tshe,káu-têng-chhe,九重吹,kau-ting-tshe,kau-teng-chhe,3,sitbut
siap-hio̍h,siap-hio̍h,澁葉,siap-hioh,siap-hioh,2,sitbut
siap-á-tshiū,siap-á-chhiū,澁仔樹,siap-a-tshiu,siap-a-chhiu,3,sitbut
pe̍h-sua,pe̍h-soa,白沙,peh-sua,peh-soa,2,sitbut
suann-ti-kê,soaⁿ-ti-kê,山猪枷,suann-ti-ke,soaⁿ-ti-ke,3,sitbut
pe̍h-tshîng,pe̍h-chhêng,白榕,peh-tshing,peh-chheng,2,sitbut
tshiah-iông,chhiah-iông,赤榕,tshiah-iong,chhiah-iong,2,sitbut
suann-tshîng,soaⁿ-chhêng,山榕,suann-tshing,soaⁿ-chheng,2,sitbut
tsiáu-tshîng,chiáu-chhêng,鳥榕,tsiau-tshing,chiau-chheng,2,sitbut
tsiáu-sái-tshîng,chiáu-sái-chhêng,鳥屎榕,tsiau-sai-tshing,chiau-sai-chheng,3,sitbut
suann-khóo-kue,soaⁿ-khó͘-koe,山苦瓜,suann-khoo-kue,soaⁿ-kho͘-koe,3,sitbut
khóo-kue-tsháu,khó͘-koe-chháu,苦瓜草,khoo-kue-tshau,kho͘-koe-chhau,3,sitbut
sng-tsâi-á,sng-châi-á,桑材仔,sng-tsai-a,sng-chai-a,3,sitbut
niû-á-tshiū,niû-á-chhiū,蠶仔樹,niu-a-tshiu,niu-a-chhiu,3,sitbut
song-tshiū,song-chhiū,桑樹,song-tshiu,song-chhiu,2,sitbut
iâm-sng-á,iâm-sng-á,鹽桑仔,iam-sng-a,iam-sng-a,3,sitbut
n̂g-kim-kuì,n̂g-kim-kùi,黃金桂,ng-kim-kui,ng-kim-kui,3,sitbut
tshì-keh-á,chhì-keh-á,刺格仔,tshi-keh-a,chhi-keh-a,3,sitbut
suann-tsuí-liú,soaⁿ-chúi-liú,山水柳,suann-tsui-liu,soaⁿ-chui-liu,3,sitbut
tshoo-khng-kak,chho͘-khng-kak,粗糠壳,tshoo-khng-kak,chho͘-khng-kak,3,sitbut
hê-kong-tshiu,hê-kong-chhiu,蝦公鬚,he-kong-tshiu,he-kong-chhiu,3,sitbut
thú-muâ,thú-môa,苧麻,thu-mua,thu-moa,2,sitbut
tuē-á,tōe-á,苧仔,tue-a,toe-a,2,sitbut
kim-sia̍h-liû,kim-sia̍h-liû,金石榴,kim-siah-liu,kim-siah-liu,3,sitbut
kā-lâng-káu,kā-lâng-káu,咬人狗,ka-lang-kau,ka-lang-kau,3,sitbut
tsio̍h-tsû,chio̍h-chû,石薯,tsioh-tsu,chioh-chu,2,sitbut
tsio̍h-tsu-á,chio̍h-chu-á,石珠仔,tsioh-tsu-a,chioh-chu-a,3,sitbut
tsuí-kue-iû,chúi-koe-iû,水鷄油,tsui-kue-iu,chui-koe-iu,3,sitbut
tshì-tsháu,chhì-chháu,刺草,tshi-tshau,chhi-chhau,2,sitbut
kā-lâng-niau,kā-lâng-niau,咬人猫,ka-lang-niau,ka-lang-niau,3,sitbut
suann-gîng-gíng,soaⁿ-gêng-géng,山龍眼,suann-ging-ging,soaⁿ-geng-geng,3,sitbut
suann-kam-á,soaⁿ-kam-á,山柑仔,suann-kam-a,soaⁿ-kam-a,3,sitbut
suann-iū-á,soaⁿ-iū-á,山柚仔,suann-iu-a,soaⁿ-iu-a,3,sitbut
siông-san,siông-san,常山,siong-san,siong-san,2,sitbut
tuânn-hiunn,tôaⁿ-hiuⁿ,檀香,tuann-hiunn,toaⁿ-hiuⁿ,2,sitbut
n̂g-tîn,n̂g-tîn,黃藤,ng-tin,ng-tin,2,sitbut
ba̍k-hiunn,ba̍k-hiuⁿ,木香,bak-hiunn,bak-hiuⁿ,2,sitbut
tîn-tsû,tîn-chû,藤薯,tin-tsu,tin-chu,2,sitbut
sè-sin,sè-sin,細辛,se-sin,se-sin,2,sitbut
kiô-be̍h,kiô-be̍h,蕎麥,kio-beh,kio-beh,2,sitbut
tinn-be̍h,tiⁿ-be̍h,甜麥,tinn-beh,tiⁿ-beh,2,sitbut
pe̍h-khóo-thiāu,pe̍h-khó͘-thiāu,白苦柱,peh-khoo-thiau,peh-kho͘-thiau,3,sitbut
tshìn-pn̄g-tîn,chhìn-pn̄g-tîn,凊飯藤,tshin-png-tin,chhin-png-tin,3,sitbut
tshuan-tshit,chhoan-chhit,川七,tshuan-tshit,chhoan-chhit,2,sitbut
luê-piah-tshì,lôe-piah-chhì,犁壁刺,lue-piah-tshi,loe-piah-chhi,3,sitbut
hô-siú-oo,hô-siú-o͘,何首烏,ho-siu-oo,ho-siu-o͘,3,sitbut
âng-kut-tsuâ,âng-kut-chôa,紅骨蛇,ang-kut-tsua,ang-kut-choa,3,sitbut
khak-tshài,khak-chhài,殼菜,khak-tshai,khak-chhai,2,sitbut
tshàu-tshuan-kiong,chhàu-chhoan-kiong,臭川芎,tshau-tshuan-kiong,chhau-chhoan-kiong,3,sitbut
tshàu-hīng,chhàu-hēng,臭杏,tshau-hing,chhau-heng,2,sitbut
sàu-tshiú-tsháu,sàu-chhiú-chháu,掃箒草,sau-tshiu-tshau,sau-chhiu-chhau,3,sitbut
tshiah-kun-tshài,chhiah-kun-chhài,赤根菜,tshiah-kun-tshai,chhiah-kun-chhai,3,sitbut
tuah-phīnn-tsháu,toah-phīⁿ-chháu,掇鼻草,tuah-phinn-tshau,toah-phiⁿ-chhau,3,sitbut
tshuah-phīnn-tsháu,chhoah-phīⁿ-chháu,擦鼻草,tshuah-phinn-tshau,chhoah-phiⁿ-chhau,3,sitbut
giû-tshik,giû-chhek,牛膝,giu-tshik,giu-chhek,2,sitbut
kue-kut-hông,koe-kut-hông,鷄骨癀,kue-kut-hong,koe-kut-hong,3,sitbut
mn̂g-huē-bak,mn̂g-hōe-bak,磅蟹目,mng-hue-bak,mng-hoe-bak,3,sitbut
tò-kè-tsháu,tò-kè-chháu,到繼草,to-ke-tshau,to-ke-chhau,3,sitbut
tsat-tsat-hue,chat-chat-hoe,節節花,tsat-tsat-hue,chat-chat-hoe,3,sitbut
tshân-pinn-tsháu,chhân-piⁿ-chháu,田邊草,tshan-pinn-tshau,chhan-piⁿ-chhau,3,sitbut
tsá-liân-tsháu,chá-liân-chháu,早蓮草,tsa-lian-tshau,cha-lian-chhau,3,sitbut
âng-tshân-oo,âng-chhân-o͘,紅田烏,ang-tshan-oo,ang-chhan-o͘,3,sitbut
tshân-oo-tsháu,chhân-o͘-chháu,田烏草,tshan-oo-tshau,chhan-o͘-chhau,3,sitbut
suann-hīng-tshài,soaⁿ-hēng-chhài,山莕菜,suann-hing-tshai,soaⁿ-heng-chhai,3,sitbut
tshì-hīng,chhì-hēng,刺莧,tshi-hing,chhi-heng,2,sitbut
tshì-soo,chhì-so͘,刺蒐,tshi-soo,chhi-so͘,2,sitbut
tshi-siunn,chhi-siuⁿ,青箱,tshi-siunn,chhi-siuⁿ,2,sitbut
kue-kè-hue,koe-kè-hoe,鷄冠花,kue-ke-hue,koe-ke-hoe,3,sitbut
pe̍h-kue-kè,pe̍h-koe-kè,白鷄冠,peh-kue-ke,peh-koe-ke,3,sitbut
kue-kè,koe-kè,鷄冠,kue-ke,koe-ke,2,sitbut
oo-hî-hue,o͘-hî-hoe,烏魚花,oo-hi-hue,o͘-hi-hoe,3,sitbut
înn-á-hue,îⁿ-á-hoe,圓仔花,inn-a-hue,iⁿ-a-hoe,3,sitbut
ku-hue,ku-hoe,龜花,ku-hue,ku-hoe,2,sitbut
sòo-hiunn,sò͘-hiuⁿ,素香,soo-hiunn,so͘-hiuⁿ,2,sitbut
ian-tsi-hue,ian-chi-hoe,胭脂花,ian-tsi-hue,ian-chi-hoe,3,sitbut
kí-thok,kí-thok,齒托,ki-thok,ki-thok,2,sitbut
tsuí-tang-kue,chúi-tang-koe,水冬瓜,tsui-tang-kue,chui-tang-koe,3,sitbut
siong-lio̍k,siong-lio̍k,商陸,siong-liok,siong-liok,2,sitbut
hóo-kā-hông,hó͘-kā-hông,虎咬癀,hoo-ka-hong,ho͘-ka-hong,3,sitbut
thih-kau-tsháu,thih-kau-chháu,鐵鉤草,thih-kau-tshau,thih-kau-chhau,3,sitbut
tsu-tsú-tsháu,chu-chú-chháu,朱子草,tsu-tsu-tshau,chu-chu-chhau,3,sitbut
ti-bú-tsháu,ti-bú-chháu,猪母草,ti-bu-tshau,ti-bu-chhau,3,sitbut
gōo-sî-tsháu,gō͘-sî-chháu,午時草,goo-si-tshau,go͘-si-chhau,3,sitbut
tshuì-tsháu,chhùi-chháu,嘴草,tshui-tshau,chhui-chhau,2,sitbut
sim-á-hio̍h,sim-á-hio̍h,參仔葉,sim-a-hioh,sim-a-hioh,3,sitbut
tsîm-kóng-tshài,chîm-kóng-chhài,蟳管菜,tsim-kong-tshai,chim-kong-chhai,3,sitbut
tsîm-tshài,chîm-chhài,蟳菜,tsim-tshai,chim-chhai,2,sitbut
tsián-jiông-hue,chián-jiông-hoe,剪絨花,tsian-jiong-hue,chian-jiong-hoe,3,sitbut
eng-be̍h,eng-be̍h,罌麥,eng-beh,eng-beh,2,sitbut
tshinn-hong-tsháu,chhiⁿ-hong-chháu,菁方草,tshinn-hong-tshau,chhiⁿ-hong-chhau,3,sitbut
kue-tn̂g-tsháu,koe-tn̂g-chháu,鷄腸草,kue-tng-tshau,koe-tng-chhau,3,sitbut
liân,liân,蓮,lian,lian,1,sitbut
liân-hue,liân-hoe,蓮花,lian-hue,lian-hoe,2,sitbut
tsuí-liân-hue,chúi-liân-hoe,水蓮花,tsui-lian-hue,chui-lian-hoe,3,sitbut
ui-lîng-sian,ui-lêng-sian,威靈仙,ui-ling-sian,ui-leng-sian,3,sitbut
uî-hōo-sian,ûi-hō͘-sian,為候仙,ui-hoo-sian,ui-ho͘-sian,3,sitbut
tshǹg-phīnn-lîng,chhǹg-phīⁿ-lêng,串鼻龍,tshng-phinn-ling,chhng-phiⁿ-leng,3,sitbut
pih-á-tsháu,pih-á-chháu,鼈仔草,pih-a-tshau,pih-a-chhau,3,sitbut
thong-tshó,thong-chhó,蓪草,thong-tsho,thong-chho,2,sitbut
tsio̍h-ge̍h,chio̍h-ge̍h,石月,tsioh-geh,chioh-geh,2,sitbut
n̂g-peh,n̂g-peh,黃柏,ng-peh,ng-peh,2,sitbut
pueh-kak-liân,poeh-kak-liân,八角蓮,pueh-kak-lian,poeh-kak-lian,3,sitbut
hông-kí,hông-kí,防巳,hong-ki,hong-ki,2,sitbut
luê-piah-tîn,lôe-piah-tîn,犁壁藤,lue-piah-tin,loe-piah-tin,3,sitbut
luê-piah-tsháu,lôe-piah-chháu,犁壁草,lue-piah-tshau,loe-piah-chhau,3,sitbut
tó-tuē-kióng,tó-tōe-kióng,倒地拱,to-tue-kiong,to-toe-kiong,3,sitbut
tuā-huê-hûn,tōa-hôe-hûn,大回魂,tua-hue-hun,toa-hoe-hun,3,sitbut
pueh-kak,poeh-kak,八角,pueh-kak,poeh-kak,2,sitbut
uánn-lîng-tshiū,óaⁿ-lêng-chhiū,碗龍樹,uann-ling-tshiu,oaⁿ-leng-chhiu,3,sitbut
pueh-kak-á,poeh-kak-á,八角仔,pueh-kak-a,poeh-kak-a,3,sitbut
iā-ha̍p,iā-ha̍p,夜合,ia-hap,ia-hap,2,sitbut
gio̍k-lân,gio̍k-lân,玉蘭,giok-lan,giok-lan,2,sitbut
oo-sim-tsio̍h,o͘-sim-chio̍h,烏心石,oo-sim-tsioh,o͘-sim-chioh,3,sitbut
hâm-siàu,hâm-siàu,含笑,ham-siau,ham-siau,2,sitbut
giû-sim-lâi,giû-sim-lâi,牛心梨,giu-sim-lai,giu-sim-lai,3,sitbut
phang-lâi,phang-lâi,香梨,phang-lai,phang-lai,2,sitbut
sik-kia-kó,sek-kia-kó,釋迦果,sik-kia-ko,sek-kia-ko,3,sitbut
hu̍t-thâu-kó,hu̍t-thâu-kó,佛頭果,hut-thau-ko,hut-thau-ko,3,sitbut
ing-jiáu-thô,eng-jiáu-thô,鶯爪桃,ing-jiau-tho,eng-jiau-tho,3,sitbut
kue-jiáu-lân,koe-jiáu-lân,鷄爪蘭,kue-jiau-lan,koe-jiau-lan,3,sitbut
phang-hue,phang-hoe,香花,phang-hue,phang-hoe,2,sitbut
tshàu-sái-lâm,chhàu-sái-lâm,臭屎楠,tshau-sai-lam,chhau-sai-lam,3,sitbut
suè-hio̍h-lâm,sòe-hio̍h-lâm,細葉楠,sue-hioh-lam,soe-hioh-lam,3,sitbut
thih-sái-lâm,thih-sái-lâm,鐵屎楠,thih-sai-lam,thih-sai-lam,3,sitbut
bo̍k-ní-tsuiū,bo̍k-ní-chuiū,木耳樹,bok-ni-tsuiu,bok-ni-chuiu,3,sitbut
kue-bâi,koe-bâi,鷄眉,kue-bai,koe-bai,2,sitbut
lo̍h-khak-tsan,lo̍h-khak-chan,落殼櫕,loh-khak-tsan,loh-khak-chan,3,sitbut
kiú-kiong-kū,kiú-kiong-kū,九芎舅,kiu-kiong-ku,kiu-kiong-ku,3,sitbut
huan-á-uan,hoan-á-oan,蕃仔灣,huan-a-uan,hoan-a-oan,3,sitbut
bô-kun-tsháu,bô-kun-chháu,無根草,bo-kun-tshau,bo-kun-chhau,3,sitbut
tsiunn,chiuⁿ,樟,tsiunn,chiuⁿ,1,sitbut
pún-tsiunn,pún-chiuⁿ,本樟,pun-tsiunn,pun-chiuⁿ,2,sitbut
tshàu-tsiunn,chhàu-chiuⁿ,臭樟,tshau-tsiunn,chhau-chiuⁿ,2,sitbut
suann-tshàu-tsiunn,soaⁿ-chhàu-chiuⁿ,山臭樟,suann-tshau-tsiunn,soaⁿ-chhau-chiuⁿ,3,sitbut
suann-tsiáu-tsiunn,soaⁿ-chiáu-chiuⁿ,山鳥樟,suann-tsiau-tsiunn,soaⁿ-chiau-chiuⁿ,3,sitbut
tsiáu-tsiunn,chiáu-chiuⁿ,鳥樟,tsiau-tsiunn,chiau-chiuⁿ,2,sitbut
thóo-jio̍k-kuì,thó͘-jio̍k-kùi,土肉桂,thoo-jiok-kui,tho͘-jiok-kui,3,sitbut
tsiunn-gû,chiuⁿ-gû,樟牛,tsiunn-gu,chiuⁿ-gu,2,sitbut
gû-tsiunn,gû-chiuⁿ,牛樟,gu-tsiunn,gu-chiuⁿ,2,sitbut
phànn-tsiunn,phàⁿ-chiuⁿ,冇樟,phann-tsiunn,phaⁿ-chiuⁿ,2,sitbut
jio̍k-kuì,jio̍k-kùi,肉桂,jiok-kui,jiok-kui,2,sitbut
kuì-ki,kùi-ki,桂枝,kui-ki,kui-ki,2,sitbut
a-lí-sim,a-lí-sim,阿里參,a-li-sim,a-li-sim,3,sitbut
hiunn-kuì,hiuⁿ-kùi,香桂,hiunn-kui,hiuⁿ-kui,2,sitbut
suann-jio̍k-kuì,soaⁿ-jio̍k-kùi,山肉桂,suann-jiok-kui,soaⁿ-jiok-kui,3,sitbut
thóo-tsiunn,thó͘-chiuⁿ,土樟,thoo-tsiunn,tho͘-chiuⁿ,2,sitbut
kau-khak-kuì,kau-khak-kùi,厚殼桂,kau-khak-kui,kau-khak-kui,3,sitbut
phang-kuì,phang-kùi,攀桂,phang-kui,phang-kui,2,sitbut
phànn-kuì,phàⁿ-kùi,冇桂,phann-kui,phaⁿ-kui,2,sitbut
thóo-lâm,thó͘-lâm,土楠,thoo-lam,tho͘-lam,2,sitbut
lāi-tang-tsí,lāi-tang-chí,內冬子,lai-tang-tsi,lai-tang-chi,3,sitbut
suann-ho-tsio,soaⁿ-ho-chio,山胡椒,suann-ho-tsio,soaⁿ-ho-chio,3,sitbut
tuā-hio̍h-lâm,tōa-hio̍h-lâm,大葉楠,tua-hioh-lam,toa-hioh-lam,3,sitbut
lâm-á,lâm-á,楠仔,lam-a,lam-a,2,sitbut
hiunn-lâm,hiuⁿ-lâm,香楠,hiunn-lam,hiuⁿ-lam,2,sitbut
ti-kha-lâm,ti-kha-lâm,猪脚楠,ti-kha-lam,ti-kha-lam,3,sitbut
iû-hio̍h-lâm,iû-hio̍h-lâm,油葉楠,iu-hioh-lam,iu-hioh-lam,3,sitbut
tik-hio̍h-lâm,tek-hio̍h-lâm,竹葉楠,tik-hioh-lam,tek-hioh-lam,3,sitbut
oo-hun-hue,o͘-hun-hoe,烏煙花,oo-hun-hue,o͘-hun-hoe,3,sitbut
ô-khak-á,ô-khak-á,蠔殼仔,o-khak-a,o-khak-a,3,sitbut
gû-kak-uai,gû-kak-oai,牛角歪,gu-kak-uai,gu-kak-oai,3,sitbut
sann-kha-tiāu,saⁿ-kha-tiāu,三脚掉,sann-kha-tiau,saⁿ-kha-tiau,3,sitbut
sann-kha-phî,saⁿ-kha-phî,三脚皮,sann-kha-phi,saⁿ-kha-phi,3,sitbut
sann-kha-pia̍t,saⁿ-kha-pia̍t,三脚別,sann-kha-piat,saⁿ-kha-piat,3,sitbut
sann-kha-pih,saⁿ-kha-pih,三脚鼈,sann-kha-pih,saⁿ-kha-pih,3,sitbut
hiòng-thian-hông,hiòng-thian-hông,向天黃,hiong-thian-hong,hiong-thian-hong,3,sitbut
înn-tshài-thâu,îⁿ-chhài-thâu,圓菜頭,inn-tshai-thau,iⁿ-chhai-thau,3,sitbut
kuà-tshài,kòa-chhài,芥菜,kua-tshai,koa-chhai,2,sitbut
tuā-tshài,tōa-chhài,大菜,tua-tshai,toa-chhai,2,sitbut
ko-lê-tshài,ko-lê-chhài,高麗菜,ko-le-tshai,ko-le-chhai,3,sitbut
tshài-hue,chhài-hoe,菜花,tshai-hue,chhai-hoe,2,sitbut
pe̍h-tshài,pe̍h-chhài,白菜,peh-tshai,peh-chhai,2,sitbut
suann-kuà-tshài,soaⁿ-kòa-chhài,山芥菜,suann-kua-tshai,soaⁿ-koa-chhai,3,sitbut
tshài-thâu,chhài-thâu,菜頭,tshai-thau,chhai-thau,2,sitbut
lâi-ho̍k,lâi-ho̍k,萊菔,lai-hok,lai-hok,2,sitbut
tshinn-to-tsháu,chhiⁿ-to-chháu,生刀草,tshinn-to-tshau,chhiⁿ-to-chhau,3,sitbut
tshinn-to-io̍h,chhiⁿ-to-io̍h,生刀藥,tshinn-to-ioh,chhiⁿ-to-ioh,3,sitbut
kha-bak-tsháu,kha-bak-chháu,脚目草,kha-bak-tshau,kha-bak-chhau,3,sitbut
kha-bú-tsháu,kha-bú-chháu,脚母草,kha-bu-tshau,kha-bu-chhau,3,sitbut
pe̍h-poo-kiunn,pe̍h-po͘-kiuⁿ,白埔姜,peh-poo-kiunn,peh-po͘-kiuⁿ,3,sitbut
siông-san-tshiū,siông-san-chhiū,常山樹,siong-san-tshiu,siong-san-chhiu,3,sitbut
siông-san-nî,siông-san-nî,常山尼,siong-san-ni,siong-san-ni,3,sitbut
hôo-hī-tsháu,hô͘-hī-chháu,虎耳草,hoo-hi-tshau,ho͘-hi-chhau,3,sitbut
kim-hī-tsháu,kim-hī-chháu,錦耳草,kim-hi-tshau,kim-hi-chhau,3,sitbut
tshit-lí-hiong,chhit-lí-hiong,七里香,tshit-li-hiong,chhit-li-hiong,3,sitbut
png-á,png-á,楓仔,png-a,png-a,2,sitbut
phng-siū,phng-siū,楓樹,phng-siu,phng-siu,2,sitbut
hē-bê,hē-bê,夏粥,he-be,he-be,2,sitbut
suann-gî-pê,soaⁿ-gî-pê,山枇杷,suann-gi-pe,soaⁿ-gi-pe,3,sitbut
gî-pê,gî-pê,枇杷,gi-pe,gi-pe,2,sitbut
tsuâ-pô,chôa-pô,蛇婆,tsua-po,choa-po,2,sitbut
lîng-thòo-tsu,lêng-thò͘-chu,龍吐珠,ling-thoo-tsu,leng-tho͘-chu,3,sitbut
tsuâ-pho,chôa-pho,蛇波,tsua-pho,choa-pho,2,sitbut
hái-tông,hái-tông,海棠,hai-tong,hai-tong,2,sitbut
suann-siann-tsa,soaⁿ-siaⁿ-cha,山仙查,suann-siann-tsa,soaⁿ-siaⁿ-cha,3,sitbut
siap-lâi,siap-lâi,澁梨,siap-lai,siap-lai,2,sitbut
hê-bé,hê-bé,蝦尾,he-be,he-be,2,sitbut
suann-gû-lin,soaⁿ-gû-lin,山牛乳,suann-gu-lin,soaⁿ-gu-lin,3,sitbut
suann-eng-thô,soaⁿ-eng-thô,山櫻桃,suann-eng-tho,soaⁿ-eng-tho,3,sitbut
muî-á,mûi-á,梅仔,mui-a,mui-a,2,sitbut
pe̍h-muî,pe̍h-mûi,白梅,peh-mui,peh-mui,2,sitbut
thô-á,thô-á,桃仔,tho-a,tho-a,2,sitbut
thô-jîn,thô-jîn,桃仁,tho-jin,tho-jin,2,sitbut
lí-á,lí-á,李仔,li-a,li-a,2,sitbut
suann-lâi,soaⁿ-lâi,山梨,suann-lai,soaⁿ-lai,2,sitbut
tsiáu-lâi,chiáu-lâi,鳥梨,tsiau-lai,chiau-lai,2,sitbut
tsuí-lâi,chúi-lâi,水梨,tsui-lai,chui-lai,2,sitbut
lâi-á,lâi-á,梨仔,lai-a,lai-a,2,sitbut
tiû-tshun-hue,tiû-chhun-hoe,綢春花,tiu-tshun-hue,tiu-chhun-hoe,3,sitbut
tuā-kim-ing,tōa-kim-eng,大金英,tua-kim-ing,toa-kim-eng,3,sitbut
kim-ing,kim-eng,金英,kim-ing,kim-eng,2,sitbut
sió-kim-ing,sió-kim-eng,小金英,sio-kim-ing,sio-kim-eng,3,sitbut
hóo-m̂-tshì,hó͘-m̂-chhì,虎梅刺,hoo-m-tshi,ho͘-m-chhi,3,sitbut
iâm-pô,iâm-pô,鹽婆,iam-po,iam-po,2,sitbut
tshì-muî,chhì-mûi,蕀梅,tshi-mui,chhi-mui,2,sitbut
hâ-phî-lâm,hâ-phî-lâm,夏皮楠,ha-phi-lam,ha-phi-lam,3,sitbut
kue-bú-tsu,koe-bú-chu,鷄母珠,kue-bu-tsu,koe-bu-chu,3,sitbut
kue-bú-tsú,koe-bú-chú,鷄母子,kue-bu-tsu,koe-bu-chu,3,sitbut
âng-tsu-bo̍k,âng-chu-bo̍k,紅珠木,ang-tsu-bok,ang-chu-bok,3,sitbut
siunn-si-á,siuⁿ-si-á,相思仔,siunn-si-a,siuⁿ-si-a,3,sitbut
hiong-si-siū,hiong-si-siū,相思樹,hiong-si-siu,hiong-si-siu,3,sitbut
kim-ha̍p-huan,kim-ha̍p-hoan,金合歡,kim-hap-huan,kim-hap-hoan,3,sitbut
gû-kak-hue,gû-kak-hoe,牛角花,gu-kak-hue,gu-kak-hoe,3,sitbut
tshì-kiû-hue,chhì-kiû-hoe,刺毬花,tshi-kiu-hue,chhi-kiu-hoe,3,sitbut
huan-tshì-á,hoan-chhì-á,蕃刺仔,huan-tshi-a,hoan-chhi-a,3,sitbut
iûnn-kang-tshì,iûⁿ-kang-chhì,羊牨刺,iunn-kang-tshi,iuⁿ-kang-chhi,3,sitbut
huan-pô-tshiū,hoan-pô-chhiū,蕃婆樹,huan-po-tshiu,hoan-po-chhiu,3,sitbut
pe̍h-kî-tshun,pe̍h-kî-chhun,白其春,peh-ki-tshun,peh-ki-chhun,3,sitbut
suann-thôo-tāu,soaⁿ-thô͘-tāu,山土豆,suann-thoo-tau,soaⁿ-tho͘-tau,3,sitbut
sîn-si̍t-tsháu,sîn-si̍t-chháu,蠅翼草,sin-sit-tshau,sin-sit-chhau,3,sitbut
thôo-tāu-kū,thô͘-tāu-kū,土豆舅,thoo-tau-ku,tho͘-tau-ku,3,sitbut
thôo-tāu,thô͘-tāu,土豆,thoo-tau,tho͘-tau,2,sitbut
kau-tîn,kau-tîn,鉤藤,kau-tin,kau-tin,2,sitbut
kiok-hue-bo̍k,kiok-hoe-bo̍k,菊花木,kiok-hue-bok,kiok-hoe-bok,3,sitbut
tah-bah-tshì,tah-bah-chhì,搭肉刺,tah-bah-tshi,tah-bah-chhi,3,sitbut
ing-hio̍h-tshì,eng-hio̍h-chhì,鷹葉刺,ing-hioh-tshi,eng-hioh-chhi,3,sitbut
n̂g-ôo-ia̍p,n̂g-ô͘-ia̍p,黃蝴蝶,ng-oo-iap,ng-o͘-iap,3,sitbut
tsang-bo̍k,chang-bo̍k,稯木,tsang-bok,chang-bok,2,sitbut
soo-bo̍k,so͘-bo̍k,蘇木,soo-bok,so͘-bok,2,sitbut
tshiū-tāu,chhiū-tāu,樹豆,tshiu-tau,chhiu-tau,2,sitbut
tshài-to-tāu,chhài-to-tāu,菜刀豆,tshai-to-tau,chhai-to-tau,3,sitbut
kuan-to-tāu,koan-to-tāu,關刀豆,kuan-to-tau,koan-to-tau,3,sitbut
iûnn-kak-tāu,iûⁿ-kak-tāu,羊角豆,iunn-kak-tau,iuⁿ-kak-tau,3,sitbut
iûnn-tāu,iûⁿ-tāu,羊豆,iunn-tau,iuⁿ-tau,2,sitbut
pe̍h-bé-sái,pe̍h-bé-sái,白馬屎,peh-be-sai,peh-be-sai,3,sitbut
gōng-gōng-tsháu,gōng-gōng-chháu,戇戇草,gong-gong-tshau,gong-gong-chhau,3,sitbut
bō-á-tsháu,bō-á-chháu,磨仔草,bo-a-tshau,bo-a-chhau,3,sitbut
tāi-hî-lân,tāi-hî-lân,𩻸魚鱗,tai-hi-lan,tai-hi-lan,3,sitbut
bé-tê-kim,bé-tê-kim,馬蹄金,be-te-kim,be-te-kim,3,sitbut
tsu-á-tsháu,chu-á-chháu,珠仔草,tsu-a-tshau,chu-a-chhau,3,sitbut
pián-thiok,pián-thiok,萹蓄,pian-thiok,pian-thiok,2,sitbut
hôo-sîn-si̍t,hô͘-sîn-si̍t,蝴蠅翼,hoo-sin-sit,ho͘-sin-sit,3,sitbut
sann-hī-tsháu,saⁿ-hī-chháu,三耳草,sann-hi-tshau,saⁿ-hi-chhau,3,sitbut
sù-kuì-tshun,sù-kùi-chhun,四季春,su-kui-tshun,su-kui-chhun,3,sitbut
lîng-tsi̍h-hông,lêng-chi̍h-hông,龍舌黃,ling-tsih-hong,leng-chih-hong,3,sitbut
ngôo-bî-tāu,ngô͘-bî-tāu,蛾眉豆,ngoo-bi-tau,ngo͘-bi-tau,3,sitbut
tsiáu-á-tāu,chiáu-á-tāu,鳥仔豆,tsiau-a-tau,chiau-a-tau,3,sitbut
pe̍h-bah-tāu,pe̍h-bah-tāu,白肉豆,peh-bah-tau,peh-bah-tau,3,sitbut
bah-tāu,bah-tāu,肉豆,bah-tau,bah-tau,2,sitbut
ah-kiān-tîn,ah-kiān-tîn,鴨腱藤,ah-kian-tin,ah-kian-tin,3,sitbut
tshì-tông,chhì-tông,刺桐,tshi-tong,chhi-tong,2,sitbut
tshàu-khang-á,chhàu-khang-á,臭空仔,tshau-khang-a,chhau-khang-a,3,sitbut
tshian-kun-puih,chhian-kun-puih,千斤拔,tshian-kun-puih,chhian-kun-puih,3,sitbut
kue-kak-kong,koe-kak-kong,鷄鵤公,kue-kak-kong,koe-kak-kong,3,sitbut
tshinn-phê-tāu,chhiⁿ-phê-tāu,青皮豆,tshinn-phe-tau,chhiⁿ-phe-tau,3,sitbut
pe̍h-tāu,pe̍h-tāu,白豆,peh-tau,peh-tau,2,sitbut
oo-tāu,o͘-tāu,烏豆,oo-tau,o͘-tau,2,sitbut
huan-tshinn,hoan-chhiⁿ,蕃菁,huan-tshinn,hoan-chhiⁿ,2,sitbut
tuā-tshinn,tōa-chhiⁿ,大菁,tua-tshinn,toa-chhiⁿ,2,sitbut
pún-tshinn,pún-chhiⁿ,本菁,pun-tshinn,pun-chhiⁿ,2,sitbut
sió-tshinn,sió-chhiⁿ,小菁,sio-tshinn,sio-chhiⁿ,2,sitbut
tshian-lí-kong,chhian-lí-kong,千里光,tshian-li-kong,chhian-li-kong,3,sitbut
kuah-tîn,koah-tîn,葛藤,kuah-tin,koah-tin,2,sitbut
kuè-suann-lîng,kòe-soaⁿ-lêng,過山龍,kue-suann-ling,koe-soaⁿ-leng,3,sitbut
lōo-tîn,lō͘-tîn,蕗藤,loo-tin,lo͘-tin,2,sitbut
hî-tîn,hî-tîn,魚藤,hi-tin,hi-tin,2,sitbut
hóo-jiáu-tāu,hó͘-jiáu-tāu,虎爪豆,hoo-jiau-tau,ho͘-jiau-tau,3,sitbut
hu-kuì-tāu,hu-kùi-tāu,富貴豆,hu-kui-tau,hu-kui-tau,3,sitbut
huih-tîn,huih-tîn,血藤,huih-tin,huih-tin,2,sitbut
kuah-tsû,koah-chû,葛薯,kuah-tsu,koah-chu,2,sitbut
han-tsû,han-chû,蕃薯,han-tsu,han-chu,2,sitbut
hông-tè-tāu,hông-tè-tāu,皇帝豆,hong-te-tau,hong-te-tau,3,sitbut
bí-tāu,bí-tāu,米豆,bi-tau,bi-tau,2,sitbut
li̍k-tāu,le̍k-tāu,綠豆,lik-tau,lek-tau,2,sitbut
tshài-tāu,chhài-tāu,菜豆,tshai-tau,chhai-tau,2,sitbut
huan-á-tāu,hoan-á-tāu,蕃仔豆,huan-a-tau,hoan-a-tau,3,sitbut
ho-lin-tāu,ho-lin-tāu,荷蘭豆,ho-lin-tau,ho-lin-tau,3,sitbut
kim-ku-tshiū,kim-ku-chhiū,金龜樹,kim-ku-tshiu,kim-ku-chhiu,3,sitbut
oo-kue-kut,o͘-koe-kut,烏鷄骨,oo-kue-kut,o͘-koe-kut,3,sitbut
ām-sê-tāu,ām-sê-tāu,頷垂豆,am-se-tau,am-se-tau,3,sitbut
kue-bâi,koe-bâi,雞眉,kue-bai,koe-bai,2,sitbut
tāu-tshài,tāu-chhài,豆菜,tau-tshai,tau-chhai,2,sitbut
tsú-tuânn,chú-tôaⁿ,紫檀,tsu-tuann,chu-toaⁿ,2,sitbut
kuah-tîn-tsháu,koah-tîn-chháu,葛藤草,kuah-tin-tshau,koah-tin-chhau,3,sitbut
kan-kuah,kan-koah,乾葛,kan-kuah,kan-koah,2,sitbut
suann-bah-tāu,soaⁿ-bah-tāu,山肉豆,suann-bah-tau,soaⁿ-bah-tau,3,sitbut
suann-tshinn,soaⁿ-chhiⁿ,山菁,suann-tshinn,soaⁿ-chhiⁿ,2,sitbut
bé-khí-tāu,bé-khí-tāu,馬齒豆,be-khi-tau,be-khi-tau,3,sitbut
tshâm-tāu,chhâm-tāu,蠶豆,tsham-tau,chham-tau,2,sitbut
iûnn-muî-thô,iûⁿ-mûi-thô,楊梅桃,iunn-mui-tho,iuⁿ-mui-tho,3,sitbut
sió-lé-hue,sió-lé-hoe,小禮花,sio-le-hue,sio-le-hoe,3,sitbut
iâm-sng-tsháu,iâm-sng-chháu,鹽酸草,iam-sng-tshau,iam-sng-chhau,3,sitbut
suann-iâm-sng,soaⁿ-iâm-sng,山鹽酸,suann-iam-sng,soaⁿ-iam-sng,3,sitbut
pe̍h-tsi̍t-lê,pe̍h-chi̍t-lê,白蒺藜,peh-tsit-le,peh-chit-le,3,sitbut
tsi̍t-lê,chi̍t-lê,蒺藜,tsit-le,chit-le,2,sitbut
sann-kha-hóo,saⁿ-kha-hó͘,三脚虎,sann-kha-hoo,saⁿ-kha-ho͘,3,sitbut
sann-kha-ting,saⁿ-kha-teng,三脚丁,sann-kha-ting,saⁿ-kha-teng,3,sitbut
oo-kam-á,o͘-kam-á,烏柑仔,oo-kam-a,o͘-kam-a,3,sitbut
n̂g-kun,n̂g-kun,黃根,ng-kun,ng-kun,2,sitbut
tuā-thè-hông,tōa-thè-hông,大退癀,tua-the-hong,toa-the-hong,3,sitbut
hiunn-kam,hiuⁿ-kam,香柑,hiunn-kam,hiuⁿ-kam,2,sitbut
guân-siau-kam,goân-siau-kam,元宵柑,guan-siau-kam,goan-siau-kam,3,sitbut
liân-siau-kam,liân-siau-kam,年宵柑,lian-siau-kam,lian-siau-kam,3,sitbut
hóo-thâu-kam,hó͘-thâu-kam,虎頭柑,hoo-thau-kam,ho͘-thau-kam,3,sitbut
táu-iū,táu-iū,斗柚,tau-iu,tau-iu,2,sitbut
iū-á,iū-á,柚仔,iu-a,iu-a,2,sitbut
tuā-táu-iū,tōa-táu-iū,大斗柚,tua-tau-iu,toa-tau-iu,3,sitbut
bān-iū,bān-iū,晚柚,ban-iu,ban-iu,2,sitbut
bûn-tàn,bûn-tàn,文旦,bun-tan,bun-tan,2,sitbut
pe̍h-bah-iū,pe̍h-bah-iū,白肉柚,peh-bah-iu,peh-bah-iu,3,sitbut
bit-iū,bit-iū,蜜柚,bit-iu,bit-iu,2,sitbut
suann-tang-iū,soaⁿ-tang-iū,山東柚,suann-tang-iu,soaⁿ-tang-iu,3,sitbut
tsio̍h-thâu-iū,chio̍h-thâu-iū,石頭柚,tsioh-thau-iu,chioh-thau-iu,3,sitbut
tsá-iū,chá-iū,早柚,tsa-iu,cha-iu,2,sitbut
pe̍h-hio̍h-iū,pe̍h-hio̍h-iū,白葉柚,peh-hioh-iu,peh-hioh-iu,3,sitbut
oo-hio̍h-iū,o͘-hio̍h-iū,烏葉柚,oo-hioh-iu,o͘-hioh-iu,3,sitbut
kuâinn-tshiûnn-iū,koâiⁿ-chhiûⁿ-iū,高墻柚,kuainn-tshiunn-iu,koaiⁿ-chhiuⁿ-iu,3,sitbut
tiong-iū,tiong-iū,中柚,tiong-iu,tiong-iu,2,sitbut
hiong-iân,hiong-iân,香櫞,hiong-ian,hiong-ian,2,sitbut
hiunn-înn,hiuⁿ-îⁿ,香圓,hiunn-inn,hiuⁿ-iⁿ,2,sitbut
hiunn-iū,hiuⁿ-iū,香柚,hiunn-iu,hiuⁿ-iu,2,sitbut
hu̍t-siú,hu̍t-siú,佛手,hut-siu,hut-siu,2,sitbut
tsài-sing-kiat,chài-seng-kiat,再生橘,tsai-sing-kiat,chai-seng-kiat,3,sitbut
sù-kuì-kiat,sù-kùi-kiat,四季橘,su-kui-kiat,su-kui-kiat,3,sitbut
huan-kam,hoan-kam,蕃柑,huan-kam,hoan-kam,2,sitbut
kong-sun-kiat,kong-sun-kiat,公孫橘,kong-sun-kiat,kong-sun-kiat,3,sitbut
sng-kiat,sng-kiat,酸橘,sng-kiat,sng-kiat,2,sitbut
tinn-kiat,tiⁿ-kiat,甜橘,tinn-kiat,tiⁿ-kiat,2,sitbut
seh-kam,seh-kam,雪柑,seh-kam,seh-kam,2,sitbut
tsuí-kam,chúi-kam,水柑,tsui-kam,chui-kam,2,sitbut
âng-kam,âng-kam,紅柑,ang-kam,ang-kam,2,sitbut
tháng-kam,tháng-kam,桶柑,thang-kam,thang-kam,2,sitbut
nî-kam,nî-kam,年柑,ni-kam,ni-kam,2,sitbut
hái-lâi-kam,hái-lâi-kam,海梨柑,hai-lai-kam,hai-lai-kam,3,sitbut
n̂g-phî,n̂g-phî,黃皮,ng-phi,ng-phi,2,sitbut
n̂g-kam,n̂g-kam,黃柑,ng-kam,ng-kam,2,sitbut
kè-suann-hiunn,kè-soaⁿ-hiuⁿ,過山香,ke-suann-hiunn,ke-soaⁿ-hiuⁿ,3,sitbut
tsha̍t-á-tshiū,chha̍t-á-chhiū,賊仔樹,tshat-a-tshiu,chhat-a-chhiu,3,sitbut
suann-tshat,soaⁿ-chhat,山漆,suann-tshat,soaⁿ-chhat,2,sitbut
suann-kuah-tshài,soaⁿ-koah-chhài,山葛菜,suann-kuah-tshai,soaⁿ-koah-chhai,3,sitbut
sann-pih-pí,saⁿ-pih-pí,三鼈比,sann-pih-pi,saⁿ-pih-pi,3,sitbut
tshì-tshang,chhì-chhang,刺葱,tshi-tshang,chhi-chhang,2,sitbut
âng-tsh-tshang,âng-chh-chhang,紅刺葱,ang-tsh-tshang,ang-chh-chhang,3,sitbut
jîn-tshì-tshang,jîn-chhì-chhang,仁刺葱,jin-tshi-tshang,jin-chhi-chhang,3,sitbut
tsiáu-ta̍h-tshì,chiáu-ta̍h-chhì,鳥踏刺,tsiau-tah-tshi,chiau-tah-chhi,3,sitbut
kóo-gua̍t-kun,kó͘-goa̍t-kun,古月根,koo-guat-kun,ko͘-goat-kun,3,sitbut
sang-bīn-tshì,sang-bīn-chhì,雙面刺,sang-bin-tshi,sang-bin-chhi,3,sitbut
hau-khak-tshì,hau-khak-chhì,鱟壳刺,hau-khak-tshi,hau-khak-chhi,3,sitbut
kim-kam,kim-kam,金柑,kim-kam,kim-kam,2,sitbut
tsio̍h-lîng-kū,chio̍h-lêng-kū,石柃舅,tsioh-ling-ku,chioh-leng-ku,3,sitbut
tshit-lí-hiong,chhit-lí-hiong,七星香,tshit-li-hiong,chhit-li-hiong,3,sitbut
tsio̍h-lîng,chio̍h-lêng,石柃,tsioh-ling,chioh-leng,2,sitbut
sip-lí-hiong,sip-lí-hiong,十里香,sip-li-hiong,sip-li-hiong,3,sitbut
tshàu-phû-iông,chhàu-phû-iông,臭芙蓉,tshau-phu-iong,chhau-phu-iong,3,sitbut
kann-ná,kaⁿ-ná,橄欖,kann-na,kaⁿ-na,2,sitbut
tshiū-lân,chhiū-lân,樹蘭,tshiu-lan,chhiu-lan,2,sitbut
tshiu-lân,chhiu-lân,秋蘭,tshiu-lan,chhiu-lan,2,sitbut
âng-tshâ,âng-chhâ,紅柴,ang-tsha,ang-chha,2,sitbut
khóo-līng,khó͘-lēng,苦楝,khoo-ling,kho͘-leng,2,sitbut
uán-tsì,oán-chì,遠志,uan-tsi,oan-chi,2,sitbut
juē-á-tsháu,jōe-á-chháu,蚋仔草,jue-a-tshau,joe-a-chhau,3,sitbut
thih-tiò-kuann,thih-tiò-koaⁿ,鐵釣竿,thih-tio-kuann,thih-tio-koaⁿ,3,sitbut
tê-si-hông,tê-si-hông,茶絲黃,te-si-hong,te-si-hong,3,sitbut
tông-tsi-tshiū,tông-chi-chhiū,桐子樹,tong-tsi-tshiu,tong-chi-chhiu,3,sitbut
iû-tông,iû-tông,油桐,iu-tong,iu-tong,2,sitbut
tông-tsí-tshiū,tông-chí-chhiū,桐子樹,tong-tsi-tshiu,tong-chi-chhiu,3,sitbut
koo-lí-tin,ko͘-lí-tin,枯里珍,koo-li-tin,ko͘-li-tin,3,sitbut
ka-tang,ka-tang,茄苳,ka-tang,ka-tang,2,sitbut
âng-sim-á,âng-sim-á,紅心仔,ang-sim-a,ang-sim-a,3,sitbut
âng-tsu,âng-chu,紅珠,ang-tsu,ang-chu,2,sitbut
tshit-ji̍t-n̄g,chhit-ji̍t-n̄g,七日暈,tshit-jit-ng,chhit-jit-ng,3,sitbut
âng-tsu-á,âng-chu-á,紅珠仔,ang-tsu-a,ang-chu-a,3,sitbut
âng-ì-á,âng-ì-á,紅薏仔,ang-i-a,ang-i-a,3,sitbut
pe̍h-á,pe̍h-á,白仔,peh-a,peh-a,2,sitbut
tōo-bi̍t-tshiū,tō͘-bi̍t-chhiū,杜蜜樹,too-bit-tshiu,to͘-bit-chhiu,3,sitbut
tshì-tōo-bi̍t,chhì-tō͘-bi̍t,刺杜蜜,tshi-too-bit,chhi-to͘-bit,3,sitbut
tshì-lâm,chhì-lâm,刺楠,tshi-lam,chhi-lam,2,sitbut
khī-kôo,khī-kô͘,柿糊,khi-koo,khi-ko͘,2,sitbut
pe̍h-hio̍h-ē,pe̍h-hio̍h-ē,白葉下,peh-hioh-e,peh-hioh-e,3,sitbut
hio̍h-ē-pe̍h,hio̍h-ē-pe̍h,葉下白,hioh-e-peh,hioh-e-peh,3,sitbut
pa-tau,pa-tau,巴豆,pa-tau,pa-tau,2,sitbut
kóng-á,kóng-á,廣仔,kong-a,kong-a,2,sitbut
bíng-tshiū,béng-chhiū,猛樹,bing-tshiu,beng-chhiu,2,sitbut
kòng-á,kòng-á,貢仔,kong-a,kong-a,2,sitbut
hóo-phê-lâm,hó͘-phê-lâm,虎皮楠,hoo-phe-lam,ho͘-phe-lam,3,sitbut
thih-sik-tshiū,thih-sek-chhiū,鐵色樹,thih-sik-tshiu,thih-sek-chhiu,3,sitbut
tāi-kah-tsháu,tāi-kah-chháu,大甲草,tai-kah-tshau,tai-kah-chhau,3,sitbut
pat-kuà-tsháu,pat-kòa-chháu,八卦草,pat-kua-tshau,pat-koa-chhau,3,sitbut
lin-á-tsháu,lin-á-chháu,乳仔草,lin-a-tshau,lin-a-chhau,3,sitbut
huan-á-tshì,hoan-á-chhì,蕃仔刺,huan-a-tshi,hoan-a-chhi,3,sitbut
gî-hoo-tuan,gî-ho͘-toan,宜呼端,gi-hoo-tuan,gi-ho͘-toan,3,sitbut
lik-san-ôo,lek-san-ô͘,綠珊瑚,lik-san-oo,lek-san-o͘,3,sitbut
thih-tshiū,thih-chhiū,鐵樹,thih-tshiu,thih-chhiu,2,sitbut
pián-thiok-tsháu,pián-thiok-chháu,萹蓄草,pian-thiok-tshau,pian-thiok-chhau,3,sitbut
lin-tsháu,lin-chháu,乳草,lin-tshau,lin-chhau,2,sitbut
huan-hûn-tsháu,hoan-hûn-chháu,翻魂草,huan-hun-tshau,hoan-hun-chhau,3,sitbut
âng-lin-tsháu,âng-lin-chháu,紅乳草,ang-lin-tshau,ang-lin-chhau,3,sitbut
pián-tsiong,pián-chiong,蝙章,pian-tsiong,pian-chiong,2,sitbut
thóo-tîm-hiunn,thó͘-tîm-hiuⁿ,土沈香,thoo-tim-hiunn,tho͘-tim-hiuⁿ,3,sitbut
tsuí-tsha̍t-á,chúi-chha̍t-á,水賊仔,tsui-tshat-a,chui-chhat-a,3,sitbut
pe̍h-tshiū-á,pe̍h-chhiū-á,白樹仔,peh-tshiu-a,peh-chhiu-a,3,sitbut
bīn-thâu-ké,bīn-thâu-ké,面頭菓,bin-thau-ke,bin-thau-ke,3,sitbut
tshiah-huih-á,chhiah-huih-á,赤血仔,tshiah-huih-a,chhiah-huih-a,3,sitbut
tuā-âng-sim,tōa-âng-sim,大紅心,tua-ang-sim,toa-ang-sim,3,sitbut
bîn-thâu-ké,bîn-thâu-ké,面頭菓,bin-thau-ke,bin-thau-ke,3,sitbut
bûn-thâu-ké,bûn-thâu-ké,文頭菓,bun-thau-ke,bun-thau-ke,3,sitbut
iû-tông-tshiū,iû-tông-chhiū,油桐樹,iu-tong-tshiu,iu-tong-chhiu,3,sitbut
tsuí-tshat,chúi-chhat,水漆,tsui-tshat,chui-chhat,2,sitbut
pa-tāu,pa-tāu,巴豆,pa-tau,pa-tau,2,sitbut
huih-tông,huih-tông,血桐,huih-tong,huih-tong,2,sitbut
ting-tông,teng-tông,橙桐,ting-tong,teng-tong,2,sitbut
ting-lân,teng-lân,橙欄,ting-lan,teng-lan,2,sitbut
pe̍h-pû-á,pe̍h-pû-á,白匏仔,peh-pu-a,peh-pu-a,3,sitbut
pe̍h-hio̍h-á,pe̍h-hio̍h-á,白葉仔,peh-hioh-a,peh-hioh-a,3,sitbut
pe̍h-pû,pe̍h-pû,白匏,peh-pu,peh-pu,2,sitbut
khī-kôo-bo̍k,khī-kô͘-bo̍k,柿糊木,khi-koo-bok,khi-ko͘-bok,3,sitbut
la̍k-liàm-á,la̍k-liàm-á,六棯仔,lak-liam-a,lak-liam-a,3,sitbut
lā-lí-á,lā-lí-á,嘮哩仔,la-li-a,la-li-a,3,sitbut
la̍k-kiám-á,la̍k-kiám-á,六檢仔,lak-kiam-a,lak-kiam-a,3,sitbut
kau-tîn,kau-tîn,鈎藤,kau-tin,kau-tin,2,sitbut
pùn-ki-tîn,pùn-ki-tîn,糞箕藤,pun-ki-tin,pun-ki-tin,3,sitbut
tshiū-tsû,chhiū-chû,樹薯,tshiu-tsu,chhiu-chu,2,sitbut
thâng-sái,thâng-sái,蟲屎,thang-sai,thang-sai,2,sitbut
iû-kam,iû-kam,油柑,iu-kam,iu-kam,2,sitbut
sió-huan-hûn,sió-hoan-hûn,小翻魂,sio-huan-hun,sio-hoan-hun,3,sitbut
hio̍h-ē-tsu,hio̍h-ē-chu,葉下珠,hioh-e-tsu,hioh-e-chu,3,sitbut
pi-muâ,pi-môa,蓖麻,pi-mua,pi-moa,2,sitbut
pi-muâ-á,pi-môa-á,蓖麻仔,pi-mua-a,pi-moa-a,3,sitbut
âng-pi-muâ,âng-pi-môa,紅蓖麻,ang-pi-mua,ang-pi-moa,3,sitbut
suann-khīng,soaⁿ-khēng,山柏,suann-khing,soaⁿ-kheng,2,sitbut
phànn-khīng,phàⁿ-khēng,冇柏,phann-khing,phaⁿ-kheng,2,sitbut
pe̍h-khing,pe̍h-kheng,白柏,peh-khing,peh-kheng,2,sitbut
khīng-á,khēng-á,柏仔,khing-a,kheng-a,2,sitbut
khīng-á-tshiū,khēng-á-chhiū,柏仔樹,khing-a-tshiu,kheng-a-chhiu,3,sitbut
tshī-tshang,chhī-chhang,市葱,tshi-tshang,chhi-chhang,2,sitbut
tsio̍h-liú,chio̍h-liú,石柳,tsioh-liu,chioh-liu,2,sitbut
suann-suāinn-á,soaⁿ-soāiⁿ-á,山檨仔,suann-suainn-a,soaⁿ-soaiⁿ-a,3,sitbut
suāinn-á,soāiⁿ-á,檨仔,suainn-a,soaiⁿ-a,2,sitbut
nuānn-sim-bo̍k,nōaⁿ-sim-bo̍k,爛心木,nuann-sim-bok,noaⁿ-sim-bok,3,sitbut
nuā-sim,nōa-sim,爛心,nua-sim,noa-sim,2,sitbut
suann-iâm-tshinn,soaⁿ-iâm-chhiⁿ,山鹽菁,suann-iam-tshinn,soaⁿ-iam-chhiⁿ,3,sitbut
poo-iâm-á,po͘-iâm-á,埔鹽仔,poo-iam-a,po͘-iam-a,3,sitbut
suann-poo-iâm,soaⁿ-po͘-iâm,山埔鹽,suann-poo-iam,soaⁿ-po͘-iam,3,sitbut
iâm-tang-hue,iâm-tang-hoe,鹽東花,iam-tang-hue,iam-tang-hoe,3,sitbut
poo-iâm,po͘-iâm,埔鹽,poo-iam,po͘-iam,2,sitbut
suann-tsha̍t-á,soaⁿ-chha̍t-á,山賊仔,suann-tshat-a,soaⁿ-chhat-a,3,sitbut
tshat,chhat,漆,tshat,chhat,1,sitbut
tshat-tshit-tshiū,chhat-chhit-chhiū,漆七樹,tshat-tshit-tshiu,chhat-chhit-chhiu,3,sitbut
ting-phing-á,teng-pheng-á,燈秤仔,ting-phing-a,teng-pheng-a,3,sitbut
bān-tiám-kim,bān-tiám-kim,萬點金,ban-tiam-kim,ban-tiam-kim,3,sitbut
ting-tshing-hue,teng-chheng-hoe,燈稱花,ting-tshing-hue,teng-chheng-hoe,3,sitbut
ting-phîng-hue,teng-phêng-hoe,燈秤花,ting-phing-hue,teng-pheng-hoe,3,sitbut
kôo-thu,kô͘-thu,糊樗,koo-thu,ko͘-thu,2,sitbut
khóo-thu,khó͘-thu,苦株,khoo-thu,kho͘-thu,2,sitbut
pe̍h-gûn,pe̍h-gûn,白銀,peh-gun,peh-gun,2,sitbut
bé-kháu-tshiū,bé-kháu-chhiū,馬口樹,be-khau-tshiu,be-khau-chhiu,3,sitbut
tsiáu-kiān-hue,chiáu-kiān-hoe,鳥腱花,tsiau-kian-hue,chiau-kian-hoe,3,sitbut
suann-hiunn-înn,soaⁿ-hiuⁿ-îⁿ,山香圓,suann-hiunn-inn,soaⁿ-hiuⁿ-iⁿ,3,sitbut
kue-jiû,koe-jiû,鷄柔,kue-jiu,koe-jiu,2,sitbut
tshinn-png,chhiⁿ-png,青楓,tshinn-png,chhiⁿ-png,2,sitbut
tsí-kiong,chí-kiong,止宮,tsi-kiong,chi-kiong,2,sitbut
tó-tuē-lîng,tó-tōe-lêng,倒地柃,to-tue-ling,to-toe-leng,3,sitbut
gîng-gíng,gêng-géng,龍眼,ging-ging,geng-geng,2,sitbut
khóo-līng-kang,khó͘-lēng-kang,苦楝江,khoo-ling-kang,kho͘-leng-kang,3,sitbut
khóo-līng-kū,khó͘-lēng-kū,苦楝舅,khoo-ling-ku,kho͘-leng-ku,3,sitbut
nāi-tsi,nāi-chi,荔枝,nai-tsi,nai-chi,2,sitbut
luân-tshiū,loân-chhiū,欒樹,luan-tshiu,loan-chhiu,2,sitbut
n̂g-ba̍k-tsí,n̂g-ba̍k-chí,黃目子,ng-bak-tsi,ng-bak-chi,3,sitbut
ba̍k-lô,ba̍k-lô,木羅,bak-lo,bak-lo,2,sitbut
ba̍k-lông-tshiū,ba̍k-lông-chhiū,木浪樹,bak-long-tshiu,bak-long-chhiu,3,sitbut
suann-ti-bah,soaⁿ-ti-bah,山猪肉,suann-ti-bah,soaⁿ-ti-bah,3,sitbut
suann-ti-kuann,soaⁿ-ti-koaⁿ,山猪肝,suann-ti-kuann,soaⁿ-ti-koaⁿ,3,sitbut
pit-lô-tsí,pit-lô-chí,筆羅子,pit-lo-tsi,pit-lo-chi,3,sitbut
li̍k-tsiunn,le̍k-chiuⁿ,綠樟,lik-tsiunn,lek-chiuⁿ,2,sitbut
tsńg-kah-hue,chńg-kah-hoe,指甲花,tsng-kah-hue,chng-kah-hoe,3,sitbut
oo-tshì-á,o͘-chhì-á,烏刺仔,oo-tshi-a,o͘-chhi-a,3,sitbut
oo-ba̍k-á,o͘-ba̍k-á,黑目仔,oo-bak-a,o͘-bak-a,3,sitbut
tháng-kau-tîn,tháng-kau-tîn,桶鈎藤,thang-kau-tin,thang-kau-tin,3,sitbut
gû-tsang-tshì,gû-chang-chhì,牛鬃刺,gu-tsang-tshi,gu-chang-chhi,3,sitbut
tsó-á,chó-á,棗仔,tso-a,cho-a,2,sitbut
âng-tsó,âng-chó,紅棗,ang-tso,ang-cho,2,sitbut
tuā-tsó,tōa-chó,大棗,tua-tso,toa-cho,2,sitbut
tuā-phû-tô,tōa-phû-tô,大葡萄,tua-phu-to,toa-phu-to,3,sitbut
suann-phû-tô,soaⁿ-phû-tô,山葡萄,suann-phu-to,soaⁿ-phu-to,3,sitbut
líng-pn̄g-tîn,léng-pn̄g-tîn,冷飯藤,ling-png-tin,leng-png-tin,3,sitbut
ngóo-jiáu-lîng,ngó͘-jiáu-lêng,五爪龍,ngoo-jiau-ling,ngo͘-jiau-leng,3,sitbut
ngóo-jiáu-jiông,ngó͘-jiáu-jiông,五爪絨,ngoo-jiau-jiong,ngo͘-jiau-jiong,3,sitbut
huan-pô-uan,hoan-pô-oan,蕃婆灣,huan-po-uan,hoan-po-oan,3,sitbut
huan-pô-uân,hoan-pô-oân,蕃婆怨,huan-po-uan,hoan-po-oan,3,sitbut
sann-kha-pih,saⁿ-kha-pih,三角鼈,sann-kha-pih,saⁿ-kha-pih,3,sitbut
phû-tô,phû-tô,葡萄,phu-to,phu-to,2,sitbut
kâu-huann-hí,kâu-hoaⁿ-hí,猴歡喜,kau-huann-hi,kau-hoaⁿ-hi,3,sitbut
tsû-tāu,chû-tāu,薯豆,tsu-tau,chu-tau,2,sitbut
tsû-táu,chû-táu,薯斗,tsu-tau,chu-tau,2,sitbut
n̂g-muâ,n̂g-môa,黃麻,ng-mua,ng-moa,2,sitbut
suann-muâ,soaⁿ-môa,山麻,suann-mua,soaⁿ-moa,2,sitbut
táu-lo̍k,táu-lo̍k,斗鹿,tau-lok,tau-lok,2,sitbut
io̍h-hóo,io̍h-hó͘,藥虎,ioh-hoo,ioh-ho͘,2,sitbut
sann-kha-puà,saⁿ-kha-pòa,三角破,sann-kha-pua,saⁿ-kha-poa,3,sitbut
bí-nâ-tsháu,bí-nâ-chháu,米籃草,bi-na-tshau,bi-na-chhau,3,sitbut
sù-bî-tsháu,sù-bî-chháu,絮薇草,su-bi-tshau,su-bi-chhau,3,sitbut
bō-á-tún,bō-á-tún,帽仔盾,bo-a-tun,bo-a-tun,3,sitbut
sù-bí-tsháu,sù-bí-chháu,四米草,su-bi-tshau,su-bi-chhau,3,sitbut
phoh-á-tsháu,phoh-á-chháu,朴仔草,phoh-a-tshau,phoh-a-chhau,3,sitbut
suann-phû-iông,soaⁿ-phû-iông,山芙蓉,suann-phu-iong,soaⁿ-phu-iong,3,sitbut
phû-iông,phû-iông,芙蓉,phu-iong,phu-iong,2,sitbut
hû-song-hue,hû-song-hoe,扶桑花,hu-song-hue,hu-song-hoe,3,sitbut
tuā-âng-hue,tōa-âng-hoe,大紅花,tua-ang-hue,toa-ang-hoe,3,sitbut
tsiú-gím-hue,chiú-gím-hoe,水錦花,tsiu-gim-hue,chiu-gim-hoe,3,sitbut
phoh-á,phoh-á,朴仔,phoh-a,phoh-a,2,sitbut
n̂g-tsuí,n̂g-chúi,黃槿,ng-tsui,ng-chui,2,sitbut
kuí-liú-kun,kúi-liú-kun,鬼柳根,kui-liu-kun,kui-liu-kun,3,sitbut
sù-bí-tsháu,sù-bí-chháu,賜米草,su-bi-tshau,su-bi-chhau,3,sitbut
sat-bú-tsí,sat-bú-chí,虱母子,sat-bu-tsi,sat-bu-chi,3,sitbut
pan-tsi-tshiū,pan-chi-chhiū,班芝樹,pan-tsi-tshiu,pan-chi-chhiu,3,sitbut
ka-po̍h-mî,ka-po̍h-mî,加薄棉,ka-poh-mi,ka-poh-mi,3,sitbut
tshinn-tông,chhiⁿ-tông,青桐,tshinn-tong,chhiⁿ-tong,2,sitbut
ngôo-tông,ngô͘-tông,梧桐,ngoo-tong,ngo͘-tong,2,sitbut
khóo-muâ,khó͘-môa,苦麻,khoo-mua,kho͘-moa,2,sitbut
tshe-thâu-hîng,chhe-thâu-hêng,栖頭恒,tshe-thau-hing,chhe-thau-heng,3,sitbut
ting-á-tsháu,teng-á-chháu,燈仔草,ting-a-tshau,teng-a-chhau,3,sitbut
tshìng-tshn̂g-lâm,chhèng-chhn̂g-lâm,銃床楠,tshing-tshng-lam,chheng-chhng-lam,3,sitbut
pîn-pô,pîn-pô,蘋婆,pin-po,pin-po,2,sitbut
tsuí-kóng-sim,chúi-kóng-sim,水管心,tsui-kong-sim,chui-kong-sim,3,sitbut
tuā-phànn-tshiū,tōa-phàⁿ-chhiū,大有樹,tua-phann-tshiu,toa-phaⁿ-chhiu,3,sitbut
gû-sái-tê,gû-sái-tê,牛屎茶,gu-sai-te,gu-sai-te,3,sitbut
âng-tām,âng-tām,紅淡,ang-tam,ang-tam,2,sitbut
tê-muî,tê-mûi,茶梅,te-mui,te-mui,2,sitbut
khóo-tê,khó͘-tê,苦茶,khoo-te,kho͘-te,2,sitbut
iû-tê-tshiū,iû-tê-chhiū,油茶樹,iu-te-tshiu,iu-te-chhiu,3,sitbut
oo-phê-tê,o͘-phê-tê,烏皮茶,oo-phe-te,o͘-phe-te,3,sitbut
iû-tê,iû-tê,油茶,iu-te,iu-te,2,sitbut
tê,tê,茶,te,te,1,sitbut
suann-tê,soaⁿ-tê,山茶,suann-te,soaⁿ-te,2,sitbut
suann-tê-á,soaⁿ-tê-á,山茶仔,suann-te-a,soaⁿ-te-a,3,sitbut
iû-hio̍h-tê,iû-hio̍h-tê,油葉茶,iu-hioh-te,iu-hioh-te,3,sitbut
iû-bo̍k,iû-bo̍k,油木,iu-bok,iu-bok,2,sitbut
tuā-thâu-tê,tōa-thâu-tê,大頭茶,tua-thau-te,toa-thau-te,3,sitbut
kuann-á-phê,koaⁿ-á-phê,杆仔皮,kuann-a-phe,koaⁿ-a-phe,3,sitbut
hò-siū,hò-siū,荷樹,ho-siu,ho-siu,2,sitbut
hò,hò,荷,ho,ho,1,sitbut
ko-pue,ko-poe,高杯,ko-pue,ko-poe,2,sitbut
âng-tām-pí,âng-tām-pí,紅淡比,ang-tam-pi,ang-tam-pi,3,sitbut
âng-kāu-khak,âng-kāu-khak,紅厚殼,ang-kau-khak,ang-kau-khak,3,sitbut
it-ki-hiunn,it-ki-hiuⁿ,一枝香,it-ki-hiunn,it-ki-hiuⁿ,3,sitbut
tshut-sing-láu,chhut-seng-láu,出生老,tshut-sing-lau,chhut-seng-lau,3,sitbut
tuā-huan-hûn,tōa-hoan-hûn,大翻魂,tua-huan-hun,toa-hoan-hun,3,sitbut
tê-sî-hông,tê-sî-hông,茶匙黃,te-si-hong,te-si-hong,3,sitbut
kue-tsih-hông,koe-chih-hông,鷄舌黃,kue-tsih-hong,koe-chih-hong,3,sitbut
keh-tsiáu-hue,keh-chiáu-hoe,鵲鳥花,keh-tsiau-hue,keh-chiau-hoe,3,sitbut
lóo-huà-tshiū,ló͘-hòa-chhiū,魯化樹,loo-hua-tshiu,lo͘-hoa-chhiu,3,sitbut
bo̍k-kua,bo̍k-koa,木瓜,bok-kua,bok-koa,2,sitbut
bān-siū-kó,bān-siū-kó,萬壽果,ban-siu-ko,ban-siu-ko,3,sitbut
sian-pa-tsiúnn,sian-pa-chiúⁿ,仙巴掌,sian-pa-tsiunn,sian-pa-chiuⁿ,3,sitbut
poo-lûn-á,po͘-lûn-á,埔崙仔,poo-lun-a,po͘-lun-a,3,sitbut
poo-lûn,po͘-lûn,埔崙,poo-lun,po͘-lun,2,sitbut
kiú-kiong,kiú-kiong,九芎,kiu-kiong,kiu-kiong,2,sitbut
tshâ-tsńg-kah,chhâ-chńg-kah,柴指甲,tsha-tsng-kah,chha-chng-kah,3,sitbut
âng-sia̍h-liû,âng-sia̍h-liû,紅石榴,ang-siah-liu,ang-siah-liu,3,sitbut
sia̍h-liû,sia̍h-liû,石榴,siah-liu,siah-liu,2,sitbut
pe̍h-sia̍h-liû,pe̍h-sia̍h-liû,白石榴,peh-siah-liu,peh-siah-liu,3,sitbut
tsuí-kòng-á,chúi-kòng-á,水貢仔,tsui-kong-a,chui-kong-a,3,sitbut
tsuí-ka-tang,chúi-ka-tang,水茄苳,tsui-ka-tang,chui-ka-tang,3,sitbut
gōo-kha-lí,gō͘-kha-lí,五脚里,goo-kha-li,go͘-kha-li,3,sitbut
tsuí-pit,chúi-pit,水筆,tsui-pit,chui-pit,2,sitbut
tsuí-pit-á,chúi-pit-á,水筆仔,tsui-pit-a,chui-pit-a,3,sitbut
âng-ka-tang,âng-ka-tang,紅茄苳,ang-ka-tang,ang-ka-tang,3,sitbut
sù-kun-tsú,sù-kun-chú,使君子,su-kun-tsu,su-kun-chu,3,sitbut
suann-iûnn-sái,soaⁿ-iûⁿ-sái,山羊屎,suann-iunn-sai,soaⁿ-iuⁿ-sai,3,sitbut
lám-jîn,lám-jîn,欖仁,lam-jin,lam-jin,2,sitbut
ka-ji̍p-kū,ka-ji̍p-kū,加入舅,ka-jip-ku,ka-jip-ku,3,sitbut
tshiah-lân,chhiah-lân,赤蘭,tshiah-lan,chhiah-lan,2,sitbut
hiong-kó,hiong-kó,香果,hiong-ko,hiong-ko,2,sitbut
hong-kóo,hong-kó͘,風鼓,hong-koo,hong-ko͘,2,sitbut
pua̍t-á,poa̍t-á,拔仔,puat-a,poat-a,2,sitbut
pat-á,pat-á,扒仔,pat-a,pat-a,2,sitbut
tsuí-to-nî,chúi-to-nî,水刀連,tsui-to-ni,chui-to-ni,3,sitbut
to-nî-á,to-nî-á,哆哖仔,to-ni-a,to-ni-a,3,sitbut
kim-siā-liû,kim-siā-liû,金榭榴,kim-sia-liu,kim-sia-liu,3,sitbut
tē-ting,tē-teng,地丁,te-ting,te-teng,2,sitbut
poo-pit-á,po͘-pit-á,埔筆仔,poo-pit-a,po͘-pit-a,3,sitbut
put-liû-hîng,put-liû-hêng,不留行,put-liu-hing,put-liu-heng,3,sitbut
ông-put-liû,ông-put-liû,王不留,ong-put-liu,ong-put-liu,3,sitbut
tsuí-ting-hiunn,chúi-teng-hiuⁿ,水丁香,tsui-ting-hiunn,chui-teng-hiuⁿ,3,sitbut
kè-kang-lîng,kè-kang-lêng,過江龍,ke-kang-ling,ke-kang-leng,3,sitbut
kè-kau-lîng,kè-kau-lêng,過溝龍,ke-kau-ling,ke-kau-leng,3,sitbut
tsuí-kang-lîng,chúi-kang-lêng,水江龍,tsui-kang-ling,chui-kang-leng,3,sitbut
tsháu-se,chháu-se,草紗,tshau-se,chhau-se,2,sitbut
ap-bú-tshiū,ap-bú-chhiū,鴨母樹,ap-bu-tshiu,ap-bu-chhiu,3,sitbut
ap-mâ-kua̍t,ap-mâ-koa̍t,鴨麻瓜,ap-ma-kuat,ap-ma-koat,3,sitbut
tshì-tshang-tshiū,chhì-chhang-chhiū,刺葱樹,tshi-tshang-tshiu,chhi-chhang-chhiu,3,sitbut
káu-kha-tuê,káu-kha-tôe,狗腳蹄,kau-kha-tue,kau-kha-toe,3,sitbut
hue-tshó,hoe-chhó,花草,hue-tsho,hoe-chho,2,sitbut
to̍k-hua̍t,to̍k-hoa̍t,獨活,tok-huat,tok-hoat,2,sitbut
khûn-tshài,khûn-chhài,芹菜,khun-tshai,khun-chhai,2,sitbut
tshâ-ôo,chhâ-ô͘,柴胡,tsha-oo,chha-o͘,2,sitbut
juā-á-tsháu,jōa-á-chháu,蚋仔草,jua-a-tshau,joa-a-chhau,3,sitbut
âng-tshài-thâu,âng-chhài-thâu,紅菜頭,ang-tshai-thau,ang-chhai-thau,3,sitbut
huê-hiunn,hôe-hiuⁿ,茴香,hue-hiunn,hoe-hiuⁿ,2,sitbut
khit-tshia̍h-uánn,khit-chhia̍h-óaⁿ,乞食碗,khit-tshiah-uann,khit-chhiah-oaⁿ,3,sitbut
piàn-tē-hut,piàn-tē-hut,變地忽,pian-te-hut,pian-te-hut,3,sitbut
tsuí-khûn-tshài,chúi-khûn-chhài,水芹菜,tsui-khun-tshai,chui-khun-chhai,3,sitbut
hông-hong,hông-hong,防風,hong-hong,hong-hong,2,sitbut
muá-suann-âng,móa-soaⁿ-âng,滿山紅,mua-suann-ang,moa-soaⁿ-ang,3,sitbut
hōo-suànn-á,hō͘-sòaⁿ-á,雨傘仔,hoo-suann-a,ho͘-soaⁿ-a,3,sitbut
thih-hōo-suànn,thih-hō͘-sòaⁿ,鐵雨傘,thih-hoo-suann,thih-ho͘-soaⁿ,3,sitbut
hōo-suànn-á,hō͘-sòaⁿ-á,雨傘子,hoo-suann-a,ho͘-soaⁿ-a,3,sitbut
la̍k-kak-tsháu,la̍k-kak-chháu,六角草,lak-kak-tshau,lak-kak-chhau,3,sitbut
suann-kuì-hue,soaⁿ-kùi-hoe,山桂花,suann-kui-hue,soaⁿ-kui-hoe,3,sitbut
tsit-hî-tánn,chit-hî-táⁿ,鯽魚膽,tsit-hi-tann,chit-hi-taⁿ,3,sitbut
thih-á,thih-á,鐵仔,thih-a,thih-a,2,sitbut
phang-tsháu,phang-chháu,香草,phang-tshau,phang-chhau,2,sitbut
hiunn-tsháu,hiuⁿ-chháu,香草,hiunn-tshau,hiuⁿ-chhau,2,sitbut
oo-bīn-bé,o͘-bīn-bé,烏面馬,oo-bin-be,o͘-bin-be,3,sitbut
kuann-á,koaⁿ-á,杆仔,kuann-a,koaⁿ-a,2,sitbut
tsio̍h-tshîng,chio̍h-chhêng,石松,tsioh-tshing,chioh-chheng,2,sitbut
tshiū-tshinn,chhiū-chhiⁿ,樹青,tshiu-tshinn,chhiu-chhiⁿ,2,sitbut
mô-khī,mô-khī,毛柿,mo-khi,mo-khi,2,sitbut
mô-khī-keh,mô-khī-keh,毛柿格,mo-khi-keh,mo-khi-keh,3,sitbut
oo-tshâi-á,o͘-chhâi-á,烏材仔,oo-tshai-a,o͘-chhai-a,3,sitbut
oo-tshâi-khī,o͘-chhâi-khī,烏材柿,oo-tshai-khi,o͘-chhai-khi,3,sitbut
khī-á,khī-á,柿仔,khi-a,khi-a,2,sitbut
âng-khī,âng-khī,紅柿,ang-khi,ang-khi,2,sitbut
n̂g-sim-á,n̂g-sim-á,黃心仔,ng-sim-a,ng-sim-a,3,sitbut
suann-khī,soaⁿ-khī,山柿,suann-khi,soaⁿ-khi,2,sitbut
suann-iûnn-hī,soaⁿ-iûⁿ-hī,山羊耳,suann-iunn-hi,soaⁿ-iuⁿ-hi,3,sitbut
pe̍h-mn̂g,pe̍h-mn̂g,白們,peh-mng,peh-mng,2,sitbut
phànn-táinn,phàⁿ-táiⁿ,？？,phann-tainn,phaⁿ-taiⁿ,2,sitbut
phnnà-thai,phⁿà-thai,？？,phnna-thai,phⁿa-thai,2,sitbut
tánn-tsio,táⁿ-chio,打招,tann-tsio,taⁿ-chio,2,sitbut
pe̍h-tshiū,pe̍h-chhiū,白樹,peh-tshiu,peh-chhiu,2,sitbut
oo-kue-bú,o͘-koe-bú,烏雞母,oo-kue-bu,o͘-koe-bu,3,sitbut
âng-phê,âng-phê,紅皮,ang-phe,ang-phe,2,sitbut
suann-khóo-līng,soaⁿ-khó͘-lēng,山苦楝,suann-khoo-ling,soaⁿ-kho͘-leng,3,sitbut
kua-thôo,koa-thô͘,柯土,kua-thoo,koa-tho͘,2,sitbut
siù-ing,siù-eng,秀英,siu-ing,siu-eng,2,sitbut
ba̍k-nī-hue,ba̍k-nī-hoe,茉莉花,bak-ni-hue,bak-ni-hoe,3,sitbut
bak-nī,bak-nī,茉莉,bak-ni,bak-ni,2,sitbut
suann-sòo-ing,soaⁿ-sò͘-eng,山素英,suann-soo-ing,soaⁿ-so͘-eng,3,sitbut
suann-sù-ing,soaⁿ-sù-eng,山四英,suann-su-ing,soaⁿ-su-eng,3,sitbut
kuì-hue,kùi-hoe,桂花,kui-hue,kui-hoe,2,sitbut
tshì-keh,chhì-keh,刺格,tshi-keh,chhi-keh,2,sitbut
iông-phoo,iông-pho͘,揚波,iong-phoo,iong-pho͘,2,sitbut
hái-iông-phoo,hái-iông-pho͘,海洋波,hai-iong-phoo,hai-iong-pho͘,3,sitbut
hái-suāinn-á,hái-soāiⁿ-á,海檨仔,hai-suainn-a,hai-soaiⁿ-a,3,sitbut
sng-tìn,sng-tìn,酸藤,sng-tin,sng-tin,2,sitbut
lin-tîn,lin-tîn,乳藤,lin-tin,lin-tin,2,sitbut
sù-sî-tshun,sù-sî-chhun,四時春,su-si-tshun,su-si-chhun,3,sitbut
ji̍t-ji̍t-tshun,ji̍t-ji̍t-chhun,日日春,jit-jit-tshun,jit-jit-chhun,3,sitbut
kip-tik-thô,kip-tek-thô,夾竹桃,kip-tik-tho,kip-tek-tho,3,sitbut
thô-tik,thô-tek,桃竹,tho-tik,tho-tek,2,sitbut
huan-hue,hoan-hoe,蕃花,huan-hue,hoan-hoe,2,sitbut
huan-á-hue,hoan-á-hoe,蕃仔花,huan-a-hue,hoan-a-hoe,3,sitbut
suann-bé-tê,soaⁿ-bé-tê,山馬蹄,suann-be-te,soaⁿ-be-te,3,sitbut
suann-bé-tê,soaⁿ-bé-tê,山馬茶,suann-be-te,soaⁿ-be-te,3,sitbut
bú-hia-tîn,bú-hia-tîn,武靴藤,bu-hia-tin,bu-hia-tin,3,sitbut
kiû-lân,kiû-lân,毬蘭,kiu-lan,kiu-lan,2,sitbut
tāu-hóo,tāu-hó͘,豆虎,tau-hoo,tau-ho͘,2,sitbut
huan-á-tîn,hoan-á-tîn,蕃仔藤,huan-a-tin,hoan-a-tin,3,sitbut
uánn-kong-hue,óaⁿ-kong-hoe,碗公花,uann-kong-hue,oaⁿ-kong-hoe,3,sitbut
han-tsû-kū,han-chû-kū,蕃薯舅,han-tsu-ku,han-chu-ku,3,sitbut
bé-uann-tîn,bé-oaⁿ-tîn,馬鞍藤,be-uann-tin,be-oaⁿ-tin,3,sitbut
phuà-pòo-bo̍k,phòa-pò͘-bo̍k,破布木,phua-poo-bok,phoa-po͘-bok,3,sitbut
suann-pòo-tsí,soaⁿ-pò͘-chí,山布子,suann-poo-tsi,soaⁿ-po͘-chi,3,sitbut
phuà-pòo-tsí,phòa-pò͘-chí,破布子,phua-poo-tsi,phoa-po͘-chi,3,sitbut
tshiū-tsí-á,chhiū-chí-á,樹子仔,tshiu-tsi-a,chhiu-chi-a,3,sitbut
phuà-pòo-pp,phòa-pò͘-pp,破布烏,phua-poo-pp,phoa-po͘-pp,3,sitbut
pòo-pòo-oo,pò͘-pò͘-o͘,布布烏,poo-poo-oo,po͘-po͘-o͘,3,sitbut
suann-pin-nn̂g,soaⁿ-pin-nn̂g,山檳榔,suann-pin-nng,soaⁿ-pin-nng,3,sitbut
kāu-khak-á,kāu-khak-á,厚殼仔,kau-khak-a,kau-khak-a,3,sitbut
gû-kut-á,gû-kut-á,牛骨仔,gu-kut-a,gu-kut-a,3,sitbut
kháu-kha-á,kháu-kha-á,口脚仔,khau-kha-a,khau-kha-a,3,sitbut
kim-hī-tuī,kim-hī-tūi,金耳墜,kim-hi-tui,kim-hi-tui,3,sitbut
kim-só-sî,kim-só-sî,金鎖匙,kim-so-si,kim-so-si,3,sitbut
tsuí-tsháu,chúi-chháu,水草,tsui-tshau,chui-chhau,2,sitbut
hái-ka-tang,hái-ka-tang,海茄苳,hai-ka-tang,hai-ka-tang,3,sitbut
hái-ka-tîn,hái-ka-tîn,海茄藤,hai-ka-tin,hai-ka-tin,3,sitbut
tshoo-khng-á,chho͘-khng-á,粗糠仔,tshoo-khng-a,chho͘-khng-a,3,sitbut
mn̂g-tsiong-kun,mn̂g-chiong-kun,毛將軍,mng-tsiong-kun,mng-chiong-kun,3,sitbut
poo-tsháu-iūnn,po͘-chháu-iūⁿ,埔草樣,poo-tshau-iunn,po͘-chhau-iuⁿ,3,sitbut
khóo-nâ-puânn,khó͘-nâ-pôaⁿ,苦藍盤,khoo-na-puann,kho͘-na-poaⁿ,3,sitbut
lîng-tsûn-hue,lêng-chûn-hoe,龍船花,ling-tsun-hue,leng-chun-hoe,3,sitbut
góo-lîng-lân,gó͘-lêng-lân,五龍蘭,goo-ling-lan,go͘-leng-lan,3,sitbut
ah-chi̍h-hông,ah-chi̍h-hông,鴨舌黃,ah-chih-hong,ah-chih-hong,3,sitbut
ah-tshuì-hông,ah-chhùi-hông,鴨嘴黃,ah-tshui-hong,ah-chhui-hong,3,sitbut
thih-bí-pinn,thih-bí-piⁿ,鐵馬鞭,thih-bi-pinn,thih-bi-piⁿ,3,sitbut
bé-pinn-tsháu,bé-piⁿ-chháu,馬鞭草,be-pinn-tshau,be-piⁿ-chhau,3,sitbut
tê-bí-tsháu,tê-bí-chháu,茶米草,te-bi-tshau,te-bi-chhau,3,sitbut
po̍h-kiunn-á,po̍h-kiuⁿ-á,薄姜仔,poh-kiunn-a,poh-kiuⁿ-a,3,sitbut
muâ-á,môa-á,蔴仔,mua-a,moa-a,2,sitbut
poo-kiunn,po͘-kiuⁿ,埔姜,poo-kiunn,po͘-kiuⁿ,2,sitbut
m̄-kiann-tê,m̄-kiaⁿ-tê,不驚茶,m-kiann-te,m-kiaⁿ-te,3,sitbut
m̄-kiann-king,m̄-kiaⁿ-keng,不驚經,m-kiann-king,m-kiaⁿ-keng,3,sitbut
suann-poo-kiunn,soaⁿ-po͘-kiuⁿ,山埔姜,suann-poo-kiunn,soaⁿ-po͘-kiuⁿ,3,sitbut
oo-tinn,o͘-tiⁿ,烏甜,oo-tinn,o͘-tiⁿ,2,sitbut
oo-tinn-á,o͘-tiⁿ-á,烏甜仔,oo-tinn-a,o͘-tiⁿ-a,3,sitbut
pòo-kiunn,pò͘-kiuⁿ,布姜,poo-kiunn,po͘-kiuⁿ,2,sitbut
hái-poo-kiunn,hái-po͘-kiuⁿ,海埔姜,hai-poo-kiunn,hai-po͘-kiuⁿ,3,sitbut
tsat-tsat-âng,chat-chat-âng,節節紅,tsat-tsat-ang,chat-chat-ang,3,sitbut
tsiam-bé-hong,chiam-bé-hong,尖尾風,tsiam-be-hong,chiam-be-hong,3,sitbut
sàn-huih-tsháu,sàn-huih-chháu,臭天黃,san-huih-tshau,san-huih-chhau,3,sitbut
kim-kiàm-tsháu,kim-kiàm-chháu,金劍草,kim-kiam-tshau,kim-kiam-chhau,3,sitbut
tshài-tsháu-thâu,chhài-chháu-thâu,菜草頭,tshai-tshau-thau,chhai-chhau-thau,3,sitbut
sat-bú-thâu,sat-bú-thâu,虱母頭,sat-bu-thau,sat-bu-thau,3,sitbut
buah-tsháu,boah-chháu,抹草,buah-tshau,boah-chhau,2,sitbut
hî-tsiam-tsháu,hî-chiam-chháu,魚針草,hi-tsiam-tshau,hi-chiam-chhau,3,sitbut
hē-koo-tsháu,hē-ko͘-chháu,夏枯草,he-koo-tshau,he-ko͘-chhau,3,sitbut
siunn-su-tsháu,siuⁿ-su-chháu,相思草,siunn-su-tshau,siuⁿ-su-chhau,3,sitbut
hóo-kā-hông,hó͘-kā-hông,虎咬廣,hoo-ka-hong,ho͘-ka-hong,3,sitbut
pòo-kut-siau,pò͘-kut-siau,布骨梢,poo-kut-siau,po͘-kut-siau,3,sitbut
kue-kha-tsháu,koe-kha-chháu,鷄脚草,kue-kha-tshau,koe-kha-chhau,3,sitbut
ti̍k-lân,te̍k-lân,澤蘭,tik-lan,tek-lan,2,sitbut
lo̍k-á-tshài,lo̍k-á-chhài,鹿仔菜,lok-a-tshai,lok-a-chhai,3,sitbut
ah-bú-tsháu,ah-bú-chháu,益母草,ah-bu-tshau,ah-bu-chhau,3,sitbut
pe̍h-khun-tsháu,pe̍h-khun-chháu,白昆草,peh-khun-tshau,peh-khun-chhau,3,sitbut
pe̍h-hue-tsháu,pe̍h-hoe-chháu,白花草,peh-hue-tshau,peh-hoe-chhau,3,sitbut
tsháu-bé-hông,chháu-bé-hông,鼠尾黃,tshau-be-hong,chhau-be-hong,3,sitbut
po̍h-ho,po̍h-ho,薄荷,poh-ho,poh-ho,2,sitbut
sian-tsháu,sian-chháu,仙草,sian-tshau,sian-chhau,2,sitbut
thóo-giû-tshit,thó͘-giû-chhit,土牛七,thoo-giu-tshit,tho͘-giu-chhit,3,sitbut
thih-bo̍k-kùn,thih-bo̍k-kùn,鐵木棍,thih-bok-kun,thih-bok-kun,3,sitbut
hiunn-jû,hiuⁿ-jû,香榆,hiunn-ju,hiuⁿ-ju,2,sitbut
hiunn-hû,hiuⁿ-hû,香符,hiunn-hu,hiuⁿ-hu,2,sitbut
tshuà-pán-tsháu,chhòa-pán-chháu,蔡板草,tshua-pan-tshau,chhoa-pan-chhau,3,sitbut
káu-tsàn-thah,káu-chàn-thah,九層塔,kau-tsan-thah,kau-chan-thah,3,sitbut
tsí-soo,chí-so͘,紫蘇,tsi-soo,chi-so͘,2,sitbut
âng-tsí-soo,âng-chí-so͘,紅紫蘇,ang-tsi-soo,ang-chi-so͘,3,sitbut
suann-tsí-soo,soaⁿ-chí-so͘,山紫蘇,suann-tsi-soo,soaⁿ-chi-so͘,3,sitbut
pe̍h-tsí-soo,pe̍h-chí-so͘,白紫蘇,peh-tsi-soo,peh-chi-so͘,3,sitbut
hê-koo-tsháu,hê-ko͘-chháu,蝦蛄草,he-koo-tshau,he-ko͘-chhau,3,sitbut
hiòng-thian-tsuánn,hiòng-thian-chóaⁿ,向天盞,hiong-thian-tsuann,hiong-thian-choaⁿ,3,sitbut
bān-thô-hue,bān-thô-hoe,萬桃花,ban-tho-hue,ban-tho-hoe,3,sitbut
tē-kut-phî,tē-kut-phî,地骨皮,te-kut-phi,te-kut-phi,3,sitbut
kam-á-bìt,kam-á-bìt,甘仔蜜,kam-a-bit,kam-a-bit,3,sitbut
kóo-kí,kó͘-kí,枸杞,koo-ki,ko͘-ki,2,sitbut
huan-kiunn,hoan-kiuⁿ,蕃薑,huan-kiunn,hoan-kiuⁿ,2,sitbut
hun-tsháu,hun-chháu,煙草,hun-tshau,hun-chhau,2,sitbut
ting-lông-tsháu,teng-lông-chháu,登郎草,ting-long-tshau,teng-long-chhau,3,sitbut
phàu-á-tsháu,phàu-á-chháu,炮仔草,phau-a-tshau,phau-a-chhau,3,sitbut
kam-a-bi̍t,kam-a-bi̍t,甘仔蜜,kam-a-bit,kam-a-bit,3,sitbut
pe̍h-kāu-phoh,pe̍h-kāu-phoh,白厚朴,peh-kau-phoh,peh-kau-phoh,3,sitbut
ia̍h-á-tsháu,ia̍h-á-chháu,蝶仔草,iah-a-tshau,iah-a-chhau,3,sitbut
hī-kau-tsháu,hī-kau-chháu,耳鉤草,hi-kau-tshau,hi-kau-chhau,3,sitbut
n̂g-tsuí-kiô,n̂g-chúi-kiô,黃水茄,ng-tsui-kio,ng-chui-kio,3,sitbut
gōo-the̍h-kiô,gō͘-the̍h-kiô,五宅茄,goo-theh-kio,go͘-theh-kio,3,sitbut
tshì-kam-á,chhì-kam-á,刺柑仔,tshi-kam-a,chhi-kam-a,3,sitbut
liú-á-kiô,liú-á-kiô,鈕仔茄,liu-a-kio,liu-a-kio,3,sitbut
liú-á-hông,liú-á-hông,柳仔黃,liu-a-hong,liu-a-hong,3,sitbut
kiô,kiô,茄,kio,kio,1,sitbut
kiô-á,kiô-á,茄仔,kio-a,kio-a,2,sitbut
oo-tshì-kiô,o͘-chhì-kiô,烏刺茄,oo-tshi-kio,o͘-chhi-kio,3,sitbut
oo-á-tshài,o͘-á-chhài,烏仔菜,oo-a-tshai,o͘-a-chhai,3,sitbut
oo-tsí-kiô,o͘-chí-kiô,烏子茄,oo-tsi-kio,o͘-chi-kio,3,sitbut
tshì-kiô,chhì-kiô,刺茄,tshi-kio,chhi-kio,2,sitbut
tsuí-kiô,chúi-kiô,水茄,tsui-kio,chui-kio,2,sitbut
liú-hio̍h-kiô,liú-hio̍h-kiô,柳葉茄,liu-hioh-kio,liu-hioh-kio,3,sitbut
thóo-hun,thó͘-hun,土烟,thoo-hun,tho͘-hun,2,sitbut
hô-lân-tsû,hô-lân-chû,荷蘭薯,ho-lan-tsu,ho-lan-chu,3,sitbut
báng-á-hun,báng-á-hun,蚊仔煙,bang-a-hun,bang-a-hun,3,sitbut
suann-hun-tsháu,soaⁿ-hun-chháu,山煙草,suann-hun-tshau,soaⁿ-hun-chhau,3,sitbut
thóo-hun,thó͘-hun,土煙,thoo-hun,tho͘-hun,2,sitbut
tīng-king-tsháu,tēng-keng-chháu,定經草,ting-king-tshau,teng-keng-chhau,3,sitbut
kue-tsi̍h-hông,koe-chi̍h-hông,鷄舌黃,kue-tsih-hong,koe-chih-hong,3,sitbut
ah-tsi̍h-hông,ah-chi̍h-hông,鴨舌黃,ah-tsih-hong,ah-chih-hong,3,sitbut
ah-bú-tsháu,ah-bú-chháu,鴨母草,ah-bu-tshau,ah-bu-chhau,3,sitbut
tsuí-ting-hông,chúi-teng-hông,水丁黃,tsui-ting-hong,chui-teng-hong,3,sitbut
tshân-hiunn-tsháu,chhân-hiuⁿ-chháu,田香草,tshan-hiunn-tshau,chhan-hiuⁿ-chhau,3,sitbut
kiàn-hông-hông,kiàn-hông-hông,見紅黃,kian-hong-hong,kian-hong-hong,3,sitbut
gōng-tshiū,gōng-chhiū,戇樹,gong-tshiu,gong-chhiu,2,sitbut
tuā-gōng-tshiū,tōa-gōng-chhiū,大戇樹,tua-gong-tshiu,toa-gong-chhiu,3,sitbut
pe̍h-tông,pe̍h-tông,白桐,peh-tong,peh-tong,2,sitbut
suann-tshài-tāu,soaⁿ-chhài-tāu,山菜豆,suann-tshai-tau,soaⁿ-chhai-tau,3,sitbut
pe̍h-muâ,pe̍h-môa,白麻,peh-mua,peh-moa,2,sitbut
oo-muâ,o͘-môa,烏麻,oo-mua,o͘-moa,2,sitbut
tsi-muâ,chi-môa,芝麻,tsi-mua,chi-moa,2,sitbut
iû-muâ,iû-môa,油麻,iu-mua,iu-moa,2,sitbut
ōo-koo-tsháu,ō͘-ko͘-chháu,芋菰草,oo-koo-tshau,o͘-ko͘-chhau,3,sitbut
kim-hî-tsháu,kim-hî-chháu,金魚草,kim-hi-tshau,kim-hi-chhau,3,sitbut
tsit-á-tánn,chit-á-táⁿ,鯽仔膽,tsit-a-tann,chit-a-taⁿ,3,sitbut
la̍k-kak-ing,la̍k-kak-eng,六角英,lak-kak-ing,lak-kak-eng,3,sitbut
tsiam-bé-hong,chiam-bé-hong,尖尾峯,tsiam-be-hong,chiam-be-hong,3,sitbut
tshú-bé-hông,chhú-bé-hông,鼠尾紅,tshu-be-hong,chhu-be-hong,3,sitbut
beh-suī-hong,beh-sūi-hong,麥穗黃,beh-sui-hong,beh-sui-hong,3,sitbut
hōng-bé-hông,hōng-bé-hông,鳳尾黃,hong-be-hong,hong-be-hong,3,sitbut
tshú-kun-hông,chhú-kun-hông,鼠筋黃,tshu-kun-hong,chhu-kun-hong,3,sitbut
tshú-bé-hông,chhú-bé-hông,鼠尾黃,tshu-be-hong,chhu-be-hong,3,sitbut
tinn-á-puânn,tiⁿ-á-pôaⁿ,甜仔盤,tinn-a-puann,tiⁿ-a-poaⁿ,3,sitbut
gī-nâ-puânn,gī-nâ-pôaⁿ,義藍盤,gi-na-puann,gi-na-poaⁿ,3,sitbut
ku-tsiân-tsháu,ku-chiân-chháu,車前草,ku-tsian-tshau,ku-chian-chhau,3,sitbut
gōo-kun-tsháu,gō͘-kun-chháu,五根草,goo-kun-tshau,go͘-kun-chhau,3,sitbut
ah-tsih-hông,ah-chih-hông,鴨舌黃,ah-tsih-hong,ah-chih-hong,3,sitbut
hóo-tshì,hó͘-chhì,虎刺,hoo-tshi,ho͘-chhi,2,sitbut
káu-kut-á,káu-kut-á,狗骨仔,kau-kut-a,kau-kut-a,3,sitbut
suann-n̂g-ki,soaⁿ-n̂g-ki,山黃枝,suann-ng-ki,soaⁿ-ng-ki,3,sitbut
suann-n̂g-kinn,soaⁿ-n̂g-kiⁿ,山黃梔,suann-ng-kinn,soaⁿ-ng-kiⁿ,3,sitbut
n̂g-ki-hue,n̂g-ki-hoe,黃枝花,ng-ki-hue,ng-ki-hoe,3,sitbut
n̂g-ki,n̂g-ki,黃枝,ng-ki,ng-ki,2,sitbut
pe̍h-jîn,pe̍h-jîn,白仁,peh-jin,peh-jin,2,sitbut
pe̍h-lîn,pe̍h-lîn,白隣,peh-lin,peh-lin,2,sitbut
siān-po̍k,siān-po̍k,善薄,sian-pok,sian-pok,2,sitbut
káu-kut-siau,káu-kut-siau,狗骨消,kau-kut-siau,kau-kut-siau,3,sitbut
sian-tan,sian-tan,仙丹,sian-tan,sian-tan,2,sitbut
lám-jîn-kū,lám-jîn-kū,欖仁舅,lam-jin-ku,lam-jin-ku,3,sitbut
kue-tsi-tsháu,koe-chi-chháu,瓜子草,kue-tsi-tshau,koe-chi-chhau,3,sitbut
kue-sái-tîn,koe-sái-tîn,鷄屎藤,kue-sai-tin,koe-sai-tin,3,sitbut
kue-phang-tîn,koe-phang-tîn,鷄香藤,kue-phang-tin,koe-phang-tin,3,sitbut
tshì-á,chhì-á,刺仔,tshi-a,chhi-a,2,sitbut
phùn-seh,phùn-seh,噴雪,phun-seh,phun-seh,2,sitbut
tsuí-hûn-á,chúi-hûn-á,水魂仔,tsui-hun-a,chui-hun-a,3,sitbut
tsuí-kim-tiānn,chúi-kim-tiāⁿ,水金定,tsui-kim-tiann,chui-kim-tiaⁿ,3,sitbut
kim-gûn-hue,kim-gûn-hoe,金銀花,kim-gun-hue,kim-gun-hoe,3,sitbut
jím-tang-tîn,jím-tang-tîn,忍冬藤,jim-tang-tin,jim-tang-tin,3,sitbut
suann-ti-bah,soaⁿ-ti-bah,山豬肉,suann-ti-bah,soaⁿ-ti-bah,3,sitbut
âng-tsí-á,âng-chí-á,紅子仔,ang-tsi-a,ang-chi-a,3,sitbut
si-kue,si-koe,西瓜,si-kue,si-koe,2,sitbut
kim-kue,kim-koe,金瓜,kim-kue,kim-koe,2,sitbut
lîng-tshiu-tîn,lêng-chhiu-tîn,龍鬚藤,ling-tshiu-tin,leng-chhiu-tin,3,sitbut
pû-á,pû-á,匏仔,pu-a,pu-a,2,sitbut
hô-lôo-pû,hô-lô͘-pû,葫蘆匏,ho-loo-pu,ho-lo͘-pu,3,sitbut
tshài-kue,chhài-koe,菜瓜,tshai-kue,chhai-koe,2,sitbut
si-kue,si-koe,絲瓜,si-kue,si-koe,2,sitbut
suann-tshì-kue,soaⁿ-chhì-koe,山刺瓜,suann-tshi-kue,soaⁿ-chhi-koe,3,sitbut
khóo-kue,khó͘-koe,苦瓜,khoo-kue,kho͘-koe,2,sitbut
tshàu-sái-kue,chhàu-sái-koe,臭屎瓜,tshau-sai-kue,chhau-sai-koe,3,sitbut
nâ-tâu-koo,nâ-tâu-ko͘,林投菰,na-tau-koo,na-tau-ko͘,3,sitbut
bo̍k-pih-tsú,bo̍k-pih-chú,木鼈子,bok-pih-tsu,bok-pih-chu,3,sitbut
thian-tsháu,thian-chháu,天草,thian-tshau,thian-chhau,2,sitbut
káu-sái-kue,káu-sái-koe,狗屎瓜,kau-sai-kue,kau-sai-koe,3,sitbut
tshàu-kue,chhàu-koe,臭瓜,tshau-kue,chhau-koe,2,sitbut
tik-tsat-hông,tek-chat-hông,竹節黃,tik-tsat-hong,tek-chat-hong,3,sitbut
lâm-hong-tsháu,lâm-hong-chháu,南風草,lam-hong-tshau,lam-hong-chhau,3,sitbut
tshinn-o-tsháu,chhiⁿ-o-chháu,青萵草,tshinn-o-tshau,chhiⁿ-o-chhau,3,sitbut
tshinn-o,chhiⁿ-o,青荷,tshinn-o,chhiⁿ-o,2,sitbut
kak-tshài,kak-chhài,角菜,kak-tshai,kak-chhai,2,sitbut
hiānn,hiāⁿ,艾,hiann,hiaⁿ,1,sitbut
kî-gāi,kî-gāi,祈艾,ki-gai,ki-gai,2,sitbut
siong-si̍t-tsháu,siong-si̍t-chháu,傷食草,siong-sit-tshau,siong-sit-chhau,3,sitbut
khui-pî-tsháu,khui-pî-chháu,開脾草,khui-pi-tshau,khui-pi-chhau,3,sitbut
hâm-hong-tsháu,hâm-hong-chháu,咸豐草,ham-hong-tshau,ham-hong-chhau,3,sitbut
tông-tī-tsháu,tông-tī-chháu,同治草,tong-ti-tshau,tong-ti-chhau,3,sitbut
tāi-hông-tsháu,tāi-hông-chháu,大黃草,tai-hong-tshau,tai-hong-chhau,3,sitbut
kuà-tshiú-hiunn,kòa-chhiú-hiuⁿ,蓋手香,kua-tshiu-hiunn,koa-chhiu-hiuⁿ,3,sitbut
suann-pe̍h-tshài,soaⁿ-pe̍h-chhài,山白菜,suann-peh-tshai,soaⁿ-peh-chhai,3,sitbut
tsáu-bé-thai,cháu-bé-thai,走馬胎,tsau-be-thai,chau-be-thai,3,sitbut
thòo-hī-tsháu,thò͘-hī-chháu,兔耳草,thoo-hi-tshau,tho͘-hi-chhau,3,sitbut
kim-tsuánn,kim-chóaⁿ,金盞,kim-tsuann,kim-choaⁿ,2,sitbut
muá-thian-sing,móa-thian-seng,滿天星,mua-thian-sing,moa-thian-seng,3,sitbut
pe̍h-kiok-hue,pe̍h-kiok-hoe,白菊花,peh-kiok-hue,peh-kiok-hoe,3,sitbut
kiok-á,kiok-á,菊仔,kiok-a,kiok-a,2,sitbut
kiok-hue,kiok-hoe,菊花,kiok-hue,kiok-hoe,2,sitbut
kak-hue,kak-hoe,菊花,kak-hue,kak-hoe,2,sitbut
tang-e-tshài,tang-e-chhài,苳萵菜,tang-e-tshai,tang-e-chhai,3,sitbut
tâng-o-tshài,tâng-o-chhài,茼萵菜,tang-o-tshai,tang-o-chhai,3,sitbut
phah-bóo-tshài,phah-bó͘-chhài,打妻菜,phah-boo-tshai,phah-bo͘-chhai,3,sitbut
tang-o,tang-o,茼萵,tang-o,tang-o,2,sitbut
suann-kun-lîng,soaⁿ-kun-lêng,山根龍,suann-kun-ling,soaⁿ-kun-leng,3,sitbut
suann-kue-tshài,soaⁿ-koe-chhài,山瓜菜,suann-kue-tshai,soaⁿ-koe-chhai,3,sitbut
suann-pe-lîng,soaⁿ-pe-lêng,山菠薐,suann-pe-ling,soaⁿ-pe-leng,3,sitbut
tàu-piah-hông,tàu-piah-hông,罩壁黃,tau-piah-hong,tau-piah-hong,3,sitbut
ti-tshài-tsháu,ti-chhài-chháu,豬菜草,ti-tshai-tshau,ti-chhai-chhau,3,sitbut
oo-tshân-oo,o͘-chhân-o͘,烏田烏,oo-tshan-oo,o͘-chhan-o͘,3,sitbut
ting-khiā-u,teng-khiā-u,登竪杇,ting-khia-u,teng-khia-u,3,sitbut
hio̍h-ē-âng,hio̍h-ē-âng,葉下紅,hioh-e-ang,hioh-e-ang,3,sitbut
tuā-pe̍h-hue,tōa-pe̍h-hoe,大白花,tua-peh-hue,toa-peh-hoe,3,sitbut
la̍k-ge̍h-seh,la̍k-ge̍h-seh,六月雪,lak-geh-seh,lak-geh-seh,3,sitbut
te̍k-lân-tsháu,te̍k-lân-chháu,澤蘭草,tek-lan-tshau,tek-lan-chhau,3,sitbut
suann-ti̍k-lân,soaⁿ-te̍k-lân,山澤蘭,suann-tik-lan,soaⁿ-tek-lan,3,sitbut
sim-kong-tsháu,sim-kong-chháu,心廣草,sim-kong-tshau,sim-kong-chhau,3,sitbut
hiong-jû,hiong-jû,香茹,hiong-ju,hiong-ju,2,sitbut
âng-bīn-huan,âng-bīn-hoan,紅面番,ang-bin-huan,ang-bin-hoan,3,sitbut
tshing-bîng-tsháu,chheng-bêng-chháu,清明草,tshing-bing-tshau,chheng-beng-chhau,3,sitbut
tshú-khak,chhú-khak,鼠麴,tshu-khak,chhu-khak,2,sitbut
tshú-khak-tsháu,chhú-khak-chháu,鼠麴草,tshu-khak-tshau,chhu-khak-chhau,3,sitbut
âng-tshài,âng-chhài,紅菜,ang-tshai,ang-chhai,2,sitbut
âng-hōng-tshài,âng-hōng-chhài,紅鳳菜,ang-hong-tshai,ang-hong-chhai,3,sitbut
pe̍h-hōng-tshài,pe̍h-hōng-chhài,白鳳菜,peh-hong-tshai,peh-hong-chhai,3,sitbut
hiòng-ji̍t-kuî,hiòng-ji̍t-kûi,向日葵,hiong-jit-kui,hiong-jit-kui,3,sitbut
giâ-á-tsháu,giâ-á-chháu,鵞仔草,gia-a-tshau,gia-a-chhau,3,sitbut
thòo-á-tshài,thò͘-á-chhài,兔仔草,thoo-a-tshai,tho͘-a-chhai,3,sitbut
pôo-kong-ing,pô͘-kong-eng,蒲公英,poo-kong-ing,po͘-kong-eng,3,sitbut
giâ-á-tshài,giâ-á-chhài,鵞仔菜,gia-a-tshai,gia-a-chhai,3,sitbut
ing-á-tsháu,eng-á-chháu,英仔草,ing-a-tshau,eng-a-chhau,3,sitbut
to-siong-tsháu,to-siong-chháu,刀傷草,to-siong-tshau,to-siong-chhau,3,sitbut
e-á-tshài,e-á-chhài,萵仔菜,e-a-tshai,e-a-chhai,3,sitbut
suann-kiok,soaⁿ-kiok,山菊,suann-kiok,soaⁿ-kiok,2,sitbut
ti-sái-tshài,ti-sái-chhài,豬屎菜,ti-sai-tshai,ti-sai-chhai,3,sitbut
hi-tshiam-tsháu,hi-chhiam-chháu,稀簽草,hi-tshiam-tshau,hi-chhiam-chhau,3,sitbut
sann-pán-to,saⁿ-pán-to,三版刀,sann-pan-to,saⁿ-pan-to,3,sitbut
thih-kûn-thâu,thih-kûn-thâu,鐵拳頭,thih-kun-thau,thih-kun-thau,3,sitbut
kim-tsài-kau,kim-chài-kau,金再鈎,kim-tsai-kau,kim-chai-kau,3,sitbut
tshinn-ki-hiunn,chhiⁿ-ki-hiuⁿ,生支香,tshinn-ki-hiunn,chhiⁿ-ki-hiuⁿ,3,sitbut
liam-la̍t-á,liam-la̍t-á,拈力仔,liam-lat-a,liam-lat-a,3,sitbut
tsuâ-tsi̍h-hông,chôa-chi̍h-hông,蛇舌黃,tsua-tsih-hong,choa-chih-hong,3,sitbut
iûnn-tài-lâi,iûⁿ-tài-lâi,羊帶來,iunn-tai-lai,iuⁿ-tai-lai,3,sitbut
pah-ji̍t-tsháu,pah-ji̍t-chháu,百日草,pah-jit-tshau,pah-jit-chhau,3,sitbut
