hanzi,tl
110,it it khòng
119,it it kiú
165,it lio̍k ngóo
24小時制,jī-sì sió-sî-tsè jī-tsa̍p-sì sió-sî-tsè
5W1H,gōo-W-tsi̍t-H
AB邊,AB-pinn
a小調音階,a sió-tiāu im-kai
C大調,C tuā-tiāu
電子化世界,tiān-tsú-huà sè-kài
F大調,F tuā-tiāu
G大調音階,G tuā-tiāu im-kai
LED照明,LED tsiò-bîng
N極,N-ki̍k
指北極,tsí-pak-ki̍k
PM2.5,PM jī tiám gōo
S極,S-ki̍k
指南極,tsí-lâm-ki̍k
一年級,it-nî-kip
一年仔,it-nî-á
一年的,it-nî--ê
一位小數,tsi̍t uī sió-sòo
一位數,tsi̍t uī sòo
一府二鹿三艋舺,it Hú jī Lo̍k sann Báng-kah
一街一庄一神社,tsi̍t ke tsi̍t tsng tsi̍t sîn-siā
七律,tshit-lu̍t
九龍公道杯,kiú-liông kong-tō-pue
九龍杯,kiú-liông-pue
二二八事件,Jī-jī-pat Sū-kiānn
二二拍,jī-jī-phik
二十四節氣,jī-tsa̍p sì-tseh-khuì
二分法,jī-hun-huat
二分音符,jī-hun im-hû
二四拍,jī-sù-phik
兩位小數,nn̄g uī sió-sòo
二位數,jī uī sòo
二位數減法,jī uī sòo kiám-huat
人力運輸,jîn-li̍k ūn-su
人口,jîn-kháu
人口政策,jîn-kháu tsìng-tshik
人口密度,jîn-kháu bi̍t-tōo
人口普查,jîn-kháu phóo-tsa
人口調查,jîn-kháu tiâu-tsa
人工生湠技術,jîn-kang senn-thuànn ki-su̍t
人文,jîn-bûn
人物,jîn-bu̍t
人物角色,jîn-bu̍t kak-sik
人造虹,jîn-tsō khīng
人稱,jîn-tshing
人際關係,jîn-tsè kuan-hē
人聲,lâng-siann
人權,jîn-khuân
人權,jîn-kuân
八分音符,peh-hun im-hû
八音,pat-im
八音團,pat-im-thuân
八部合音,peh-pōo ha̍p-im
八堡圳,Pat-pó-tsùn
力,la̍t
力,li̍k
力量,li̍k-liōng
十三行文化,Tsa̍p-sann-hâng bûn-huà
十三行遺址,Tsa̍p-sann-hâng uî-tsí
十大建設,tsa̍p tuā kiàn-siat
十分位,tsa̍p-hun-uī
十位,tsa̍p-uī
十位數字,tsa̍p uī sòo-jī
十進,tsa̍p-tsìn
十進,si̍p-tsìn
十進位法,tsa̍p-tsìn-uī-huat
十進位法,si̍p-tsìn-uī-huat
十萬分位,tsa̍p-bān-hun-uī
十萬位,tsa̍p-bān-uī
十億位,tsa̍p-ik-uī
三八拍,sam-pat-phik
三四拍,sam-sù-phik
三合院,sann-ha̍p-īnn
正身護龍,tsiànn-sin-hōo-lîng
三年級,sann-nî-kip
三年仔,sann-nî-á
三年的,sann-nî--ê
三位數,sann uī sòo
三角形,sann-kak-hîng
三角柱,sann-kak-thiāu
三拍,sann-phik
三貂角,Sam-tiau-kak
三稜鏡,sann-lîng-kiànn
三聲部合唱,sann-siann-pōo ha̍p-tshiùnn
上下文,siōng-hā-bûn
頂下文,tíng-ē-bûn
頂底,tíng-té
頂弦月,tíng-hiân-gue̍h
上長下短,siōng tn̂g hā té
請拳,tshiánn-kûn
上游,siōng-iû
水頭,tsuí-thâu
溪頭,khe-thâu
上短下長,siōng té hā tn̂g
上課,siōng-khò
上籃,tsiūnn-nâ
下底,ē-té
下弦月,hā-hiân-gue̍h
水尾,tsuí-bué
溪尾,khe-bué
下游,hā-iû
下課,hā-khò
千分位,tshian-hun-uī
千位,tshing-uī
千萬位,tshing-bān-uī
千億位,tshing-ik-uī
喙空,tshuì-khang
喙空癌,tshuì-khang-gâm
土地運用,thóo-tē ūn-iōng
土地改革,thóo-tē kái-kik
土地開發,thóo-tē khai-huat
土風舞,thóo-hong-bú
塗條,thôo-tiâu
塗球,thôo-kiû
塗壤,thôo-jióng
塗肉,thôo-bah
大,tuā
大地,tāi-tē
大地景觀,tāi-tē kíng-kuan
大自然,tāi-tsū-jiân
大西洋,Tāi-se-iûnn
大坌坑文化,Tuā-pùn-khenn bûn-huà
大於,tuā-î
大洋洲,Tāi-iûnn-tsiu
透大風,thàu-tuā-hong
大員,Tāi-uân
大家庭,tuā-ka-tîng
大家口,tuā-ke-kháu
大口灶,tuā-kháu-tsàu
大口家,tuā-kháu-ke
大氣,tāi-khì
大氣層,tāi-khì-tsân
大航海時代,Tuā-hâng-hái Sî-tāi
大眾運輸工具,tāi-tsiòng-ūn-su-kang-kū
大眾運輸工具,tāi-tsiòng-ūn-su-kang-khū
大眾運輸系統,tāi-tsiòng ūn-su hē-thóng
大都會區,tuā-too-huē-khu
大陸冷氣團,tāi-lio̍k líng-khì-thuân
大陸島,tāi-lio̍k-tó
大熊座,Tāi-hîm-tsō
大熊座,Tuā-hîm-tsō
大數,tuā-sòo
大篆,tuā-thuàn
大車齒,tuā-tshia-khí
大gí仔,tuā-gí-á
大狗齒仔,tuā-káu-khí-á
大齒輪,tuā-khí-lûn
大聲,tuā-siann
大獵祭,tuā-la̍h-tsè
後代,āu-tāi
後代,hiō-tāi
子房,tsú-pâng
子宮,tsú-kiong
子葉,tsú-hio̍h
細,sè
小,sió
小作家,sió-tsok-ka
小於,sió-î
小朋友,sió-pîng-iú
囡仔兄,gín-á-hiann
囡仔姊,gín-á-tsí
點鐘,tiám-tsing
小時,sió-sî
小琉球,Sió-liû-khiû
小琉球,Sió-liû-kiû
細粒mòo-tah,sè lia̍p mòo-tah
小吹,sió-tshue
bai-óo-lín,bai-óo-lín
小提琴,sió-thê-khîm
小節,sió-tsiat
小喇叭,sió-lá-pah
小熊座,Siáu-hîm-tsō
小熊座,Sió-hîm-tsō
小說,sió-suat
小說,siáu-suat
小說家,sió-suat-ka
小說家,siáu-suat-ka
小數,sió-sòo
小數四則,sió-sòo sì-tsik
小數位數,sió-sòo uī sòo
小數倍,sió-sòo-puē
小數除法,sió-sòo tî-huat
小數點,sió-sòo-tiám
小篆,sió-thuàn
歌仔,kua-á
細車齒,sè-tshia-khí
細gí仔,sè-gí-á
細狗齒仔,sè-káu-khí-á
細齒輪,sè-khí-lûn
小學校,sió-ha̍k-hāu
細聲,sè-siann
小蘇打水,sió-soo-tánn-tsuí
山地,suann-tē
山地,san-tē
山脈,suann-me̍h
山嶺,suann-niá
工作人口,kang-tsok jîn-kháu
工具冊,kang-kū-tsheh
工具冊,kang-khū-tsheh
工商業,kang-siong-gia̍p
工商業社會,kang-siong-gia̍p siā-huē
工業,kang-gia̍p
工業日本、農業臺灣,kang-gia̍p Ji̍t-pún、lông-gia̍p Tâi-uân
工業革命,kang-gia̍p kik-bīng
工業區,kang-gia̍p-khu
干欄式房屋,kan-nuâ-sik pâng-ok
弓步,king-pōo
弓步,kiong-pōo
袂當再生資源,bē-tàng tsài-sing tsu-guân
無完全變態,bô uân-tsuân piàn-thài
不良導體,put-liông tō-thé
無退位,bô-thè-uī
無進位,bô-tsìn-uī
中元,Tiong-guân
七月半,Tshit-gue̍h-puànn
中日戰爭,Tiong-Ji̍t Tsiàn-tsing
中央山脈,Tiong-iong-Suann-me̍h
中央山脈,Tiong-iang-Suann-me̍h
中央政府,tiong-iong tsìng-hú
中央氣象局,Tiong-iong Khì-siōng-kio̍k
中沙群島,Tiong-sua kûn-tó
中性,tiong-sìng
中性水溶液,tiong-sìng tsuí-iông-i̍k
中板,tiong-pán
清法戰爭,Tshing-Huat Tsiàn-tsing
中秋節,Tiong-tshiu-tseh
中秋,Tiong-tshiu
八月節,Peh-gue̍h-tseh
中音域,tiong-im-hi̍k
中音域,tiong-im-i̍k
羅經,lô-kenn
羅針,lô-tsiam
指南針,tsí-lâm-tsiam
子午針,tsú-ngóo-tsiam
中游,tiong-iû
中華文化,Tiong-huâ bûn-huà
中華民國憲法,Tiong-huâ Bîn-kok Hiàn-huat
中醫,tiong-i
漢醫,hàn-i
進前,tsìn-tsîng
以前,í-tsîng
了後,liáu-āu
互生,hōo-sing
互相平行,hōo-siong pîng-hîng
互質,hōo-tsit
五大地形,gōo tuā tē-hîng
五車二,Ngóo-ki-jī
五官,ngóo-kuan
五律,ngóo-lu̍t
五線譜,gōo-suànn-phóo
五聲音階,gōo-siann im-kai
五邊形,gōo-pinn-hîng
內角和,lāi-kak-hô
內容大意,luē-iông-tāi-ì
內容大意,lāi-iông-tāi-ì
內溫動物,lāi-un tōng-bu̍t
公分,kong-hun
厘米,lî-bí
公升,kong-tsin
公尺,kong-tshioh
每分公尺數,muí hun kong-tshioh sòo
每秒公尺數,muí bió kong-tshioh sòo
公斤,kong-kin
公平貿易,kong-pênn bōo-i̍k
公民行動,kong-bîn hîng-tōng
公共事務,kong-kiōng sū-bū
公共設施,kong-kiōng siat-si
公共場所,kong-kiōng tiûnn-sóo
公共資源,kong-kiōng tsu-guân
公共衛生,kong-kiōng-uē-sing
公共衛生,kong-kiōng-uī-sing
公共藝術,kong-kiōng gē-su̍t
公因數,kong-in-sòo
公克,kong-khik
公里,kong-lí
公里／分,kong-lí／hun
公秉,kong-píng
公倍數,kong-puē-sòo
公畝,kong-bóo
公頃,kong-khíng
公園,kong-hn̂g
公噸,kong-tùn
公學校,kong-ha̍k-hāu
公廨,kong-kài
六大類食物,la̍k tuā luī si̍t-bu̍t
六書,lio̍k-su
六邊形,la̍k-pinn-hîng
分,hun
分子,hun-tsú
分工合作,hun-kang ha̍p-tsok
分母,hun-bó
分母,hun-bú
分貝,hun-puè
分貝計,hun-puè-kè
分配律,hun-phuè-lu̍t
分針,hun-tsiam
長針,tn̂g-tsiam
分速,hun-sok
分號,hun-hō
分解,hun-kái
分說,hun-suat
分數,hun-sòo
分數四則,hun-sòo-sì-tsik
分數倍,hun-sòo-puē
分數除法,hun-sòo tî-huat
分鐘,hun-tsing
化石,huà-tsio̍h
反光鏡,huán-kng-kiànn
反共文學,huán-kiōng bûn-ha̍k
反射,huán-siā
倒照,tò-tsiò
反問,huán-mn̄g
反問,huán-būn
反清復明,huán Tshing ho̍k Bîng
反經石,huán-king-tsio̍h
反應,huán-ìng
重複記號,tiông-ho̍k kì-hō
反霸凌,huán pà-lîng
反霸凌申訴專線,huán pà-lîng sin-sòo tsuan-suànn
工,kang
日,ji̍t
天地會,Thinn-tē-huē
天地會,Thian-tē-huē
天地會,Thian-tī-huē
天地會,Thinn-tī-huē
天津四,Thian-tin-sì
天氣現象,thinn-khì hiān-siōng
天氣預報,thinn-khì ī-pò
天氣圖,thinn-khì-tôo
天氣變化,thinn-khì piàn-huà
天狼星,Thian-lông-tshenn
賊仔星,Tsha̍t-á-tshenn
天頂,thinn-tíng
天然氣,thian-jiân-khì
天琴座,Thian-khîm-tsō
天敵,thian-ti̍k
天蠍座,Thian-giat-tsō
天鷹座,Thian-ing-tsō
太平洋,Thài-pîng-iûnn
太平洋地區,Thài-pîng-iûnn tē-khu
太平洋板塊,Thài-pîng-iûnn Pán-khuài
太空,thài-khong
日頭,ji̍t-thâu
太陽,thài-iông
日頭光電發電廠,ji̍t-thâu kng-tiān huat-tiān-tshiúnn
太陽能,thài-iông-lîng
太陽能枋,thài-iông-lîng-pang
太陽能發電,thài-iông-lîng huat-tiān
日頭懸度角,ji̍t-thâu kuân-tōo-kak
太陽電池,thài-iông tiān-tî
日頭觀測器,ji̍t-thâu kuan-tshik-khì
少,tsió
少子化,siáu-tsú-huà
少囝化,tsió-kiánn-huà
少年小說,siàu-liân-sió-suat
少年小說,siàu-liân-siáu-suat
少年事件處理法,Siàu-liân Sū-kiānn Tshú-lí-huat
屯田政策,tûn-tiân tsìng-tshik
巴士海峽,Pa-sū Hái-kiap
引用,ín-iōng
引號,ín-hō
心血管疾病,sim-hueh-kńg tsi̍t-pēnn
心肺耐力,sim-hì nāi-li̍k
心得,sim-tik
戶口名簿,hōo-kháu-miâ-phōo
戶政事務所,hōo-tsìng sū-bū-sóo
手工包,tshiú-kang-pau
開銷,khai-siau
支出,tsi-tshut
固定點,kòo-tīng-tiám
文化,bûn-huà
文化產業,bûn-huà sán-gia̍p
文化創意產業,bûn-huà tshòng-ì sán-gia̍p
文化遺產,bûn-huà uî-sán
文句,bûn-kù
文史工作室,bûn-sú kang-tsok-sik
文史協會,bûn-sú hia̍p-huē
文字,bûn-jī
文言文,bûn-giân-bûn
漢文,hàn-bûn
文物,bûn-bu̍t
文章,bûn-tsiong
文章,bûn-tsiunn
文意,bûn-ì
文學,bûn-ha̍k
文體,bûn-thé
方向,hong-hiòng
方向性,hong-hiòng-sìng
方位,hong-uī
方位標,hong-uī-piau
方位標,hong-uī-phiau
方解石,hong-kái-tsio̍h
日治時代,Ji̍t-tī Sî-tāi
日記,ji̍t-kì
日晷,ji̍t-kuí
月,gue̍h
月形,gue̍h-hîng
月娘,gue̍h-niû
月相,gue̍h-siòng
月相的變化,gue̍h-siòng ê piàn-huà
月球,gue̍h-kiû
月經,gu̍eh-king
來洗,lâi-sé
行經,kiânn-king
mè-sù,mè-sù
月事,gu̍eh-sū
木本莖,bo̍k-pún-king
木管樂器,bo̍k-kuán ga̍k-khì
木雕神像,bo̍k-tiau sîn-siōng
比,pí
比例尺,pí-lē-tshioh
比值,pí-ta̍t
比率,pí-lu̍t
比喻,pí-jū
比較,pí-kàu
比較量,pí-kàu-liōng
毛細現象,môo-sè hiān-siōng
水,tsuí
水力發電,tsuí-li̍k huat-tiān
水力傳播,tsuí-li̍k-thuân-pòo
水力傳播,tsuí-li̍k-thuân-pò
水份,tsuí-hūn
水生生物,tsuí-sing sing-bu̍t
水生動物,tsuí-sing tōng-bu̍t
水生植物,tsuí-sing si̍t-bu̍t
水圳,tsuí-tsùn
水汙染,tsuí-u-jiám
水汙染,tsuí-ù-jiám
水位,tsuí-uī
果子類,kué-tsí-luī
水果類,tsuí-kó-luī
水流,tsuí-liû
水面,tsuí-bīn
水面,tsuí-biān
水庫,tsuí-khòo
水域,tsuí-hi̍k
水域,tsuí-i̍k
水域環境,tsuí-hi̍k-khuân-kíng
水域環境,tsuí-i̍k-khuân-kíng
水彩,tsuí-tshái
水彩用具,tsuí-tshái-iōng-kū
水彩用具,tsuí-tshái-iōng-khū
水循環,tsuí-sûn-khuân
水循環,tsuí-sûn-huân
水量,tsuí-liōng
水塔,tsuí-thah
水溫,tsuí-un
水溶液,tsuí-iông-i̍k
水資源,tsuí-tsu-guân
水煙,tsuí-ian
水銀電池,tsuí-gîn tiān-tî
水墨,tsuí-ba̍k
水墨畫,tsuí-ba̍k-uē
水燈節,Tsuí-ting-tseh
火力發電,hué-li̍k huat-tiān
火山島,hué-suann-tó
火成岩,hué-sîng-giâm
火成岩,hué-sîng-gâm
父姓,hū-sènn
父親節,Hū-tshin-tseh
牙周病,gê-tsiu-pēnn
牛郎星,Gû-nn̂g-tshenn
牛頓,Gû-tùn
世界人權宣言,Sè-kài-Jîn-khuân-Suan-giân
世界人權宣言,Sè-kài-Jîn-kuân-Suan-giân
世界公民,sè-kài kong-bîn
世界文化,sè-kài bûn-huà
世界地球村,sè-kài-tē-kiû-tshun
世界地球村,sè-kài-tē-kiû-tshuan
世界展望會,Sè-kài Tián-bōng-huē
世界貿易組織,Sè-kài Bōo-i̍k Tsoo-tsit
世界衛生組織,Sè-kài-Uē-sing-Tsoo-tsit
世界衛生組織,Sè-kài-Uī-sing-Tsoo-tsit
崙仔,lūn-á
山崙,suann-lūn
山崙地形,suann-lūn tē-hîng
主席,tsú-si̍k
主語,tsú-gí
主題,tsú-tê
主權,tsú-khuân
主權,tsú-kuân
仙女座,Sian-lí-tsō
仙后座,Sian-hiō-tsō
仙后座,Sian-hōo-tsō
代名詞,tāi-bîng-sû
寒天,kuânn-thinn
寒人,kuânn--lâng
冬尾天,tang-bué-thinn
冬天,tang-thinn
冬節,tang-tseh
冬季,tang-kuì
寒冬,kuânn-tang
冬季大三角,Tang-kuì Tuā Sann-kak
加,ka
加工出口區,ka-kang tshut-kháu-khu
加法,ka-huat
加法估算,ka-huat kóo-sǹg
加法直式紀錄,ka-huat-ti̍t-sik-kì-lo̍k
加法直式紀錄,ka-huat-ti̍t-sik-kì-lio̍k
加法計算,ka-huat kè-sǹg
加法算式,ka-huat sǹg-sik
加減,ka kiám
加減估算,ka kiám kóo-sǹg
加數,ka-sòo
北斗七星,Pak-táu-tshit-tshenn
北半球,Pak-puànn-kiû
北回歸線,Pak-huê-kui-suànn
北帶,pak-tài
北極星,Pak-ki̍k-tshenn
北極震盪,pak-ki̍k-tsìn-tōng
北極圈,Pak-ki̍k-khuan
北緯,pak-huī
北緯,pak-uī
半包圍結構,puànn-pau-uî kiat-kòo
半立體,puànn-li̍p-thé
半音,puànn-im
半徑,puànn-kìng
古文,kóo-bûn
古文明,kóo-bûn-bîng
古早科技,kóo-tsá kho-ki
古典小說,kóo-tián-sió-suat
古典小說,kóo-tián-siáu-suat
古典文學,kóo-tián bûn-ha̍k
古詩,kóo-si
古蘭經,Kóo-lân-king
句,kù
語句擴寫,gí-kù khok-siá
句尾,kù-bué
句型,kù-hîng
句點,kù-tiám
叫聲,kiò-siann
可再生資源,khó-tsài-sing tsu-guân
可燃物,khó-jiân-bu̍t
台江內海,Tâi-kang Lāi-hái
史前文化,Sú-tsiân bûn-huà
史前時代,Sú-tsiân Sî-tāi
史前時期,Sú-tsiân Sî-kî
司法,su-huat
司儀,su-gî
四大古文明,sì tuā kóo-bûn-bîng
四分休止符,sì-hun hiu-tsí-hû
四分音符,sì-hun im-hû
四四拍,sù-sù-phik
四字詞,sì-jī-sû
四字語詞,sì-jī-gí-sû
四位數,sì uī sòo
四角柱,sì-kak-thiāu
四季,sù-kuì
四肢,sù-ki
四則運算,sì-tsik-ūn-suàn
四个線間,sì ê suànn-kan
四捨五入法,sì-siá-gōo-ji̍p-huat
四極,sù-ki̍k
四邊形,sì-pinn-hîng
四邊形,sì-pian-hîng
外形,guā-hîng
外來種生物,guā-lâi-tsíng-sing-bu̍t
外來種生物,guā-lâi-tsióng-sing-bu̍t
外來語,guā-lâi-gí
外溫動物,guā-un tōng-bu̍t
外銷,guā-siau
左狹右闊,tsó e̍h iū khuah
左闊右狹,tsó khuah iū e̍h
市公所,tshī-kong-sóo
市民代表會,tshī-bîn tāi-piáu-huē
市長,tshī-tiúnn
市政府,tshī-tsìng-hú
市場需求,tshī-tiûnn su-kiû
市議會,tshī-gī-huē
布景,pòo-kíng
對半分,tuì-puànn-pun
對分,tuì-pun
平分,pênn-pun
平方公分,pîng-hong kong-hun
平方公里,pîng-hong kong-lí
平地,pênn-tē
平行,pîng-hîng
平行四邊形,pîng-hîng sì-pinn-hîng
平行脈,pîng-hîng-me̍h
平行現象,pîng-hîng hiān-siōng
平均氣溫,pîng-kin khì-un
平均速率,pîng-kin sok-lu̍t
平角,pênn-kak
平面,pênn-bīn
平面圖形,pênn-bīn tôo-hîng
平原,pîng-guân
平洋,pênn-iûnn
平埔,pênn-poo
平埔族,Pênn-poo-tso̍k
平等權,pîng-tíng-khuân
平等權,pîng-tíng-kuân
平衡,pîng-hîng
平衡木,pîng-hîng-bo̍k
平衡感,pîng-hîng-kám
幼年人口,iù-liân jîn-kháu
幼兒園,iù-jî-hn̂g
幼兒園,iù-jî-uân
栽,tsai
穎,ínn
幼蟲,iù-thâng
打耳祭,tá-ní-tsè
拍拍,phah-phik
未知數,bī-ti-sòo
本土語言,pún-thóo gí-giân
本位記號,pún-uī kì-hō
正,tsìng
正三角形,tsiànn-sann-kak-hîng
正六邊形,tsiànn-la̍k-pinn-hîng
正文,tsiànn-bûn
正四角形,tsiànn-sì-kak-hîng
正四角柱,tsiànn-sì-kak-thiāu
正比,tsìng-pí
正比例關係,tsìng-pí-lē kuan-hē
正多邊形,tsiànn-to-pinn-hîng
正楷,tsiànn-khái
真書,tsin-su
正極,tsiànn-ki̍k
母親節,Bú-tshin-tseh
母親節,Bó-tshin-tseh
母親節,Bió-tshin-tseh
母親節,Bóo-tshin-tseh
母體,bú-thé
母體,bó-thé
民主社會,bîn-tsú siā-huē
民主政治,bîn-tsú tsìng-tī
民生用水,bîn-sing iōng-tsuí
民俗,bîn-sio̍k
民俗技藝,bîn-sio̍k ki-gē
民俗活動,bîn-sio̍k-ua̍h-tāng
民俗活動,bîn-sio̍k-ua̍h-tōng
民俗藝品,bîn-sio̍k gē-phín
民間信仰,bîn-kan sìn-gióng
民間組織,bîn-kan tsoo-tsit
民間團體,bîn-kan thuân-thé
民意代表,bîn-ì tāi-piáu
民意機關,bîn-ì ki-kuan
民歌,bîn-kua
民變,bîn-piàn
永續經營,íng-sio̍k king-îng
永續環境,íng-sio̍k khuân-kíng
玉山,Gio̍k-suann
玉山,Gio̍k-san
玉山山脈,Gio̍k-suann-Suann-me̍h
玉山山脈,Gio̍k-suann-Suann-be̍h
玉山山脈,Gio̍k-san-Suann-me̍h
玉山山脈,Gio̍k-san-Suann-be̍h
玉山主峰,Gio̍k-suann-Tsú-hong
玉山主峰,Gio̍k-san-Tsú-hong
生字,sing-jī
生字,tshenn-jī
生字,senn-jī
生字表,sing-jī-pió
生字表,tshenn-jī-pió
生字表,senn-jī-pió
生存權,sing-tsûn-khuân
生存權,sing-tsûn-kuân
性命,sènn-miā
性命禮俗,sènn-miā lé-sio̍k
生物,sing-bu̍t
生物多樣性,sing-bu̍t to-iūnn-sìng
生物科技,sing-bu̍t kho-ki
生物資源,sing-bu̍t tsu-guân
生長,sing-tióng
成長環境,sîng-tióng khuân-kíng
生活,sing-ua̍h
生活方式,sing-ua̍h hong-sik
生活器物,sing-ua̍h khì-bu̍t
生湠,senn-thuànn
生殖器官,sing-si̍t khì-kuan
生態,sing-thài
生態保育,sing-thài pó-io̍k
生態資源,sing-thài tsu-guân
生態環境,sing-thài khuân-kíng
生質能發電,sing-tsit-lîng huat-tiān
生鉎,senn-sian
用字遣詞,iōng-jī-khián-sû
甲午戰爭,Kah-gōo-Tsiàn-tsing
甲午戰爭,Kah-ngóo-Tsiàn-tsing
白色恐怖,Pe̍h-sik khióng-pòo
白話文,pe̍h-uē-bûn
白話詩,pe̍h-uē-si
皮猴戲,phuê-kâu-hì
皮戲,phuê-hì
石灰水,tsio̍h-hue-tsuí
石油,tsio̍h-iû
石英,tsio̍h-ing
石獅,tsio̍h-sai
石膏,tsio̍h-ko
石墨,tsio̍h-ba̍k
石器時期,Tsio̍h-khì Sî-kî
石蕊試紙,tsio̍h-luí-tshì-tsuá
立方公分,li̍p-hong kong-hun
立方公尺,li̍p-hong kong-tshioh
立法,li̍p-huat
立法院,Li̍p-huat-īnn
立法機關,li̍p-huat ki-kuan
立意,li̍p-ì
立體形體,li̍p-thé hîng-thé
交叉步,kau-tshe-pōo
交配,kau-phuè
拍種,phah-tsíng
交通,kau-thong
交通工具,kau-thong-kang-kū
交通工具,kau-thong-kang-khū
交通運輸,kau-thong ūn-su
交通運輸網,kau-thong ūn-su-bāng
交響曲,kau-hióng-khik
交響曲,kau-hiáng-khik
交響樂團,kau-hióng-ga̍k-thuân
交響樂團,kau-hiáng-ga̍k-thuân
仰角,gióng-kak
仰角觀測器,gióng-kak kuan-tshik-khì
伊斯蘭教,I-su-lân-kàu
伐木業,hua̍t-bo̍k-gia̍p
休止符,hiu-tsí-hû
休閒活動,hiu-hân-ua̍h-tāng
休閒活動,hiu-hân-ua̍h-tōng
休閒運動,hiu-hân ūn-tōng
休閒觀光產業,hiu-hân kuan-kong sán-gia̍p
兆位,tiāu-uī
先民,sian-bîn
先後,sian-hiō
先後,sian-hōo
前後順序,tsiân-āu-sūn-sī
前後順序,tsiân-āu-sūn-sū
光,kng
光害,kong-hāi
光害,kng-hāi
光圈,kng-khuan
光源,kng-guân
光線,kng-suànn
全音,tsuân-im
全球定位系統,tsuân-kiû tīng-uī hē-thóng
全球性,tsuân-kiû-sìng
全等三角形,tsuân-tíng sann-kak-hîng
全等圖形,tsuân-tíng tôo-hîng
全穀根莖類,tsuân-kok kin-king-luī
共同創作,kiōng-tông tshòng-tsok
冰,ping
冰晶,ping-tsing
冰角,ping-kak
冰雕,ping-tiau
印度洋,Ìn-tōo-iûnn
印度教,Ìn-tōo-kàu͘
印度數字,Ìn-tōo sòo-jī
印澳板塊,Ìn-Ò Pán-khuài
合,kap
合成,ha̍p-sîng
合併段意法,ha̍p-pìng tuānn-ì-huat
合金,ha̍p-kim
合唱,ha̍p-tshiùnn
合唱交響曲,ha̍p-tshiùnn-kau-hióng-khik
合唱交響曲,ha̍p-tshiùnn-kau-hiáng-khik
合唱團,ha̍p-tshiùnn-thuânn
合數,ha̍p-sòo
合體字,ha̍p-thé-jī
和齊,hô-tsê
同心協力,tông-sim-hia̍p-li̍k
同極相斥,tông-ki̍k sio-thik
同樂會,tông-lo̍k-huē
同類詞,tông-luī-sû
名字,miâ-jī
名,miâ
名言,bîng-giân
金言玉語,kim-giân-gio̍k-gí
名言佳句,bîng-giân-ka-kù
名勝古蹟,bîng-sìng kóo-tsik
名詞,bîng-sû
名詞,miâ-sû
因果句,in-kó-kù
因數,in-sòo
圭表,kui-pió
地下莖,tē-hā-king
地方民間信仰,tē-hng-bîn-kan-sìn-gióng
地方民間信仰,tē-hong-bîn-kan-sìn-gióng
地方自治,tē-hng-tsū-tī
地方自治,tē-hong-tsū-tī
地方政府,tē-hng-tsìng-hú
地方政府,té-hong-tsìng-hú
地平面,tē-pîng-bīn
地平線,tē-pîng-suànn
地址,tē-tsí
地形,tē-hîng
地形景觀,tē-hîng kíng-kuan
地表,tē-piáu
地面天氣圖,tē-bīn thinn-khì-tôo
地球,tē-kiû
地球引力,tē-kiû ín-li̍k
地球自轉,tē-kiû tsū-tsuán
地球村,tē-kiû-tshun
地球村,tē-kiû-tshuan
地球暖化,tē-kiû luán-huà
地球儀,tē-kiû-gî
地理位置,tē-lí uī-tì
地理景觀,tē-lí kíng-kuan
地理環境,tē-lí khuân-kíng
地勢,tē-sè
地磁,tē-tsû
地熱發電,tē-jia̍t huat-tiān
地點,tē-tiám
濟,tsē
多元,to-guân
多元化,to-guân-huà
多位小數,to uī sió-sòo
多音字,to-im-jī
多邊形,to-pinn-hîng
好朋友,hó-pîng-iú
好聽,hó-thiann
字,jī
字形,jī-hîng
字例,jī-lē
字典,jī-tián
字音,jī-im
查音表,tshâ-im-pió
字詞,jī-sû
字義,jī-gī
字體,jī-thé
守門員,siú-mn̂g-uân
尖仔尾,Tsiam-á-bué
年,nî
成本,sîng-pún
成正比,sîng tsìng-pí
成年禮,sîng-liân-lé
轉大人,tńg-tuā-lâng
成語,sîng-gí
成蝶,sîng-tia̍p
成蟲,sîng-thâng
扣球,khàu-kiû
收入,siu-ji̍p
蘇州𥰔仔,Soo-tsiu phín-á
曲線,khiok-suànn
曲調,khik-tiāu
汙染,u-jiám
汙染,ù-jiám
百分位,pah-hun-uī
百分比,pah-hun-pí
pha̋-siàn-tòo,pha̋-siàn-tòo
pha-siàn-tooh,pha-siàn-tooh
百分數圓形圖,pah-hun-sòo înn-hîng-tôo
百位,pah-uī
百位數,pah uī sòo
百位數字,pah-uī sòo-jī
百萬位,pah-bān-uī
百葉箱,pah-hio̍h-siunn
百葉箱,pah-ia̍p-siunn
百億位,pah-ik-uī
百數表,pah sòo pió
竹篙舞,tik-ko-bú
米食,bí-si̍t
羽化,ú-huà
羽毛球,ú-môo-kiû
羽調式,ú-tiāu-sik
老年人口,ló-liân-jîn-kháu
老年人口,lāu-liân-jîn-kháu
老年期,lāu-liân-kî
老年期,ló-liân-kî
舊街,kū-ke
考試,khó-tshì
考試院,Khó-tshì-īnn
肉食動物,jio̍k-si̍t tōng-bu̍t
肌力,ki-li̍k
肌耐力,ki-nāi-li̍k
自由貿易,tsū-iû bōo-i̍k
自由權,tsū-iû-khuân
自由權,tsū-iû-kuân
自序,tsū-sū
自序,tsū-sī
自身彈力傳播,tsū-sin-tân-li̍k-thuân-pòo
自身彈力傳播,tsū-sin-tân-li̍k-thuân-pò
水道水,tsuí-tō-tsuí
自治活動,tsū-tī-ua̍h-tāng
自治活動,tsū-tī-ua̍h-tōng
自治組織,tsū-tī tsoo-tsit
自然,tsū-jiân
自然保育,tsū-jiân pó-io̍k
自然保留區,tsū-jiân pó-liû-khu
自然段,tsū-jiân-tuānn
自然界,tsū-jiân-kài
自然神明,tsū-jiân sîn-bîng
自然崇拜,tsū-jiân tsông-pài
自然景觀,tsū-jiân kíng-kuan
自然資源,tsū-jiân tsu-guân
自然環境,tsū-jiân khuân-kíng
色光,sik-kng
色散現象,sik-suànn hiān-siōng
血緣關係,hiat-iân kuan-hē
行板,hîng-pán
行政,hîng-tsìng
行政院,Hîng-tsìng-īnn
行政區域圖,hîng-tsìng-khu-hi̍k-tôo
行政區域圖,hîng-tsìng-khu-i̍k-tôo
行政機關,hîng-tsìng ki-kuan
行星,kiânn-tshenn
行星,hîng-tshenn
行書,hîng-su
半草楷,puànn-tshó-khái
行進樂隊,hîng-tsìn ga̍k-tuī
西太平洋,se Thài-pîng-iûnn
西半球,Sai-puànn-kiû
西沙群島,Sai-sua kûn-tó
西亞楔形文字,Se-a siat-hîng bûn-jī
西來庵事件,Se-lâi-am Sū-kiānn
西南季風,sai-lâm kuì-hong
西部平原,se-pōo pîng-guân
西部走廊,se-pōo tsáu-lông
西部海岸,se-pōo-hái-huānn
西部海岸,se-pōo-hái-gān
西經,se-king
串聯,tshuàn-liân
估算,kóo-sǹg
田佃,tshân-tiān
佃戶,tiān-hōo
位值表,uī-ta̍t-pió
位值換算,uī-ta̍t uānn-sǹg
位數,uī sòo
低沉,kē-tîm
低氣壓中心,kē-khì-ap tiong-sim
低脂奶品類,kē-tsi-ling-phín-luī
低脂奶品類,kē-tsi-lin-phín-luī
住戶管理委員會,tsū-hōo kuán-lí uí-uân-huē
佛教,Hu̍t-kàu
佛教,Pu̍t-kàu
作文,tsok-bûn
做文,tsò-bûn
作曲家,tsok-khik-ka
作者,tsok-tsiá
作品,tsok-phín
作家,tsok-ka
gu-lá-muh,gu-lá-muh
冷凍,líng-tòng
冷氣團,líng-khì-thuân
冷鋒,líng-hong
白字,pe̍h-jī
耽字,tânn-jī
刪節號,san-tsiat-hō
助燃,tsōo-jiân
助燃物,tsōo-jiân-bu̍t
卵,nn̄g
卵,luán
卵生,luán-sing
卵生動物,luán-sing tōng-bu̍t
吳沙,Ngôo Sua
吸引,khip-ín
唌,siânn
歕空,pûn-khang
歕,pûn
吹奏,tshue-tsàu
均衡,kin-hîng
壯丁團,tsòng-ting-thuân
夾注號,kiap-tsù-hō
註解號,tsù-kái-hō
孝道,hàu-tō
宋江陣,Sòng-kang-tīn
宋江陣,Siòng-kang-tīn
完全數,uân-tsuân-sòo
完全變態,uân-tsuân piàn-thài
完美數,uân-bí-sòo
魚尾叉,hî-bué-tshe
希臘正教,Hi-lia̍p-tsìng-kàu
希臘神話,Hi-lia̍p Sîn-uē
頭序,thâu-sū
頭序,thâu-sī
序跋,sū-pua̍t
序跋,sī-pua̍t
序數,sū-sòo
形狀,hîng-tsōng
形,hîng
形容詞,hîng-iông-sû
形符,hîng-hû
形態,hîng-thài
形聲,hîng-siann
形聲字,hîng-siann-jī
形體,hîng-thé
志工隊,tsì-kang-tuī
快板,khuài-pán
快速道路,khuài-sok tō-lōo
緊慢,kín bān
戒律,kài-lu̍t
戒嚴,kài-giâm
戒嚴令,kài-giâm-līng
戒嚴時期,Kài-giâm Sî-kî
扮演,pān-ián
表達感情,piáu-ta̍t kám-tsîng
投票權,tâu-phiò-khuân
投票權,tâu-phiò-kuân
投資,tâu-tsu
投籃,tâu-nâ
抗力,khòng-li̍k
抗力臂,khòng-li̍k-pì
抗力點,khòng-li̍k-tiám
抗日運動,khòng Ji̍t ūn-tōng
抗生素,khòng-sing-sòo
拗射,áu-siā
折衷家庭,tsiat-thiong ka-tîng
折線圖,tsiat-suànn-tôo
改寫,kái-siá
材料,tsâi-liāu
材料,tshâi-liāu
揣對象,tshuē tuì-siōng
求偶行為,kiû-ngóo hîng-uî
汽油,khì-iû
ga-sóo-lín,ga-sóo-lín
mooh-tah船,mooh-tah-tsûn
汽艇,khì-thíng
沈葆楨,Sím Pó-tsing
沉水性,tîm-tsuí-sìng
沉底,tîm-té
沉底,tiâm-té
沉積岩,tîm-tsik-gâm
沉積岩,tîm-tsik-giâm
沖積平原,tshiâng-tsik pîng-guân
沙岸,sua-huānn
沙岸,sua-gān
浮崙,phû-lūn
浮洲,phû-tsiu
浮嶼,phû-sū
沙線,sua-suànn
漏壺,lāu-ôo
漏壺計時器,lāu-ôo kè-sî-khì
沙漠,sua-bo̍k
沙雕,sua-tiau
海沙埔,hái-sua-poo
牡丹社抗日紀念碑,Bóo-tan-siā khòng Ji̍t kì-liām-pi
牡丹社事件,Bóo-tan-siā Sū-kiānn
育幼,io̍k-iù
角,kak
角1,kak it
角度,kak-tōo
角柱,kak-thiāu
角調式,kak-tiāu-sik
角錐,kak-tsui
豆魚肉卵類,tāu hî bah nn̄g luī
豆腐岩,tāu-hū-gâm
豆腐岩,tāu-hū-giâm
赤崁樓,Tshiah-khàm-lâu
赤道,tshik-tō
赤道,tshiah-tō
趖莖,sô-king
旋藤,suan-tîn
跤球,kha-kiû
身份證,sin-hūn-tsìng
身心障礙人士,sin-sim tsiòng-gāi jîn-sū
身體自主權,sin-thé-tsū-tsú-khuân
身體自主權,sin-thé-tsū-tsú-kuân
里民大會,lí-bîn tāi-huē
里長,lí-tiúnn
防疫措施,hông-i̍k tshòo-si
防腐,hông-hú
防鉎,hông-sian
並列句,pīng-lia̍t-kù
並列關係,pīng-lia̍t kuan-hē
並聯,pīng-liân
奶酸菌,ling-sng-khún
奶酸菌,lin-sng-khún
亞洲,A-tsiu
亞洲大陸,A-tsiu Tāi-lio̍k
京戲,kiann-hì
例句,lē-kù
例字,lē-jī
依法行政,i-huat hîng-tsìng
兒童及少年福利與權益保障法,Jî-tông-ki̍p-Siàu-liân-Hok-lī-ú-Khuân-ik-Pó-tsiong-huat
兒童及少年福利與權益保障法,Jî-tông-ki̍p-Siàu-liân-Hok-lī-ú-Kuân-ik-Pó-tsiong-huat
兒童節,Jî-tông-tseh
兒童權利公約,Jî-tông-Khuân-lī-Kong-iok
兒童權利公約,Jî-tông-Kuân-lī-Kong-iok
兩生類,lióng-senn-luī
兩生類,lióng-sing-luī
典故,tián-kòo
刻度,khik-tōo
卑南文化,Pi-lâm bûn-huà
卑南溪,Pi-lâm-khe
卑南遺址,Pi-lâm uî-tsí
協調性,hia̍p-tiau-sìng
協調性,hia̍p-tiāu-sìng
受力,siū-li̍k
受益權,siū-ik-khuân
受益權,siū-ik-kuân
受教權,siū-kàu-khuân
受教權,siū-kàu-kuân
受熱,siū-jia̍t
周角,tsiu-kak
周長,tsiu-tn̂g
周界,tsiu-kài
味覺,bī-kak
呼應法,hoo-ìng-huat
命令,bīng-līng
和,hô
和平紀念日,Hô-pîng Kì-liām-ji̍t
和弦,hô-hiân
和聲,hô-siann
和聲,hô-sing
固態,kòo-thài
固體,kòo-thé
坡度,pho-tōo
崎度,kiā-tōo
坪,pênn
坪,phênn
坪,phiânn
糞埽減量,pùn-sò kiám-liōng
奇數,khia-sòo
始邊,sí-pinn
姓,sènn
姓名,sènn-miâ
名姓,miâ-sènn
菌種,khún-tsíng
孢子,pau-tsí
孢子囊,pau-tsí-lông
孢子囊群,pau-tsí-lông-kûn
季風,kuì-hong
宗教,tsong-kàu
宗教信仰,tsong-kàu sìn-gióng
宗教慶典,tsong-kàu khìng-tián
宗親會,tsong-tshin-huē
定期存款,tīng-kî tsûn-khuán
定滑輪,tīng-ku̍t-lûn
宜蘭平原,Gî-lân Pîng-guân
岩石,gâm-tsio̍h
岩石,giâm-tsio̍h
岩岸,giâm-huānn
岩岸,giâm-gān
海角,hái-kak
海鼻,hái-phīnn
岬灣,kap-uan
岬灣海岸地形,kap-uan-hái-huānn-tē-hîng
岬灣海岸地形,kap-uan-hái-gān-tē-hîng
底,té
底角,té-kak
底面,té-bīn
底面積,té-bīn-tsik
底邊,té-pinn
弦,hiân
弦樂器,hiân-ga̍k-khì
弧,hôo
弧形島嶼,hôo-hîng tó-sū
弧長,hôo-tn̂g
弧線,hôo-suànn
唸唱,liām-tshiùnn
性別平等,sìng-pia̍t pîng-tíng
性別偏見,sìng-pia̍t phian-kiàn
性侵害,sìng-tshim-hāi
性騷擾,sìng-so-jiáu
抱拳,phō-kûn
抵抗力,tí-khòng-li̍k
抵抗力,té-khòng-li̍k
押韻,ah-ūn
鬥句,tàu-kù
拋球,phau-kiû
板,pán
板嘹,pán-liâu
搭球,tah-kiû
放大圖,hòng-tuā-tôo
譀鏡,hàm-kiànn
放水燈,pàng-tsuí-ting
蟲豸,thâng-thuā
昆蟲,khun-thiông
明喻,bîng-jū
明鄭時期,Bîng-Tēnn Sî-kî
朋友,pîng-iú
服務業,ho̍k-bū-gia̍p
東北季風,tang-pak kuì-hong
東半球,Tang-puànn-kiû
東沙群島,Tang-sua kûn-tó
東亞地區,Tang-a tē-khu
東亞島弧,Tang-a tó-hôo
東南亞,Tang-lâm-a
東海,Tang-hái
東經,tang-king
林口臺地,Nâ-kháu Tâi-tē
林爽文事件,Lîm Sóng-bûn Sū-kiānn
樹枝,tshiū-ki
欣賞曲,him-sióng-khik
武術,bú-su̍t
海口,hái-kháu
溪口,khe-kháu
港喙,káng-tshuì
河川流量,hô-tshuan liû-liōng
河床,hô-tshn̂g
河道,hô-tō
港路,káng-lōo
油彩,iû-tshái
油畫,iû-uē
治臺政策,tī Tâi tsìng-tshik
法治,huat-tī
法律,huat-lu̍t
法國號,Huat-kok-hō
注音,tsù-im
注音符號,tsù-im hû-hō
注音輸入,tsù-im su-ji̍p
針筒,tsiam-tâng
射筒,siā-tâng
注射筒,tsù-siā-tâng
注意,tsù-ì
注意力,tsù-ì-li̍k
注釋,tsù-sik
註解,tsù-kái
版畫,pán-uē
直式,ti̍t-sik
直式計算,ti̍t-sik kè-sǹg
直式除法,ti̍t-sik tî-huat
直角,ti̍t-kak
屈尺角,khut-tshioh-kak
直射,ti̍t-siā
直照,ti̍t-tsiò
直徑,ti̍t-kìng
直拳,ti̍t-kûn
正拳,tsiànn-kûn
直接比較,ti̍t-tsiap pí-kàu
𥰔仔,phín-á
直線,ti̍t-suànn
直轄市政府,ti̍t-hat-tshī tsìng-hú
直轄市議會,ti̍t-hat-tshī gī-huē
直觀比較,ti̍t-kuan pí-kàu
社交舞,siā-kau-bú
社區,siā-khu
社區營造,siā-khu îng-tsō
社會,siā-huē
社會行為,siā-huē hîng-uî
社會秩序,siā-huē tia̍t-sū
社會組織,siā-huē tsoo-tsit
社會規範,siā-huē kui-huān
社會運動,siā-huē ūn-tōng
社會福利,siā-huē hok-lī
社會變遷,siā-huē piàn-tshian
空氣,khong-khì
空氣汙染,khong-khì-u-jiám
空氣汙染,khong-khì-ù-jiám
空氣柱,khong-khì-thiāu
空氣流動,khong-khì liû-tōng
空氣發射器,khong-khì huat-siā-khì
空間感,khong-kan-kám
肢體,ki-thé
肥料,puî-liāu
花,hue
花蕊,hue-luí
花東縱谷平原,Hua-Tang Tshiong-kok Pîng-guân
花柱,hue-tsū
花粉,hue-hún
花崗石,hua-kang-tsio̍h
花崗石,hua-kong-tsio̍h
花絲,hue-si
花菜類,hue-tshài-luī
花萼,hue-go̍k
花綵列島,Hua-tshái Lia̍t-tó
花蓮溪,Hua-liân-khe
花藥,hue-io̍h
表面積,piáu-bīn-tsik
表現,piáu-hiān
表達,piáu-ta̍t
表演,piáu-ián
表演者,piáu-ián-tsiá
表演藝術,piáu-ián gē-su̍t
近視,kīn-sī
唐詩,Tông-si
金門,Kim-mn̂g
金門島,Kim-mn̂g-tó
金廣福公館,Kim-Kóng-Hok Kong-kuán
金屬,kim-sio̍k
金屬片,kim-sio̍k-phìnn
金屬器時代,Kim-sio̍k-khì Sî-tāi
金屬器時期,Kim-sio̍k-khì Sî-kî
長,tn̂g
長方形,tiông-hong-hîng
長篙形,tn̂g-ko-hîng
長株形,tn̂g-tu-hîng
長方體,tn̂g-hong-thé
長石,tn̂g-tsio̍h
長度,tn̂g-tōo
長濱文化,Tiông-pin bûn-huà
長邊,tn̂g-pinn
頭前齒,thâu-tsîng-khí
阿里山山脈,A-lí-san Suann-me̍h
阿拉伯板塊,A-la-pik Pán-khuài
雨,hōo
雨水,hōo-tsuí
雨量,hōo-liōng
雨量,ú-liōng
雨量,í-liōng
雨量器,hōo-liōng-khì
青少年期,tshing-siàu-liân-kî
青年節,Tshing-liân-tseh
青壯年人口,tshing-tsòng-liân jîn-kháu
青春期,tshing-tshun-kî
非洲,Hui-tsiu
非洲板塊,Hui-tsiu Pán-khuài
非接觸力,hui-tsiap-tshiok-li̍k
光度,kng-tōo
光星,kng-tshenn
侵蝕,tshim-si̍t
侵蝕作用,tshim-si̍t tsok-iōng
侵蝕風化,tshim-si̍t hong-huà
字條仔,jī-tiâu-á
俗語,sio̍k-gí
俗語話,sio̍k-gí-uē
俗諺,sio̍k-gān
保生大帝,Pó-sing-tāi-tè
保甲制度,pó-kah tsè-tōo
保育計畫,pó-io̍k kè-uē
保育類生物,pó-io̍k-luī sing-bu̍t
保溫,pó-un
批,phue
批信,phue-sìn
信用卡,sìn-iōng-khah
信仰,sìn-gióng
冒號,mōo-hō
前後,tsîng-āu
前項,tsîng-hāng
前蛹,tsiân-ióng
南半球,Lâm-puànn-kiû
南回歸線,Lâm-huê-kui-suànn
南沙群島,Lâm-sua kûn-tó
南河三,Lâm-hô-sann
南極板塊,Lâm-ki̍k Pán-khuài
南極圈,Lâm-ki̍k-khuan
南緯,lâm-huī
南緯,lâm-uī
南韓,Lâm-Hân
厚,kāu
客人,Kheh-lâng
客家人,Kheh-ka-lâng
客家歌仔,kheh-ka kua-á
客運,kheh-ūn
室內管樂團,sik-lāi kuán-ga̍k-thuân
室外行進管樂團,sik-guā hîng-tsìn kuán-ga̍k-thuân
屏東平原,Pîn-tong Pîng-guân
度,tōo
律動,lu̍t-tōng
律詩,lu̍t-si
律仔,lu̍t-á
後記,hiō-kì
後項,āu-hāng
後跤,āu-kha
恆星,hîng-tshenn
定星,tīng-tshenn
恆春半島,Hîng-tshun puànn-tó
恆春城,Hîng-tshun-siânn
恆溫動物,hîng-un tōng-bu̍t
大人齒,tuā-lâng-khí
括號,kuat-hō
拼音,phing-im
連紲音,liân-suà-im
指北針,tsí-pak-tsiam
指示劑,tsí-sī-tse
指事,tsí-sū
指事符號,tsí-sū hû-hō
指法,tsí-huat
指揮家,tsí-hui-ka
音空,im-khang
政府單位,tsìng-hú tan-uī
政府機構,tsìng-hú ki-kòo
政治,tsìng-tī
政黨輪替,tsìng-tóng lûn-thè
施力,si-li̍k
施力臂,si-li̍k-pì
施力點,si-li̍k-tiám
落肥,lo̍h-puî
施琅,Si Lông
星,tshenn
星空,sing-khong
天星,thinn-tshenn
星座,tshenn-tsō
星座,sing-tsō
星座盤,tshenn-tsō-puânn
星座盤,sing-tsō-puânn
星期制,sing-kî-tsè
禮拜制,lé-pài-tsè
星等,tshenn-tíng
春分,tshun-hun
春季大三角,Tshun-kuì Tuā Sann-kak
春節,tshun-tseh
架構,kà-kòo
柔軟度,jiû-nńg-tōo
查生字,tshâ-sing-jī
查生字,tshâ-senn-jī
查生字,tshâ-tshenn-jī
查字典,tshâ jī-tián
查讀,tshâ-tha̍k
柱懸,thiāu-kuân
柱仔頭,thiāu-á-thâu
柱仔形,thiāu-á-hîng
段落意義,tuānn-lo̍h ì-gī
段落,tuānn-lo̍h
段落大意,tuānn-lo̍h tāi-ì
泉郊會館,Tsuân-kau huē-kuán
活動,ua̍h-tāng
活動,ua̍h-tōng
活動報導,ua̍h-tāng-pò-tō
活動報導,ua̍h-tōng-pò-tō
活塞,ua̍h-that
活栓,ua̍h-sng
流行文化,liû-hîng bûn-huà
玻片夾,po-phìnn-ngeh
玻片樣本,po-phìnn iūnn-pún
珊瑚礁,suan-ôo-ta
珊瑚礁,suan-lôo-ta
珊瑚礁島,suan-ôo-ta-tó
珊瑚礁島,suan-lôo-ta-tó
珊瑚礁海岸,suan-ôo-ta-hái-huānn
珊瑚礁海岸,suan-ôo-ta-hái-gān
珊瑚礁海岸,suan-lôo-ta-hái-huānn
珊瑚礁海岸,suan-lôo-ta-hái-gān
注預防射,tsù ī-hông-siā
皇民化運動,Hông-bîn-huà ūn-tōng
盆地,phûn-tē
對反詞,tuì-huán-sû
反義詞,huán-gī-sû
相斥,sio-thik
相吸,sio-khip
答喙鼓,tap-tshuì-kóo
拍喙鼓,phah-tshuì-kóo
省略符號,síng-lio̍k hû-hō
眉形月,bî-hîng-gue̍h
砂糖,sua-thn̂g
秋分,tshiu-hun
秋季四邊形,Tshiu-kuì Sì-pinn-hîng
科技,kho-ki
科技產業,kho-ki sán-gia̍p
科普文章,kho-phóo-bûn-tsiong
科普文章,kho-phóo-bûn-tsiunn
科學,kho-ha̍k
科學家,kho-ha̍k-ka
科舉考試,kho-kí khó-tshì
秒,bió
秒速,bió-sok
紀錄,kì-lo̍k
紀錄,kì-lio̍k
約分,iok-hun
大約等於,tāi-iok tíng-î
紅十字國際委員會,Âng-si̍p-jī Kok-tsè Uí-uân-huē
紅毛人,Âng-mn̂g-lâng
紅毛人,Âng-môo-lâng
紅毛城,Âng-mn̂g-siânn
紅毛城,Âng-môo-siânn
紅毛港,Âng-mn̂g-káng
紅毛港,Âng-môo-káng
紅色石蕊試紙,âng-sik tsio̍h-luí-tshì-tsuá
美洲,Bí-tsiu
美洲板塊,Bí-tsiu Pán-khuài
美術館,bí-su̍t-kuán
美感,bí-kám
耶誕節,Iâ-tàn-tseh
聖誕節,Sìng-tàn-tseh
背鰭,puē-kî
胎生,thai-sing
胎生動物,thai-sing tōng-bu̍t
胎盤,thai-puânn
胚胎,phue-thai
胚珠,phue-tsu
苗栗事件,Biâu-li̍k Sū-kiānn
若蟲,jio̍k-thâng
若蟲,jio̍k-thiông
英法聯軍之役,Ing-Huat Liân-kun tsi i̍k
虹吸現象,hông-khip hiān-siōng
計時,kè-sî
計算,kè-sǹg
負極,hū-ki̍k
軍事防禦,kun-sū hông-gū
郊商,kau-siong
重力,tiōng-li̍k
重量,tāng-liōng
降低半音,kàng-kē puàn-im
降雨量,kàng-hōo-liōng
降雨量,kàng-ú-liōng
降雨量,kàng-í-liōng
面,bīn
面,biān
面積,bīn-tsik
音,im
音叉,im-tshe
音色,im-sik
音色真厚,im-sik tsin kāu
音效,im-hāu
音懸,im-kuân
音符,im-hû
音程,im-tîng
音量,im-liōng
音階,im-kai
音感,im-kám
音樂,im-ga̍k
音樂世家,im-ga̍k sè-ka
音樂家,im-ga̍k-ka
音樂會,im-ga̍k-huē
音譯,im-i̍k
風,hong
風力,hong-li̍k
風力計,hong-li̍k-kè
風力發電,hong-li̍k huat-tiān
風力傳播,hong-li̍k-thuân-pòo
風力傳播,hong-li̍k-thuân-pò
風化,hong-huà
風化作用,hong-huà tsok-iōng
風向,hong-hiòng
風向,hong-hiàng
風俗民情,hong-sio̍k bîn-tsîng
風俗習慣,hong-sio̍k si̍p-kuàn
飛行機,hue-lîng-ki
飛行機,hui-lîng-ki
飛行機,pue-lîng-ki
食品添加物,si̍t-phín thiam-ka-bu̍t
鹽,iâm
鹽水,iâm-tsuí
乘,sîng
乘法,sîng-huat
乘法估算,sîng-huat kóo-sǹg
乘法算式,sîng-huat sǹg-sik
乘除互逆,sîng-tî hōo-gi̍k
乘號,sîng-hō
乘數,sîng-sòo
修飾,siu-sik
si-á-geh,si-á-geh
修飾性,siu-sik-sìng
修辭法,siu-sû-huat
個人隱私,kò-jîn ún-su
個位,kò-uī
個位數,kò uī sòo
個位數字,kò-uī sòo-jī
個數,kò-sòo
倍數,puē-sòo
倒敘,tò-sū
倒敘法,tò-sū-huat
倒反句,tò-píng-kù
渡鳥,tōo-tsiáu
倫理,lûn-lí
倫理道德,lûn-lí tō-tik
原文,guân-bûn
原句,guân-kù
原因,guân-in
緣故,iân-kòo
因端,in-tuann
原因法,guân-in-huat
原住民,guân-tsū-bîn
原住民文化,guân-tsū-bîn bûn-huà
原住民族,Guân-tsū-bîn-tso̍k
原著,guân-tù
原漢衝突,Guân Hàn tshiong-tu̍t
唐山過臺灣,Tn̂g-suann kuè Tâi-uân
埃及太陽曆,Ai-ki̍p thài-iông-li̍k
埔里盆地,Poo-lí Phûn-tē
夏至,hē-tsì
夏季,hā-kuì
熱冬,jua̍h-tang
熱人,jua̍h--lâng
熱天,jua̍h-thinn
夏季大三角,Hā-kuì Tuā Sann-kak
宮廷舞,kiong-tîng-bú
宮調式,kiong-tiāu-sik
厝,tshù
兜,tau
家扶基金會,Ka-hû Ki-kim-huē
家庭,ka-tîng
家庭型態,ka-tîng hîng-thài
家庭計畫,ka-tîng kè-uē
家庭倫理,ka-tîng lûn-lí
家族聚居,ka-tso̍k tsū-ki
家鄉,ka-hiong
鄉里,hiunn-lí
容量,iông-liōng
容量,iông-liāng
容器,iông-khì
容積,iông-tsik
射門,siā-mn̂g
差,tsha
精差,tsing-tsha
扇形,sìnn-hîng
葵扇形,khuê-sìnn-hîng
扇形面積,sìnn-hîng bīn-tsik
振動,tsín-tōng
挺水性,thíng-tsuí-sìng
捏成,lia̍p-sîng
旁白,pông-pe̍h
邊白,pinn-pe̍h
時針,sî-tsiam
時速,sî-sok
時間,sî-kan
時間換算,sî-kan uānn-sǹg
書名號,su-bîng-hō
書法,su-huat
書評,su-phîng
書寫,su-siá
朔,sok
朗讀,lóng-tho̍k
誦讀,siōng-tho̍k
校園,hāu-hn̂g
校園安全,hāu-hn̂g an-tsuân
校園安全地圖,hāu-hn̂g an-tsuân tē-tôo
校園霸凌,hāu-hn̂g pà-lîng
核能科技,hi̍k-lîng-kho-ki
核能科技,hu̍t-lîng-kho-ki
核能發電,hi̍k-lîng-huat-tiān
核能發電,hu̍t-lîng-huat-tiān
根,kin
根莖類,kin-king-luī
格式,keh-sik
格言,kik-giân
箴言,tsim-giân
格林威治天文臺,Kik-lîm-uī-tī Thian-bûn-tâi
桃園國際機場,Thô-hn̂g Kok-tsè Ki-tiûnn
桌球,toh-kiû
phi̋n-phóng,phi̋n-phóng
氣空,khì-khang
氣門,khì-mn̂g
氣室,khì-sik
氣流,khì-liû
氣候,khì-hāu
氣候型態,khì-hāu hîng-thài
氣候變遷,khì-hāu piàn-tshian
氣象,khì-siōng
氣象報告,khì-siōng pò-kò
氣象預報,khì-siōng ī-pò
氣象衛星,khì-siōng uē-tshenn
氣溫,khì-un
氣溫計,khì-un-kè
氣團,khì-thuân
氣態,khì-thài
氣壓,khì-ap
氣體,khì-thé
氧化,ióng-huà
sàng-sòo,sàng-sòo
浮力,phû-li̍k
浮葉性,phû-hio̍h-sìng
浮雕,phû-tiau
海岸山脈,Hái-huānn-Suann-me̍h
海岸山脈,Hái-gān-Suann-me̍h
海岸地形,hái-huānn-tē-hîng
海岸地形,hái-gān-tē-hîng
海岸地區,hái-huānn-tē-khu
海岸地區,hái-gān-tē-khu
海岸線,hái-huānn-suànn
海岸線,hái-gān-suànn
海底火山,hái-té hué-suann
海底溫泉,hái-té un-tsuânn
海拔懸度,hái-pua̍t kuân-tōo
海洋,hái-iûnn
海洋能發電,hái-iông-lîng-huat-tiān
海洋能發電,hái-iûnn-lîng-huat-tiān
海洋資源,hái-iûnn tsu-guân
海禁,hái-kìm
海運,hái-ūn
海蝕平台,hái-si̍t pênn-tâi
海蝕洞,hái-si̍t-tōng
海蝕崁,hái-si̍t-khàm
消防局,siau-hông-kio̍k
消費,siau-huì
消費行為,siau-huì hîng-uî
消費者,siau-huì-tsiá
消費者文教基金會,Siau-huì-tsiá Bûn-kàu Ki-kim-huē
消費者服務專線1950,siau-huì-tsiá ho̍k-bū tsuan-suànn it kiú ngóo khòng
消費權益,siau-huì-khuân-ik
消費權益,siau-huì-kuân-ik
特有種,ti̍k-iú-tsíng
特有種,ti̍k-iú-tsióng
特色產業,ti̍k-sik sán-gia̍p
特徵,ti̍k-ting
班刊,pan-khan
班級,pan-kip
班,pan
班級公約,pan-kip kong-iok
班級自治,pan-kip tsū-tī
班級幹部,pan-kip kàn-pōo
班會,pan-huē
留言字條,liû-giân jī-tiâu
畜牧業,thiok-bo̍k-gia̍p
病疼,pēnn-thiànn
症頭,tsìng-thâu
病句,pēnn-kù
病毒,pēnn-to̍k
病媒蠓,pēnn-muî-báng
真分數,tsin-hun-sòo
磅子,pōng-tsí
轉折號,tsuán-tsiat-hō
破題,phò-tê
破題,phuà-tê
祖先崇拜,tsóo-sian tsông-pài
祖籍,tsóo-tsi̍k
祖靈,tsóo-lîng
祖靈祭,Tsóo-lîng-tsè
祝福語,tsiok-hok-gí
神社,sîn-siā
粉蠟筆,hún-la̍h-pit
納稅,la̍p-suè
紙片,tsuá-phìnn
紙片拼貼,tsuá-phìnn phing-tah
紙黏塗,tsuá-liâm-thôo
級進,kip-tsìn
素描,sòo-biô
素描,sòo-biâu
翼,si̍t
耕者有其田,king--tsiá iú kî tiân
胸部,hing-pōo
胸坎,hing-khám
魚擛,hî-ia̍t
能量,lîng-liōng
能源,lîng-guân
能源危機,lîng-guân guî-ki
草,tsháu
草本莖,tsháu-pún-king
草食動物,tsháu-si̍t tōng-bu̍t
草埔,tsháu-poo
草書,tshó-su
草字,tshó-jī
記敘,kì-sū
記敘文,kì-sū-bûn
退位減法,thè-uī kiám-huat
洘流,khó-lâu
退流,thè-lâu
逆時針方向,gi̍k-sî-tsiam hong-hiòng
酒精,tsiú-tsing
酒精燈,tsiú-tsing-ting
除,tî
除法,tî-huat
除法估算,tî-huat kóo-sǹg
除法算式,tî-huat sǹg-sik
除號,tî-hō
除數,tî-sòo
馬勢,bé-sè
跤馬,kha-bé
馬拉松,ma-lá-sóng
馬祖,Má-tsóo
馬祖列島,Má-tsóo Lia̍t-tó
馬偕牧師,Má Kai bo̍k-su
mòo-tà,mòo-tà
馬關條約,Má-kuan Tiâu-iok
懸,kuân
懸山,kuân suann
高山族,Ko-san-tso̍k
高山族,Ko-suann-tso̍k
懸閣強,kuân koh kiông
懸位,kuân-uī
高屏溪,Ko-pîn-khe
下淡水溪,Ē-tām-tsuí-khe
懸度,kuân-tōo
懸度角,kuân-tōo-kak
高科技產業,ko-kho-ki sán-gia̍p
高科技製造業,ko-kho-ki tsè-tsō-gia̍p
高音域,ko-im-hi̍k
高音域,ko-im-i̍k
高音譜記號,ko-im-phóo kì-hō
高氣壓中心,ko-khì-ap tiong-sim
高速公路,ko-sok kong-lōo
高速鐵路,ko-sok thih-lōo
高齡化社會,ko-lîng-huà siā-huē
焦電池,ta-tiān-tî
假分數,ké-hun-sòo
假借,ká-tsioh
假借,ká-tsià
假設句,ká-siat-kù
偏見,phian-kiàn
字爿,jī-pîng
偏轉,phian-tsuán
做數,tsò-sòo
停留記號,thîng-liû kì-hō
頓蹬,tùn-tenn
停頓,thîng-tùn
半行走,puànn-kiânn-tsáu
側芽,tshik-gê
邊面,pinn-bīn
邊面,pian-bīn
偵探小說,tsing-thàm-sió-suat
偵探小說,tsing-thàm-siáu-suat
雙數,siang-sòo
偷渡,thau-tōo
剪紙,tsián-tsuá
副標題,hù-piau-tê
副標題,hù-phiau-tê
副熱帶氣候,hù-jia̍t-tài khì-hāu
副熱帶氣候區,hù-jia̍t-tài khì-hāu-khu
動力,tōng-li̍k
動力來源,tōng-li̍k lâi-guân
動作,tōng-tsok
動物,tōng-bu̍t
動物保護協會,tōng-bu̍t pó-hōo hia̍p-huē
動物傳播,tōng-bu̍t-thuân-pòo
動物傳播,tōng-bu̍t-thuân-pò
動詞,tōng-sû
動滑輪,tōng-ku̍t-lûn
動態描寫,tōng-thài-biô-siá
動態描寫,tōng-thài-biâu-siá
動態感,tōng-thài-kám
區公所,khu-kong-sóo
區域特色,khu-hi̍k-ti̍k-sik
區域特色,khu-i̍k-ti̍k-sik
參考體,tsham-khó-thé
參政權,tsham-tsìng-khuân
參政權,tsham-tsìng-kuân
參宿七,Tsham-siù-tshit
參宿七,Sim-siù-tshit
參宿四,Tsham-siù-sì
參宿四,Sim-siù-sì
商,siong
商業,siong-gia̍p
商調式,siong-tiāu-sik
問句,būn-kù
問句,mn̄g-kù
問候語,būn-hāu-gí
國民教育,kok-bîn kàu-io̍k
國民義務教育,kok-bîn gī-bū kàu-io̍k
漢字,hàn-jī
國姓爺,Kok-sìng-iâ
國定古蹟,kok-tīng kóo-tsik
國家公園,Kok-ka Kong-hn̂g
國語家庭,kok-gí ka-tîng
國語傳習所,kok-gí thuân-si̍p-sóo
國際公約,kok-tsè kong-iok
國際組織,kok-tsè tsoo-tsit
國際勞工公約,Kok-tsè Lô-kang Kong-iok
國際貿易,kok-tsè bōo-i̍k
國際管樂節,kok-tsè kuán-ga̍k-tseh
國際競爭力,kok-tsè kīng-tsing-li̍k
新曆,sin-li̍k
陽曆,iông-li̍k
基本人權,ki-pún-jîn-khuân
基本人權,ki-pún-jîn-kuân
基因改造食品,ki-in kái-tsō si̍t-phín
基隆,Ke-lâng
基準量,ki-tsún-liōng
基督宗教,Ki-tok tsong-kàu
基督教,Ki-tok-kàu
堆肥,tui-puî
𩛩肥,kauh-puî
漚肥,au-puî
專名號,tsuan-bîng-hō
專名號,tsuan-miâ-hō
專賣制度,tsuan-bē tsè-tōo
帶分數,tài-hun-sòo
強力電磁鐵,kiông-li̍k tiān-tsû-thih
虹,khīng
情節,tsîng-tsiat
覆水泅,phak-tsuí-siû
掠篙泅,lia̍h-ko-siû
捷運,tsia̍t-ūn
弄花,lāng-hue
排比,pâi-pí
排球,pâi-kiû
接目鏡,tsiap-bo̍k-kiànn
接物鏡,tsiap-bu̍t-kiànn
承球,sîn-kiû
接球,tsiap-kiû
接觸力,tsiap-tshiok-li̍k
接觸面,tsiap-tshiok-bīn
控制變因,khòng-tsè piàn-in
控球,khòng-kiû
推薦序,thui-tsiàn-sū
推薦序,tshui-tsiàn-sū
敘事,sū-sū
敘述,sū-su̍t
敘述句,sū-su̍t-kù
敘寫,sū-siá
教育,kàu-io̍k
教育程度,kàu-io̍k thîng-tōo
教室,kàu-sik
課室,khò-sik
教師節,Kàu-su-tseh
旋律,suân-lu̍t
旋轉角,suân-tsuán-kak
轉踅盤,tńg-se̍h-puânn
族群,tso̍k-kûn
族群械鬥,tso̍k-kûn hāi-tàu
族譜,tso̍k-phóo
曹公圳,Tsô-kong-tsùn
望,bōng
召鏡,tiàu-kiànn
千里鏡,tshian-lí-kiànn
黃酸雨,n̂g-sng-hōo
梆笛,pang-ti̍k
條件句,tiâu-kiānn-kù
梯形,thui-hîng
械鬥,hāi-tàu
捙拚,tshia-piànn
毫公升,hô-kong-tsin
毫升,hô-tsin
亳米,hô-bí
公厘,kong-lî
mí-lih,mí-lih
液態,i̍k-thài
液體,i̍k-thé
淡水,Tām-tsuí
淡水河,Tām-tsuí-hô
混合計算,hūn-ha̍p kè-sǹg
清水斷崖,Tshing-tsuí Tuān-gâi
清朝時期,Tshing-tiâu Sî-kî
現代化,hiān-tāi-huà
現代化建設,hiān-tāi-huà kiàn-siat
現代詩,hiān-tāi-si
現象,hiān-siōng
球,kiû
球心,kiû-sim
球體,kiû-thé
理財,lí-tsâi
生卵,senn-nn̄g
放卵,pàng-nn̄g
湠卵,thuànn-nn̄g
產業,sán-gia̍p
產業類別,sán-gia̍p luī-pia̍t
畢宿五,Pit-siù-gōo
異極相吸,ī-ki̍k sio-khip
祭典活動,tsè-tián-ua̍h-tāng
祭典活動,tsè-tián-ua̍h-tōng
祭祀,tsè-sū
移民,î-bîn
移民文化,î-bîn bûn-huà
徙栽,suá-tsai
移墾社會,î-khún siā-huē
章節,tsiunn-tsat
章節,tsiong-tsiat
𥰔仔音,phín-á-im
𥰔仔聲,phín-á-siann
笛仔聲,ta̍t-á-siann
𥰔仔類樂器,phín-á-luī ga̍k-khì
符號,hû-hō
第一人稱,tē-it jîn-tshing
第一人稱法,tē-it jîn-tshing-huat
第二人稱,tē-jī jîn-tshing
第二人稱法,tē-jī jîn-tshing-huat
第二性徵,tē-jī sìng-ting
第三人稱,tē-sann jîn-tshing
第三人稱法,tē-sann jîn-tshing-huat
粗調節輪,tshoo-tiâu-tsiat-lûn
累加,luí-ka
細菌,sè-khún
幼調節輪,iù-tiâu-tsiat-lûn
細懸浮微粒,sè hiân-hû-bî-lia̍p
終邊,tsiong-pinn
組織,tsoo-tsit
統計表,thóng-kè-pió
統計圖,thóng-kè-tôo
習性,si̍p-sìng
癖性,phiah-sìng
慣勢,kuàn-sì
習慣,si̍p-kuàn
習寫字,si̍p-siá-jī
荷西時代,Hô-Se Sî-tāi
荷西時期,Hô-Se Sî-kî
荷蘭人,Hô-lân-lâng
荷蘭時期,Hô-lân Sî-kî
稈,kuáinn
莖,king
莫氏𠕇度,Bo̍h--sī tīng-tōo
蛀齒,tsiù-khí
被加數,pī-ka-sòo
被扶養人口,pī-hû-ióng jîn-kháu
被乘數,pī-sîng-sòo
被除數,pī-tî-sòo
被減數,pī-kiám-sòo
規律性,kui-lu̍t-sìng
規範,kui-huān
揣食,tshuē-tsia̍h
討食,thó-tsia̍h
叨食,lo-tsia̍h
覓食,bā-tsia̍h
訪談,hóng-tâm
設計,siat-kè
設計者,siat-kè-tsiá
設計師,siat-kè-su
設問,siat-būn
貧富差距,pîn-hù tsha-kī
貨幣,huè-pè
逗點,tōo-tiám
通分,thong-hun
通訊工具,thong-sìn-kang-kū
通訊工具,thong-sìn-kang-khū
通訊設施,thong-sìn siat-si
通路,thong-lōo
通電,thong-tiān
速度,sok-tōo
速度記號,sok-tōo kì-hō
速率,sok-lu̍t
造句,tsō-kù
造字方法,tsō-jī hong-huat
造字法,tsō-jī-huat
造型,tsō-hîng
造詞,tsō-sû
連加,liân ka
連接詞,liân-tsiap-sû
連接號,liân-tsiap-hō
連貫句,liân-kuàn-kù
連通管,liân-thong-kóng
連通管原理,liân-thong-kóng guân-lí
連通管現象,liân-thong-kóng hiān-siōng
連減,liân kiám
連結線,liân-kiat-suànn
結合線,kiat-ha̍p-suànn
連續記號,liân-sio̍k kì-hō
部首,pōo-siú
字部,jī-pōo
部落,pōo-lo̍k
郭懷一事件,Kueh Huâi-it Sū-kiānn
都市,too-tshī
都市計畫,too-tshī kè-uē
野百合學運,Iá-pik-ha̍p Ha̍k-ūn
釣魚台列嶼,Tiò-hî-tâi Lia̍t-sū
粗瓷仔塗,tshoo-huî-á-thôo
陶器,tô-khì
粗瓷器,tshoo-huî-khì
瓷仔藝家,huî-á-gē-ka
雪,seh
雪山山脈,Suat-suann-Suann-me̍h
雪山山脈,Suat-san-Suann-me̍h
雪霸國家公園,Suat-pà Kok-ka Kong-hn̂g
頂角,tíng-kak
頂芽,tíng-gê
頂點,tíng-tiám
魚鰓,hî-tshi
魚鱗,hî-lân
鹿皮,lo̍k-phuê
鹿耳門水路,Lo̍k-ní-mn̂g tsuí-lōo
mài-kuh,mài-kuh
創作,tshòng-tsok
創意,tshòng-ì
博物館,phok-bu̍t-kuán
博愛座,phok-ài-tsō
喇叭喙,lá-pah-tshuì
單位,tan-uī
單位分數,tan-uī hun-sòo
單位比較,tan-uī pí-kàu
單極mòo-tah,tuann-ki̍k mòo-tah
單槓,tan-kǹg
橫箍,huâinn-khoo
單親家庭,tan-tshin ka-tîng
單擺,tuann-pái
單擺,tan-pái
單擺計時器,tuann-pái-kè-sî-khì
單擺計時器,tan-pái-kè-sî-khì
單擺原理,tuann-pái-guân-lí
單擺原理,tan-pái-guân-lí
內場景,lāi-tiûnn-kíng
富貴角,Hù-kuì-kak
寒流,hân-liû
歇寒,hioh-kuânn
寒假,hân-ká
寓言,gū-giân
寓言故事,gū-giân kòo-sū
就業機會,tsiū-gia̍p ki-huē
幾分之幾,kuí hun tsi kuí
幾點半,kuí tiám puànn
幾點幾分,kuí tiám kuí hun
惡性競爭,ok-sìng-kīng-tsing
惡性競爭,ok-sìng-kìng-tsing
描寫,biô-siá
描寫,biâu-siá
提問,thê-mn̄g
提問,thê-būn
插敘,tshah-sū
插敘法,tshah-sū-huat
嘛會使講,mā ē-sái kóng
換算,uānn-sǹg
散文,suànn-bûn
散村,suánn-tshun
散村,suánn-tshuan
散熱,sàn-jia̍t
普悠瑪號,phu-iu-má-hō
普悠瑪號,phu-iu-mah-hō
智慧財產權,tì-huī-tsâi-sán-khuân
智慧財產權,tì-huī-tsâi-sán-kuân
上大公因數,siōng-tuā kong-in-sòo
上細公倍數,siōng-sè kong-puē-sòo
上低繳納金額,Siōng kē kiáu-la̍p kim-gia̍h
最簡分數,tsuè-kán hun-sòo
最簡整數比,tsuè-kán tsíng-sòo-pí
棒球,pāng-kiû
野球,iá-kiû
森林,sim-lîm
植物,si̍t-bu̍t
草本,tsháu-bo̍k
種樹綠化,tsìng-tshiū li̍k-huà
減,kiám
減法,kiám-huat
減法估算,kiám-huat kóo-sǹg
減法計算,kiám-huat kè-sǹg
減數,kiám-sòo
渡海來臺,tōo-hái lâi Tâi
渡臺禁令,tōo Tâi kìm-līng
測量,tshik-liông
測量,tshik-liōng
港埠型都市,káng-poo-hîng too-tshī
泅水,siû-tsuí
游泳,iû-íng
無扇葉電風,bû sìnn-hio̍h tiān-hong
無國界醫生,Bû-kok-kài i-sing
無條件放棄法,bô-tiâu-kiānn hòng-khì-huat
無條件進入法,bô-tiâu-kiānn tsìn-ji̍p-huat
畫布,uē-pòo
畫面,uē-bīn
畫筆,uē-pit
天狗熱,thian-káu-jia̍t
骨疼熱,kut-thiànn-jia̍t
登革熱,ting-kik-jia̍t
發光二極體,huat-kng jī-ki̍k-thé
發育,huat-io̍k
開球,khui-kiû
發揮創意,huat-hui tshòng-ì
發電,huat-tiān
發電量,huat-tiān-liōng
發電機,huat-tiān-ki
發酵,huat-kànn
起酵,khí-kànn
發,huat
生菇,senn-koo
上殕,tshiūnn-phú
臭殕,tshàu-phú
短,té
短文,té-bûn
短句,té-kù
短針,té-tsiam
短除法,té-tî-huat
短語,té-gí
短篇小說,té-phinn-sió-suat
短篇小說,té-phinn-siáu-suat
短篇小說集,té-phinn-sió-suat-tsi̍p
短篇小說集,té-phinn-siáu-suat-tsi̍p
硬度,ngē-tōo
𠕇度,tīng-tōo
小快板,sió-khuài-pán
童詩,tông-si
童話,tông-uē
囡仔古,gín-á-kóo
童謠,tông-iâu
囡仔歌,gín-á-kua
字劃,jī-ue̍h
筆劃,pit-ue̍h
字劃數,jī-ue̍h-sòo
筆順,pit-sūn
等式,tíng-sik
等於,tíng-î
等值分數,tíng-ta̍t hun-sòo
等量公理,tíng-liōng kong-lí
等腰三角形,tíng-io sann-kak-hîng
等腰直角三角形,tíng-io ti̍t-kak sann-kak-hîng
等號,tíng-hō
等壓線,tíng-ap-suànn
紫色高麗菜汁指示劑,tsí-sik ko-lê-tshài-tsiap tsí-sī-tse
結冰,kiat-ping
結合律,kiat-ha̍p-lu̍t
結果,kiat-kó
結婚,kiat-hun
結構,kiat-kòo
結構圖,kiat-kòo-tôo
紅目墘,âng-ba̍k-kînn
結膜炎,kiat-mo̍oh-iām
結論,kiat-lūn
絕句,tsua̍t-kù
絕緣體,tsua̍t-iân-thé
菌絲,khún-si
菜蟲,tshài-thâng
ua-lú-tsuh,ua-lú-tsuh
麻芳斜,muâ-phang-tshua̍h
麻芳範,muâ-phang-huān
斜糕形,tshiâ-ko-hîng
菲律賓海板塊,Hui-lu̍t-pin-hái Pán-khuài
著,tù
撰寫,tsuān-siá
著作權,tù-tsok-khuân
著作權,tù-tsok-kuân
蛤仔泅,kap-á-siû
田水雞泅,tshân-tsuí-ke-siû
水雞泅,tsuí-ke-siû
四跤仔泅,sì-kha-á-siû
街路圖,ke-lōo-tôo
視星等,sī-tshenn-tíng
視覺,sī-kak
視覺描寫,sī-kak-biô-siá
視覺描寫,sī-kak-biâu-siá
視覺藝術,sī-kak gē-su̍t
詞,sû
詞句,sû-kù
詞性,sû-sìng
詞牌,sû-pâi
詞彙,sû-luī
詞義,sû-gī
詞意,sû-ì
語詞,gí-sû
象形,siōng-hîng
距離,kī-lī
距離,kī-lî
軸,ti̍k
車心,tshia-sim
軸心,ti̍k-sim
心仔,sim-á
軸半徑,ti̍k-puànn-kìng
軸根,ti̍k-kin
進口,tsìn-kháu
輸入,su-ji̍p
進行曲,tsìn-hîng-khik
進位,tsìn-uī
進位加法,tsìn-uī ka-huat
鄉土文學,hiong-thóo bûn-ha̍k
鄉公所,hiong-kong-sóo
鄉民代表會,hiong-bîn tāi-piáu-huē
量筒,liông-tâng
量筒,niû-tâng
鈍角,tūn-kak
鈍角三角形,tūn-kak sann-kak-hîng
開放港口,khai-hòng káng-kháu
開國紀念日,Khai-kok Kì-liām-ji̍t
開發土地,khai-huat thóo-tē
開漳聖王,Khai Tsiang Sìng-ông
開墾,khai-khún
開荒,khui-hng
開學,khai-ha̍k
開學,khai-o̍h
開頭法,khui-thâu-huat
開頭法,khai-thâu-huat
開臊節,Khui-tsho-tseh
閏年,jūn-nî
大朝年,tuā-tiâu-nî
芟,sing
間接比較,kàn-tsiap pí-kàu
間隔號,kàn-keh-hō
日頭光,ji̍t-thâu-kng
公花,kang-hue
花鬚,hue-tshiu
集村,tsi̍p-tshun
集村,tsi̍p-tshuan
雲,hûn
雲量,hûn-liōng
雲層,hûn-tsân
順序,sūn-sī
順序,sūn-sū
順時針方向,sūn-sî-tsiam hong-hiòng
順敘,sūn-sū
順敘法,sūn-sū-huat
飲食文化,ím-si̍t bûn-huà
飲食習慣,ím-si̍t si̍p-kuàn
烏雲母,oo-hûn-bú
烏雲母,oo-hûn-bó
傳粉,thuân-hún
傳記,tuān-kì
傳唱,thuân-tshiùnn
傳教士,thuân-kàu-sū
傳球,thuân-kiû
傳統文化,thuân-thóng bûn-huà
傳統技藝,thuân-thóng ki-gē
傳統社會,thuân-thóng siā-huē
傳統產業,thuân-thóng sán-gia̍p
傳統祭典,thuân-thóng tsè-tián
傳統節慶,thuân-thóng tsiat-khìng
傳統農漁業,thuân-thóng lông-hî-gia̍p
傳統歌謠,thuân-thóng kua-iâu
傳統聚落,thuân-thóng-tsū-lo̍k
傳統聚落,thuân-thóng-tsū-lo̍h
傳導,thuân-tō
傳導現象,thuân-tō hiān-siōng
匯率,huē-lu̍t
鼻覺,phīnn-kak
圓,înn
圓箍仔,înn-khoo-á
圓山仔文化,Înn-suann-á bûn-huà
圓山仔遺址,Înn-suann-á uî-tsí
圓形,înn-hîng
圓形百分圖,înn-hîng pah-hun-tôo
圓形圖,înn-hîng-tôo
圓周,înn-tsiu
圓周長,înn-tsiu-tn̂g
圓周率,înn-tsiu-lu̍t
圓柱,înn-thiāu
圓面積,înn-bīn-tsik
圓滑線,înn-ku̍t-suànn
圓鼓吹,înn-kóo-tshue
圓舞曲,Înn-bú-khik
圓錐,înn-tsui
塑膠貨幣,sok-ka huè-pè
塑膠製品,sok-ka tsè-phín
幹部,kàn-pōo
微生物,bî-sing-bu̍t
微生菌,bî-sing-khún
想像力,sióng-siōng-li̍k
意符,ì-hû
意義,ì-gī
意義段落,ì-gī tuānn-lo̍h
感受,kám-siū
感官,kám-kuan
感想法,kám-sióng-huat
感謝,kám-siā
多謝,to-siā
勞力,lóo-la̍t
慈善團體,tsû-siān thuân-thé
搬徙,puann-suá
搬運,puann-ūn
搶孤,tshiúnn-koo
新石器文化,Sin-tsio̍h-khì bûn-huà
新石器時代,Sin-tsio̍h-khì Sî-tāi
新石器時期,Sin-tsio̍h-khì Sî-kî
新同學,sin-tông-ha̍k
新同學,sin-tông-o̍h
新同學,sin-tâng-ha̍k
新同學,sin-tâng-o̍h
新住民,sin-tsū-bîn
新朋友,sin pîng-iú
新移民,sin-î-bîn
新港文,Sin-káng-bûn
新詩,sin-si
暖化,luán-huà
暖氣團,luán-khì-thuân
暖鋒,luán-hong
暗喻,àm-jū
隱喻,ún-jū
會意,huē-ì
極地,ki̍k-tē
楷書,khái-su
概數,khài-sòo
孽譎仔話,gia̍t-khiat-á-uē
激骨話,kik-kut-uē
毽子,kiàn-tsí
錢仔,tsînn-á
溪流,khe-lâu
溪流,khe-liû
溫室氣體,un-sik khì-thé
溫度,un-tōo
度針,tōo-tsiam
磅針,pōng-tsiam
溶液,iông-i̍k
溶去,iûnn--khì
溶解現象,iông-kái hiān-siōng
溶解量,iông-kái-liōng
溶質,iông-tsit
溶劑,iông-tse
溼地,sip-tē
湳仔地,làm-á-tē
溼度,sip-tōo
滑石,ku̍t-tsio̍h
車轆,tshia-lak
吊槔,tiàu-oo
滑車,ku̍t-tshia
撚錢,lián-tsînn
獅仔座,Sai-á-tsō
矮靈祭,É-lîng-tsè
節,tsat
節日,tseh-ji̍t
拍拍器,phah-phik-khì
節奏,tsiat-tsàu
節奏感,tsiat-tsàu-kám
節能減碳,tsiat-lîng kiám-thuànn
節慶,tsiat-khìng
摘錄,tiah-lo̍k
摘錄,tiah-lio̍k
經度,king-tōo
經線,king-suànn
經緯線,king-huī-suànn
經緯線,king-uī-suànn
經濟活動,king-tsè-ua̍h-tāng
經濟活動,king-tsè-ua̍h-tōng
經濟發展,king-tsè huat-tián
徛名,khiā-miâ
落名,lo̍h-miâ
義務,gī-bū
義務教育,gī-bū kàu-io̍k
腰,io
跤,kha
鐵馬,thih-bé
孔明車,khóng-bîng-tshia
跤踏車,kha-ta̍h-tshia
自轉車,tsū-tsuán-tshia
自輪車,tsū-lián-tshia
腹足,hok-tsiok
腹面,pak-bīn
腹肚,pak-tóo
腹肚,bak-tóo
魚腹翼,hî-pak-si̍t
萬分位,bān-hun-uī
萬位,bān-uī
落地生根,lo̍h-tē-sing-kin
生刀草,tshenn-to-tsháu
倒吊蓮,tò-tiàu-liân
葉仔,hio̍h-á
葉身,hio̍h-sin
葉序,hio̍h-sī
葉仔形,hio̍h-á-hîng
葉仔柄,hio̍h-á-pènn
葉面,hio̍h-bīn
葉脈,hio̍h-me̍h
葉菜類,hio̍h-tshài-luī
葉仔邊,hio̍h-á-pinn
號頭聲,hō-thâu-siann
蛹,ióng
褪皮,thǹg-phuê
褪殼,thǹg-khak
妝娗,tsng-thānn
裝飾,tsong-sik
解嚴,kái-giâm
解嚴令,kái-giâm-līng
試紙,tshì-tsuá
詩,si
詩人,si-jîn
詩句,si-kù
詩作,si-tsok
詩詞,si-sû
詩歌,si-kua
歌詩,kua-si
詩選,si-suán
話語,uē-gí
詳寫,siông-siá
誇飾,khua-sik
資訊科技,tsu-sìn kho-ki
資訊產業,tsu-sìn sán-gia̍p
資訊電子業,tsu-sìn tiān-tsú-gia̍p
資源,tsu-guân
資源開發,tsu-guân khai-huat
跳進,thiàu-tsìn
跳遠,thiàu-hn̄g
跳遠,thiàu-uán
跳箱,thiàu-siunn
跳索仔,thiàu-soh-á
閃避球,siám-pī-kiû
相閃球,sio-siám-kiû
載物臺,tsài-bu̍t-tâi
農民曆,lông-bîn-li̍k
通書,thong-su
曆日,la̍h-ji̍t
農作物,lông-tsok-bu̍t
農業,lông-gia̍p
農業社會,lông-gia̍p siā-huē
農漁牧業,lông-hî-bo̍k-gia̍p
遊記,iû-kì
遊戲,iû-hì
運動,ūn-tōng
運動傷害,ūn-tōng siong-hāi
運球,ūn-kiû
運筆法,ūn-pit-huat
運輸設施,ūn-su siat-si
過度開發,kuè-tōo khai-huat
過渡,kuè-tōo
過渡句,kuè-tōo-kù
過境鳥,kuè-kíng-tsiáu
道具,tō-kū
道具,tō-khū
道家,Tō-ka
道教,Tō-kàu
錢鼓,tsînn-kóo
雷射,luî-siā
電,tiān
電力,tiān-li̍k
電子地圖,tiān-tsú tē-tôo
電子發票,tiān-tsú huat-phiò
電池,tiān-tî
電流,tiān-liû
電風,tiān-hong
電量,tiān-liōng
電路,tiān-lōo
電磁作用,tiān-tsû tsok-iōng
電磁波,tiān-tsû-pho
電線,tiān-suànn
電器,tiān-khì
電鍍,tiān-tōo
電金,tiān-kim
頓號,tùn-hō
嘉南大圳,Ka-lâm Tuā-tsùn
嘉南平原,Ka-lâm Pîng-guân
圖形,tôo-hîng
圖例,tôo-lē
圖書館,tôo-su-kuán
圖書館,tôo-tsu-kuán
畫圖紙,uē-tôo-tsuá
團體活動,thuân-thé-ua̍h-tāng
團體活動,thuân-thé-ua̍h-tōng
孵出來,pū--tshut-lâi
實驗,si̍t-giām
實驗室,si̍t-giām-sik
實驗組,si̍t-giām-tsoo
對比,tuì-pí
對句,tuì-kù
對生,tuì-sing
對拗剪,tuì-áu-tsián
斜對角,tshua̍h-tuì-kak
斜角,tshua̍h-kak
斜對角線,tshua̍h-tuì-kak-suànn
對角線,tuì-kak-suànn
對流,tuì-liû
對照組,tuì-tsiàu-tsoo
對話,tuì-uē
對稱角,tuì-tshìng-kak
對稱中心線,tuì-tshìng tiong-sim-suànn
對稱點,tuì-tshìng-tiám
對稱邊,tuì-tshìng-pinn
對應角,tuì-ìng-kak
對應點,tuì-ìng-tiám
對應邊,tuì-ìng-pinn
對邊,tuì-pinn
慣用跤,kuàn-iōng-kha
摺法,tsih-huat
拍鼓,phah kóo
拍鑼拍鼓,phah-lô-phah-kóo
構造,kòo-tsō
槓桿,kǹg-kuáinn
槓桿原理,kǹg-kuáinn guân-lí
歌仔戲,kua-á-hì
歌曲,kua-khik
歌詞,kua-sû
歌聲,kua-siann
歌謠,kua-iâu
滬尾,Hōo-bué
滯留鋒,tī-liû-hong
滴管,tih-kńg
góo-lòo,góo-lòo
漁業,hî-gia̍p
拍獵掠魚,phah-la̍h lia̍h-hî
漂浮性,phiau-phû-sìng
漂浮性,phiau-hû-sìng
紅銅線,âng-tâng-suànn
演化論,ián-huà-lūn
演出,ián-tshut
演奏,ián-tsàu
演員,ián-uân
演戲,ián-hì
搬戲,puann-hì
做戲,tsò-hì
演講,ián-káng
講演,káng-ián
演說,ián-suat
漢人,Hàn-jîn
漢文化,Hàn bûn-huà
漢番界碑,Hàn-Huan kài-pi
尪仔冊,ang-á-tsheh
bàng-gà,bàng-gà
瑠公圳,Liû-kong-tsùn
疑問,gî-būn
監察,kàm-tshat
監察院,Kàm-tshat-īnn
碳鋅電池,thuànn-sin tiān-tî
磁,tsû
磁力,tsû-li̍k
磁力強弱,tsû-li̍k kiông-jio̍k
磁力現象,tsû-li̍k hiān-siōng
磁性,tsû-sìng
磁浮列車,tsû-hû lia̍t-tshia
磁場,tsû-tiûnn
磁極,tsû-ki̍k
福爾摩沙,Hō-lú-môo-sa
種小名,tsíng-sió-miâ
種作,tsìng-tsoh
稱呼,tshing-hoo
肉粽節,Bah-tsàng-tseh
五月節,Gōo-gue̍h-tseh
五日節,Gōo-ji̍t-tseh
計算式,kè-sǹg-sik
管絃樂,kuán-hiân-ga̍k
管弦樂團,kuán-hiân ga̍k-thuân
管絃樂團,kuán-hiân ga̍k-thuân
管樂器,kuán-ga̍k-khì
精緻農業,tsing-tì lông-gia̍p
精讀,tsing-tho̍k
綠色和平組織,Li̍k-sik Hô-pîng Tsoo-tsit
綠色建築,li̍k-sik kiàn-tio̍k
綠色消費,li̍k-sik siau-huì
綠色能源,li̍k-sik lîng-guân
綠建築,li̍k-kiàn-tio̍k
綠島鄉,Li̍k-tó-hiong
火燒島,Hué-sio-tó
綠能產業,li̍k-lîng sán-gia̍p
維生素,uî-sing-sòo
bî-tá-bín,bî-tá-bín
網狀脈,bāng-tsōng-me̍h
網狀葉脈,bāng-tsōng hio̍h-me̍h
網球,bāng-kiû
the-ní-suh,the-ní-suh
網路,bāng-lōo
網路購物,bāng-lōo kòo-bu̍t
網際網路,bāng-tsè-bāng-lōo
緊急安置所,kín-kip an-tì-sóo
緊急聯絡,kín-kip liân-lo̍k
罰球區,hua̍t-kiû-khu
聚落,tsū-lo̍k
聚落,tsū-lo̍h
腐敗,hú-pāi
臭去,tshàu--khì
漚去,àu--khì
臺中盆地,Tâi-tiong Phûn-tē
臺斤,tâi-kin
臺北盆地,Tâi-pak Phûn-tē
臺地,tâi-tē
臺南孔子廟,Tâi-lâm Khóng-tsú-biō
臺員,Tâi-uân
台詞,tâi-sû
口白,kháu-pe̍h
臺灣,Tâi-uân
臺灣三大圳,Tâi-uân sann tuā-tsùn
臺灣歌仔,Tâi-uân kua-á
臺灣文化協會,Tâi-uân Bûn-huà Hia̍p-huē
臺灣本島,Tâi-uân pún-tó
臺灣民主國,Tâi-uân Bîn-tsú-kok
臺灣民報,Tâi-uân Bîn-pò
臺灣原住民,Tâi-uân Guân-tsū-bîn
臺灣島,Tâi-uân tó
臺灣海峽,Tâi-uân Hái-kiap
臺灣總督府,Tâi-uân Tsóng-tok-hú
臺灣議會,Tâi-uân Gī-huē
臺灣議會設置請願運動,Tâi-uân Gī-huē Siat-tì Tshíng-guān Ūn-tōng
舞台,bú-tâi
戲台,hì-tâi
弄龍弄獅,lāng-lîng-lāng-sai
弄龍弄獅,lāng-liông-lāng-sai
舞蹈,bú-tō
艋舺,Báng-kah
蒸氣,tsing-khì
蒸散作用,tsing-suànn-tsok-iōng
蒸散作用,tsing-sàn-tsok-iōng
蒸散現象,tsing-suànn-hiān-siōng
蒸散現象,tsing-sàn-hiān-siōng
蝕水,si̍t-tsuí
蒸發,tsing-huat
消蝕,siau-si̍t
製造業,tsè-tsō-gia̍p
認字,jīn-jī
認讀字,jīn-tha̍k-jī
語文常識,gí-bûn siông-sik
語句,gí-kù
語言,gí-giân
言語,giân-gí
語言表達,gí-giân piáu-ta̍t
語音,gí-im
氣口,khuì-kháu
語氣,gí-khì
語氣詞,gí-khì-sû
話蝨,uē-sat
話骨,uē-kut
話縫,uē-phāng
語意,gí-ì
語境,gí-kíng
語調,gí-tiāu
語譯,gí-i̍k
語體文,gí-thé-bûn
說明,suat-bîng
說明,sueh-bîng
說明文,suat-bîng-bûn
說明文,sueh-bîng-bûn
說服,suè-ho̍k
講話,kóng-uē
說話,sueh-uē
豪雨,hô-ú
遞移關係,tē-î kuan-hē
酵母菌,kànn-bú-khún
酵母菌,kànn-bó-khún
酸性,sng-sìng
酸性水溶液,sng-sìng tsuí-iông-i̍k
酸性溶液,sng-sìng iông-i̍k
酸雨,sng-hōo
酸鹼中和,sng-kinn tiong-hô
酸鹼性,sng-kinn-sìng
銅管樂器,tâng-kuán ga̍k-khì
銅線,tâng-suànn
母花,bú-hue
母花,bó-hue
花心,hue-sim
領事館,Líng-sū-kuán
風颱眼,hong-thai-gán
儀器,gî-khì
億位,ik-uī
劇情,kio̍k-tsîng
劇情,ki̍k-tsîng
劇場,kio̍k-tiûnn
劇場,ki̍k-tiûnn
噍吧哖事件,Ta-pa-nî Sū-kiānn
墨色,ba̍k-sik
烏色,oo-sik
審題,sím-tê
寫字,siá-jī
寫作,siá-tsok
寫法,siá-huat
寫景,siá-kíng
闊,khuah
闊度,khuah-tōo
闊邊,khuah-pinn
廟寺,biō-sī
廟會,biō-huē
鬧熱,lāu-jia̍t
廣播劇,kóng-pòo-kio̍k
廣播劇,kóng-pò-kio̍k
彈劾,tân-hi̍k
彈性限度,tân-sìng hān-tōo
彈性疲乏,tân-sìng-phî-hua̍t
彈性疲乏,tuânn-sìng-phî-hua̍t
彈奏,tuânn-tsàu
彈鋼琴,tuânn kǹg-khîm
弓仔,king-á
弓仔秤,king-á-tshìn
徵調式,tí-tiāu-sik
慶典,khìng-tián
摩擦力,môo-tshat-li̍k
摹寫,bôo-siá
掖種祭,Iā-tsíng-tsè
數,sòo
數字,sòo-jī
數位觀星,sòo-uī-kuan-tshenn
數量,sòo-liōng
數字線,sòo-jī-suànn
樂曲,ga̍k-khik
樂府詩,ga̍k-hú-si
樂段,ga̍k-tuānn
樂音,ga̍k-im
樂章,ga̍k-tsiong
樂團,ga̍k-thuân
樂器,ga̍k-khì
標點符號,piau-tiám-hû-hō
標點符號,phiau-tiám-hû-hō
標題,piau-tê
標題,phiau-tê
歐亞板塊,Au-A Pán-khuài
歐洲,Au-tsiu
歐洲聯盟,Au-tsiu Liân-bîng
歐盟,Au-bîng
潑水節,Phuah-tsuí-tseh
洗喙,sé-tshuì
內海,lāi-hái
澎湖群島,Phînn-ôo kûn-tó
熱,jia̍t
熱帶性低氣壓,jia̍t-tài-sìng kē-khì-ap
熱帶雨林,jia̍t-tài ú-lîm
熱帶氣候,jia̍t-tài khì-hāu
熱帶氣候區,jia̍t-tài khì-hāu-khu
熱脹冷縮,jia̍t-tiòng-líng-sok
熱脹冷縮,jia̍t-tiòng-líng-siok
熱傳導,jia̍t-thuân-tō
熱對流,jia̍t tuì-liû
熱舞,jia̍t-bú
篆書,thuàn-su
篇幅,phian-hok
線段圖,suànn-tuānn-tôo
線逝圖,suànn-tsuā-tôo
線圈,suànn-khuan
線蜷,suànn-khûn
線條,suànn-tiâu
線間,suànn-kan
緯度,huī-tōo
緯度,uī-tōo
緯線,huī-suànn
緯線,uī-suànn
膜空,mo̍oh-khang
跤頭趺,kha-thâu-u
跤頭趺,kha-thâu-hu
蓮葉效應,liân-hio̍h hāu-ìng
青菜,tshenn-tshài
菜蔬,tshài-se
蔬菜類,soo-tshài-luī
菜蔬類,tshài-se-luī
衛生,uē-sing
衛生,uī-sing
衛生所,uē-sing-sóo
衛生所,uī-sing-sóo
衛星雲圖,uē-tshenn-hûn-tôo
衛星雲圖,uī-tshenn-hûn-tôo
衛星影像圖,uē-tshenn-iánn-siōng-tôo
衛星影像圖,uī-tshenn-iánn-siōng-tôo
複合形體,ho̍k-ha̍p hîng-thé
複合圖形,ho̍k-ha̍p tôo-hîng
複式顯微鏡,ho̍k-sik hián-bî-kiànn
課文,khò-bûn
課文大意,khò-bûn tāi-ì
調式,tiāu-sik
調性,tiāu-sìng
調節輪,tiâu-tsiat-lûn
調號,tiāu-hō
請求,tshíng-kiû
請願,tshíng-guān
論據,lūn-kì
論點,lūn-tiám
質因數,tsit-in-sòo
質因數分解,tsit-in-sòo hun-kái
質數,tsit-sòo
踢球,that kiû
踢踏舞,that-ta̍h-bú
輪,lián
輪仔,lián-á
輪半徑,lián-puànn-kìng
輪生,lûn-sing
鄭氏王朝,Tēnn--sī Ông-tiâu
鄭氏時代,Tēnn--sī Sî-tāi
鄭成功,Tēnn Sîng-kong
鄭克塽,Tēnn Khik-sóng
鄭經,Tēnn King
鄰長,lîn-tiúnn
相倚邊,sio-uá-pinn
醋,tshòo
尖角,tsiam-kak
尖角三角形,tsiam-kak sann-kak-hîng
鋒面,hong-bīn
鋰電池,lí-tiān-tî
鋰離子電池,lí-lî-tsú tiān-tî
震央,tsìn-iong
震度,tsìn-tōo
震源,tsìn-guân
養份,ióng-hūn
營養份,îng-ióng-hūn
餘數,î-sòo
車齒,tshia-khí
gí仔,gí-á
狗齒仔,káu-khí-á
齒輪,khí-lûn
車齒組,tshia-khí-tsoo
gí仔組,gí-á-tsoo
狗齒仔組,káu-khí-á-tsoo
齒輪組,khí-lûn-tsoo
儒家,Jû-ka
儒家思想,Jû-ka su-sióng
堅凍,kian-tàng
堅冰,kian-ping
堅,kian
器樂曲,khì-ga̍k-khik
噪音,tshò-im
學名,ha̍k-miâ
學校,ha̍k-hāu
學堂,o̍h-tn̂g
學唱,o̍h tshiùnn
學習活動,ha̍k-si̍p-ua̍h-tāng
學習活動,ha̍k-si̍p-ua̍h-tōng
學習資源,ha̍k-si̍p tsu-guân
學期,ha̍k-kî
導言,tō-giân
引電,ín-tiān
過電,kuè-tiān
傳電性,tshuân-tiān-sìng
導線,tō-suànn
導讀,tō-tho̍k
導體,tō-thé
憲法,hiàn-huat
戰後初期,tsiàn-āu tshoo-kî
戰後臺灣,tsiàn-āu Tâi-uân
戰祭,Tsiàn-tsè
操作,tshau-tsok
運動埕,ūn-tōng-tiânn
操縱變因,tshau-tsiòng piàn-in
整十倍,tsíng-tsa̍p-puē
整百倍,tsíng-pah-puē
整除,tsíng-tî
整數,tsíng-sòo
齊頭,tsê-thâu
整數倍,tsíng-sòo-puē
曆法,li̍k-huat
樹,tshiū
樹仔,tshiū-á
機械,ki-hāi
機械,ki-kài
橫式,huâinn-sik
歷史故事,li̍k-sú kòo-sū
激問,kik-būn
濁水溪,Lô-tsuí-khe
西螺溪,Sai-lê-khe
厚薄,kāu-po̍h
燃料,jiân-liāu
燃素說,jiân-sòo-suat
燒,sio
燃點,jiân-tiám
電球,tiān-kiû
電球仔,tiān-kiû-á
電火球仔,tiān-hué-kiû-á
電火泡仔,tiān-hué-pho̍k-á
燈絲,ting-si
燒杯,sio-pue
積,tsik
縣長,kuān-tiúnn
縣政府,kuān-tsìng-hú
縣議會,kuān-gī-huē
番人公學校,Huan-jîn kong-ha̍k-hāu
蕨類植物,kueh-luī si̍t-bu̍t
螢光色水,îng-kng sik-tsuí
諧音,hâi-im
諺語,gān-gí
輻射,hok-siā
選材,suán-tsâi
選擇句,suán-ti̍k-kù
選舉,suán-kí
鋼琴,kǹg-khîm
phi-á-nooh,phi-á-nooh
鋼琴曲,kǹg-khîm-khik
錄音,lo̍k-im
三角形矸仔,sann-kak-hîng kan-á
錐體,tsui-thé
重耽字,tîng-tânn-jī
錯別字,tshò-pia̍t-jī
雕刻品,tiau-khik-phín
靜態描寫,tsīng-thài-biô-siá
靜態描寫,tsīng-thài-biâu-siá
頭,thâu
頭部,thâu-pōo
頭殼,thâu-khak
絞螺仔風,ká-lê-á-hong
捲螺仔風,kńg-lê-á-hong
龜山島,Ku-suann-tó
粒積,lia̍p-tsik
硩印,teh-ìn
紅包,âng-pau
過年錢,kuè-nî-tsînn
硩年錢,teh-nî-tsînn
應變變因,ìng-piàn piàn-in
戲曲,hì-khik
戲尪仔,hì-ang-á
尪仔,ang-á
戲劇反應,hì-kio̍k-huán-ìng
戲劇反應,hì-ki̍k-huán-ìng
擊樂器,kik-ga̍k-khì
擬人化,gí-jîn-huà
擬人法,gí-jîn-huat
濫糝開墾,lām-sám khai-khún
營養素,îng-ióng-sòo
營養繁殖,îng-ióng huân-si̍t
環保,khuân-pó
環保,huân-pó
環保人士,khuân-pó-jîn-sū
環保人士,huân-pó-jîn-sū
環保行動,khuân-pó-hîng-tōng
環保行動,huân-pó-hîng-tōng
環保局,Khuân-pó-kio̍k
環保局,Huân-pó-kio̍k
環境,khuân-kíng
環境汙染,khuân-kíng-u-jiám
環境汙染,khuân-kíng-ù-jiám
環境影響評估,khuân-kíng íng-hióng phîng-kóo
烏仁,oo-jîn
尪仔仁,ang-á-jîn
尪仔頭,ang-á-thâu
縮小圖,sok-sió-tôo
縮圖,sok-tôo
縮寫,sok-siá
縱軸,tshiong-ti̍k
總統直選,tsóng-thóng ti̍t-suán
總字劃數,tsóng jī-ue̍h-sòo
總督府,Tsóng-tok-hú
繁衍,huân-ián
傳種,thn̂g-tsíng
湠種,thuànn-tsíng
聯合國,Liân-ha̍p-kok
聯合國兒童基金會,Liân-ha̍p-kok Jî-tông Ki-kim-huē
聯合國教科文組織,Liân-ha̍p-kok Kàu-kho-bûn Tsoo-tsit
聯想,liân-sióng
聲音三要素,siann-im sann-iàu-sòo
聲帶,siann-tuà
聲符,siann-hû
聲部,siann-pōo
聲調,siann-tiāu
聲音,siann-im
臀鰭,tûn-kî
尾鰭,bué-kî
臨時動議,lîm-sî tōng-gī
走相逐,tsáu-sio-jiok
走相掠,tsáu-sio-lia̍h
走標,tsáu-pio
隱私,ún-su
隸書,lē-su
霜,sng
霜,song
點,tiám
點著,tiám-to̍h
密密生,ba̍t-ba̍t-senn
擴分,khok-hun
擴寫,khok-siá
擺長,pái-tn̂g
擺動,pái-tōng
幌振動,hàinn-tín-tāng
鐘擺,tsing-pái
hi̍t-á,hi̍t-á
搖擺鐘仔,iô-pái tsing-á
閬音,làng-im
斷路,tn̄g-lōo
相拍電,sio-phah-tiān
短路,té-lōo
斷層海岸,tuān-tsân-hái-huānn
斷層海岸,tuān-tsân-hái-gān
瀏覽,liû-lám
影,iánn
獵戶座,La̍h-hōo-tsō
禮俗,lé-sio̍k
人情世事,jîn-tsîng-sè-sū
簡化計算,kán-huà kè-sǹg
簡化問題,kán-huà būn-tê
簡單機械,kán-tan-ki-hāi
簡單機械,kán-tan-ki-kài
織女星,Tsit-lí-tshenn
盤喙錦,puânn-tshuì-gím
盤喙錦,puânn-tshuì-kím
臍帶,tsâi-tuà
舊石器時代,Kū-tsio̍h-khì Sî-tāi
舊石器時期,Kū-tsio̍h-khì Sî-kî
藍地黃虎旗,nâ-tē n̂g-hóo-kî
藍色公路,nâ-sik kong-lōo
藍色石蕊試紙,nâ-sik tsio̍h-luí-tshì-tsuá
藏書票,tsông-su-phiò
厚水期,kāu-tsuí-kî
豐年祭,hong-nî-tsè
豐年祭,hong-liân-tsè
話屎,uē-sái
加話,ke-uē
身軀身,sin-khu-sin
轉化,tsuán-huà
寄話,kià-uē
轉折句,tsuán-tsiat-kù
轉注,tsuán-tsù
醫療資源,i-liâu tsu-guân
鎮公所,tìn-kong-sóo
鎳氫電池,gia̍t-khing tiān-tî
滾藥水,kún-io̍h-tsuí
雜食動物,tsa̍p-si̍t tōng-bu̍t
雞籠,Ke-lâng
離島,lî-tó
離島,lī-tó
題目,tê-bo̍k
題目,tê-ba̍k
色料,sik-liāu
鵝鑾鼻,Gô-luân-phīnn
歹菌,pháinn-khún
繪本,huē-pún
畫本,uē-pún
羅馬字,Lô-má-jī
藝文活動,gē-bûn-ua̍h-tāng
藝文活動,gē-bûn-ua̍h-tōng
藝術,gē-su̍t
藝術家,gē-su̍t-ka
藝術創作,gē-su̍t tshòng-tsok
捌字,bat-jī
捌字,pat-jī
跤扒,kha-pê
辭典,sû-tián
邊,pinn
邊長,pinn-tn̂g
鏡座,kiànn-tsō
鏡臂,kiànn-pì
關係圖,kuan-hē-tôo
關稅,kuan-suè
關節,kuan-tsat
關鍵句,kuan-kiān-kù
關鍵字詞,kuan-kiān jī-sû
雺,bông
霧,bū
雺霧,bông-bū
霧社事件,Bū-siā Sū-kiānn
韻律,ūn-lu̍t
韻跤,ūn-kha
類句,luī-kù
類字,luī-jī
類疊,luī-thia̍p
類疊,luī-tha̍h
懸浮微粒,hiân-hû-bî-lia̍p
懸問,hiân-būn
礦物,khòng-bu̍t
礦物質,khòng-bu̍t-tsit
競爭力,kīng-tsing-li̍k
競爭力,kìng-tsing-li̍k
籃球,nâ-kiû
觸角,tshiok-kak
電著,tiān--tio̍h
觸覺,tshiok-kak
譬喻,phì-jū
比論,pí-lūn
翻譯,huan-i̍k
譯者,i̍k-tsiá
議員,gī-uân
議會,gī-huē
議論,gī-lūn
議論文,gī-lūn-bûn
釋文,sik-bûn
鰓,tshi
屬名,sio̍k-miâ
紲接寫,suà-tsiap-siá
縛跤,pa̍k-kha
蘭陽溪,Lân-iâng-khe
蘭陽溪,Lân-iông-khe
蘭嶼,Lân-sū
紅頭嶼,Âng-thâu-sū
蠟質,la̍h-tsit
鐵人三項,thih-lâng sann hāng
鐵鉼,thih-phiánn
鐵生鉎,thih senn-sian
鐵路,thih-lōo
鐵枝路,thih-ki-lōo
鐵枝仔路,thih-ki-á-lōo
火車路,hué-tshia-lōo
鐵製品,thih-tsè-phín
露水,lōo-tsuí
魔方陣,môo-hong-tīn
鰭,kî
權利,khuân-lī
權利,kuân-lī
歡迎,huan-gîng
歡送詞,huan-sàng-sû
歡唱,huan-tshiùnn
疊句,tha̍h-kù
疊字,tha̍h-jī
聽故事,thiann kòo-sū
聽覺,thiann-kak
讀者,tho̍k-tsiá
閱讀心得,ua̍t-tho̍k sim-tik
讀音,tha̍k-im
讀音,tho̍k-im
文讀,bûn-tho̍k
文音,bûn-im
讀劇,tha̍k-kio̍k
讀劇,tha̍k-ki̍k
霾,bâi
鬚根,tshiu-kin
變奏曲,piàn-tsàu-khik
變溫動物,piàn-un tōng-bu̍t
變質岩,piàn-tsit-gâm
變質岩,piàn-tsit-giâm
顯微鏡,hián-bî-kiànn
驗算,giām-sǹg
驚嘆號,king-thàn-hō
感嘆號,kám-thàn-hō
體力,thé-la̍t
體能,thé-lîng
體溫,thé-un
體適能,thé-sik-lîng
體操,thé-tshau
體積,thé-tsik
靈感,lîng-kám
鹼性,kinn-sìng
鹼性水溶液,kinn-sìng tsuí-iông-i̍k
鹼性電池,kinn-sìng tiān-tî
觀光業,kuan-kong-gia̍p
觀光導覽圖,kuan-kong tō-lám-tôo
觀星,kuan tshenn
觀眾,kuan-tsiòng
觀測,kuan-tshik
觀測天氣,kuan-tshik thinn-khì
觀察,kuan-tshat
觀察力,kuan-tshat-li̍k
A型流感,A-hîng liû-kám
B型肝炎,B-hîng kuann-iām
F大調音階,F tuā-tiāu im-kai
G大調,G tuā-tiāu
K他命,K tha-bīng
酸鹼度,sng-kinn-tōo
一元一次不等式,it-guân it-tshù put-tíng-sik
一日生活圈,tsi̍t-ji̍t sing-ua̍h-khuan
一胎化,it-thai-huà
一氧化碳,it-ióng-huà-thuànn
一氧化碳中毒,it-ióng-huà-thuànn tiòng-to̍k
一貫道,It-kuàn-tō
一等星,it-tíng-tshenn
乙醇,it-sûn
七巧板,tshit-khá-pán
七角柱,tshit-kak-thiāu
七言,tshit-giân
七星龜仔,tshit-tshenn-ku-á
七邊形,tshit-pinn-hîng
九九乘法,kiú-kiú-sîng-huat
九九乘法表,kiú-kiú-sîng-huat-pió
九二一地動,kiú-jī-it tē-tāng
九大行星,káu-tuā-hîng-tshenn
九大行星,káu-tuā-kiânn-tshenn
九份仔,Káu-hūn-á
九層塔,káu-tsàn-thah
二十四進位法,jī-tsa̍p-sì tsìn-uī-huat
二元一次聯立方程式,jī-guân it-tshù liân-li̍p hong-tîng-sik
二分休止符,jī-hun hiu-tsí-hû
二名法,jī-bîng-huat
雙字詞,siang-jī-sû
二次函數,jī-tshù hâm-sòo
兩位純小數,nn̄g uī sûn-sió-sòo
二絃,jī-hiân
二胡,jī-ôo
南胡,lâm-ôo
二重唱,jī-tiông-tshiùnn
二氧化硫,jī-ióng-huà-liû
二氧化氮,jī-ióng-huà-tām
二部合奏,jī-pōo ha̍p-tsàu
二部合唱,jī-pōo ha̍p-tshiùnn
二部輪唱,jī-pōo lûn-tshiùnn
二等星,jī-tíng-tshenn
人口老化,jîn-kháu nóo-huà
人工湠種,jîn-kang thuànn-tsíng
人面蜘蛛,jîn-bīn-ti-tu
人馬座,Jîn-má-tsō
人造雨,jîn-tsō-hōo
人造衛星,jîn-tsō-uē-tshenn
人造衛星,jîn-tsō-uī-tshenn
人造纖維,jîn-tsō tshiam-uî
人際,jîn-tsè
人聲合唱,lâng-siann ha̍p-tshiùnn
人類,jîn-luī
入侵種,ji̍p-tshim-tsíng
入射角,ji̍p-siā-kak
入聲,ji̍p-siann
八分休止符,peh-hun hiu-tsí-hû
青翼仔,tshenn-si̍t-á
八角柱,peh-kak-thiāu
八角錐,peh-kak-tsui
八卦山,Pat-kuà-suann
八邊形,peh-pinn-hîng
刀板,to-pán
刀路,to-lōo
刀痕,to-hûn
刀鋩,to-mê
力度記號,li̍k-tōo kì-hō
十二指腸潰瘍,si̍p-jī-tsí-tn̂g khuì-iông
十二段變奏,tsa̍p-jī-tuānn piàn-tsàu
十六分休止符,tsa̍p-la̍k-hun hiu-tsí-hû
十六分音符,tsa̍p-la̍k-hun im-hû
十字交乘法,si̍p-jī kau-sîng-huat
十字花科,si̍p-jī-hue-kho
十角柱,tsa̍p-kak-thiāu
十進位,tsa̍p-tsìn-uī
十進位,si̍p-tsìn-uī
三角肌,sann-kak-ki
三角尺,sann-kak-tshioh
三角洲,sann-kak-tsiu
三角琴,sann-kak-khîm
三和絃,sann-hô-hiân
三絃,sam-hiân
三拍,sam-phik
三原色,sann-guân-sik
sa̋n-sín,sa̋n-sín
三部合唱,sann-pōo ha̍p-tshiùnn
三部曲,sann-pōo-khik
三斑蠓,sam-pan-báng
三等星,sam-tíng-tshenn
上勾拳,siōng-kau-kûn
頂四管,tíng-sì-kuán
上聲,sióng-siann
上聲,tsiūnn-siann
上聲,siōng-siann
起癮,khí-giàn
下四管,ē-sì-kuán
亡魂,bông-hûn
千位數字,tshing uī sòo-jī
口風琴,kháu-hong-khîm
口琴,kháu-khîm
喙空黏膜,tshuì-khang liâm-mo̍oh
喙罨,tshuì-am
口語,kháu-gí
口蹄疫,kháu-tê-i̍k
土星,Thóo-tshenn
塗壤汙染,thôo-jióng-u-jiám
塗壤汙染,thôo-jióng-ù-jiám
塗壤液化,thôo-jióng i̍k-huà
塗壤鹽化,thôo-jióng iâm-huà
大犬座,Tāi-khián-tsō
大王椰子,tāi-ông-iâ-tsí
大王椰子樹,tāi-ông-iâ-tsí-tshiū
大甲,Tāi-kah
大甲溪,Tāi-kah-khe
大坌坑,Tuā-pūn-khenn
大肚魚仔,tuā-tōo-hî-á
大肚仔,tuā-tōo-á
大阮琴,tuā-guán-khîm
烏鶖,oo-tshiu
大波斯菊,tuā-pho-su-kiok
鬼針草,kuí-tsiam-tsháu
刺查某,tshià-tsa-bóo
咸豐草,hâm-hong-tsháu
大前鋒,tuā-tsiân-hong
大氣壓力,tāi-khì ap-li̍k
大眾捷運系統,tāi-tsiòng tsia̍t-ūn hē-thóng
大雪,tāi-suat
大麻,tuā-muâ
大寒,tāi-hân
大提琴,tuā-thê-khîm
大暑,tāi-sú
象,tshiūnn
大腸,tuā-tn̂g
大腸桿菌,tuā-tn̂g kuáinn-khún
大腸癌,tuā-tn̂g-gâm
大葉桃花心木,tuā-hio̍h thô-hue-sim-bo̍k
大調,tuā-tiāu
大鍵琴,tuā-kiān-khîm
大霸尖山,Tāi-pà-tsiam-suann
大鑼,tuā-lô
女低音,lí-kē-im
女高音,lí-ko-im
囝孫,kiánn-sun
子宮內膜,tsú-kiong lāi-mo̍oh
子宮頭,tsú-kiong-thâu
子數,tsú-sòo
水蛆,tsuí-tshi
車蛆,tshia-tshi
蛆蟲,tshi-thâng
小月,sió-gue̍h
金翼仔,kim-si̍t-á
小犬座,Siáu-khián-tsō
小白菜,sió-pe̍h-tshài
小行板,sió-hîng-pán
山烏鶖,suann-oo-tshiu
山瑞香,suann-suī-hiong
小雨燕,sió-ú-iàn
青跤仔鷸,tshenn-kha-á-u̍t
小前鋒,sió-tsiân-hong
小雪,siáu-suat
小寒,siáu-hân
小暑,siáu-sú
小節線,sió-tsiat-suànn
元宵,Guân-siau
鈔仔,tshau-á
小滿,siáu-buán
小調歌曲,sió-tiāu kua-khik
小蘇打,sió-soo-tánn
小蘇打,sió-sooh-tah
小蘇打粉,sió-soo-tánn-hún
小蘇打粉,sió-sooh-tah-hún
小鑼,sió-lô
鑼仔,lô-á
山川,san-tshuan
山水畫,san-suí-uē
山羊,suann-iûnn
山坡地,suann-pho-tē
崩山,pang-suann
柱薯,thiāu-tsî
山藥薯,suann-io̍h-tsî
山櫻花,suann-ing-hue
師傅,sai-hū
工作列,kang-tsok-lia̍t
工務局,Kang-bū-kio̍k
工程,kang-tîng
工程,kang-thîng
工程師,kang-tîng-su
工程師,kang-thîng-su
工蜂,kang-phang
工廠,kang-tshiúnn
工場,kang-tiûnn
工藝,kang-gē
工藝品,kang-gē-phín
工蟻,kang-hiā
干擾素,kan-jiáu-sòo
弓形,king-hîng
弓箭步,king-tsìnn-pōo
無完全小節,bô-uân-tsuân sió-tsat
無完全燒化,bô-uân-tsuân sio-huà
不定根,put-tīng-kin
中子,tiong-tsú
中子數,tiong-tsú-sòo
中山高速公路,Tiong-san ko-sok kong-lōo
中心點,tiong-sim-tiám
中央C,tiong-iong Ｃ
中生代,tiong-sing-tāi
中年期,tiong-liân-kî
中耳炎,tiong-hīnn-iām
中位數,tiong-uī-sòo
中和反應,tiong-hô huán-ìng
中性溶液,tiong-sìng iông-i̍k
中度風颱,tiong-tōo hong-thai
中胡,tiong-ôo
中音笛仔,tiong-im ta̍t-á
中氣層,tiong-khì-tsân
中笙,tiong-sing
中提琴,tiong-thê-khîm
中慢板,tiong-bān-pán
中鋒,tiong-hong
中藥,tiong-io̍h
漢藥,hàn-io̍h
互逆,hōo-gi̍k
互補,hōo-póo
互餘,hōo-î
互餘,hōo-û
五人制跤球賽,gōo-lâng-tsè kha-kiû-sài
五角柱,gōo-kak-thiāu
五角錐,gōo-kak-tsui
五言,ngóo-giân
五重奏,ngóo-tîng-tsàu
五經,ngóo-king
上元,Siōng-guân
上元暝,Siōng-guân-mê
內分泌,lāi-hun-pì
內切圓,lāi-tshiat-înn
內心,lāi-sim
內角,lāi-kak
內服藥,luē-ho̍k-io̍h
口服藥,kháu-ho̍k-io̍h
內容綱要,luē-iông kong-iàu
內陸,lāi-lio̍k
內錯角,lāi-tshok-kak
內臟,lāi-tsōng
公丈,kong-tn̄g
公勺,kong-sia̍h
公寸,kong-tshùn
公分母,kong-hun-bó
公分母,kong-hun-bú
公切線,kong-tshiat-suànn
公引,kong-ín
公斗,kong-táu
公佈欄,kong-pòo-nuâ
公石,kong-tsio̍h
公共建設,kong-kiōng kiàn-siat
公合,kong-kap
公式,kong-sik
公告,kong-kò
公兩,kong-niú
公制單位,kong-tsè tan-uī
公差,kong-tsha
公益,kong-ik
公毫,kong-hô
公絲,kong-si
公路,kong-lōo
公撮,kong-tshok
公擔,kong-tànn
公衡,kong-hîng
公錢,kong-tsînn
公聽會,kong-thiann-huē
六十進位法,la̍k-tsa̍p tsìn-uī-huat
六角柱,la̍k-kak-thiāu
六角錐,la̍k-kak-tsui
六等星,lio̍k-tíng-tshenn
分公升,hun-kong-tsin
分貝器,hun-puè-khì
分擔,hun-tam
切分音,tshiat-hun-im
切換使用者,tshiat-uānn sú-iōng-tsiá
切換視窗,tshiat-uānn sī-thang
切結書,tshiat-kiat-su
勾拳,kau-kûn
化學,huà-ha̍k
化學物質,huà-ha̍k bu̍t-tsit
化學家,huà-ha̍k-ka
升降記號,sing-kàng kì-hō
升懸半音,sing-kuân puànn-im
升冪,sing-bi̍k
反手發球,huán-tshiú huat-kiû
反比,huán-pí
反白,huán-pe̍h
反光枋,huán-kng-pang
反式脂肪,huán-sik tsi-hong
反始記號,huán-sí kì-hō
反桮拍球,huán-pue phah-kiû
反射光,huán-siā-kng
反詐騙諮詢專線,huán-tsà-phiàn tsu-sûn tsuan-suànn
反應時間,huán-ìng sî-kan
天文台,thian-bûn-tâi
天文學,thian-bûn-ha̍k
天文學家,thian-bûn ha̍k-ka
天災,thian-tsai
天兔座,Thinn-thòo-tsō
天竺葵,thian-tiok-khuê
天氣觀測,thinn-khì kuan-tshik
天然漁港,thian-jiân hî-káng
天鵝座,Thinn-gô-tsō
太平天國,Tài-pîng-thian-kok
太平洋暖氣團,thài-pîng-iûnn luán-khì-thuân
太空人,thài-khong-jîn
太空船,thài-khong-tsûn
日鬚,ji̍t-tshiu
太陽能電枋,thài-iông-lîng tiān-pang
太極拳,thài-ki̍k-kûn
目版,ba̍k-pán
目版畫,ba̍k-pán-uē
尺規作圖,tshioh kui tsok-tôo
ba-sóng管,ba-sóng-kuán
巴洛克音樂,Pa-lo̍k-khik im-ga̍k
心血管病變,sim-hueh-kńg pēnn-piàn
心肺功能,sim-hì kong-lîng
心肺適能,sim-hì-sik-lîng
心宿二,Sim-siok-jī
心理,sim-lí
心智圖,sim-tì-tôo
心絞疼,sim-ká-thiànn
心跳,sim-thiàu
心算,sim-sǹg
心臟病,sim-tsōng-pēnn
戶口普查,hōo-kháu phóo-tsa
戶外活動,hōo-guā-ua̍h-tang
戶外活動,hōo-guā-ua̍h-tōng
手工業,tshiú-kang-gia̍p
手巾仔,tshiú-kin-á
手搝坯,tshiú-khiú-phue
手搝坯,tshiú-giú-phue
手風琴,tshiú-hong-khîm
手球,tshiú-kiû
手蹄仔,tshiú-tê-á
手搖鈴,tshiú-iô-lîng
手電仔,tshiú-tiān-á
手電,tshiú-tiān
分肺管,hun-hì-kńg
文化融合,bûn-huà iông-ha̍p
文字編輯,bûn-jī pian-tsi̍p
文字檔,bûn-jī-tóng
文字檔,bûn-jī-tòng
文面,bûn-bīn
文學體裁,bûn-ha̍k thé-tshâi
文藝復興,bûn-gē ho̍k-hing
文藝復興時期,Bûn-gē Ho̍k-hing Sî-kî
方向盤,hong-hiòng-puânn
ha̋n-tóo-luh,ha̋n-tóo-luh
方位角,hong-uī-kak
方位盤,hong-uī-puânn
格仔枋,keh-á-pang
日本海,Ji̍t-pún-hái
日本腦炎,Ji̍t-pún náu-iām
日夜變化,ji̍t-iā piàn-huà
日誌,ji̍t-tsì
月全蝕,gue̍h-tsuân-sit
月偏蝕,gue̍h-phian-sit
月琴,gue̍h-khîm
月經週期,gue̍h-king tsiu-kî
木心枋,bo̍k-sim-pang
木匠,ba̍k-tshiūnn
木刻板畫,bo̍k-khik pán-uē
木刻版,bo̍k-khik-pán
木刻版畫,bo̍k-khik pán-uē
枋仔畫,pang-á-uē
木星,Bo̍k-tshenn
火炭,hué-thuànn
木琴,bo̍k-khîm
木管,bo̍k-kuán
止血,tsí-hueh
比例,pí-lē
比重,pí-tāng
比率圖,pí-lu̍t-tôo
面布,bīn-pòo
面巾,bīn-kin
膨紗衫,phòng-se-sann
毛重,môo-tāng
水力,tsuí-li̍k
水上活動,tsuí-siōng-ua̍h-tāng
水上活動,tsuí-siōng-ua̍h-tōng
水上救生,tsuí-siōng kiù-sing
水中自救,tsuí-tiong tsū-kiù
水母漂,tsuí-bó-phiau
水母漂,tsuí-bú-phiau
水利工程,tsuí-lī kang-tîng
水疱,tsuí-phā
水星,Tsuí-tshenn
水韭,tsuí-kú
水氣,tsuí-khì
水彩盒仔,tsuí-tshái-a̍p-á
水彩盒仔,tsuí-tshái-a̍h-á
水彩畫,tsuí-tshái-uē
水彩筆,tsuí-tshái-pit
水壺,tsuí-ôo
水晶,tsuí-tsinn
水珠,tsuí-tsu
水蜈蚣,tsuí-giâ-kang
水路,tsuí-lōo
水跡,tsuí-jiah
水印,tsuí-ìn
水墨紙,tsuí-ba̍k-tsuá
水質,tsuí-tsit
水壓,tsuí-ap
火星,hué-tshenn
火星,Hué-tshenn
片麻岩,phìnn-mâ-gâm
片麻岩,phìnn-mâ-giâm
片麻岩,phìnn-muâ-gâm
片麻岩,phìnn-muâ-giâm
齒頭仔,khí-thâu-á
喙齒根,tshuì-khí-kin
喙齒結石,tshuì-khí kiat-tsio̍h
牙菌斑,gê-khún-pan
齒模,khí-bôo
齒岸,khí-huānn
齒岸炎,khí-huānn-iām
角齒,kak-khí
世紀,sè-kí
丙酮,piánn-tông
主旨,tsú-tsí
主人房,tsú-lâng-pâng
主音,tsú-im
主機,tsú-ki
主機枋,tsú-ki-pang
主題情境法,tsú-tê tsîng-kíng-huat
代入,tāi-ji̍p
代數,tāi-sòo
冬季六邊形,Tang-kuì La̍k-pinn-hîng
噗版印刷,phok-pán ìn-suat
凹版印刷,nah-pán ìn-suat
出生率,tshut-sing-lu̍t
àu-tsuh,àu-tsuh
àu-tsirh,àu-tsirh
出版,tshut-pán
出草,tshut-tsháu
功夫,kang-hu
加工業,ka-kang-gia̍p
加成,ka-siânn
加侖,ka-lûn
加減乘除,ka kiám sîng tî
加號,ka-hō
包皮,pau-phuê
北河二,Pak-hô-jī
北河三,Pak-hô-sann
北管,pak-kuán
北管合奏,pak-kuán ha̍p-tsàu
北管音樂,pak-kuán im-ga̍k
北管陣頭,pak-kuán tīn-thâu
北管樂,pak-kuán-ga̍k
卡片,khah-phìnn
去聲,khì-siann
古典主義,Kóo-tián Tsú-gī
古典音樂,kóo-tián im-ga̍k
古典詩,kóo-tián-si
古典舞,kóo-tián-bú
古箏,kóo-tsing
箏,tsing
句式,kù-sik
另存新檔,līng-tsûn-sin-tóng
另存新檔,līng-tsûn-sin-tòng
台江國家公園,Tâi-kang Kok-ka Kong-hn̂g
台灣優良農產品標章,Tâi-uân-iu-liông-lông-sán-phín-phiau-tsiong
台灣優良農產品標章,Tâi-uân-iu-liông-lông-sán-phín-piau-tsiong
司法院,Su-huat-īnn
四分位數,sì-hun-uī-sòo
四位小數,sì uī sió-sòo
四角錐,sì-kak-tsui
四拍,sù-phik
四拍指揮法,sù-phik tsí-hui-huat
四則混合運算,sì-tsik hūn-ha̍p ūn-suàn
四重奏,sù-tîng-tsàu
四書,Sù-su
四格尪仔圖,sì-keh ang-á-tôo
四捨五入,sì siá gōo ji̍p
四等星,sì-tíng-tshenn
外心,guā-sim
外戚,guā-tshik
外接圓,guā-tsiap-înn
巨蟹座,Kī-hāi-tsō
布袋戲尪仔,pòo-tē-hì ang-á
平刀,pênn-to
平仄,piânn-tseh
平方公寸,pîng-hong kong-tshùn
平方厘米,pîng-hong lî-bí
平方根,pîng-hong-kin
平方毫米,pîng-hong hô-bí
平常年,pîng-siông-nî
平行四邊形柱,pîng-hîng sì-pinn-hîng-thiāu
平行線,pîng-hîng-suànn
平均,pîng-kin
平均溫度,pîng-kin un-tōo
平均數,pîng-kin-sòo
平板電腦,pênn-pán tiān-náu
平版印刷,pênn-pán ìn-suat
平面座標,pênn-bīn-tsō-piau
平面座標,pênn-bīn-tsō-phiau
平飛球,pênn-pue-kiû
平臺式鋼琴,pênn-tâi-sik kǹg-khîm
平聲,piânn-siann
幼兒期,iù-jî-kî
幼葉仔,iù-hio̍h-á
上店窗,tshiūnn-tiàm-thang
打擊樂器,tánn-kik-ga̍k-khì
打擊樂器,tá-kik-ga̍k-khì
末啟詞,bua̍t-khé-sû
本島,pún-tó
本葉,pún-hio̍h
本領,pún-líng
本壘,pún-luí
正十二邊形,tsiànn-tsa̍p-jī-pinn-hîng
正五邊形,tsiànn-gōo-pinn-hîng
順手發球,sūn-tshiú huat-kiû
正比關係,tsìng-pí kuan-hē
正桮拍球,tsiànn-pue phah-kiû
正廳,tsiànn-thian
母數,bó-sòo
母數,bú-sòo
民主,bîn-tsú
民主國家,bîn-tsú kok-ka
民俗文物,bîn-sio̍k bûn-bu̍t
民間說唱,bîn-kan suat-tshiùnn
民俗藝陣,bîn-siok gē-tīn
民族舞,bîn-tso̍k-bú
民族舞蹈,bîn-tso̍k bú-tō
民間歌謠,bîn-kan kua-iâu
民謠,bîn-iâu
永夜,íng-iā
永晝,íng-tiù
玄武岩,hiân-bú-gâm
玄武岩,hiân-bú-giâm
玄學,hiân-ha̍k
番麥,huan-be̍h
空心塑膠枋,khang-sim sok-ka-pang
性命力,sènn-miā-li̍k
生長激素,sing-tióng kik-sòo
生活公約,sing-ua̍h kong-iok
生理期,sing-lí-kî
生產者,sing-sán-tsiá
生產線,sing-sán-suànn
生殖系統,sing-si̍t hē-thóng
田徑,tiân-kìng
甲狀腺,kah-tsōng-suànn
頷胿腺,ām-kui-suànn
白羊座,Pe̍h-iûnn-tsō
白雲母,pe̍h-hûn-bó
白雲母,pe̍h-hûn-bú
白話字,Pe̍h-uē-jī
白黏膠,pe̍h-liâm-ka
白糊仔,pe̍h-kôo-á
白頭鵠仔,pe̍h-thâu-khok-á
白蟻,pe̍h-hiā
大水蟻,tuā-tsuí-hiā
白露,pe̍h-lōo
皮脂腺,phuê-tsi-suànn
皮膚,phuê-hu
皮膚色,phuê-hu-sik
肉色,bah-sik
石版畫,tsi̍oh-pán-uē
立方公寸,li̍p-hong kong-tshùn
立冬,li̍p-tang
徛定跳遠,khiā-tiānn-thiàu-hn̄g
徛定跳遠,khiā-tiānn-thiàu-uán
立春,li̍p-tshun
立秋,li̍p-tshiu
立夏,li̍p-hē
立體,li̍p-thé
立體作品,li̍p-thé tsok-phín
立體結構,li̍p-thé kiat-kòo
交尾,kau-bué
交流,kau-liû
交響樂,kau-hióng-ga̍k
交響樂,kau-hiáng-ga̍k
仰角度,gióng-kak-tōo
徛鵝,khiā-gô
覆地弓身,phak-tē-king-sin
托體能,thuh-thé-lîng
先乘除後加減,sing sîng tî āu ka kiám
光合作用,kong-ha̍p tsok-iōng
光束,kng-sok
光能,kng-lîng
光碟,kong-tia̍p
光碟機,kong-tia̍p-ki
光影戲,kng-iánn-hì
光影藝術創作,kng-iánn gē-su̍t tshòng-tsok
光線色散,kng-suànn sik-suànn
光學,kong-ha̍k
全文,tsuân-bûn
全休止符,tsuân-hiu-tsí-hû
全音符,tsuân-im-hû
全部量,tsuân-pōo-liōng
全程馬拉松,tsuân-tîng ma-lá-sóng
全等多邊形,tsuân-tíng to-pinn-hîng
全等梯形,tsuân-tíng thui-hîng
全等圓形,tsuân-tíng înn-hîng
全壘打,tsuân-luí-tánn
hőng-mú-láng,hőng-mú-láng
共同質因數,kiōng-tông tsit-in-sòo
再生資源,tsài-sing tsu-guân
焐冰,ù ping
列式,lia̍t-sik
列表法,lia̍t-pió-huat
列舉法,lia̍t-kí-huat
劣弧,lua̍t-hôo
印刷,ìn-suat
印刷術,ìn-suat-su̍t
印表機,ìn-pió-ki
印象主義,Ìn-siōng Tsú-gī
合奏,ha̍p-tsàu
合奏曲,ha̍p-tsàu-khik
合奏樂器,ha̍p-tsàu ga̍k-khì
合唱曲,ha̍p-tshiùnn-khik
合球,ha̍p-kiû
gì-tà,gì-tà
仝分母,kāng-hun-bó
仝分母,kāng-hun-bú
仝分母分數,kāng-hun-bó-hun-sòo
仝分母分數,kāng-hun-bú-hun-sòo
同位角,tông-uī-kak
仝沿,kāng-iân
仝輩,kāng-puè
仝勻,kāng-ûn
俗麭,sio̍k-pháng
俗麭,siok-pháng
向正爿掠齊,hiòng tsiànn-pîng lia̍h-tsê
向倒爿掠齊,hiòng tò-pîng lia̍h-tsê
因數分解,in-sòo hun-kái
地下水,tē-hā-tsuí
所在,sóo-tsāi
番薯,han-tsî
地表水,tē-piáu-tsuí
地層塌窩,tē-tsân lap-o
地標,tē-piau
地標,tē-phiau
地盤夯懸,tē-puânn giâ-kuân
地質,tē-tsit
地動帶,tē-tāng-tài
地動規模,tē-tāng kui-bôo
青苔,tshenn-thî
多位數,to uī sòo
多項式,to-hāng-sik
多樣性,to-iūnn-sìng
字母,jī-bú
字母,jī-bó
字帖,jī-thiap
錢筒仔,tsînn-tâng-á
宇宙,ú-tiū
守備,siú-pī
安山岩,an-san-gâm
安山岩,an-san-giâm
安全帽,an-tsuân-bō
安非他命,an-hui-tha-bīng
尖喙夾仔,tsiam-tshuì-ngeh-á
成年期,sîng-liân-kî
成語典故,sîng-gí tián-kòo
成績,sîng-tsik
成藥,sîng-io̍h
便藥仔,piān-io̍h-á
收納袋,siu-la̍p-tē
收成,siu-sîng
曲,khik
曲目,khik-bo̍k
曲式,khik-sik
曲流,khiok-lâu
曲風,khik-hong
曲棍球,khiok-kùn-kiû
曲譜,khik-phóo
有效日期,iú-hāu-ji̍t-kî
有氧運動,iú-ióng ūn-tōng
有氧舞蹈,iú-ióng bú-tō
有氧適能,iú-ióng sik-lîng
有理化,iú-lí-huà
有機堆肥,iú-ki tui-puî
有機農產品,iú-ki lông-sán-phín
有機農業,iú-ki lông-gia̍p
朱一貴事件,Tsu It-kuì Sū-kiānn
大紅花,tuā-âng-hue
燈仔花,ting-á-hue
燈籃仔花,ting-nâ-á-hue
次女高音,tshù lú-ko-im
次中音笛仔,tshù tiong-im ta̍t-á
死亡,sí-bông
紗仔衫,se-á-sann
潭仔,thâm-á
池仔,tî-á
埤仔,pi-á
鳥鼠仔色,niáu-tshí-á-sik
殕色,phú-sik
百分位數字,pah-hun-uī sòo-jī
百合花,pik-ha̍p-hue
iú-lih,iú-lih
司公鈃,sai-kong-giang
百科全書,pah-kho-tsuân-su
時計果,sî-kè-kó
百家姓,Pik-ka-sènn
竹籐藝,tik-tîn-gē
羽毛,ú-môo
老人年金,lāu-lâng-nî-kim
老化,nóo-huà
耳空吱,hīnn-khang-ki
耳機,hīnn-ki
肌群,ki-kûn
自由球,tsū-iû-kiû
自由軟體,tsū-iû nńg-thé
自我價值,tsū-ngóo kè-ta̍t
自動駕駛,tsū-tōng kà-sú
自然文學,tsū-jiân bûn-ha̍k
自然生態,tsū-jiân sing-thài
自然科學,tsū-jiân kho-ha̍k
自然過渡法,tsū-jiân kuè-tōo-huat
自轉,tsū-tsuán
後齻,āu-tsan
色紙,sik-tsuá
色階,sik-kai
色鉛筆,sik-iân-pit
色調,sik-tiāu
色環,sik-khuân
色點,sik-tiám
血管,hueh-kńg
血管硬化,hueh-kńg ngē-huà
衫仔弓,sann-á-king
衫弓仔,sann-king-á
衫仔架,sann-á-kè
衫架仔,sann-kè-á
西卡紙,se-khah-tsuá
西醫,se-i
伯勞仔,pit-lô-á
伴奏,phuānn-tsàu
位值,uī-ta̍t
低手發球,kē-tshiú huat-kiû
低音,kē-im
低音笛仔,kē-im ta̍t-á
低音提琴,kē-im thê-khîm
低音喇叭,kē-im lá-pah
低音管,kē-im-kuán
低笙,kē-sing
低碳,kē-thuànn
低碳食物,kē-thuànn si̍t-bu̍t
低碳飲食,kē-thuànn ím-si̍t
作曲,tsok-khik
作畫,tsok-uē
畫圖,uē-tôo
作詞,tsok-sû
作業系統,tsok-gia̍p hē-thóng
免疫力,bián-i̍k-li̍k
免疫系統,bián-i̍k hē-thóng
冷空氣,líng-khong-khì
判別式,phuànn-pia̍t-sik
助詞,tsōo-sû
助燃性,tsōo-jiân-sìng
卵子,luán-tsú
卵胎生,luán-thai-sing
卵巢,nn̄g-tsâu
拍莓,phah-m̂
結莓,kiat-m̂
吸力,khip-li̍k
吸水紙,khip-tsuí-tsuá
欶水紙,suh-tsuí-tsuá
歕管樂器,pûn-kuán ga̍k-khì
歕喙仔,pûn-tshuì-á
均衡飲食,kin-hîng ím-si̍t
坐標平面,tsō-piau-pênn-bīn
坐標平面,tsō-phiau-pênn-bīn
壯年期,tsòng-liân-kî
宋詞,Sòng-sû
完全小節,uân-tsuân sió-tsat
尾溜,bué-liu
尾仔,bué-á
尾羽,bué-ú
尾針,bué-tsiam
線尾,suànn-bué
尾翼,bué-si̍t
尾聲,bué-siann
尾局,bué-kio̍k
泄尿,tshuā-jiō
尿道,jiō-tō
外人,guā-lâng
尪姨,ang-î
序奏,sū-tsàu
形變,hîng-piàn
快門,khuài-mn̂g
快速鍵,khuài-sok-kiān
快速齒,khuài-sok-khí
扭著,láu--tio̍h náu--tio̍h
扮仙,pān-sian
扮公伙仔,pān-kong-hué-á
拍風雷,phah hong-luî
節脈,tsat-me̍h
節脈,tsat-be̍h
度晬,tōo-tsè
投票率,tâu-phiò-lu̍t
投影,tâu-iánn
投影片,tâu-iánn-phìnn
抗體,khòng-thé
折仔戲,tsiat-á-hì
折扣,tsiat-khàu
去倒走,khì-tò-tsáu
拗射現象,áu-siā hiān-siōng
改編,kái-pian
材質,tsâi-tsit
決賽,kuat-sài
沉水性植物,tîm-tsuí-sìng si̍t-bu̍t
沖、褪、泡、崁、送,tshiâng、thǹg、phàu、khàm、sàng
沖積,tshiong-tsik
沙池,sua-tî
膨椅,phòng-í
沙鈴,sua-lîng
沙埔排球,sua-poo pâi-kiû
男中音,lâm-tiong-im
男低音,lâm-kē-im
學仔,o̍h-á
漢學仔,hàn-o̍h-á
手曲關節,tshiú-khiau kuan-tsat
肚臍,tōo-tsâi
肝炎,kuann-iām
肝硬化,kuann-ngē-huà
肝癌,kuann-gâm
檨仔,suāinn-á
角色,kak-sik
腳數,kioh-siàu
角柱底面,kak-thiāu té-bīn
角球,kak-kiû
言詞,giân-sû
言語霸凌,giân-gí pà-lîng
言論自由,giân-lūn tsū-iû
貝氏洗喙法,Puè--sī sé-tshuì-huat
青竹絲,tshenn-tik-si
赤尾鮐,tshiah-bué-tai
行位,kiânn-uī
行步,kiânn-pōo
走廊,tsáu-lông
跤尾,kha-bué
跤盤,kha-puânn
跤印,kha-ìn
跤跡,kha-jiah
身心健康,sin-sim kiān-khong
身材,sin-tsâi
體格,thé-keh
身體質量指數,sin-thé tsit-liōng tsí-sòo
身體機能,sin-thé ki-lîng
雙清,siang-tshing
阮琴,guán-khîm
防守,hông-siú
防毒軟體,hông-to̍k nńg-thé
防腐劑,hông-hú-tse
防風颱,hông hong-thai
防蟲,hông-thâng
防曝膏,hông-pha̍k-ko
奶酸,ling-sng
奶酸,lin-sng
奶癌,ling-gâm
奶癌,lin-gâm
亞麻布,a-muâ-pòo
亞運,A-ūn
吊鬼仔,tiàu-kuí-á
併步,pìng-pōo
依賴性,i-nāi-sìng
依賴性,i-lāi-sìng
兒童文學,jî-tông bûn-ha̍k
兒童合唱團,jî-tông ha̍p-tshiùnn-thuân
囡仔冊,gín-á-tsheh
囡仔書,gín-á-tsu
兒童期,jî-tông-kî
囡仔戲,gín-á-hì
囡仔齣,gín-á-tshut
兒童劇場,jî-tiông-kio̍k-tiûnn
兒童劇場,jî-tiông-ki̍k-tiûnn
兩拍,nn̄g-phik
兩棲類,lióng-tshe-luī
具象主義,Kū-siōng Tsú-gī
具體描寫,kū-thé-biô-siá
具體描寫,kū-thé-biâu-siá
剾刀,khau-to
掠痧,lia̍h-sua
刻,khik
刻板印象,khik-pán ìn-siōng
協奏曲,hia̍p-tsàu-khik
協調能力,hia̍p-tiâu lîng-li̍k
取消鍵,tshú-siau-kiān
取消齒,tshú-siau-khí
取景,tshú-kíng
受精卵,siū-tsing-luán
有雄卵(家禽),ū-hîng-nn̄g
周長公式,tsiu-tn̂g kong-sik
味覺摹寫,bī-kak bôo-siá
呼吸系統,hoo-khip hē-thóng
固定唱名,kòo-tīng tshiùnn-miâ
糞埽分類,pùn-sò hun-luī
糞埽場,pùn-sò-tiûnn
夜行性,iā-hîng-sìng
暗光鳥,àm-kong-tsiáu
奇幻小說,kî-huàn-sió-suat
奇幻小說,kî-huàn-siáu-suat
奈米,nāi-bí
季風氣候,kuì-hong khì-hāu
宗教舞蹈,tsong-kàu bú-tō
官方語言,kuann-hong gí-giân
定位枋,tīng-uī-pang
定音鼓,tīng-im-kóo
定價,tīng-kè
定點投籃,tīng-tiám tâu-nâ
蹛的環境,tuà ê khuân-kíng
岩漿,gâm-tsiunn
岩漿,giâm-tsiunn
底盤,té-puânn
底邊長,té-pinn-tn̂g
弦切角,hiân-tshiat-kak
弦樂,hiân-ga̍k
弦樂四重奏,hiân-ga̍k sù-tîng-tsàu
弦樂團,hiân-ga̍k-thuân
唸謠,liām-iâu
性別,sìng-pia̍t
性別歧視,sìng-pia̍t kî-sī
性格,sìng-keh
個性,kò-sìng
性教育,sìng-kàu-io̍k
性hoo-lú-bóng,sìng hoo-lú-bóng
性霸凌,sìng-pà-lîng
桌布,toh-pòo
糾筋,kiù-kin
挽脈,bán-me̍h
抽象,thiu-siōng
抽象畫,thiu-siōng-uē
搝力,khiú-li̍k
搝力,giú-li̍k
挨絃樂器,e-hiân ga̍k-khì
拋物線,phau-bu̍t-suànn
拍板,phik-pán
拍號,phik-hō
拓印,thok-ìn
拓展,thok-tián
開展,khai-tián
吊杯,tiàu-pue
拔封,pue̍h-hong
延延,iân-tshiân
放大,hòng-tuā
斧足,hú-tsiok
明礬,bîng-huân
清礬,tshing-huân
礬,huân
服裝儀容,ho̍k-tsong gî-iông
服飾,ho̍k-sik
膨鼠,phòng-tshí
火鼠,hué-tshí
膨尾鼠,phòng-bué-tshí
枝葉,ki-hio̍h
欣賞,him-sióng
武俠小說,bú-kiap-sió-suat
武俠小說,bú-kiap-siáu-suat
河谷,hô-kok
河流,hô-liû
滾,kún
沖沖滾,tshiâng-tshiâng-kún
油脂,iû-tsi
油脂類,iû-tsi-luī
油跡,iû-jiah
湳地,làm-tē
湳仔,làm-á
澹水地,tâm-tsuí-tē
法規,huat-kui
泡棉膠,phàu-mî-ka
牧夫座,Bo̍k-hu-tsō
物流中心,bu̍t-liû tiong-sim
直式加法,ti̍t-sik ka-huat
直式乘法,ti̍t-sik sîng-huat
直式減法,ti̍t-sik kiám-huat
直角坐標系,ti̍t-kak-tsō-piau-hē
直角坐標系,ti̍t-kak-tsō-phiau-hē
直角柱,ti̍t-kak-thiāu
屈尺角柱,khut-tshioh-kak-thiāu
屈尺,khut-tshioh
直排輪,ti̍t-pâi-lûn
直轄市,ti̍t-hat-tshī
智識,tì-sik
社會服務,siā-huē ho̍k-bū
社會救助,siā-huē kiù-tsōo
社會責任,siā-huē tsik-jīm
社會階級,siā-huē kai-kip
空手道,khang-tshiú-tō
空白鍵,khàng-pe̍h-kiān
空白齒,khàng-pe̍h-khí
空地,khàng-tē
肢體霸凌,ki-thé pà-lîng
大箍,tuā-khoo
懸發球,kuân-huat-kiû
肺,hì
肺泡,hì-phàu
肺炎,hì-iām
肺活量,hì-ua̍h-liōng
肺癌,hì-gâm
肺臟,hì-tsōng
䖙鉤,the-kau
䖙鉤,thenn-kau
芭蕾舞,pa-lê-bú
花瓶,hue-pân
花矸,hue-kan
花蜜,hue-bi̍t
花磚,hue-tsng
虎克定律,Hóo-khik tīng-lu̍t
表面,piáu-bīn
金牛座,Kim-gû-tsō
金星,Kim-tshenn
金剛石,kim-kong-tsio̍h
長度單位,tn̂g-tōo tan-uī
長𥰔仔,tn̂g-phín-á
優點,iu-tiám
長頓點,tn̂g-tùn-tiám
長篇,tn̂g-phinn
阻礙,tsóo-gāi
干樂,kan-lo̍k
附錄,hù-lo̍k
附錄,hù-lio̍k
附點二分休止符,hù-tiám-jī-hun-hiu-tsí-hû
附點二分休止符,hū-tiám-jī-hun-hiu-tsí-hû
附點八分音符,hù-tiám-peh-hun-im-hû
附點八分音符,hū-tiám-peh-hun-im-hû
附點音符,hù-tiám-im-hû
附點音符,hū-tiám-im-hû
附屬應用程式,hù-sio̍k-ìng-iōng-tîng-sik
附屬應用程式,hù-sio̍k-ìng-iōng-thîng-sik
附屬應用程式,hū-sio̍k-ìng-iōng-tîng-sik
附屬應用程式,hū-sio̍k-ìng-iōng-thîng-sik
雨林,ú-lîm
雨層雲,hōo-tsân-hûn
青年期,tshing-liân-kî
青壯年期,tshing-tsòng-liân-kî
青黴素,tshenn-bî-sòo
phe-ní-sí-lín,phe-ní-sí-lín
青黴菌,tshenn-bî-khún
祕結,pì-kiat
俗名,sio̍k-miâ
土名,thóo-miâ
奶母,ling-bú
奶母,lin-bú
奶母,ling-bó
奶母,lin-bó
保育,pó-io̍k
保育類動物,pó-io̍k-luī tōng-bu̍t
pho-lé-lóng膠,pho-lé-lóng-ka
保齡球,pó-lîng-kiû
剾仔,khau-á
前後文意,tsîng-āu bûn-ì
捙畚斗,tshia-pùn-táu
前踢,tsîng-that
南北管,Lâm-pak-kuán
南拳,Lâm-kûn
南海,Lâm-hái
南管,Lâm-kuán
南管音樂,Lâm-kuán im-ga̍k
南管樂,Lâm-kuán-ga̍k
南鯤鯓代天府,Lâm-khun-sin Tāi-thian-hú
厚度,kāu-tōo
品德故事,phín-tik kòo-sū
垂直傳染,suî-ti̍t thuân-jiám
城市,siânn-tshī
囡仔魚,gín-á-hî
定做,tiānn-tsò
訂做,tīng-tsò
宣言,suan-giân
宣紙,suan-tsuá
室女座,Sik-lú-tsō
室內樂,sik-lāi-ga̍k
室宿一,Sik-siù-it
室宿二,Sik-siù-jī
烏雉雞,oo-thī-ke
後天免疫缺乏症候群,hiō-thian bián-i̍k khuat-hua̍t tsìng-hāu-kûn
倒拋,tò-pha
後衛,hōo-uē
後衛,āu-uē
後踢,āu-that
急性肝炎,kip-sìng kuann-iām
急救,kip-kiù
圓栱門,uân-kong-mn̂g
拼貼,phing-tah
拼貼法,phing-tah-huat
拼貼畫,phing-tah-uē
抾字紙,khioh jī-tsuá
指示符號,tsí-sī  hû-hō
指示藥,tsí-sī-io̍h
指針,tsí-tsiam
指揮法,tsí-hui-huat
指數律,tsí-sòo-lu̍t
指標,tsí-piau
指標,tsí-phiau
挑選,thiau-suán
揀,kíng
星光,tshenn-kng
星宿,sing-siù
星球,sing-kiû
星球,tshenn-kiû
星象,sing-siōng
星象,tshenn-siōng
星雲,sing-hûn
星雲,tshenn-hûn
星圖,sing-tôo
星圖,tshenn-tôo
星體,sing-thé
星體,tshenn-thé
春聯,tshun-liân
焦水期,ta-tsuí-kî
染布,ní-pòo
染印法,ní-ìn-huat
柔道,jiû-tō
柱狀玄武岩,tsū-tsōng-hiân-bú-gâm
柱狀玄武岩,tsū-tsōng-hiân-bú-giâm
柳琴,liú-khîm
毒品,to̍k-phín
氟化物,hut-huà-bu̍t
氟氯碳化物,hut-lio̍k-thuànn-huà-bu̍t
oo-lín-gióo,oo-lín-gióo
洗衫粉,sé-sann-hún
雪文粉,sap-bûn-hún
洞簫,tōng-siau
活字版印刷術,ua̍h-jī-pán ìn-suat-su̍t
活動中心,ua̍h-tāng-tiong-sim
活動中心,ua̍h-tōng-tiong-sim
活鈕,ua̍h-liú
流行,liû-hîng
時行,sî-kiânn
角結膜炎,kak-kiat-mo̍oh-iām
流行性感冒,liû-hîng-sìng kám-mōo
野狗,iá-káu
流浪狗,liû-lōng-káu
流感,liû-kám
流線型,liû-suànn-hîng
炭筆,thuànn-pit
玻璃紙,po-lê-tsuá
玻璃棍仔,po-lê-kùn-á
真珠枋,tsin-tsu-pang
真珠版畫,tsin-tsu pán-uē
甚快板,sīm-khuài-pán
疫苗,i̍k-biâu
相反,siong-huán
相加,siong-ka
相交,siong-kau
相交叉,sio-kau-tshe
相乘,siong-sîng
相差,siong-tsha
相除,siong-tî
相仝,sio-kāng
相仝,sio-kâng
相鄰,siong-lîn
省道,síng-tō
看圖講話,khuànn tôo kóng-uē
砂岩,sua-gâm
砂岩,sua-giâm
祈使句,kî-sú-kù
科幻小說,kho-huàn-sió-suat
科幻小說,kho-huàn-siáu-suat
科舉,kho-kí
秒針,bió-tsiam
穿線器,tshng-suànn-khì
紀錄片,kì-lo̍k-phìnn
紀錄片,kì-lio̍k-phìnn
紅目症,âng-ba̍k-tsìng
紅茄仔色,âng-kiô-á-sik
紅紫色,âng-tsí-sik
紅柑仔色,âng-kam-á-sik
紅燈,âng-ting
紅霞,âng-hê
火燒雲,hué-sio-hûn
彩霞,tshái-hâ
耐力,nāi-li̍k
耐力運動,nāi-li̍k ūn-tōng
耐熱材質,nāi-jia̍t tsâi-tsit
耶穌,Iâ-soo
胃,uī
胃酸,uī-sng
胃潰瘍,uī-khuì-iông
胃潰瘍,uī-huì-iông
胃潰瘍,uī-huī-iông
䘥仔,kah-á
吊䘥仔,tiàu-kah-á
背風面,puē-hong-bīn
暗唸,àm-liām
背冊,puē-tsheh
胎生苗,thai-sing-biâu
胎生栽,thai-sing-tsai
胎兒期,thai-jî-kî
胚盤,phue-puânn
絃仔,hiân-á
青苔類,tshenn-thî-luī
苧仔,tē-á
英文,Ing-bûn
英仙座,Ing-sian-tsō
英里,ing-lí
英國管,Ing-kok-kuán
英語,Ing-gí
虹吸瓶,hông-khip-pân
虹膜,hông-mo̍oh
訂定,tīng-tīng
計時工具,kè-sî-kang-kū
計時工具,kè-sî-kang-khū
計時器,kè-sî-khì
重心,tāng-sim
重奏,tîng-tsàu
重音,tāng-im
重唱,tiông-tshiùnn
重量單位,tāng-liōng tan-uī
重號名,tîng hō-miâ
降半音,kàng puànn-im
降雨,kàng-ú
降雨,kàng-hōo
降冪,kàng-bi̍k
面積公式,bīn-tsik kong-sik
面積單位,bīn-tsik tan-uī
革胡,kik-ôo
音名,im-miâ
音符名稱,im-hû miâ-tshing
音符符號,im-hû hû-hō
音樂天份,im-ga̍k thian-hūn
音樂記號,im-ga̍k kì-hō
音樂創作,im-ga̍k tshòng-tsok
音樂聲,im-ga̍k-siann
音樂廳,im-ga̍k-thiann
音標,im-piau
音標,im-phiau
音響,im-hióng
頁岩,ia̍h-gâm
頁岩,ia̍h-giâm
風能,hong-lîng
風笛,hong-ti̍k
風速,hong-sok
風景畫,hong-kíng-uē
風琴,hong-khîm
風吹,hong-tshue
飛馬座,Hui-má-tsō
飛,pue
飛盤,hui-puânn
食物,si̍t-bu̍t
食品標示,si̍t-phín-piau-sī
食品標示,si̍t-phín-phiau-sī
指指,kí-tsáinn
食道,si̍t-tō
食療,si̍t-liâu
首調唱名,siú-tiāu tshiùnn-miâ
香港跤,hiong-káng-kha
乘式,sîng-sik
乘法分配律,sîng-huat hun-phuè-lu̍t
乘法表,sîng-huat-pió
乘除混合,sîng tî hūn-ha̍p
乘積,sîng-tsik
修辭,siu-sû
倉庫,tshng-khòo
棧間,tsàn-king
棧房,tsàn-pâng
倉儲,tshng-tû
倍式,puē-sik
倍革胡,puē-kik-ôo
倍率,puē-lu̍t
倍數表,puē-sòo-pió
倒徛騰,tò-khiā-thîng
倭寇,o-khòo
倭番,ue-huan
矮奴,é-lôo
矮寇,é-khòo
當值,tong-ti̍t
值班,ti̍t-pan
凍塗,tòng-thôo
分析,hun-sik
解說,kái-sueh
原子筆,guân-tsú-pit
原生生物,guân-sing sing-bu̍t
原生物種,guân-sing-bu̍t-tsióng
原生物種,guân-sing-bu̍t-tsíng
原生種,guân-sing-tsióng
原生種,guân-sing-tsíng
原價,guân-kè
原點,guân-tiám
觱仔,pi-á
哭調仔,khàu-tiāu-á
埃及花蠓,Ai-ki̍p hue-báng
病囝,pēnn-kiánn
宴席,iân-sia̍h
酒桌,tsiú-toh
筵席,iàn-si̍k
家扶中心,Ka-hû Tiong-sim
家庭暴力,ka-tîng-pō-li̍k
家庭暴力,ka-tîng-po̍k-li̍k
家訓,ka-hùn
射箭,siā-tsìnn
射線,siā-suànn
展演,tián-ián
島嶼,tó-sū
差異,tsha-ī
差別,tsha-pia̍t
座標,tsō-piau
座標,tsō-phiau
弱起拍,jio̍k-khí-phik
恐龍化石,khióng-liông huà-tsio̍h
扇,sìnn
葵扇,khuê-sìnn
扇形周長,sìnn-hîng tsiu-tn̂g
扇形弧長,sìnn-hîng hôo-tn̂g
挫傷,tshò-siong
振幅,tsín-hok
挺水性植物,thíng-tsuí-sìng si̍t-bu̍t
掠蟲網仔,lia̍h-thâng-bāng-á
時刻,sî-khik
時數,sî-sòo
冊名,tsheh-miâ
書面語,su-bīn-gí
書聖,su-sìng
冊櫥,tsheh-tû
書櫥,tsu-tû
柴油,tshâ-iû
校隊,hāu-tuī
核心家庭,hi̍k-sim-ka-tîng
核心家庭,hu̍t-sim-ka-tîng
根部,kin-pōo
氣生根,khì-sing-kin
氣味,khì-bī
氣象局,khì-siōng-kio̍k
氣象專家,khì-siōng tsuan-ka
氣象觀測,khì-siōng kuan-tshik
氣體中毒,khì-thé tiòng-to̍k
浮葉性植物,phû-hio̍h-sìng si̍t-bu̍t
海蝕,hái-si̍t
海漲,hái-tiòng
海漲,hái-tiùnn
海邊仔,hái-pinn
消化,siau-huà
消化器官,siau-huà khì-kuan
消防栓,siau-hông-sng
消費者保護法,siau-huì-tsiá pó-hōo-huat
消費者權益,siau-huì-tsiá-khuân-ik
消費者權益,siau-huì-tsiá-kuân-ik
四弦琴,sì-hiân-khîm
烏跤病,oo-kha-pēnn
烏焦蛇,oo-ta-tsuâ
特性,ti̍k-sìng
特長,ti̍k-tióng
特產,ti̍k-sán
土產,thóo-sán
名產,bîng-sán
特質,ti̍k-tsit
珠螺,tsu-lê
留言枋,lâu-giân-pang
病原體,pēnn-guân-thé
病菌,pēnn-khún
砷,sin
砒素,phi-sòo
神怪故事,sîn-kuài kòo-sū
神經,sîn-king
祖廟,tsóo-biō
公廳,kong-thiann
宗祠,tsong-sû
租界,tsoo-kài
粉紅仔色,hún-âng-á-sik
水紅仔色,tsuí-âng-á-sik
粉筆,hún-pit
紋理,bûn-lí
紋路,bûn-lōo
純女聲,sûn lí-siann
純小數,sûn-sió-sòo
純男聲,sûn lâm-siann
純樂器,sûn ga̍k-khì
紙,tsuá
紙本,tsuá-pún
紙枋,tsuá-pang
紙尪仔,tsuá-ang-á
紙條,tsuá-tiâu
紙牌,tsuá-pâi
字硩,jī-teh
紙硩,tsuá-teh
素食,sòo-si̍t
紡織,pháng-tsit
索引,sik-ín
耆老,kî-ló
老大,lāu-tuā
耆老老大,kî-ló-lāu-tuā
胰島素,î-tó-sòo
腰尺,io-tshioh
胸腺,hing-suànn
胸腺激素,hing-suànn kik-sòo
能力,lîng-li̍k
膩瓤,jī-nn̂g
膋,lâ
脂肪,tsi-hong
肝包油,kuann-pau-iû
臭氧,tshàu-ióng
航空,hâng-khong
航運,hâng-ūn
茭白筍,kha-pe̍h-sún
茶鈷,tê-kóo
茶罐,tê-kuàn
草蓆,tsháu-tshio̍h
草稿,tshó-kó
無人島,bû-jîn-tó
荒島,hong-tó
蠓仔香,báng-á-hiunn
蠓仔薰,báng-á-hun
訊息,sìn-sit
訓練,hùn-liān
記人,kì lâng
記者,kì-tsiá
記數,kì-siàu
記載,kì-tsài
財產權,tsâi-sán-khuân
財產權,tsâi-sán-kuân
貢獻,kòng-hiàn
膨疱,phòng-phā
吊車,tiàu-tshia
起音,khí-im
退化,thè-huà
退片鈕,thè-phìnn-liú
配色,phuè-sik
配角,phuè-kak
配音,phuè-im
配送,phuè-sàng
配偶,phuè-ngóo
頭對,thâu-tuì
和目鏡,hô ba̍k-kiànn
配給,phuè-kip
酒癮,tsiú-giàn
針灸,tsiam-kù
針筆,tsiam-pit
崎坡,kiā-pho
陣頭,tīn-thâu
骨折,kut-tsi̍h
骨骼肌,kut-keh-ki
高手,ko-tshiú
𠢕人,gâu-lâng
懸手托球,kuân-tshiú thuh-kiû
懸手傳球,kuân-tshiú thuân-kiû
高血壓,ko-hueh-ap
懸度角觀測器,kuân-tōo-kak kuan-tshik-khì
高科技,ko-kho-ki
高胡,ko-ôo
懸音,kuân-im
懸音木琴,kuân-im bo̍k-khîm
懸音笛仔,kuân-im ta̍t-á
懸音譜號,kuân-im phóo-hō
懸飛球,kuân-pue-kiû
山球,suann-kiû
goo-lú-huh,goo-lú-huh
高齡化,ko-lîng-huà
高纖維,ko-tshiam-uî
焦涸涸,ta-khok-khok
焦燥劑,ta-sò-tse
偏折,phian-tsiat
停車場,thîng-tshia-tiûnn
健身房,kiān-sin-pâng
健美,kiān-bí
健康,kiān-khong
勇健,ióng-kiānn
側勾拳,tshik-kau-kûn
側併步,tshik-pìng-pōo
側踢,tshik-that
偽造,guī-tsō
剪裁,tsián-tshâi
剪輯,tsián-tsi̍p
副詞,hù-sû
勒索,li̍k-sik
叨撚,lo-lián
動物園,tōng-bu̍t-hn̂g
動脈,tōng-me̍h
動脈,tōng-be̍h
動畫,tōng-uē
動畫檔,tōng-uē-tóng
動畫檔,tōng-uē-tòng
動態,tōng-thài
匾,pián
牌匾,pâi-pián
區別,khu-pia̍t
區域,khu-hi̍k
區域,khu-i̍k
參考,tsham-khó
參考書目,tsham-khó su-bo̍k
參宿一,Tsham-siù-it
參宿一,Sim-siù-it
參宿二,Tsham-siù-jī
參宿二,Sim-siù-jī
參宿三,Tsham-siù-sann
參宿三,Sim-siù-sann
參宿五,Tsham-siù-gōo
參宿五,Sim-siù-gōo
參宿六,Tsham-siù-la̍k
參宿六,Sim-siù-la̍k
售價,siū-kè
賣價,bē-kè
曲盤,khik-puânn
唱片,tshiùnn-phìnn
唱名,tshiùnn-miâ
唱奏,tshiùnn-tsàu
商店,siong-tiàm
店頭,tiàm-thâu
商港,siong-káng
商量,siong-liông
參詳,tsham-siông
討論,thó-lūn
協商,hia̍p-siong
問卷,būn-kuàn
問卷,mn̄g-kǹg
問題,būn-tê
啟示,khé-sī
啟蒙教材,khé-bông kàu-tsâi
國中,kok-tiong
國文,kok-bûn
國家公權力,kok-ka-kong-khuân-li̍k
國家公權力,kok-ka-kong-kuân-li̍k
國家音樂廳,Kok-ka Im-ga̍k-thiann
國家語言,kok-ka gí-giân
國道,kok-tō
國語,kok-gí
國際,kok-tsè
國際化,kok-tsè-huà
國際反地雷組織,Kok-tsè Huán-tē-luî Tsoo-tsit
國際舞台,kok-tsè bú-tâi
國慶日,Kok-khìng-ji̍t
國樂,kok-ga̍k
執行,tsip-hîng
培養皿,puê-ióng-bíng
基金會,ki-kim-huē
通鼓,thong-kóo
婚姻,hun-in
婚喪喜慶,hun-song-hí-khìng
寄託,kià-thok
密集,bi̍t-tsi̍p
密碼,bi̍t-bé
暗號,àm-hō
專有名詞,tsuan-iú-miâ-sû
專有名詞,tsuan-iú-bîng-sû
專長,tsuan-tióng
專業化,tsuan-gia̍p-huà
崇拜,tsông-pài
崑曲,khun-khik
數單,siàu-tuann
帶小數,tài-sió-sòo
帶原者,tài-guân-tsiá
康熙,Khong-hi
強拍,kiông-phik
強酸,kiông-sng
強鹼,kiông-kinn
彩色,tshái-sik
彩色筆,tshái-sik-pit
彩度,tshái-tōo
彩筆,tshái-pit
彩繪,tshái-huē
得分,tit-hun
御夫座,Gū-hu-tsō
情緒,tsîng-sū
情緒,tsîng-sû
捲軸,kńg-ti̍k
捷徑,tsia̍t-kìng
近路,kīn-lōo
捷運系統,tsia̍t-ūn hē-thóng
掃描,sàu-biâu
掃墓,sàu-bōng
培墓,puē-bōng
探墓厝,thàm-bōng-tshù
排水溝,pâi-tsuí-kau
消水溝,siau-tsuí-kau
排列,pâi-lia̍t
排序,pâi-sī
排序,pâi-sū
排隊,pâi-tuī
Paiwan族鼻笛；Paiwan族鼻笛仔,Pâi-uan-tso̍k phīnn-ta̍t Pâi-uan-tso̍k phīnn-ta̍t-á
搶剝,tshiúnn-pak
搶,tshiúnn
採購,tshái-kòo
探查,thàm-tsa
接力賽,tsiap-li̍k-sài
接納,tsiap-la̍p
接受,tsiap-siū
控制鈕,khòng-tsè-liú
推力,thui-li̍k
推理小說家,tshui-lí-sió-suat-ka
推理小說家,tshui-lí-siáu-suat-ka
推舉,thui-kí
推舉,tshui-kí
措施,tshòo-si
敏捷性,bín-tsia̍t-sìng
敏捷度,bín-tsia̍t-tōo
救援,kiù-uān
救濟,kiù-tsè
敘寫方式,sū-siá hong-sik
教師,kàu-su
老師,lāu-su
教堂,kàu-tn̂g
禮拜堂,lé-pài-tn̂g
道理,tō-lí
斜鉤,tshiâ-kau
梁柱,niû-thiāu
柝仔,kho̍k-á
柝仔板,kho̍k-á-pán
條約,tiâu-iok
捋仔田,lua̍h-á-tshân
坪仔田,pênn-á-tshân
梯形四角柱,thui-hîng sì-kak-thiāu
棄嬰,khì-ing
氫氧離子,khing-ióng-lî-tsú
液化石油氣,i̍k-huà tsio̍h-iû-khì
液晶,i̍k-tsinn
液晶,i̍k-tsing
灇浴,tsâng-i̍k
沖浴,tshiâng-i̍k
淘汰,tô-thài
積窒,tsik-that
淨山,tsīng-suann
淨重,tsīng-tāng
濫色效果,lām-sik hāu-kó
濫色紙,lām-sik-tsuá
添加物,thiam-ka-bu̍t
清水,tshing-tsuí
清明,tshing-bîng
清明,tshinn-miâ
清真寺,tshing-tsin-sī
清朝,Tshing-tiâu
煮食,tsú-tsia̍h
火號,hué-hō
白火,pe̍h-hué
犁,lê
現代舞,hiān-tāi-bú
球桮,kiû-pue
球面,kiû-bīn
球箠,kiû-tshuê
球場,kiû-tiûnn
球埕,kiû-tiânn
球賽,kiû-sài
球類運動,kiû-luī ūn-tōng
理念,lí-liām
瓷仔,huî-á
幼瓷,iù-huî
產地履歷,sán-tē lí-li̍k
產值,sán-ta̍t
產量,sán-liōng
產道,sán-tō
畢氏定理,Pit--sī tīng-lí
出業,tshut-gia̍p
畢業,pit-gia̍p
畢業典禮,pit-gia̍p-tián-lé
異味怪味,ī-bī kuài-bī
異國文化,ī-kok bûn-huà
疏忽,soo-hut
失覺察,sit-kak-tshat
疏散,soo-sàn
疏開,soo-khai
痕跡,hûn-jiah
眷村,kuàn-tshun
眷村,kuàn-tshuan
飯匙銃,pn̄g-sî-tshìng
眾數,tsiòng-sòo
硫磺,liû-hông
祭品,tsè-phín
祭拜,tsè-pài
拜拜,pài-pài
獻敬,hiàn-kìng
笙,sing
𥰔仔空,phín-á-khang
𥰔仔膜,phín-á-mo̍oh
符值,hû-ta̍t
音符頭,im-hû-thâu
第一小提琴,tē-it sió-thê-khîm
第二小提琴,tē-jī sió-thê-khîm
第二次世界大戰,Tē-jī-tshù Sè-kài Tāi-tsiàn
粗,tshoo
粗澀,tshoo-siap
粗鹽,tshoo-iâm
細胞,sè-pau
幼鹽,iù-iâm
終止線,tsiong-tsí-suànn
組曲,tsoo-khik
經倒,kenn--tó
統一發票,thóng-it-huat-phiò
統治,thóng-tī
脫輪,thu̍t-lûn
脫氧劑,thuat-ióng-tse
脫離,thuat-lī
hoo-lú-bóng,hoo-lú-bóng
藥方,io̍h-hng
藥單,io̍h-tuann
處方,tshú-hng
處暑,tshù-sú
卵清,nn̄g-tshing
卵白質,nn̄g-pe̍h-tsit
卵仁,nn̄g-jîn
雞卵糕,ke-nn̄g-ko
設定,siat-tīng
設計感,siat-kè-kám
設計圖,siat-kè-tôo
設問法,siat-būn-huat
設備,siat-pī
貧血,pîn-hiat
欠血,khiàm-hueh
貨櫃,huè-kuī
責任,tsik-jīm
軟體,nńg-thé
透明黏布,thàu-bîng-liâm-pòo
透明黏布,thò-bîng-liâm-pòo
透視法,thàu-sī-huat
途徑,tôo-kìng
路徑,lōo-kìng
通知,thong-ti
通訊,thong-sìn
通婚,thong-hun
通貨膨脹,thong-huè phòng-tiòng
通勤,thong-khîn
通緝,thong-tsi̍p
通緝,thong-tship
造字,tsō-jī
造紙,tsō-tsuá
造船,tsō-tsûn
連比,liân-pí
連續加減法,liân-sio̍k ka-kiám-huat
連續乘除法,liân-sio̍k sîng-tî-huat
部份量,pōo-hūn-liōng
都市化,too-tshī-huà
都會,too-huē
糝啉,sám-lim
野生動物,iá-sing tōng-bu̍t
野柳,Iá-liú
陰道,im-tō
𡳞脬,lān-pha
陳情書,tîn-tsîng-su
陵寢,lîng-tshím
瓷仔纖維網,huî-á tshiam-uî-bāng
塗觱哹,thôo-pi-pu
陸運,lio̍k-ūn
魚,hî
魚栽,hî-tsai
魚塭,hî-ùn
塭仔,ùn-á
釣餌,tiò-jī
魚蝦,hî-hê
鳥類,tsiáu-luī
鹿,lo̍k
鹿茸,lo̍k-jiông
索仔步,soh-á-pōo
麻糍,muâ-tsî
傀儡戲,ka-lé-hì
備份,pī-hūn
割讓,kuah-niū
創作者,tshòng-tsok-tsiá
創制權,tshòng-tsè-khuân
創制權,tshòng-tsè-kuân
勞力,lô-li̍k
勞工,lô-kang
勞動基準法,lô-tōng ki-tsún-huat
博覽會,phok-lám-huē
喇叭,lá-pah
頷頸珠,ām-kún-tsu
頷珠,ām-tsu
雄骨,hiông-kut
喪葬,song-tsòng
個人答喙鼓,kò-jîn tap-tshuì-kóo
煏鼓,piak-kóo
單位換算,tan-uī uānn-sǹg
單價,tan-kè
單數,tan-sòo
單簧管,tan-hông-kuán
烏笛仔,oo-ta̍t-á
頷垂,ām-sê
瀾垂,nuā-sê
圍剿,uî-tsâu
報告,pò-kò
報酬,pò-siû
場地,tiûnn-tē
媒體,muî-thé
好額人,hó-gia̍h-lâng
冷色系,líng-sik-hē
寒帶,hân-tài
寒露,hân-lōo
就地取材,tsiū-tē-tshú-tsâi
就業,tsiū-gia̍p
食頭路,tsia̍h-thâu-lōo
幾何圖形,kí-hô tôo-hîng
便所,piān-sóo
復原,ho̍k-guân
循環小數,sûn-khuân sió-sòo
描寫方式,biô-siá-hong-sik
描寫方式,biâu-siá-hong-sik
提案,thê-àn
插枝,tshah-ki
硩枝,teh-ki
插座,tshah-tsō
佈田,pòo-tshân
佈稻仔,pòo-tiū-á
插畫,tshah-uē
插畫家,tshah-uē-ka
揚琴,iâng-khîm
換氣,uānn-khuì
散文集,suànn-bûn-tsi̍p
普及,phóo-ki̍p
普渡,póo-tōo
暑假,sú-ká
歇熱,hioh-jua̍h
曾文溪,Tsan-bûn-khe
朝露,tiau-lōo
棋藝,kî-gē
棕色,tsang-sik
棲息地,tshe-sik-tē
棺柴,kuann-tshâ
植物學家,si̍t-bu̍t ha̍k-ka
植物欉,si̍t-bu̍t-tsâng
殖民,si̍t-bîn
殖民文化,si̍t-bîn bûn-huà
殖民地,si̍t-bîn-tē
殖民統治,si̍t-bîn thóng-tī
殖民經濟,si̍t-bîn king-tsè
殼仔絃,khak-á-hiân
減法算式,kiám-huat sǹg-sik
減號,kiám-hō
渡船,tōo-tsûn
測試,tshik-tshì
港口,káng-kháu
碼頭,bé-thâu
渲染法,suàn-jiám-huat
游標,iû-phiau
游標,iû-piau
雄流,hiông-lâu
挽水,bán-tsuí
掣流,tshuah-lâu
湖,ôo
湖,hôo
無條件進位法,bô-tiâu-kiānn tsìn-uī-huat
無線電,bô-suànn-tiān
無線電波,bô-suànn tiān-pho
神主牌,sîn-tsú-pâi
神主牌仔,sîn-tsú-pâi-á
牌位,pâi-uī
琵琶,pî-pê
柑仔蜜,kam-á-bi̍t
臭柿仔,tshàu-khī-á
thoo-má-tooh,thoo-má-tooh
畫刀,uē-to
畫作,uē-tsok
畫枋,uē-pang
畫者,uē-tsiá
畫架,uē-kè
畫面寸尺,uē-bīn tshùn-tshioh
畫風,uē-hong
畫家,uē-ka
畫展,uē-tián
畫紙,uē-tsuá
畫記,uē-kì
畫廊,uē-lông
畫像,uē-siōng
挽搣,bán-me
山,peh-suann
登陸,ting-lio̍k
發言權,huat-giân-khuân
發言權,huat-giân-kuân
發炎,huat-iām
發癀,huat-hông
發音,huat-im
發揮,huat-hui
發酵作用,huat-kànn-tsok-iōng
發酵作用,huat-kà-tsok-iōng
發燒,huat-sio
盜版,tō-pán
盜壘,tō-luí
短文集,té-bûn-tsi̍p
短𥰔仔,té-phín-á
短篇,té-phinn
硬碟,ngē-tia̍p
há-ti,há-ti
硯台,hīnn-tâi
墨盤,ba̍k-puânn
墨硯,ba̍k-hīnn
薄鹽酸,po̍h iâm-sng
稅金,suè-kim
筆尖,pit-tsiam
筆尾,pit-bué
筆法,pit-huat
筆洗,pit-sé
等比中項,tíng-pí tiong-hāng
平長,pênn tn̂g
等差中項,tíng-tsha tiong-hāng
等差級數,tíng-tsha kip-sòo
等差數列,tíng-tsha sòo-lia̍t
平闊,pênn khuah
等邊三角形,tíng-pinn sann-kak-hîng
紫外線,tsí-guā-suànn
結尾敬語,kiat-bué kìng-gí
結社,kiat-siā
結核病,kiat-hu̍t-pēnn
結核桿菌,kiat-hi̍k kuáinn-khún
結盟,kiat-bîng
結霜,kiat-sng
絕對值,tsua̍t-tuì-ta̍t
絕種,tse̍h-tsíng
絕緣,tsua̍t-iân
電火布,tiān-hué-pòo
絲綢,si-tiû
性地,sìng-tē
脾氣,phî-khì
腰子病,io-tsí-pēnn
華氏,Huâ--sī
華語,Huâ-gí
虛步,hi-pōo
虛構,hi-kòo
街,ke
街仔路,ke-á-lōo
街仔,ke-á
視力,sī-li̍k
視力檢查,sī-li̍k kiám-tsa
視訊,sī-sìn
視野,sī-iá
眼界,gán-kài
拍官司,phah-kuann-si
診所,tsín-sóo
醫生館,i-sing-kuán
診療,tsín-liâu
註解,tsù-kái
拐騙,kuái-phiàn
詐騙,tsà-phiàn
諞,pián
評量,phîng-liông
評論,phîng-lūn
象限,siōng-hān
貴族,kuì-tso̍k
貸款,tāi-khuán
貸款,tāi-khuánn
貿易,bōo-i̍k
貿易協定,bōo-i̍k hia̍p-tīng
超連結,tshiau-liân-kiat
超距力,tshiau-kī-li̍k
走壘,tsáu-luí
度晬,tōo-tsè
進攻,tsìn-kong
進貨,tsìn-huè
郵局,iû-kio̍k
郵政,iû-tsìng
郵購,iû-kòo
量,niû（動詞）
量,liōng（名詞）
大賣場,tuā-bē-tiûnn
量詞,liōng-sû
銀票,gîn-phiò
紙票,tsuá-phiò
鈕仔電池,liú-á tiān-tî
開合跳,khui-ha̍p-thiàu
開合跳步,khui-ha̍p-thiàu-pōo
開放性肺癆,khai-hòng-sìng hì-lô
開花植物,khui-hue si̍t-bu̍t
酒開仔,tsiú-khui-á
開仔,khui-á
閬隔數,làng-keh-sòo
陽明山國家公園,Iûnn-bîng-suann-Kok-ka-Kong-hn̂g
陽明山國家公園,Iông-bîng-san-Kok-ka-Kong-hn̂g
隊友,tuī-iú
階級,kai-kip
雄性激素,hiông-sìng kik-sòo
雄黃酒,hiông-hông-tsiú
集散地,tsi̍p-sàn-tē
集會遊行,tsi̍p-huē iû-hîng
雲門舞集,Hûn-bûn-bú-tsi̍p
雲端,hûn-tuan
筋帶,kin-tuà
飲食均衡,ím-si̍t kin-hîng
黃花鹽酸仔草,n̂g-hue iâm-sng-á-tsháu
黃疸,n̂g-thán
傳承,thuân-sîng
傳染,thuân-jiám
傳染病,thuân-jiám-pēnn
傳真,thuân-tsin
傳統,thuân-thóng
傳統詩歌,thuân-thóng si-kua
傳熱速度,thuân-jia̍t sok-tōo
傳輸速率,thuân-su sok-lu̍t
空喙,khang-tshuì
傷口,siong-kháu
募款,bōo-khuán
題緣,tê-iân
匯款,huē-khuán
嗅覺摹寫,hiù-kak bôo-siá
圓形周長,înn-hîng tsiu-tn̂g
圓形面積,înn-hîng bīn-tsik
圓弧,înn-hôo
圓柱體,înn-thiāu-thé
圓箍仔柱,înn-khoo-á-thiāu
圓扇形,înn-sìnn-hîng
圓扇形面積,înn-sìnn-hîng bīn-tsik
圓規,înn-kui
圓尺,înn-tshioh
塊根,khuài-kin
塑膠袋仔,sok-ka-tē-á
塑膠橐仔,sok-ka-lok-á
奧運,Ò-ūn
媽祖,Má-tsóo
意譯,ì-i̍k
愛滋病,ài-tsu-pēnn
感化教育,kám-huà kàu-io̍k
感冒,kám-mōo
感著,kám--tio̍h
寒著,kuânn--tio̍h
風邪,hong-siâ
傷風,siong-hong
感染,kám-jiám
慈善機構,tsû-siān ki-kòo
搖頭丸,iô-thâu-uân
敬語,kìng-gí
新式教育,sin-sik kàu-io̍k
新型流感,sin-hîng liû-kám
新𥰔仔,sin-phín-á
新陳代謝,sin-tîn-tāi-siā
新聞,sin-bûn
眩車藥仔,hîn-tshia io̍h-á
暈染法,ūn-jiám-huat
暖色系,luán-sik-hē
暖色調,luán-sik-tiāu
暖空氣,luán-khong-khì
燒空氣,sio-khong-khì
烏𪐞紅,oo-tòo-âng
豬肝色,ti-kuann-sik
會社,huē-siā
會議,huē-gī
楷模,khái-bôo
毽球,kiàn-kiû
跙流籠,tshū-liû-lông
溪谷,khe-kok
坑谷,khenn-kok
溶氧量,iûnn-ióng-liōng
駐水,tū-tsuí
滑音,ku̍t-im
滑鼠,ku̍t-tshí
趨壘,tshu-luí
薰吹,hun-tshue
塗炭,thôo-thuànn
相片,siòng-phìnn
ió-gà,ió-gà
瑞士,Suī-sū
水尾,Tsuí-bué
瑞穗,Suī-suī
𡳞核,lān-hu̍t
硼酸,pîng-sng
碑文,pi-bûn
碗箸,uánn-tī
禁令,kìm-līng
禽流感,khîm-liû-kám
省水器,síng-tsuí-khì
景氣䆀,kíng-khì bái
經驗,king-giām
對中掠齊,tuì-tiong lia̍h-tsê
濟人答喙鼓,tsē-lâng tap-tshuì-kóo
義賣,gī-bē
聖火,sìng-hué
聖經,sìng-king
腦下垂體,náu-ē-suî-thé
腦下垂體,náu-hā-suî-thé
腦中風,náu-tiòng-hong
腦筋踅輾轉,náu-kin-se̍h-liàn-tńg
腦筋踅輾轉,náu-kin-se̍h-lìn-tńg
胃腸炎,uī-tn̂g-iām
腸病毒,tn̂g-pēnn-to̍k
萬有引力,bān-iú-ín-li̍k
落山風,lo̍h-suann-hong
落地掃,lo̍h-tē-sàu
落實,lo̍k-si̍t
葡萄牙,Phû-tô-gâ
蜂仔炮,phang-á-phàu
蜂蝦,phang-hê
蜂岫,phang-siū
補角,póo-kak
裝置藝術,tsong-tì gē-su̍t
裝飾音,tsong-sik-im
花指,hue-tsáinn
解析度,kái-sik-tōo
解題,kái-tê
試管,tshì-kuán
資料篋仔,tsu-liāu-kheh-á
資訊,tsu-sìn
資源回收桶,tsu-guân huê-siu-tháng
跳水,thiàu-tsuí
栽水,tsai-tsuí
跳音,thiàu-im
虼蚤,ka-tsáu
跳馬,thiàu-bé
跳懸,thiàu-kuân
田,tshân
田園,tshân-hn̂g
農耕,lông-king
作穡,tsoh-sit
農藥,lông-io̍h
遊戲軟體,iû-hì nńg-thé
遊戲器材,iû-hì khì-tsâi
運動表現,ūn-tōng piáu-hiān
運動習慣,ūn-tōng si̍p-kuàn
運動場,ūn-tōng-tiûnn
運動量,ūn-tōng-liōng
運動會,ūn-tōng-huē
運輸,ūn-su
過敏原,kuè-bín-guân
過渡段,kuè-tōo-tuānn
違例,uî-lē
違章建築,uî-tsiong kiàn-tio̍k
謝神,siā-sîn
鈔,tshau
徛直線,khiā-ti̍t-suànn
鉛球,iân-kiû
隔代家庭,keh-tāi ka-tîng
隔代教養家庭,keh-tāi kàu-ióng ka-tîng
所費,sóo-huì
四秀仔,sì-siù-á
喙食物,tshuì-tsia̍h-mi̍h
零星,lân-san
零星錢,lân-san-tsînn
銀角仔,gîn-kak-á
雷射光,luî-siā-kng
雷達,luî-ta̍t
電子支付,tiān-tsú tsi-hù
電子媒體,tiān-tsú muî-thé
電風,tiān-hong
電視購物,tiān-sī kòo-bu̍t
電源開關,tiān-guân khai-kuan
電腦,tiān-náu
電腦數值控制,tiān-náu sòo-ta̍t khòng-tsè
電解質,tiān-kái-tsit
預覽,ī-lám
飽和脂肪,pá-hô tsi-hong
鼓,kóo
鼓吹樂,kóo-tshue-ga̍k
拍噗仔,phah-pho̍k-á
耳鏡,hīnn-kiànn
耳空鬼仔,hīnn-khang-kuí-á
圖示,tôo-sī
圖表,tôo-pió
圖鑑,tôo-kàm
團體,thuân-thé
實木,si̍t-bo̍k
實際測量,si̍t-tsè-tshik-liông
實際測量,si̍t-tsè-tshik-liōng
實踐,si̍t-tsiān
對比色,tuì-pí-sik
對白,tuì-pe̍h
對流作用,tuì-liû tsok-iōng
對頂角,tuì-tíng-kak
對焦,tuì-tsiau
對照表,tuì-tsiàu-pió
對話練習,tuì-uē liān-si̍p
掠齊,lia̍h-tsê
對應,tuì-ìng
對應頂點,tuì-ìng tíng-tiám
對聯,tuì-liân
聯對,liân-tuì
態度,thāi-tōo
態度,thài-tōo
慢性疾病,bān-sìng-tsi̍t-pēnn
慢性疾病,bān-sìng-tsi̍k-pēnn
慢性病,bān-sìng-pēnn
慢板,bān-pán
截面,tsia̍t-bīn
摘要,tiah-iàu
摘述,tiah-su̍t
摘錄式,tiah-lo̍k-sik
摘錄式,tiah-lio̍k-sik
摺被,tsih-phuē
撇,phiat
撇頓點,phiat-tùn-tiám
撇橫,phiat-huâinn
敗市,pāi-tshī
漁港,hî-káng
漂浮性植物,phiau-phû-sìng-si̍t-bu̍t
漂浮性植物,phiau-hû-sìng-si̍t-bu̍t
演奏曲,ián-tsàu-khik
熔去,iûnn--khì
疑問句,gî-būn-kù
疑惑,gî-hi̍k
監護人,kàm-hōo-jîn
睏眠,khùn-bîn
碳化,thuànn-huà
磁力線,tsû-li̍k-suànn
箏形,tsing-hîng
風吹形,hong-tshue-hîng
算法,sǹg-huat
管弦樂器,kuán-hiân ga̍k-khì
管風琴,kuán-hong-khîm
管路,kóng-lōo
管道,kuán-tō
門路,mn̂g-lōo
管樂,kuán-ga̍k
管樂隊,kuán-ga̍k-tuī
管樂團,kuán-ga̍k-thuân
綠肥,li̍k-puî
維管束,uî-kńg-sok
網版印刷,bāng-pán ìn-suat
網頁檔,bāng-ia̍h-tóng
網頁檔,bāng-ia̍h-tòng
網路直播,bāng-lōo-ti̍t-pòo
網路直播,bāng-lōo-ti̍t-pò
網路攝影機,bāng-lōo liap-iánn-ki
網路霸凌,bāng-lōo pà-lîng
罰球,hua̍t-kiû
腐蝕作用,hú-si̍t-tsok-iōng
腐蝕性,hú-si̍t-sìng
膀胱,phông-kong
臺北赤蛤仔,Tâi-pak tshiah-kap-á
臺灣高速鐵路,Tâi-uân Ko-sok Thih-lōo
弄獅,lāng-sai
弄龍,lāng-lîng
蒸氣機,tsing-khì-ki
炊卵,tshue-nn̄g
語文,gí-bûn
語文能力,gí-bûn lîng-li̍k
語言列,gí-giân-lia̍t
遠距教學,uán-kī kàu-ha̍k
酸,sng
酸性混合水溶液,sng-sìng hūn-ha̍p tsuí-iông-i̍k
酸鹼指示劑,sng-kinn tsí-sī-tse
鉻,kok
銀色,gîn-sik
銀行,gîn-hâng
濟歲人,tsē-huè-lâng
銅管,tâng-kuán
銅管五重奏,tâng-kuán-ngóo-tîng-tsàu
銅管五重奏,tâng-kuán-gōo-tîng-tsàu
銅鑼,tâng-lô
雌性激素,tshu-sìng kik-sòo
領域,líng-hi̍k
領域,líng-i̍k
領貨,niá huè
骰仔,tâu-á
十八骰子,si̍p-pat-tâu-á
十八仔,si̍p-pat-á
a小調,a sió-tiāu
A型肝炎,A-hîng kuann-iām
