tl,hanzi,frequency,poj
tê,茶,3426,tê
liân,蓮,999,liân
kiunn,薑,400,kiuⁿ
tîn,藤,350,tîn
tōo,杜,300,tō͘
sam,杉,200,sam
tsang,棕,200,chang
tsiunn,樟,200,chiuⁿ
tshat,漆,150,chhat
tshîng,松,100,chhêng
tshîng,榕,100,chhêng
pin-nn̂g,檳榔,100,pin-nn̂g
phuē,稗,100,phōe
kiô,茄,100,kiô
tshài-thâu,菜頭,100,chhài-thâu
gû-lin,牛乳,50,gû-lin
hiānn,艾,50,hiāⁿ
hò,荷,50,hò
sann-khak,三麴,25,saⁿ-khak
khu-phiô,丘萍,25,khu-phiô
tiong-iū,中柚,25,tiong-iū
káu-tsô,九槽,25,káu-chô
kiú-kiong,九芎,25,kiú-kiong
lin-tsháu,乳草,25,lin-chháu
lin-tîn,乳藤,25,lin-tîn
kan-kuah,乾葛,25,kan-koah
a-sam,亞杉,25,a-sam
jîn-kí,仁𣏌,25,jîn-kí
hu̍t-siú,佛手,25,hu̍t-siú
tshik-peh,側柏,25,chhek-peh
pueh-kak,八角,25,poeh-kak
phànn-khīng,冇柏,25,phàⁿ-khēng
phànn-kuì,冇桂,25,phàⁿ-kùi
phànn-tsiunn,冇樟,25,phàⁿ-chiuⁿ
tshì-á,刺仔,25,chhì-á
tshì-keh,刺格,25,chhì-keh
tshì-tông,刺桐,25,chhì-tông
tshì-lâm,刺楠,25,chhì-lâm
tshì-tik,刺竹,25,chhì-tek
tshì-kiô,刺茄,25,chhì-kiô
tshì-tsháu,刺草,25,chhì-chháu
tshì-hīng,刺莧,25,chhì-hēng
tshì-tshang,刺葱,25,chhì-chhang
tshì-soo,刺蒐,25,chhì-so͘
pak-tsio,北蕉,25,pak-chio
puàn-hā,半夏,25,poàn-hā
kńg-peh,卷柏,25,kńg-peh
kāu-khak,厚殼,25,kāu-khak
siong-lio̍k,商陸,25,siong-lio̍k
siān-po̍k,善薄,25,siān-po̍k
tshuì-tsháu,嘴草,25,chhùi-chháu
phùn-seh,噴雪,25,phùn-seh
thóo-sam,土杉,25,thó͘-sam
thóo-lâm,土楠,25,thó͘-lâm
thóo-tsiunn,土樟,25,thó͘-chiuⁿ
thóo-hun,土烟,25,thó͘-hun
thóo-hun,土煙,25,thó͘-hun
thóo-ho̍k,土茯,25,thó͘-ho̍k
thôo-hiunn,土香,25,thô͘-hiuⁿ
tē-ting,地丁,25,tē-teng
suî-liú,垂柳,25,sûi-liú
poo-lûn,埔崙,25,po͘-lûn
poo-tiū,埔稻,25,po͘-tiū
hē-bê,夏粥,25,hē-bê
iā-ha̍p,夜合,25,iā-ha̍p
tuā-phànn,大冇,25,tōa-phàⁿ
tuā-tsó,大棗,25,tōa-chó
tuā-tshinn,大菁,25,tōa-chhiⁿ
tuā-tshài,大菜,25,tōa-chhài
tuā-phiô,大萍,25,tōa-phiô
tuā-be̍h,大麥,25,tōa-be̍h
thian-tsháu,天草,25,thian-chháu
siā-kan,射干,25,siā-kan
sió-tshinn,小菁,25,sió-chhiⁿ
sió-be̍h,小麥,25,sió-be̍h
suann-nai,山奈,25,soaⁿ-nai
suann-sam,山杉,25,soaⁿ-sam
suann-khīng,山柏,25,soaⁿ-khēng
suann-khī,山柿,25,soaⁿ-khī
suann-lâi,山梨,25,soaⁿ-lâi
suann-tsang,山棕,25,soaⁿ-chang
suann-tshîng,山榕,25,soaⁿ-chhêng
suann-tshat,山漆,25,soaⁿ-chhat
suann-tê,山茶,25,soaⁿ-tê
suann-tshinn,山菁,25,soaⁿ-chhiⁿ
suann-kiok,山菊,25,soaⁿ-kiok
suann-muâ,山麻,25,soaⁿ-môa
tshuan-tshit,川七,25,chhoan-chhit
pa-tau,巴豆,25,pa-tau
pa-tāu,巴豆,25,pa-tāu
tshī-tshang,市葱,25,chhī-chhang
pòo-kiunn,布姜,25,pò͘-kiuⁿ
siông-san,常山,25,siông-san
nî-kam,年柑,25,nî-kam
kóng-á,廣仔,25,kóng-á
gōng-tshiū,戇樹,25,gōng-chhiū
tshiú-io̍h,手藥,25,chhiú-io̍h
pat-á,扒仔,25,pat-á
tánn-tsio,打招,25,táⁿ-chio
buah-tsháu,抹草,25,boah-chháu
iông-phoo,揚波,25,iông-pho͘
phang-kuì,攀桂,25,phang-kùi
táu-iū,斗柚,25,táu-iū
táu-lo̍k,斗鹿,25,táu-lo̍k
tsá-iū,早柚,25,chá-iū
bān-iū,晚柚,25,bān-iū
ge̍h-thô,月桃,25,ge̍h-thô
bo̍k-ha̍k,木斛,25,bo̍k-ha̍k
bo̍k-kua,木瓜,25,bo̍k-koa
ba̍k-lô,木羅,25,ba̍k-lô
ba̍k-hiunn,木香,25,ba̍k-hiuⁿ
pún-tsiunn,本樟,25,pún-chiuⁿ
pún-tshinn,本菁,25,pún-chhiⁿ
kuann-á,杆仔,25,koaⁿ-á
lí-á,李仔,25,lí-á
tōo-á,杜仔,25,tō͘-á
siông-ngôo,松梧,25,siông-ngô͘
siông-lô,松蘿,25,siông-lô
tsí-á,枳仔,25,chí-á
tsí-poo,枳枯,25,chí-po͘
khīng-á,柏仔,25,khēng-á
kho-á,柯仔,25,kho-á
kua-thôo,柯土,25,koa-thô͘
kho-si,柯絲,25,kho-si
tshâ-ôo,柴胡,25,chhâ-ô͘
khī-kôo,柿糊,25,khī-kô͘
káu-la̍t,校栗,25,káu-la̍t
káu-tsan,校櫕,25,káu-chan
kuì-ki,桂枝,25,kùi-ki
kuì-tik,桂竹,25,kùi-tek
kuì-hue,桂花,25,kùi-hoe
thô-jîn,桃仁,25,thô-jîn
thô-tik,桃竹,25,thô-tek
kong-lông,桄榔,25,kong-lông
song-tshiū,桑樹,25,song-chhiū
tháng-kam,桶柑,25,tháng-kam
ngôo-tông,梧桐,25,ngô͘-tông
mî-la̍t,棉栗,25,mî-la̍t
tsó-á,棗仔,25,chó-á
iâ-phiô,椰瓢,25,iâ-phiô
iông-muâi,楊梅,25,iông-moâi
phng-siū,楓樹,25,phng-siū
lâm-á,楠仔,25,lâm-á
tshîng-tshiū,榕樹,25,chhêng-chhiū
tsiunn-gû,樟牛,25,chiuⁿ-gû
tshiū-lân,樹蘭,25,chhiū-lân
tshiū-tāu,樹豆,25,chhiū-tāu
tshiū-tshinn,樹青,25,chhiū-chhiⁿ
tshiū-lîng,樹龍,25,chhiū-lêng
ting-tông,橙桐,25,teng-tông
ting-lân,橙欄,25,teng-lân
tuânn-hiunn,檀香,25,tôaⁿ-hiuⁿ
tâi-á,檯仔,25,tâi-á
luân-tshiū,欒樹,25,loân-chhiū
lám-jîn,欖仁,25,lám-jîn
tsí-kiong,止宮,25,chí-kiong
tsiànn-tshîng,正榕,25,chiàⁿ-chhêng
khak-tshài,殼菜,25,khak-chhài
mô-khī,毛柿,25,mô-khī
kiû-lân,毬蘭,25,kiû-lân
tsuí-kam,水柑,25,chúi-kam
tsuí-liú,水柳,25,chúi-liú
tsuí-tsik,水燭,25,chúi-chek
tsuí-tîn,水籐,25,chúi-tîn
tsuí-ōo,水芋,25,chúi-ō͘
tsuí-kiô,水茄,25,chúi-kiô
tsuí-tsháu,水草,25,chúi-chháu
iû-bo̍k,油木,25,iû-bo̍k
iû-sam,油杉,25,iû-sam
iû-tshîng,油杉,25,iû-chhêng
iû-kam,油柑,25,iû-kam
iû-tê,油茶,25,iû-tê
iû-muâ,油麻,25,iû-môa
hái-tông,海棠,25,hái-tông
lîm-lî,淋漓,25,lîm-lî
tām-tik,淡竹,25,tām-tek
siap-lâi,澁梨,25,siap-lâi
siap-hio̍h,澁葉,25,siap-hio̍h
ti̍k-lân,澤蘭,25,te̍k-lân
oo-sam,烏杉,25,o͘-sam
oo-tshîng,烏榕,25,o͘-chhêng
oo-tāu,烏豆,25,o͘-tāu
oo-muâ,烏麻,25,o͘-môa
hun-tsháu,煙草,25,hun-chháu
nuā-sim,爛心,25,nōa-sim
gû-tsiunn,牛樟,25,gû-chiuⁿ
giû-tshik,牛膝,25,giû-chhek
káu-tsit,狗脊,25,káu-chit
bíng-tshiū,猛樹,25,béng-chhiū
to̍k-hua̍t,獨活,25,to̍k-hoa̍t
giô-tsí,玉枳,25,giô-chí
tinn-kiat,甜橘,25,tiⁿ-kiat
tinn-tshài,甜菜,25,tiⁿ-chhài
tinn-be̍h,甜麥,25,tiⁿ-be̍h
tshinn-kiunn,生姜,25,chhiⁿ-kiuⁿ
tshân-tshinn,田菁,25,chhân-chhiⁿ
tshân-tsû,田薯,25,chhân-chû
pe̍h-á,白仔,25,pe̍h-á
pe̍h-mn̂g,白們,25,pe̍h-mn̂g
pe̍h-pû,白匏,25,pe̍h-pû
pe̍h-khing,白柏,25,pe̍h-kheng
pe̍h-tông,白桐,25,pe̍h-tông
pe̍h-muî,白梅,25,pe̍h-mûi
pe̍h-tshîng,白榕,25,pe̍h-chhêng
pe̍h-tshiū,白樹,25,pe̍h-chhiū
pe̍h-tāu,白豆,25,pe̍h-tāu
pe̍h-gûn,白銀,25,pe̍h-gûn
pe̍h-lîn,白隣,25,pe̍h-lîn
pe̍h-muâ,白麻,25,pe̍h-môa
tsinn-tik,矢竹,25,chiⁿ-tek
tsio̍h-kiàm,石劍,25,chio̍h-kiàm
tsio̍h-phok,石博,25,chio̍h-phok
tsio̍h-ge̍h,石月,25,chio̍h-ge̍h
tsio̍h-tshîng,石松,25,chio̍h-chhêng
tsio̍h-lîng,石柃,25,chio̍h-lêng
tsio̍h-liú,石柳,25,chio̍h-liú
sia̍h-liû,石榴,25,sia̍h-liû
tsio̍h-tsu,石櫧,25,chio̍h-chu
tsio̍h-siap,石澁,25,chio̍h-siap
tsio̍h-tik,石竹,25,chio̍h-tek
tsio̍h-tsû,石薯,25,chio̍h-chû
bé-tsî,碼薯,25,bé-chî
bō-tsháu,磨草,25,bō-chháu
kî-gāi,祈艾,25,kî-gāi
siù-ing,秀英,25,siù-eng
tshiu-lân,秋蘭,25,chhiu-lân
tiû-á,稠仔,25,tiû-á
tsang-bo̍k,稯木,25,chang-bo̍k
tik-peh,竹柏,25,tek-peh
tsìnn-tik,箭竹,25,chìⁿ-tek
bí-tāu,米豆,25,bí-tāu
hun-tsio,粉蕉,25,hun-chio
phoh-á,粕仔,25,phoh-á
kôo-thu,糊樗,25,kô͘-thu
khong-lông,糠榔,25,khong-lông
âng-sam,紅杉,25,âng-sam
âng-kam,紅柑,25,âng-kam
âng-tshâ,紅柴,25,âng-chhâ
âng-tsó,紅棗,25,âng-chó
âng-tām,紅淡,25,âng-tām
âng-tsu,紅珠,25,âng-chu
âng-phê,紅皮,25,âng-phê
âng-tik,紅竹,25,âng-tek
âng-phiô,紅萍,25,âng-phiô
sò-sim,素心,25,sò-sim
sòo-hiunn,素香,25,sò͘-hiuⁿ
tsú-tuânn,紫檀,25,chú-tôaⁿ
sè-sin,細辛,25,sè-sin
si-kue,絲瓜,25,si-koe
li̍k-tsiunn,綠樟,25,le̍k-chiuⁿ
lik-tik,綠竹,25,lek-tek
eng-be̍h,罌麥,25,eng-be̍h
iûnn-tāu,羊豆,25,iûⁿ-tāu
bah-tāu,肉豆,25,bah-tāu
siau-lâm,肖楠,25,siau-lâm
ho-tsio,胡椒,25,ho-chio
la̍h-tshì,臘刺,25,la̍h-chhì
tshàu-hīng,臭杏,25,chhàu-hēng
tshàu-tsiunn,臭樟,25,chhàu-chiuⁿ
tshàu-kue,臭瓜,25,chhàu-koe
tsi-muâ,芝麻,25,chi-môa
hue-tshó,花草,25,hoe-chhó
khóo-thu,苦株,25,khó͘-thu
khóo-līng,苦楝,25,khó͘-lēng
khóo-tê,苦茶,25,khó͘-tê
khóo-muâ,苦麻,25,khó͘-môa
thú-muâ,苧麻,25,thú-môa
bak-nī,茉莉,25,bak-nī
huê-hiunn,茴香,25,hôe-hiuⁿ
tê-muî,茶梅,25,tê-mûi
tê-lân,茶蘭,25,tê-lân
tang-o,茼萵,25,tang-o
tsháu-se,草紗,25,chháu-se
hò-siū,荷樹,25,hò-siū
kuann-bâng,菅芒,25,koaⁿ-bâng
kak-hue,菊花,25,kak-hoe
tshong-pô,菖蒲,25,chhong-pô
tshài-hue,菜花,25,chhài-hoe
tshài-tāu,菜豆,25,chhài-tāu
lâi-ho̍k,萊菔,25,lâi-ho̍k
suan-á,萱仔,25,soan-á
pián-thiok,萹蓄,25,pián-thiok
kuah-tsû,葛薯,25,koah-chû
kuah-tîn,葛藤,25,koah-tîn
pôo-kuî,蒲葵,25,pô͘-kûi
tsi̍t-lê,蒺藜,25,chi̍t-lê
tshio̍h-tsháu,蓆草,25,chhio̍h-chháu
pi-muâ,蓖麻,25,pi-môa
thong-tshó,蓪草,25,thong-chhó
lô-tîn,蔞藤,25,lô-tîn
muâ-á,蔴仔,25,môa-á
muâ-tik,蔴竹,25,môa-tek
tshì-muî,蕀梅,25,chhì-mûi
huan-kam,蕃柑,25,hoan-kam
huan-hue,蕃花,25,hoan-hoe
huan-tshinn,蕃菁,25,hoan-chhiⁿ
huan-kiunn,蕃薑,25,hoan-kiuⁿ
huan-be̍h,蕃麥,25,hoan-be̍h
huan-sué,蕃黍,25,hoan-sóe
kiô-be̍h,蕎麥,25,kiô-be̍h
lōo-tîn,蕗藤,25,lō͘-tîn
keh-niau,蕨猫,25,keh-niau
po̍h-phê,薄皮,25,po̍h-phê
po̍h-ho,薄荷,25,po̍h-ho
kiunn-n̂g,薑黃,25,kiuⁿ-n̂g
tsû-táu,薯斗,25,chû-táu
tsû-tāu,薯豆,25,chû-tāu
tîn-tsû,藤薯,25,tîn-chû
io̍h-hóo,藥虎,25,io̍h-hó͘
lōo-sué,蘆黍,25,lō͘-sóe
soo-bo̍k,蘇木,25,so͘-bo̍k
soo-thih,蘇鐵,25,so͘-thih
pîn-pô,蘋婆,25,pîn-pô
hóo-tshì,虎刺,25,hó͘-chhì
tsuâ-pô,蛇婆,25,chôa-pô
tsuâ-pho,蛇波,25,chôa-pho
bit-iū,蜜柚,25,bit-iū
pián-tsiong,蝙章,25,pián-chiong
hê-bé,蝦尾,25,hê-bé
ia̍h-lân,蝶蘭,25,ia̍h-lân
thâng-sái,蟲屎,25,thâng-sái
tsîm-tshài,蟳菜,25,chîm-chhài
tshâm-tāu,蠶豆,25,chhâm-tāu
huih-tông,血桐,25,huih-tông
huih-tîn,血藤,25,huih-tîn
kak-tshài,角菜,25,kak-chhài
tāu-hóo,豆虎,25,tāu-hó͘
kòng-á,貢仔,25,kòng-á
kuàn-tsiòng,貫眾,25,koàn-chiòng
tshiah-ko,赤柯,25,chhiah-ko
tshiah-kua,赤柯,25,chhiah-koa
tshiah-káu,赤校,25,chhiah-káu
tshiah-iông,赤榕,25,chhiah-iông
tshiah-phê,赤皮,25,chhiah-phê
tshiah-lân,赤蘭,25,chhiah-lân
tshiah-liû,赤鱗,25,chhiah-liû
uán-tsì,遠志,25,oán-chì
sng-kiat,酸橘,25,sng-kiat
sng-tìn,酸藤,25,sng-tìn
kim-kam,金柑,25,kim-kam
kim-tsuánn,金盞,25,kim-chóaⁿ
kim-sún,金筍,25,kim-sún
kim-ing,金英,25,kim-eng
kau-tîn,鈎藤,25,kau-tîn
kau-tîn,鉤藤,25,kau-tîn
thih-á,鐵仔,25,thih-á
thih-tshiū,鐵樹,25,thih-chhiū
hông-kí,防巳,25,hông-kí
hông-hong,防風,25,hông-hong
kue-bâi,雞眉,25,koe-bâi
seh-kam,雪柑,25,seh-kam
tshinn-tông,青桐,25,chhiⁿ-tông
tshinn-png,青楓,25,chhiⁿ-png
tshi-siunn,青箱,25,chhi-siuⁿ
tshinn-o,青荷,25,chhiⁿ-o
tshinn-phiô,青萍,25,chhiⁿ-phiô
hong-tîn,風藤,25,hong-tîn
hong-kóo,風鼓,25,hong-kó͘
hiunn-sam,香杉,25,hiuⁿ-sam
hiong-kó,香果,25,hiong-kó
hiunn-kam,香柑,25,hiuⁿ-kam
hiunn-iū,香柚,25,hiuⁿ-iū
hiunn-kuì,香桂,25,hiuⁿ-kùi
phang-lâi,香梨,25,phang-lâi
hiunn-lâm,香楠,25,hiuⁿ-lâm
hiunn-jû,香榆,25,hiuⁿ-jû
hiong-iân,香櫞,25,hiong-iân
hiunn-hû,香符,25,hiuⁿ-hû
phang-hue,香花,25,phang-hoe
hiong-jû,香茹,25,hiong-jû
hiunn-tsháu,香草,25,hiuⁿ-chháu
phang-tsháu,香草,25,phang-chháu
ko-pue,高杯,25,ko-poe
hî-tîn,魚藤,25,hî-tîn
tsiáu-lâi,鳥梨,25,chiáu-lâi
tsiáu-tshîng,鳥榕,25,chiáu-chhêng
tsiáu-tsiunn,鳥樟,25,chiáu-chiuⁿ
kue-kè,鷄冠,25,koe-kè
kue-iû,鷄油,25,koe-iû
kue-bâi,鷄眉,25,koe-bâi
iâm-pô,鹽婆,25,iâm-pô
lo̍k-pn̄g,鹿飯,25,lo̍k-pn̄g
be̍h-á,麥仔,25,be̍h-á
bi̍k-tshong,麥葱,25,be̍k-chhong
n̂g-peh,黃柏,25,n̂g-peh
n̂g-kam,黃柑,25,n̂g-kam
n̂g-kun,黃根,25,n̂g-kun
n̂g-tsuí,黃槿,25,n̂g-chúi
n̂g-kú,黃櫸,25,n̂g-kú
n̂g-phî,黃皮,25,n̂g-phî
n̂g-tîn,黃籐,25,n̂g-tîn
n̂g-sik,黃粟,25,n̂g-sek
n̂g-tîn,黃藤,25,n̂g-tîn
n̂g-muâ,黃麻,25,n̂g-môa
n̂g-kí,黃𣏌,25,n̂g-kí
sué-á,黍仔,25,sóe-á
tshú-khak,鼠麴,25,chhú-khak
kí-thok,齒托,25,kí-thok
ku-hue,龜花,25,ku-hoe
ōng-lâi,𦬬萊,25,ōng-lâi
it-ki-hiunn,一枝香,16,it-ki-hiuⁿ
it-tiám-hông,一點紅,16,it-tiám-hông
tshit-hōo-liân,七厚蓮,16,chhit-hō͘-liân
tshit-tshùn-kim,七寸金,16,chhit-chhùn-kim
tshit-ji̍t-n̄g,七日暈,16,chhit-ji̍t-n̄g
tshit-lí-hiong,七星香,16,chhit-lí-hiong
tshit-hio̍h-liân,七葉蓮,16,chhit-hio̍h-liân
tshit-lí-hiong,七里香,16,chhit-lí-hiong
sann-pán-to,三版刀,16,saⁿ-pán-to
sann-hī-tsháu,三耳草,16,saⁿ-hī-chháu
sann-kha-ting,三脚丁,16,saⁿ-kha-teng
sann-kha-pia̍t,三脚別,16,saⁿ-kha-pia̍t
sann-kha-tiāu,三脚掉,16,saⁿ-kha-tiāu
sann-kha-phî,三脚皮,16,saⁿ-kha-phî
sann-kha-hóo,三脚虎,16,saⁿ-kha-hó͘
sann-kha-pih,三脚鼈,16,saⁿ-kha-pih
sann-kha-puà,三角破,16,saⁿ-kha-pòa
sann-kha-pih,三角鼈,16,saⁿ-kha-pih
sann-pih-pí,三鼈比,16,saⁿ-pih-pí
put-liû-hîng,不留行,16,put-liû-hêng
m̄-kiann-king,不驚經,16,m̄-kiaⁿ-keng
m̄-kiann-tê,不驚茶,16,m̄-kiaⁿ-tê
tshǹg-phīnn-lîng,串鼻龍,16,chhǹg-phīⁿ-lêng
kiú-kiong-kū,九芎舅,16,kiú-kiong-kū
káu-tîng-tshe,九重吹,16,káu-têng-chhe
khit-tshia̍h-uánn,乞食碗,16,khit-chhia̍h-óaⁿ
lin-á-tsháu,乳仔草,16,lin-á-chháu
gōo-the̍h-kiô,五宅茄,16,gō͘-the̍h-kiô
gōo-kun-tsháu,五根草,16,gō͘-kun-chháu
ngóo-jiáu-jiông,五爪絨,16,ngó͘-jiáu-jiông
ngóo-jiáu-lîng,五爪龍,16,ngó͘-jiáu-lêng
gōo-kha-lí,五脚里,16,gō͘-kha-lí
góo-lîng-lân,五龍蘭,16,gó͘-lêng-lân
tsínn-pinn-tsháu,井邊草,16,chíⁿ-piⁿ-chháu
jîn-biān-tik,人面竹,16,jîn-biān-tek
jîn-tshì-tshang,仁刺葱,16,jîn-chhì-chhang
sian-pa-tsiúnn,仙巴掌,16,sian-pa-chiúⁿ
hô-siú-oo,何首烏,16,hô-siú-o͘
hu̍t-thâu-kó,佛頭果,16,hu̍t-thâu-kó
sù-kun-tsú,使君子,16,sù-kun-chú
tó-tuē-kióng,倒地拱,16,tó-tōe-kióng
tó-tuē-lîng,倒地柃,16,tó-tōe-lêng
tó-kî-lîn,倒麒麟,16,tó-kî-lîn
siong-si̍t-tsháu,傷食草,16,siong-si̍t-chháu
guân-siau-kam,元宵柑,16,goân-siau-kam
thòo-á-tshài,兔仔草,16,thò͘-á-chhài
thòo-hī-tsháu,兔耳草,16,thò͘-hī-chháu
lāi-tang-tsí,內冬子,16,lāi-tang-chí
pat-kuà-tsháu,八卦草,16,pat-kòa-chháu
pueh-kak-á,八角仔,16,poeh-kak-á
pueh-kak-liân,八角蓮,16,poeh-kak-liân
kong-sun-kiat,公孫橘,16,kong-sun-kiat
la̍k-ge̍h-seh,六月雪,16,la̍k-ge̍h-seh
la̍k-liàm-á,六棯仔,16,la̍k-liàm-á
la̍k-kiám-á,六檢仔,16,la̍k-kiám-á
la̍k-kak-ing,六角英,16,la̍k-kak-eng
la̍k-kak-tsháu,六角草,16,la̍k-kak-chháu
tsài-sing-kiat,再生橘,16,chài-seng-kiat
líng-pn̄g-tîn,冷飯藤,16,léng-pn̄g-tîn
tshìn-pn̄g-tîn,凊飯藤,16,chhìn-pn̄g-tîn
tshut-sing-láu,出生老,16,chhut-seng-láu
to-siong-tsháu,刀傷草,16,to-siong-chháu
tò-kè-tsháu,到繼草,16,tò-kè-chháu
tshì-tōo-bi̍t,刺杜蜜,16,chhì-tō͘-bi̍t
tshì-kam-á,刺柑仔,16,chhì-kam-á
tshì-keh-á,刺格仔,16,chhì-keh-á
tshì-kiû-hue,刺毬花,16,chhì-kiû-hoe
tshì-tshang-tshiū,刺葱樹,16,chhì-chhang-chhiū
tsián-jiông-hue,剪絨花,16,chián-jiông-hoe
ka-ji̍p-kū,加入舅,16,ka-ji̍p-kū
ka-po̍h-mî,加薄棉,16,ka-po̍h-mî
sip-lí-hiong,十里香,16,sip-lí-hiong
tshian-kun-puih,千斤拔,16,chhian-kun-puih
tshian-lí-kong,千里光,16,chhian-lí-kong
gōo-sî-tsháu,午時草,16,gō͘-sî-chháu
lâm-hong-tsháu,南風草,16,lâm-hong-chháu
kāu-khak-á,厚殼仔,16,kāu-khak-á
kau-khak-kuì,厚殼桂,16,kau-khak-kùi
sim-á-hio̍h,參仔葉,16,sim-á-hio̍h
kháu-kha-á,口脚仔,16,kháu-kha-á
kóo-gua̍t-kun,古月根,16,kó͘-goa̍t-kun
tông-tī-tsháu,同治草,16,tông-tī-chháu
hiòng-thian-tsuánn,向天盞,16,hiòng-thian-chóaⁿ
hiòng-thian-hông,向天黃,16,hiòng-thian-hông
kā-lâng-niau,咬人猫,16,kā-lâng-niau
hâm-hong-tsháu,咸豐草,16,hâm-hong-chháu
to-nî-á,哆哖仔,16,to-nî-á
lā-lí-á,嘮哩仔,16,lā-lí-á
sù-kuì-tshun,四季春,16,sù-kùi-chhun
sù-kuì-kiat,四季橘,16,sù-kùi-kiat
sù-sî-tshun,四時春,16,sù-sî-chhun
sù-bí-tsháu,四米草,16,sù-bí-chháu
sì-hio̍h-tshài,四葉菜,16,sì-hio̍h-chhài
sì-hio̍h-liân,四葉蓮,16,sì-hio̍h-liân
înn-á-hue,圓仔花,16,îⁿ-á-hoe
înn-tshài-thâu,圓菜頭,16,îⁿ-chhài-thâu
thóo-puàn-hā,土半夏,16,thó͘-poàn-hā
thóo-tshuan-nî,土川連,16,thó͘-chhoan-nî
thóo-tîm-hiunn,土沈香,16,thó͘-tîm-hiuⁿ
thóo-giû-tshit,土牛七,16,thó͘-giû-chhit
thóo-jio̍k-kuì,土肉桂,16,thó͘-jio̍k-kùi
thóo-ho̍k-lîng,土茯苓,16,thó͘-ho̍k-lêng
thôo-tāu-kū,土豆舅,16,thô͘-tāu-kū
tuē-giâ-kang,地蜈蚣,16,tōe-giâ-kang
tē-kut-phî,地骨皮,16,tē-kut-phî
poo-lûn-á,埔崙仔,16,po͘-lûn-á
poo-pit-á,埔筆仔,16,po͘-pit-á
poo-tsháu-iūnn,埔草樣,16,po͘-chháu-iūⁿ
poo-iâm-á,埔鹽仔,16,po͘-iâm-á
hē-koo-tsháu,夏枯草,16,hē-ko͘-chháu
hâ-phî-lâm,夏皮楠,16,hâ-phî-lâm
tāi-ting-hông,大丁黃,16,tāi-teng-hông
tuā-phànn-tshiū,大冇樹,16,tōa-phàⁿ-chhiū
tuā-huê-hûn,大回魂,16,tōa-hôe-hûn
tuā-gōng-tshiū,大戇樹,16,tōa-gōng-chhiū
tuā-táu-iū,大斗柚,16,tōa-táu-iū
tuā-phànn-tshiū,大有樹,16,tōa-phàⁿ-chhiū
tuā-tsuí-phiô,大水萍,16,tōa-chúi-phiô
tāi-kah-tsháu,大甲草,16,tāi-kah-chháu
tuā-pe̍h-hue,大白花,16,tōa-pe̍h-hoe
tuā-âng-sim,大紅心,16,tōa-âng-sim
tuā-âng-hue,大紅花,16,tōa-âng-hoe
tuā-huan-hûn,大翻魂,16,tōa-hoan-hûn
tuā-hio̍h-phànn,大葉冇,16,tōa-hio̍h-phàⁿ
tuā-hio̍h-tōo,大葉杜,16,tōa-hio̍h-tō͘
tuā-hio̍h-lâm,大葉楠,16,tōa-hio̍h-lâm
tuā-phû-tô,大葡萄,16,tōa-phû-tô
tuā-thè-hông,大退癀,16,tōa-thè-hông
tuā-kim-ing,大金英,16,tōa-kim-eng
tuā-thâu-tê,大頭茶,16,tōa-thâu-tê
tuā-thâu-tshang,大頭葱,16,tōa-thâu-chhang
tuā-hong-tsháu,大風草,16,tōa-hong-chháu
tuā-hong-tîn,大風藤,16,tōa-hong-tîn
tāi-hông-tsháu,大黃草,16,tāi-hông-chháu
thian-lâm-sing,天南星,16,thian-lâm-seng
thian-bûn-tong,天門冬,16,thian-bûn-tong
kip-tik-thô,夾竹桃,16,kip-tek-thô
ko-pô-ōo,姑婆芋,16,ko-pô-ō͘
ui-lîng-sian,威靈仙,16,ui-lêng-sian
bēng-tsong-tik,孟宗竹,16,bēng-chong-tek
tīng-king-tsháu,定經草,16,tēng-keng-chháu
gî-hoo-tuan,宜呼端,16,gî-ho͘-toan
hu-kuì-tāu,富貴豆,16,hu-kùi-tāu
sió-lé-hue,小禮花,16,sió-lé-hoe
sió-huan-hûn,小翻魂,16,sió-hoan-hûn
sió-kim-ing,小金英,16,sió-kim-eng
tsiam-bé-hong,尖尾峯,16,chiam-bé-hong
tsiam-bé-hong,尖尾風,16,chiam-bé-hong
bé-ia̍h-hue,尾蝶花,16,bé-ia̍h-hoe
suann-siann-tsa,山仙查,16,soaⁿ-siaⁿ-cha
suann-tshì-kue,山刺瓜,16,soaⁿ-chhì-koe
suann-sù-ing,山四英,16,soaⁿ-sù-eng
suann-thôo-tāu,山土豆,16,soaⁿ-thô͘-tāu
suann-poo-kiunn,山埔姜,16,soaⁿ-po͘-kiuⁿ
suann-poo-iâm,山埔鹽,16,soaⁿ-po͘-iâm
suann-pòo-tsí,山布子,16,soaⁿ-pò͘-chí
suann-tang-iū,山東柚,16,soaⁿ-tang-iū
suann-gî-pê,山枇杷,16,soaⁿ-gî-pê
suann-nâ-tâu,山林投,16,soaⁿ-nâ-tâu
suann-kam-á,山柑仔,16,soaⁿ-kam-á
suann-iū-á,山柚仔,16,soaⁿ-iū-á
suann-kun-lîng,山根龍,16,soaⁿ-kun-lêng
suann-kuì-hue,山桂花,16,soaⁿ-kùi-hoe
suann-suāinn-á,山檨仔,16,soaⁿ-soāiⁿ-á
suann-pin-nn̂g,山檳榔,16,soaⁿ-pin-nn̂g
suann-eng-thô,山櫻桃,16,soaⁿ-eng-thô
suann-tsuí-liú,山水柳,16,soaⁿ-chúi-liú
suann-ti̍k-lân,山澤蘭,16,soaⁿ-te̍k-lân
suann-hun-tsháu,山煙草,16,soaⁿ-hun-chháu
suann-gû-lin,山牛乳,16,soaⁿ-gû-lin
suann-ti-kê,山猪枷,16,soaⁿ-ti-kê
suann-ti-bah,山猪肉,16,soaⁿ-ti-bah
suann-ti-kuann,山猪肝,16,soaⁿ-ti-koaⁿ
suann-kue-tshài,山瓜菜,16,soaⁿ-koe-chhài
suann-pe̍h-tshài,山白菜,16,soaⁿ-pe̍h-chhài
suann-bé-tsî,山碼薯,16,soaⁿ-bé-chî
suann-âng-be̍h,山紅麥,16,soaⁿ-âng-be̍h
suann-sòo-ing,山素英,16,soaⁿ-sò͘-eng
suann-tsí-soo,山紫蘇,16,soaⁿ-chí-so͘
suann-iûnn-sái,山羊屎,16,soaⁿ-iûⁿ-sái
suann-iûnn-hī,山羊耳,16,soaⁿ-iûⁿ-hī
suann-jio̍k-kuì,山肉桂,16,soaⁿ-jio̍k-kùi
suann-bah-tāu,山肉豆,16,soaⁿ-bah-tāu
suann-ho-tsio,山胡椒,16,soaⁿ-ho-chio
suann-tshàu-tsiunn,山臭樟,16,soaⁿ-chhàu-chiuⁿ
suann-king-tsio,山芎蕉,16,soaⁿ-keng-chio
suann-phû-iông,山芙蓉,16,soaⁿ-phû-iông
suann-kuà-tshài,山芥菜,16,soaⁿ-kòa-chhài
suann-khóo-līng,山苦楝,16,soaⁿ-khó͘-lēng
suann-khóo-kue,山苦瓜,16,soaⁿ-khó͘-koe
suann-tê-á,山茶仔,16,soaⁿ-tê-á
suann-hīng-tshài,山莕菜,16,soaⁿ-hēng-chhài
suann-kuann-lân,山菅蘭,16,soaⁿ-koaⁿ-lân
suann-tshài-tāu,山菜豆,16,soaⁿ-chhài-tāu
suann-pe-lîng,山菠薐,16,soaⁿ-pe-lêng
suann-kuah-tshài,山葛菜,16,soaⁿ-koah-chhài
suann-phû-tô,山葡萄,16,soaⁿ-phû-tô
suann-suàn-thâu,山蒜頭,16,soaⁿ-soàn-thâu
suann-neh-kiau,山蕨猫,16,soaⁿ-neh-kiau
suann-io̍k-tsû,山藥薯,16,soaⁿ-io̍k-chû
suann-ti-bah,山豬肉,16,soaⁿ-ti-bah
suann-tsha̍t-á,山賊仔,16,soaⁿ-chha̍t-á
suann-hiunn-înn,山香圓,16,soaⁿ-hiuⁿ-îⁿ
suann-bé-tê,山馬茶,16,soaⁿ-bé-tê
suann-bé-tê,山馬蹄,16,soaⁿ-bé-tê
suann-tsiáu-tsiunn,山鳥樟,16,soaⁿ-chiáu-chiuⁿ
suann-iâm-tshinn,山鹽菁,16,soaⁿ-iâm-chhiⁿ
suann-iâm-sng,山鹽酸,16,soaⁿ-iâm-sng
suann-n̂g-kinn,山黃梔,16,soaⁿ-n̂g-kiⁿ
suann-iûnn-muâ,山黃麻,16,soaⁿ-iûⁿ-môa
suann-gîng-gíng,山龍眼,16,soaⁿ-gêng-géng
pòo-pòo-oo,布布烏,16,pò͘-pò͘-o͘
pòo-kut-siau,布骨梢,16,pò͘-kut-siau
sai-kong-giang,師公銒,16,sai-kong-giang
siông-san-nî,常山尼,16,siông-san-nî
siông-san-tshiū,常山樹,16,siông-san-chhiū
bō-á-tún,帽仔盾,16,bō-á-tún
liân-siau-kam,年宵柑,16,liân-siau-kam
kóng-hio̍h-sam,廣葉杉,16,kóng-hio̍h-sam
sim-kong-tsháu,心廣草,16,sim-kong-chháu
jím-tang-tîn,忍冬藤,16,jím-tang-tîn
ò-giô-tsí,愛玉子,16,ò-giô-chí
gōng-gōng-tsháu,戇戇草,16,gōng-gōng-chháu
phah-bóo-tshài,打妻菜,16,phah-bó͘-chhài
khînn-piah-tîn,扲壁藤,16,khîⁿ-piah-tîn
hû-song-hue,扶桑花,16,hû-song-hoe
liam-la̍t-á,拈力仔,16,liam-la̍t-á
tsńg-kah-hue,指甲花,16,chńg-kah-hoe
sàu-tshiú-tsháu,掃箒草,16,sàu-chhiú-chháu
tuah-phīnn-tsháu,掇鼻草,16,toah-phīⁿ-chháu
tsiap-kut-tang,接骨筒,16,chiap-kut-tang
tsiap-kut-tsháu,接骨草,16,chiap-kut-chháu
tshuah-phīnn-tsháu,擦鼻草,16,chhoah-phīⁿ-chháu
bûn-tsu-lân,文珠蘭,16,bûn-chu-lân
bûn-thâu-ké,文頭菓,16,bûn-thâu-ké
ji̍t-ji̍t-tshun,日日春,16,ji̍t-ji̍t-chhun
tsá-liân-tsháu,早蓮草,16,chá-liân-chháu
ge̍h-lâi-hiong,月來香,16,ge̍h-lâi-hiong
ba̍k-lông-tshiū,木浪樹,16,ba̍k-lông-chhiū
bo̍k-tsi̍k-tsháu,木賊草,16,bo̍k-che̍k-chháu
bo̍k-muâ-hông,木麻黃,16,bo̍k-môa-hông
bo̍k-pih-tsú,木鼈子,16,bo̍k-pih-chú
tsu-tsú-tsháu,朱子草,16,chu-chú-chháu
phoh-á-tsháu,朴仔草,16,phoh-á-chháu
kuann-á-phê,杆仔皮,16,koaⁿ-á-phê
tōo-bi̍t-tshiū,杜蜜樹,16,tō͘-bi̍t-chhiū
siông-lô-tōo,松蘿杜,16,siông-lô-tō͘
nâ-tâu-koo,林投菰,16,nâ-tâu-ko͘
koo-lí-tin,枯里珍,16,ko͘-lí-tin
khīng-á-tshiū,柏仔樹,16,khēng-á-chhiū
liú-á-hông,柳仔黃,16,liú-á-hông
liú-hio̍h-kiô,柳葉茄,16,liú-hio̍h-kiô
tshâ-tsńg-kah,柴指甲,16,chhâ-chńg-kah
khī-kôo-bo̍k,柿糊木,16,khī-kô͘-bo̍k
tshe-thâu-hîng,栖頭恒,16,chhe-thâu-hêng
kuì-tik-á,桂竹仔,16,kùi-tek-á
tông-tsi-tshiū,桐子樹,16,tông-chi-chhiū
tông-tsí-tshiū,桐子樹,16,tông-chí-chhiū
sng-tsâi-á,桑材仔,16,sng-châi-á
tháng-kau-tîn,桶鈎藤,16,tháng-kau-tîn
kak-á-tik,桷仔竹,16,kak-á-tek
iûnn-muî-thô,楊梅桃,16,iûⁿ-mûi-thô
se-tsí-á,樨枳仔,16,se-chí-á
tshiū-tsí-á,樹子仔,16,chhiū-chí-á
tshiū-tsháu-liân,樹草蓮,16,chhiū-chháu-liân
lám-jîn-kū,欖仁舅,16,lám-jîn-kū
bú-hia-tîn,武靴藤,16,bú-hia-tîn
mn̂g-tsiong-kun,毛將軍,16,mn̂g-chiong-kun
mô-khī-keh,毛柿格,16,mô-khī-keh
tsuí-ting-hiunn,水丁香,16,chúi-teng-hiuⁿ
tsuí-ting-hông,水丁黃,16,chúi-teng-hông
tsuí-sian-hue,水仙花,16,chúi-sian-hoe
tsuí-tang-kue,水冬瓜,16,chúi-tang-koe
tsuí-to-nî,水刀連,16,chúi-to-nî
tsuí-kho-á,水柯仔,16,chúi-kho-á
tsuí-liú-á,水柳仔,16,chúi-liú-á
tsuí-liú-kho,水柳柯,16,chúi-liú-kho
tsuí-kang-lîng,水江龍,16,chúi-kang-lêng
tsuí-liû-kho,水流柯,16,chúi-liû-kho
tsuí-pit-á,水筆仔,16,chúi-pit-á
tsuí-kóng-sim,水管心,16,chúi-kóng-sim
tsuí-khûn-tshài,水芹菜,16,chúi-khûn-chhài
tsuí-khûn-tshái,水芹菜,16,chúi-khûn-chhái
tsuí-ka-tang,水茄苳,16,chúi-ka-tang
tsuí-láu-tsháu,水荖草,16,chúi-láu-chháu
tsuí-liân-hue,水蓮花,16,chúi-liân-hoe
tsuí-lôo-tik,水蘆竹,16,chúi-lô͘-tek
tsuí-kòng-á,水貢仔,16,chúi-kòng-á
tsuí-tsha̍t-á,水賊仔,16,chúi-chha̍t-á
tsuí-kim-tiānn,水金定,16,chúi-kim-tiāⁿ
tsiú-gím-hue,水錦花,16,chiú-gím-hoe
tsuí-hûn-á,水魂仔,16,chúi-hûn-á
tsuí-kue-iû,水鷄油,16,chúi-koe-iû
tsuí-iâm-sng,水鹽酸,16,chúi-iâm-sng
iû-tông-tshiū,油桐樹,16,iû-tông-chhiū
iû-tê-tshiū,油茶樹,16,iû-tê-chhiū
iû-hio̍h-lâm,油葉楠,16,iû-hio̍h-lâm
iû-hio̍h-tê,油葉茶,16,iû-hio̍h-tê
hái-poo-kiunn,海埔姜,16,hái-po͘-kiuⁿ
hái-lâi-kam,海梨柑,16,hái-lâi-kam
hái-suāinn-á,海檨仔,16,hái-soāiⁿ-á
hái-iông-phoo,海洋波,16,hái-iông-pho͘
hái-ka-tang,海茄苳,16,hái-ka-tang
hái-ka-tîn,海茄藤,16,hái-ka-tîn
tshing-bîng-tsháu,清明草,16,chheng-bêng-chháu
un-tsiu-sam,溫州杉,16,un-chiu-sam
muá-thian-sing,滿天星,16,móa-thian-seng
muá-suann-âng,滿山紅,16,móa-soaⁿ-âng
tshat-tshit-tshiū,漆七樹,16,chhat-chhit-chhiū
tsiunn-linn-á,漿乳仔,16,chiuⁿ-liⁿ-á
siap-á-tshiū,澁仔樹,16,siap-á-chhiū
te̍k-lân-tsháu,澤蘭草,16,te̍k-lân-chháu
hé-sio-kua,火燒柯,16,hé-sio-koa
hé-kn̂g-tik,火管竹,16,hé-kn̂g-tek
phàu-á-tsháu,炮仔草,16,phàu-á-chháu
uî-hōo-sian,為候仙,16,ûi-hō͘-sian
oo-á-tshài,烏仔菜,16,o͘-á-chhài
oo-tshì-á,烏刺仔,16,o͘-chhì-á
oo-tshì-kiô,烏刺茄,16,o͘-chhì-kiô
oo-tsí-kiô,烏子茄,16,o͘-chí-kiô
oo-sim-tsio̍h,烏心石,16,o͘-sim-chio̍h
oo-tshâi-á,烏材仔,16,o͘-chhâi-á
oo-tshâi-khī,烏材柿,16,o͘-chhâi-khī
oo-kam-á,烏柑仔,16,o͘-kam-á
oo-hun-hue,烏煙花,16,o͘-hun-hoe
oo-tshân-oo,烏田烏,16,o͘-chhân-o͘
oo-phê-tê,烏皮茶,16,o͘-phê-tê
oo-tik-á,烏竹仔,16,o͘-tek-á
oo-hio̍h-iū,烏葉柚,16,o͘-hio̍h-iū
oo-kue-bú,烏雞母,16,o͘-koe-bú
oo-bīn-bé,烏面馬,16,o͘-bīn-bé
oo-hî-hue,烏魚花,16,o͘-hî-hoe
oo-kue-kut,烏鷄骨,16,o͘-koe-kut
bô-kun-tsháu,無根草,16,bô-kun-chháu
bû-hua-kô,無花果,16,bû-hoa-kô
bô-thâu-hiunn,無頭香,16,bô-thâu-hiuⁿ
ting-á-tsháu,燈仔草,16,teng-á-chháu
ting-sim-tsháu,燈心草,16,teng-sim-chháu
ting-phing-á,燈秤仔,16,teng-pheng-á
ting-phîng-hue,燈秤花,16,teng-phêng-hoe
ting-tshing-hue,燈稱花,16,teng-chheng-hoe
nuānn-sim-bo̍k,爛心木,16,nōaⁿ-sim-bo̍k
gû-lin-pông,牛乳房,16,gû-lin-pông
gû-lin-tshiū,牛乳樹,16,gû-lin-chhiū
gû-sái-tê,牛屎茶,16,gû-sái-tê
giû-sim-lâi,牛心梨,16,giû-sim-lâi
gû-kak-uai,牛角歪,16,gû-kak-oai
gû-kak-hue,牛角花,16,gû-kak-hoe
gû-tùn-tsháu,牛頓草,16,gû-tùn-chháu
gû-kut-á,牛骨仔,16,gû-kut-á
gû-tsang-tshì,牛鬃刺,16,gû-chang-chhì
luê-piah-tshì,犁壁刺,16,lôe-piah-chhì
luê-piah-tsháu,犁壁草,16,lôe-piah-chháu
luê-piah-tîn,犁壁藤,16,lôe-piah-tîn
káu-bé-tsháu,狗尾草,16,káu-bé-chháu
káu-sái-kue,狗屎瓜,16,káu-sái-koe
káu-lia̍p-bí,狗粒米,16,káu-lia̍p-bí
káu-kha-tuê,狗腳蹄,16,káu-kha-tôe
káu-kut-á,狗骨仔,16,káu-kut-á
káu-kut-siau,狗骨消,16,káu-kut-siau
ti-bú-lin,猪母乳,16,ti-bú-lin
ti-bú-tsháu,猪母草,16,ti-bú-chháu
ti-kha-lâm,猪脚楠,16,ti-kha-lâm
kâu-huann-hí,猴歡喜,16,kâu-hoaⁿ-hí
ông-put-liû,王不留,16,ông-put-liû
tin-tiong-pit,珍中筆,16,tin-tiong-pit
tsu-á-tsháu,珠仔草,16,chu-á-chháu
pan-tsi-tshiū,班芝樹,16,pan-chi-chhiū
liû-kiû-tik,琉球竹,16,liû-kiû-tek
kue-tsi-tsháu,瓜子草,16,koe-chi-chháu
ìng-tshài-hông,甕菜黃,16,èng-chhài-hông
kam-a-bi̍t,甘仔蜜,16,kam-a-bi̍t
kam-á-bìt,甘仔蜜,16,kam-á-bìt
tinn-á-puânn,甜仔盤,16,tiⁿ-á-pôaⁿ
tshinn-to-tsháu,生刀草,16,chhiⁿ-to-chháu
tshinn-to-io̍h,生刀藥,16,chhiⁿ-to-io̍h
tshinn-ki-hiunn,生支香,16,chhiⁿ-ki-hiuⁿ
tshân-oo-tsháu,田烏草,16,chhân-o͘-chháu
tshân-ōo-á,田芋仔,16,chhân-ō͘-á
tshân-pinn-tsháu,田邊草,16,chhân-piⁿ-chháu
tshân-hiunn-tsháu,田香草,16,chhân-hiuⁿ-chháu
ting-khiā-u,登竪杇,16,teng-khiā-u
ting-lông-tsháu,登郎草,16,teng-lông-chháu
pe̍h-kî-tshun,白其春,16,pe̍h-kî-chhun
pe̍h-pû-á,白匏仔,16,pe̍h-pû-á
pe̍h-kāu-phoh,白厚朴,16,pe̍h-kāu-phoh
pe̍h-poo-kiunn,白埔姜,16,pe̍h-po͘-kiuⁿ
pe̍h-khun-tsháu,白昆草,16,pe̍h-khun-chháu
pe̍h-tshîng-peh,白松柏,16,pe̍h-chhêng-peh
pe̍h-káu-tsan,白校櫕,16,pe̍h-káu-chan
pe̍h-tshiū-á,白樹仔,16,pe̍h-chhiū-á
pe̍h-sia̍h-liû,白石榴,16,pe̍h-sia̍h-liû
pe̍h-tsí-soo,白紫蘇,16,pe̍h-chí-so͘
pe̍h-bah-iū,白肉柚,16,pe̍h-bah-iū
pe̍h-bah-tshîng,白肉榕,16,pe̍h-bah-chhêng
pe̍h-bah-tāu,白肉豆,16,pe̍h-bah-tāu
pe̍h-hue-tsháu,白花草,16,pe̍h-hoe-chháu
pe̍h-khóo-thiāu,白苦柱,16,pe̍h-khó͘-thiāu
pe̍h-kiok-hue,白菊花,16,pe̍h-kiok-hoe
pe̍h-pi-sián,白萆蘚,16,pe̍h-pi-sián
pe̍h-hio̍h-ē,白葉下,16,pe̍h-hio̍h-ē
pe̍h-hio̍h-á,白葉仔,16,pe̍h-hio̍h-á
pe̍h-hio̍h-iū,白葉柚,16,pe̍h-hio̍h-iū
pe̍h-tsi̍t-lê,白蒺藜,16,pe̍h-chi̍t-lê
peh-tsû-nn̂g,白薯榔,16,peh-chû-nn̂g
pe̍h-hiong-hù,白香附,16,pe̍h-hiong-hù
pe̍h-bé-sái,白馬屎,16,pe̍h-bé-sái
pe̍h-hōng-tshài,白鳳菜,16,pe̍h-hōng-chhài
pe̍h-kue-kè,白鷄冠,16,pe̍h-koe-kè
pe̍h-kue-iû,白鷄油,16,pe̍h-koe-iû
pah-ji̍t-tsháu,百日草,16,pah-ji̍t-chháu
pah-jit-tshinn,百日青,16,pah-jit-chhiⁿ
hông-tè-tāu,皇帝豆,16,hông-tè-tāu
ah-bú-tsháu,益母草,16,ah-bú-chháu
hiong-si-siū,相思樹,16,hiong-si-siū
siunn-su-tsháu,相思草,16,siuⁿ-su-chháu
tsin-hong-tîn,真風藤,16,chin-hong-tîn
tsìnn-tik-á,矢竹仔,16,chìⁿ-tek-á
tsio̍h-lîng-kū,石柃舅,16,chio̍h-lêng-kū
tsio̍h-tsu-á,石珠仔,16,chio̍h-chu-á
tsio̍h-tik-á,石竹仔,16,chio̍h-tek-á
tsio̍h-tshiong-pô,石菖蒲,16,chio̍h-chhiong-pô
tsio̍h-tshiong-pôo,石菖蒲,16,chio̍h-chhiong-pô͘
tsio̍h-thâu-iū,石頭柚,16,chio̍h-thâu-iū
phuà-pòo-tsí,破布子,16,phòa-pò͘-chí
phuà-pòo-bo̍k,破布木,16,phòa-pò͘-bo̍k
uánn-kong-hue,碗公花,16,óaⁿ-kong-hoe
uánn-lîng-tshiū,碗龍樹,16,óaⁿ-lêng-chhiū
mn̂g-huē-bak,磅蟹目,16,mn̂g-hōe-bak
mn̂g-huē-tsháu,磅蟹草,16,mn̂g-hōe-chháu
bō-á-tsháu,磨仔草,16,bō-á-chháu
hok-tsiu-sam,福州杉,16,hok-chiu-sam
tsu̍t-bí-tsháu,秫米草,16,chu̍t-bí-chháu
hi-tshiam-tsháu,稀簽草,16,hi-chhiam-chháu
tshuan-san-liông,穿山龍,16,chhoan-san-liông
tik-á-tshài,竹仔菜,16,tek-á-chhài
tik-á-hio̍h,竹仔葉,16,tek-á-hio̍h
tik-tsat-hông,竹節黃,16,tek-chat-hông
tik-hio̍h-lâm,竹葉楠,16,tek-hio̍h-lâm
pit-á-tsháu,筆仔草,16,pit-á-chháu
pit-tâng-tshiū,筆筒樹,16,pit-tâng-chhiū
pit-lô-tsí,筆羅子,16,pit-lô-chí
kun-thâu-tik,筋頭竹,16,kun-thâu-tek
tsat-tsat-âng,節節紅,16,chat-chat-âng
tsat-tsat-hue,節節花,16,chat-chat-hoe
tîn-tik-á,籐竹仔,16,tîn-tek-á
bí-nâ-tsháu,米籃草,16,bí-nâ-chháu
tshoo-khng-á,粗糠仔,16,chho͘-khng-á
tshoo-khng-kak,粗糠壳,16,chho͘-khng-kak
pùn-ki-tîn,糞箕藤,16,pùn-ki-tîn
âng-lin-tsháu,紅乳草,16,âng-lin-chháu
âng-kāu-khak,紅厚殼,16,âng-kāu-khak
âng-tsí-á,紅子仔,16,âng-chí-á
âng-sim-á,紅心仔,16,âng-sim-á
âng-tshîng-peh,紅松柏,16,âng-chhêng-peh
âng-káu-tsan,紅校櫕,16,âng-káu-chan
âng-mn̂g-tsháu,紅毛草,16,âng-mn̂g-chháu
âng-tām-pí,紅淡比,16,âng-tām-pí
âng-tsu-á,紅珠仔,16,âng-chu-á
âng-tsu-bo̍k,紅珠木,16,âng-chu-bo̍k
âng-tshân-oo,紅田烏,16,âng-chhân-o͘
âng-phê-kua,紅皮柯,16,âng-phê-koa
âng-sia̍h-liû,紅石榴,16,âng-sia̍h-liû
âng-tsí-soo,紅紫蘇,16,âng-chí-so͘
âng-bah-tōo,紅肉杜,16,âng-bah-tō͘
âng-ka-tang,紅茄苳,16,âng-ka-tang
âng-pi-muâ,紅蓖麻,16,âng-pi-môa
âng-ì-á,紅薏仔,16,âng-ì-á
âng-bīn-huan,紅面番,16,âng-bīn-hoan
âng-kut-tsuâ,紅骨蛇,16,âng-kut-chôa
âng-hōng-tshài,紅鳳菜,16,âng-hōng-chhài
suè-hio̍h-lâm,細葉楠,16,sòe-hio̍h-lâm
sù-bî-tsháu,絮薇草,16,sù-bî-chháu
si-suànn-tsháu,絲線草,16,si-sòaⁿ-chháu
lik-san-ôo,綠珊瑚,16,lek-san-ô͘
tiû-tshun-hue,綢春花,16,tiû-chhun-hoe
tàu-piah-hông,罩壁黃,16,tàu-piah-hông
iûnn-tài-lâi,羊帶來,16,iûⁿ-tài-lâi
iûnn-kang-tshì,羊牨刺,16,iûⁿ-kang-chhì
iûnn-kak-tāu,羊角豆,16,iûⁿ-kak-tāu
gī-nâ-puânn,義藍盤,16,gī-nâ-pôaⁿ
huan-hûn-tsháu,翻魂草,16,hoan-hûn-chháu
hī-kau-tsháu,耳鉤草,16,hī-kau-chháu
ian-tsi-hue,胭脂花,16,ian-chi-hoe
kha-bú-tsháu,脚母草,16,kha-bú-chháu
kha-bak-tsháu,脚目草,16,kha-bak-chháu
kha-pe̍h-sún,腳白筍,16,kha-pe̍h-sún
sàn-huih-tsháu,臭天黃,16,sàn-huih-chháu
tshàu-sái-lâm,臭屎楠,16,chhàu-sái-lâm
tshàu-sái-kue,臭屎瓜,16,chhàu-sái-koe
tshàu-tshuan-kiong,臭川芎,16,chhàu-chhoan-kiong
tshàu-kám-tsháu,臭敢草,16,chhàu-kám-chháu
tshàu-khang-á,臭空仔,16,chhàu-khang-á
tshàu-tsho-tsháu,臭臊草,16,chhàu-chho-chháu
tshàu-phû-iông,臭芙蓉,16,chhàu-phû-iông
ōo-koo-tsháu,芋菰草,16,ō͘-ko͘-chháu
khóo-līng-kang,苦楝江,16,khó͘-lēng-kang
khóo-līng-kū,苦楝舅,16,khó͘-lēng-kū
khóo-kue-tsháu,苦瓜草,16,khó͘-koe-chháu
khóo-nâ-puânn,苦藍盤,16,khó͘-nâ-pôaⁿ
ing-á-tsháu,英仔草,16,eng-á-chháu
tang-e-tshài,苳萵菜,16,tang-e-chhài
hm̂-á-tsháu,茅仔草,16,hm̂-á-chháu
bâ-lî-tik,茅茹竹,16,bâ-lî-tek
ba̍k-nī-hue,茉莉花,16,ba̍k-nī-hoe
ka-pe̍h-sún,茭白筍,16,ka-pe̍h-sún
tê-sî-hông,茶匙黃,16,tê-sî-hông
tê-bí-tsháu,茶米草,16,tê-bí-chháu
tê-si-hông,茶絲黃,16,tê-si-hông
tâng-o-tshài,茼萵菜,16,tâng-o-chhài
hô-lân-tsû,荷蘭薯,16,hô-lân-chû
ho-lin-tāu,荷蘭豆,16,ho-lin-tāu
tshinn-hong-tsháu,菁方草,16,chhiⁿ-hong-chháu
kiok-hue-bo̍k,菊花木,16,kiok-hoe-bo̍k
tshài-to-tāu,菜刀豆,16,chhài-to-tāu
tshài-tsháu-thâu,菜草頭,16,chhài-chháu-thâu
bān-siū-kó,萬壽果,16,bān-siū-kó
bān-liân-siông,萬年松,16,bān-liân-siông
bān-kun-tsháu,萬斤草,16,bān-kun-chháu
bān-thô-hue,萬桃花,16,bān-thô-hoe
bān-tiám-kim,萬點金,16,bān-tiám-kim
pián-thiok-tsháu,萹蓄草,16,pián-thiok-chháu
lo̍h-khak-tsan,落殼櫕,16,lo̍h-khak-chan
hio̍h-ē-tsu,葉下珠,16,hio̍h-ē-chu
hio̍h-ē-pe̍h,葉下白,16,hio̍h-ē-pe̍h
hio̍h-ē-âng,葉下紅,16,hio̍h-ē-âng
kuah-tîn-tsháu,葛藤草,16,koah-tîn-chháu
hô-lôo-pû,葫蘆匏,16,hô-lô͘-pû
pôo-kong-ing,蒲公英,16,pô͘-kong-eng
kuà-tshiú-hiunn,蓋手香,16,kòa-chhiú-hiuⁿ
pi-muâ-á,蓖麻仔,16,pi-môa-á
liân-tsiau-hue,蓮蕉花,16,liân-chiau-hoe
tshuà-pán-tsháu,蔡板草,16,chhòa-pán-chháu
huan-á-tshì,蕃仔刺,16,hoan-á-chhì
huan-á-uan,蕃仔灣,16,hoan-á-oan
huan-á-hue,蕃仔花,16,hoan-á-hoe
huan-á-tîn,蕃仔藤,16,hoan-á-tîn
huan-á-tāu,蕃仔豆,16,hoan-á-tāu
huan-tshì-á,蕃刺仔,16,hoan-chhì-á
huan-pô-uân,蕃婆怨,16,hoan-pô-oân
huan-pô-tshiū,蕃婆樹,16,hoan-pô-chhiū
huan-pô-uan,蕃婆灣,16,hoan-pô-oan
han-tsû-kū,蕃薯舅,16,han-chû-kū
keh-niau-tsháu,蕨猫草,16,keh-niau-chháu
po̍h-kiunn-á,薄姜仔,16,po̍h-kiuⁿ-á
hóo-kā-hông,虎咬廣,16,hó͘-kā-hông
hóo-kā-hông,虎咬癀,16,hó͘-kā-hông
hóo-bé-lân,虎尾蘭,16,hó͘-bé-lân
hóo-m̂-tshì,虎梅刺,16,hó͘-m̂-chhì
hóo-jiáu-tāu,虎爪豆,16,hó͘-jiáu-tāu
hóo-phê-lâm,虎皮楠,16,hó͘-phê-lâm
hôo-hī-tsháu,虎耳草,16,hô͘-hī-chháu
hóo-thâu-kam,虎頭柑,16,hó͘-thâu-kam
sat-bú-tsí,虱母子,16,sat-bú-chí
sat-bú-thâu,虱母頭,16,sat-bú-thâu
sat-pìn-tsháu,虱篦草,16,sat-pìn-chháu
báng-á-hun,蚊仔煙,16,báng-á-hun
juā-á-tsháu,蚋仔草,16,jōa-á-chháu
juē-á-tsháu,蚋仔草,16,jōe-á-chháu
tsuâ-tsi̍h-hông,蛇舌黃,16,chôa-chi̍h-hông
ngôo-bî-tāu,蛾眉豆,16,ngô͘-bî-tāu
hê-kong-tshiu,蝦公鬚,16,hê-kong-chhiu
hê-koo-tsháu,蝦蛄草,16,hê-ko͘-chháu
ôo-tia̍p-lân,蝴蝶蘭,16,ô͘-tia̍p-lân
hôo-sîn-si̍t,蝴蠅翼,16,hô͘-sîn-si̍t
tsîm-kóng-tshài,蟳管菜,16,chîm-kóng-chhài
sîn-si̍t-tsháu,蠅翼草,16,sîn-si̍t-chháu
ô-khak-á,蠔殼仔,16,ô-khak-á
niû-á-tshiū,蠶仔樹,16,niû-á-chhiū
kiàn-hông-hông,見紅黃,16,kiàn-hông-hông
kuan-im-tik,觀音竹,16,koan-im-tek
piàn-tē-hut,變地忽,16,piàn-tē-hut
ti-sái-tshài,豬屎菜,16,ti-sái-chhài
ti-tshài-tsháu,豬菜草,16,ti-chhài-chháu
niau-kong-tshi,貓公刺,16,niau-kong-chhi
tsha̍t-á-tshiū,賊仔樹,16,chha̍t-á-chhiū
sù-bí-tsháu,賜米草,16,sù-bí-chháu
tshiah-kun-tshài,赤根菜,16,chhiah-kun-chhài
tshiah-huih-á,赤血仔,16,chhiah-huih-á
tsáu-bé-thai,走馬胎,16,cháu-bé-thai
ku-tsiân-tsháu,車前草,16,ku-chiân-chháu
kè-suann-hiunn,過山香,16,kè-soaⁿ-hiuⁿ
kuè-suann-lîng,過山龍,16,kòe-soaⁿ-lêng
kè-kang-lîng,過江龍,16,kè-kang-lêng
ké-kau-tshái,過溝菜,16,ké-kau-chhái
kè-kau-lîng,過溝龍,16,kè-kau-lêng
sik-kia-kó,釋迦果,16,sek-kia-kó
kim-put-huàn,金不換,16,kim-put-hoàn
kim-tsài-kau,金再鈎,16,kim-chài-kau
kim-kiàm-tsháu,金劍草,16,kim-kiàm-chháu
kim-ha̍p-huan,金合歡,16,kim-ha̍p-hoan
kim-siā-liû,金榭榴,16,kim-siā-liû
kim-tsio̍h-ha̍k,金石斛,16,kim-chio̍h-ha̍k
kim-sia̍h-liû,金石榴,16,kim-sia̍h-liû
kim-tsio̍h-uí,金石韋,16,kim-chio̍h-úi
kim-suànn-liân,金線蓮,16,kim-sòaⁿ-liân
kim-hī-tuī,金耳墜,16,kim-hī-tūi
kim-tsiam-tshài,金針菜,16,kim-chiam-chhài
kim-gûn-hue,金銀花,16,kim-gûn-hoe
kim-só-sî,金鎖匙,16,kim-só-sî
kim-hî-tsháu,金魚草,16,kim-hî-chháu
kim-ku-tshiū,金龜樹,16,kim-ku-chhiū
liú-á-kiô,鈕仔茄,16,liú-á-kiô
tshìng-tshn̂g-lâm,銃床楠,16,chhèng-chhn̂g-lâm
kim-hī-tsháu,錦耳草,16,kim-hī-chháu
thih-sái-lâm,鐵屎楠,16,thih-sái-lâm
thih-kûn-thâu,鐵拳頭,16,thih-kûn-thâu
thih-bo̍k-kùn,鐵木棍,16,thih-bo̍k-kùn
thih-sik-tshiū,鐵色樹,16,thih-sek-chhiū
thih-tiò-kuann,鐵釣竿,16,thih-tiò-koaⁿ
thih-kau-tsháu,鐵鉤草,16,thih-kau-chháu
thih-hōo-suànn,鐵雨傘,16,thih-hō͘-sòaⁿ
thih-bí-pinn,鐵馬鞭,16,thih-bí-piⁿ
thih-kut-mn̂g,鐵骨毛,16,thih-kut-mn̂g
tn̂g-ki-á,長枝仔,16,tn̂g-ki-á
khui-pî-tsháu,開脾草,16,khui-pî-chháu
kuan-to-tāu,關刀豆,16,koan-to-tāu
a-lí-sim,阿里參,16,a-lí-sim
sang-bīn-tshì,雙面刺,16,sang-bīn-chhì
hōo-suànn-á,雨傘仔,16,hō͘-sòaⁿ-á
hōo-suànn-á,雨傘子,16,hō͘-sòaⁿ-á
luî-kong-tshìng,雷公銃,16,lûi-kong-chhèng
tshinn-ba̍k-hiunn,青木香,16,chhiⁿ-ba̍k-hiuⁿ
tshinn-phê-tāu,青皮豆,16,chhiⁿ-phê-tāu
tshinn-o-tsháu,青萵草,16,chhiⁿ-o-chháu
bîn-thâu-ké,面頭菓,16,bîn-thâu-ké
bīn-thâu-ké,面頭菓,16,bīn-thâu-ké
ām-sê-tāu,頷垂豆,16,ām-sê-tāu
hong-put-tōng,風不動,16,hong-put-tōng
hong-thai-tsháu,風颱草,16,hong-thai-chháu
bé-kháu-tshiū,馬口樹,16,bé-kháu-chhiū
bé-bé-si,馬尾絲,16,bé-bé-si
bé-tê-kim,馬蹄金,16,bé-tê-kim
bé-uann-tîn,馬鞍藤,16,bé-oaⁿ-tîn
bé-pinn-tsháu,馬鞭草,16,bé-piⁿ-chháu
bé-khí-tāu,馬齒豆,16,bé-khí-tāu
kut-tshuì-pòo,骨碎補,16,kut-chhùi-pò͘
kuâinn-tshiûnn-iū,高墻柚,16,koâiⁿ-chhiûⁿ-iū
kuí-liú-kun,鬼柳根,16,kúi-liú-kun
hî-tsho-tsháu,魚臊草,16,hî-chho-chháu
hî-tsiam-tsháu,魚針草,16,hî-chiam-chháu
hî-liu-tsháu,魚鰌草,16,hî-liu-chháu
lóo-huà-tshiū,魯化樹,16,ló͘-hòa-chhiū
tsit-á-tánn,鯽仔膽,16,chit-á-táⁿ
tsit-hî-tánn,鯽魚膽,16,chit-hî-táⁿ
hau-khak-tshì,鱟壳刺,16,hau-khak-chhì
hāu-khak-tshì,鱟壳刺,16,hāu-khak-chhì
hāu-khak-tîn,鱟壳藤,16,hāu-khak-tîn
tsiáu-á-hue,鳥仔花,16,chiáu-á-hoe
tsiáu-á-tāu,鳥仔豆,16,chiáu-á-tāu
tsiáu-sái-tshîng,鳥屎榕,16,chiáu-sái-chhêng
tsiáu-kiān-hue,鳥腱花,16,chiáu-kiān-hoe
tsiáu-ta̍h-tshì,鳥踏刺,16,chiáu-ta̍h-chhì
hōng-bé-tik,鳳尾竹,16,hōng-bé-tek
hōng-bé-pit,鳳尾筆,16,hōng-bé-pit
hōng-bé-tsháu,鳳尾草,16,hōng-bé-chháu
hōng-bé-hông,鳳尾黃,16,hōng-bé-hông
ah-tshuì-hông,鴨嘴黃,16,ah-chhùi-hông
ap-bú-tshiū,鴨母樹,16,ap-bú-chhiū
ah-bú-tsu,鴨母珠,16,ah-bú-chu
ah-bú-tsháu,鴨母草,16,ah-bú-chháu
ah-kiān-tîn,鴨腱藤,16,ah-kiān-tîn
ah-kha-pê,鴨腳筢,16,ah-kha-pê
ah-kha-sué,鴨腳黍,16,ah-kha-sóe
ah-tsi̍h-tsháu,鴨舌草,16,ah-chi̍h-chháu
ah-chi̍h-hông,鴨舌黃,16,ah-chi̍h-hông
ah-tsih-hông,鴨舌黃,16,ah-chih-hông
ah-tsi̍h-hông,鴨舌黃,16,ah-chi̍h-hông
ah-tuê-tsháu,鴨蹄草,16,ah-tôe-chháu
ap-mâ-kua̍t,鴨麻瓜,16,ap-mâ-koa̍t
giâ-á-tsháu,鵞仔草,16,giâ-á-chháu
giâ-á-tshài,鵞仔菜,16,giâ-á-chhài
keh-tsiáu-hue,鵲鳥花,16,keh-chiáu-hoe
ing-jiáu-thô,鶯爪桃,16,eng-jiáu-thô
kue-kè-hue,鷄冠花,16,koe-kè-hoe
kue-sái-tîn,鷄屎藤,16,koe-sái-tîn
kue-bú-tsú,鷄母子,16,koe-bú-chú
kue-bú-tsu,鷄母珠,16,koe-bú-chu
kue-jiáu-lân,鷄爪蘭,16,koe-jiáu-lân
kue-kha-tsháu,鷄脚草,16,koe-kha-chháu
kue-kha-lân,鷄脚蘭,16,koe-kha-lân
kue-tn̂g-tsháu,鷄腸草,16,koe-tn̂g-chháu
kue-tsih-hông,鷄舌黃,16,koe-chih-hông
kue-tsi̍h-hông,鷄舌黃,16,koe-chi̍h-hông
kue-phang-tîn,鷄香藤,16,koe-phang-tîn
kue-kut-hông,鷄骨癀,16,koe-kut-hông
kue-kak-kong,鷄鵤公,16,koe-kak-kong
ing-hio̍h-tshì,鷹葉刺,16,eng-hio̍h-chhì
iâm-tang-hue,鹽東花,16,iâm-tang-hoe
iâm-sng-á,鹽桑仔,16,iâm-sng-á
iâm-sng-tsháu,鹽酸草,16,iâm-sng-chháu
lo̍k-á-tshiū,鹿仔樹,16,lo̍k-á-chhiū
lo̍k-á-tshài,鹿仔菜,16,lo̍k-á-chhài
lo̍k-jiông-tshàu,鹿茸草,16,lo̍k-jiông-chhàu
beh-suī-hong,麥穗黃,16,beh-sūi-hong
bi̍k-bûn-tong,麥門冬,16,be̍k-bûn-tong
n̂g-sim-á,黃心仔,16,n̂g-sim-á
n̂g-tsuí-kiô,黃水茄,16,n̂g-chúi-kiô
n̂g-ba̍k-tsí,黃目子,16,n̂g-ba̍k-chí
n̂g-bah-tshiū,黃肉樹,16,n̂g-bah-chhiū
n̂g-ôo-ia̍p,黃蝴蝶,16,n̂g-ô͘-ia̍p
n̂g-kim-kuì,黃金桂,16,n̂g-kim-kùi
oo-ba̍k-á,黑目仔,16,o͘-ba̍k-á
pih-á-tsháu,鼈仔草,16,pih-á-chháu
tiann-tshuè-tîn,鼎刷藤,16,tiaⁿ-chhòe-tîn
tiann-tshe-tîn,鼎炊藤,16,tiaⁿ-chhe-tîn
tshú-bé-hông,鼠尾紅,16,chhú-bé-hông
tsháu-bé-hông,鼠尾黃,16,chháu-bé-hông
tshú-bé-hông,鼠尾黃,16,chhú-bé-hông
tshú-kun-hông,鼠筋黃,16,chhú-kun-hông
tshú-khak-tsháu,鼠麴草,16,chhú-khak-chháu
lîng-thòo-tsu,龍吐珠,16,lêng-thò͘-chu
lîng-tsi̍h-hông,龍舌黃,16,lêng-chi̍h-hông
lîng-tsûn-hue,龍船花,16,lêng-chûn-hoe
lîng-tshiu-tîn,龍鬚藤,16,lêng-chhiu-tîn
lîng-lân-tsháu,龍麟草,16,lêng-lân-chháu
tsu̍t-bí-tsháu,𥟇米草,16,chu̍t-bí-chháu
tāi-hî-lân,𩻸魚鱗,16,tāi-hî-lân
sann-hīnn-á-tsháu,三硯仔草,12,saⁿ-hīⁿ-á-chháu
sann-kha-bé-á,三脚馬仔,12,saⁿ-kha-bé-á
sann-kak-iâm-sng,三角鹽酸,12,saⁿ-kak-iâm-sng
sann-kha-pih-tsháu,三角鼈草,12,saⁿ-kha-pih-chháu
káu-lê-á-hue,九螺仔花,12,káu-lê-á-hoe
gōo-tsiúnn-lâm-á,五掌楠仔,12,gō͘-chiúⁿ-lâm-á
góo-jiáu-hún-tîn,五爪粉藤,12,gó͘-jiáu-hún-tîn
gōo-hio̍h-lâm-á,五葉楠仔,12,gō͘-hio̍h-lâm-á
hu̍t-siú-hiunn-kam,佛手香柑,12,hu̍t-siú-hiuⁿ-kam
tó-tuē-giâ-kang,倒地蜈蚣,12,tó-tōe-giâ-kang
tó-té-giâ-kang,倒地蜈蚣,12,tó-té-giâ-kang
lâi-tang-tsí-lâm,內冬子楠,12,lâi-tang-chí-lâm
luē-tē-tsio̍h-liú,內地石柳,12,lōe-tē-chio̍h-liú
lāi-thuànn-tsí-lâm,內炭子楠,12,lāi-thòaⁿ-chí-lâm
to-pán-jîn-tāu,刀板仁豆,12,to-pán-jîn-tāu
lâm-ngóo-bī-tsí,南五味子,12,lâm-ngó͘-bī-chí
lâm-tâu-ngôo-tông,南投梧桐,12,lâm-tâu-ngô͘-tông
kńg-sim-pe̍h-tshài,卷心白菜,12,kńg-sim-pe̍h-chhài
ham-khah-tsînn-tsháu,含殼錢草,12,ham-khah-chîⁿ-chháu
sù-kuì-n̂g-ki,四季黃枝,12,sù-kùi-n̂g-ki
sì-hio̍h-tsí-soo,四葉紫蘇,12,sì-hio̍h-chí-so͘
tē-lōo-giâ-kang,地路蜈蚣,12,tē-lō͘-giâ-kang
tuā-pe̍h-hio̍h-á,大白葉仔,12,tōa-pe̍h-hio̍h-á
tuā-âng-thun-tshiū,大紅椿樹,12,tōa-âng-thun-chhiū
tuā-hio̍h-tshì-tshang,大葉刺葱,12,tōa-hio̍h-chhì-chhang
tuā-hio̍h-tōo-á,大葉杜仔,12,tōa-hio̍h-tō͘-á
tuā-hio̍h-káu-la̍t,大葉校栗,12,tōa-hio̍h-káu-la̍t
tuā-hio̍h-pe̍h-mn̂g,大葉白門,12,tōa-hio̍h-pe̍h-mn̂g
tuā-tiam-ú-sam,大點雨杉,12,tōa-tiam-ú-sam
thian-hông-tsháu-kū,天紅草舅,12,thian-hông-chháu-kū
sió-iûnn-kak-tāu,小羊角豆,12,sió-iûⁿ-kak-tāu
sió-tshú-bé-hông,小鼠尾黃,12,sió-chhú-bé-hông
suann-poo-lûn-á,山埔崙仔,12,soaⁿ-po͘-lûn-á
suann-huan-á-hun,山蕃仔煙,12,soaⁿ-hoan-á-hun
pòo-pòo-oo-tshiū,布布烏樹,12,pò͘-pò͘-o͘-chhiū
bō-á-tùn-tsháu,帽仔盾草,12,bō-á-tùn-chháu
kńg-tang-iû-tông,廣東油桐,12,kńg-tang-iû-tông
phah-puà-uánn-hue,打破碗花,12,phah-pòa-óaⁿ-hoe
liam-la̍t-á-tsháu,拈力仔草,12,liam-la̍t-á-chháu
pua̍t-á-kue-iû,拔仔雞油,12,poa̍t-á-koe-iû
ji̍t-pún-han-tsû,日本番薯,12,ji̍t-pún-han-chû
sî-pió-á-hue,時錶仔花,12,sî-pió-á-hoe
ū-tshì-tshiah-lân,有刺赤蘭,12,ū-chhì-chhiah-lân
bo̍k-kua-king-tsio,木瓜芎蕉,12,bo̍k-koa-keng-chio
tsuí-sian-hue-tsháu,水仙花草,12,chúi-sian-hoe-chháu
tsuí-ting-sim-tsháu,水燈心草,12,chúi-teng-sim-chháu
tsuí-luê-piah-tsháu,水犁壁草,12,chúi-lôe-piah-chháu
tsuí-âng-kut-tsuâ,水紅骨蛇,12,chúi-âng-kut-chôa
tsuí-ti-bú-lin,水豬母乳,12,chúi-ti-bú-lin
tsuí-piàn-tē-gím,水遍地錦,12,chúi-piàn-tē-gím
iû-hio̍h-tōo-á,油葉杜仔,12,iû-hio̍h-tō͘-á
phû-tsuí-liân-hue,浮水蓮花,12,phû-chúi-liân-hoe
hái-tsuá-tsînn-lóo,海紙錢魯,12,hái-chóa-chîⁿ-ló͘
muá-tiánn-kôo-tsháu,滿鼎糊草,12,móa-tiáⁿ-kô͘-chháu
hé-thuànn-lâm-á,火炭楠仔,12,hé-thòaⁿ-lâm-á
oo-á-ba̍k-tsháu,烏仔目草,12,o͘-á-ba̍k-chháu
oo-tsí-á-tsháu,烏子仔草,12,o͘-chí-á-chháu
oo-tsí-á-tshài,烏子仔菜,12,o͘-chí-á-chhài
oo-phê-kiú-kiong,烏皮九芎,12,o͘-phê-kiú-kiong
oo-phê-tsio̍h-lîng,烏皮石柃,12,o͘-phê-chio̍h-lêng
bô-thâu-thôo-hiunn,無頭土香,12,bô-thâu-thô͘-hiuⁿ
gû-kut-á-tshiū,牛骨仔樹,12,gû-kut-á-chhiū
káu-thâu-phû-iông,狗頭芙蓉,12,káu-thâu-phû-iông
ti-bú-lin-kū,猪母乳舅,12,ti-bú-lin-kū
ông-put-liû-hîng,王不留行,12,ông-put-liû-hêng
pan-tik-siunn-si,班竹相思,12,pan-tek-siuⁿ-si
sinn-mn̂g-tsiong-kun,生毛將軍,12,siⁿ-mn̂g-chiong-kun
tshân-oo-á-tsháu,田烏仔草,12,chhân-o͘-á-chháu
tshân-gō-á-tsháu,田臥仔草,12,chhân-gō-á-chháu
huan-á-bo̍k-kua,番仔木瓜,12,hoan-á-bo̍k-koa
pe̍h-koo-soo-hue,白古蘇花,12,pe̍h-ko͘-so͘-hoe
pe̍h-bé-ia̍h-hue,白尾蝶花,12,pe̍h-bé-ia̍h-hoe
pe̍h-suann-han-tsû,白山蕃薯,12,pe̍h-soaⁿ-han-chû
pe̍h-kuì-kiok-hue,白桂菊花,12,pe̍h-kùi-kiok-hoe
pe̍h-tsuí-gím-hue,白水錦花,12,pe̍h-chúi-gím-hoe
pe̍h-ting-khiā-u,白登竪杇,12,pe̍h-teng-khiā-u
pe̍h-ah-bé-tsháu,白益母草,12,pe̍h-ah-bé-chháu
pe̍h-tik-á-tshài,白竹仔菜,12,pe̍h-tek-á-chhài
pe̍h-tshoo-khng-á,白粗糠仔,12,pe̍h-chho͘-khng-á
pe̍h-hue-á-tsháu,白花仔草,12,pe̍h-hoe-á-chháu
pe̍h-hue-á-tshài,白花仔菜,12,pe̍h-hoe-á-chhài
pe̍h-kue-sái-tîn,白鷄屎藤,12,pe̍h-koe-sái-tîn
pe̍h-kue-iû-kū,白鷄油舅,12,pe̍h-koe-iû-kū
pe̍h-lîng-tsûn-hue,白龍船花,12,pe̍h-lêng-chûn-hoe
gíng-á-tún-tsháu,研仔盾草,12,géng-á-tún-chháu
kî-puânn-kha-tshiū,碁盤脚樹,12,kî-pôaⁿ-kha-chhiū
bō-á-tún-tsháu,磨仔盾草,12,bō-á-tún-chháu
âng-sam-tshit-tsháu,紅三七草,12,âng-sam-chhit-chháu
âng-bé-á-tsháu,紅尾仔草,12,âng-bé-á-chháu
âng-bé-ia̍h-hue,紅尾蝶花,12,âng-bé-ia̍h-hoe
âng-kun-á-tsháu,紅根仔草,12,âng-kun-á-chháu
âng-tsu-á-thâu,紅珠仔頭,12,âng-chu-á-thâu
âng-tshân-oo-tsháu,紅田烏草,12,âng-chhân-o͘-chháu
âng-ting-khiā-u,紅登竪杇,12,âng-teng-khiā-u
âng-tik-á-tshài,紅竹仔菜,12,âng-tek-á-chhài
âng-hī-á-tshù,紅耳仔厝,12,âng-hī-á-chhù
âng-hī-á-bi̍t,紅耳仔蜜,12,âng-hī-á-bi̍t
âng-hue-bi̍t-tshài,紅花蜜菜,12,âng-hoe-bi̍t-chhài
âng-tîn-á-tsháu,紅藤仔草,12,âng-tîn-á-chháu
sò-sim-kuann-lân,素心菅蘭,12,sò-sim-koaⁿ-lân
suè-hio̍h-tsuí-tsháu,細葉水草,12,sòe-hio̍h-chúi-chháu
suè-hio̍h-siap-hio̍h,細葉澁葉,12,sòe-hio̍h-siap-hio̍h
suè-hio̍h-pe̍h-mn̂g,細葉白門,12,sòe-hio̍h-pe̍h-mn̂g
suè-hōo-tshì-tshang,細號刺葱,12,sòe-hō͘-chhì-chhang
bián-tiān-hap-huan,緬甸合歡,12,bián-tiān-hap-hoan
iûnn-kak-sam-kiàm,羊角三劍,12,iûⁿ-kak-sam-kiàm
hī-khang-á-tîn,耳空仔藤,12,hī-khang-á-tîn
puî-ti-á-tāu,肥猪仔豆,12,pûi-ti-á-tāu
hue-lê-tshiū-tāu,花螺樹豆,12,hoe-lê-chhiū-tāu
khóo-tiau-á-tsháu,苦柱仔草,12,khó͘-tiau-á-chháu
tsiúnn-tsháu-sim-tsháu,蔣草心草,12,chiúⁿ-chháu-sim-chháu
huan-á-sàu-tshiú,蕃仔掃箒,12,hoan-á-sàu-chhiú
huan-á-nâ-tâu,蕃仔林投,12,hoan-á-nâ-tâu
huan-á-láu-hio̍h,蕃仔荖葉,12,hoan-á-láu-hio̍h
huan-á-han-tsû,蕃仔蕃薯,12,hoan-á-han-chû
huan-á-phang-tsháu,蕃仔香草,12,hoan-á-phang-chháu
huân-á-gîng-gíng,蕃仔龍眼,12,hoân-á-gêng-géng
sat-bú-tsí-tsháu,虱母子草,12,sat-bú-chí-chháu
báng-á-hun-tsháu,蚊仔煙草,12,báng-á-hun-chháu
ham-khah-á-tsháu,蚶壳仔草,12,ham-khah-á-chháu
niû-á-hio̍h-tshiū,蠶仔葉樹,12,niû-á-hio̍h-chhiū
tshiah-phê-tōo-á,赤皮杜仔,12,chhiah-phê-tō͘-á
kè-lo-giâ-kang,過路蜈蚣,12,kè-lo-giâ-kang
kè-lōo-giâ-kang,過路蜈蚣,12,kè-lō͘-giâ-kang
kim-káu-á-mn̂g,金狗仔毛,12,kim-káu-á-mn̂g
kim-tshînn-po̍h-ho,金錢薄荷,12,kim-chhîⁿ-po̍h-ho
kim-tsînn-po̍h-ho,金錢薄荷,12,kim-chîⁿ-po̍h-ho
tìng-tuē-giâ-kang,釘地蜈蚣,12,tèng-tōe-giâ-kang
thih-gû-ji̍p-tsio̍h,鐵牛入石,12,thih-gû-ji̍p-chio̍h
tn̂g-ki-á-tik,長枝仔竹,12,tn̂g-ki-á-tek
tshinn-kâu-kong-tshiū,青猴公樹,12,chhiⁿ-kâu-kong-chhiū
hong-put-tōng-tîn,風不動藤,12,hong-put-tōng-tîn
kuâinn-tshiûnn-tháng-kam,高墻桶柑,12,koâiⁿ-chhiûⁿ-tháng-kam
kue-bû-tsin-tsu,鷄母真珠,12,koe-bû-chin-chu
iâm-sng-á-tsháu,鹽酸仔草,12,iâm-sng-á-chháu
muâ-tāu-bûn-tàn,麻豆文旦,12,môa-tāu-bûn-tàn
muâ-tāu-pe̍h-iū,麻豆白柚,12,môa-tāu-pe̍h-iū
n̂g-hue-á-tsháu,黃花仔草,12,n̂g-hoe-á-chháu
poo-iâm,埔鹽,11,po͘-iâm
ka-tang,茄苳,11,ka-tang
lôo-tik,蘆竹,11,lô͘-tek
káu-tsàn-thah,九層塔,10,káu-chàn-thah
sian-tan,仙丹,10,sian-tan
sian-tsháu,仙草,10,sian-chháu
hâm-siàu,含笑,10,hâm-siàu
thôo-tāu,土豆,10,thô͘-tāu
bûn-tàn,文旦,10,bûn-tàn
tshîng-peh,松柏,10,chhêng-peh
nâ-tâu,林投,10,nâ-tâu
iū-á,柚仔,10,iū-á
khī-á,柿仔,10,khī-á
la̍t-tsí,栗子,10,la̍t-chí
thô-á,桃仔,10,thô-á
muî-á,梅仔,10,mûi-á
lâi-á,梨仔,10,lâi-á
suāinn-á,檨仔,10,soāiⁿ-á
tsuí-phiô,水萍,10,chúi-phiô
oo-tinn,烏甜,10,o͘-tiⁿ
oo-tinn-á,烏甜仔,10,o͘-tiⁿ-á
gio̍k-lân,玉蘭,10,gio̍k-lân
kam-tsià,甘蔗,10,kam-chià
pe̍h-tshài,白菜,10,pe̍h-chhài
tiū-á,稻仔,10,tiū-á
âng-khī,紅柿,10,âng-khī
âng-tshài,紅菜,10,âng-chhài
âng-tshài-thâu,紅菜頭,10,âng-chhài-thâu
li̍k-tāu,綠豆,10,le̍k-tāu
jio̍k-kuì,肉桂,10,jio̍k-kùi
ōo-á,芋仔,10,ō͘-á
king-tsio,芎蕉,10,keng-chio
kuà-tshài,芥菜,10,kòa-chhài
khóo-kue,苦瓜,10,khó͘-koe
nāi-tsi,荔枝,10,nāi-chi
tshài-kue,菜瓜,10,chhài-koe
phû-tô,葡萄,10,phû-tô
tshang-á,葱仔,10,chhang-á
suàn-á,蒜仔,10,soàn-á
si-kue,西瓜,10,si-koe
tāu-tshài,豆菜,10,tāu-chhài
kiō-kǹg-tik,轎槓竹,10,kiō-kǹg-tek
kim-kue,金瓜,10,kim-koe
kú-tshài,韮菜,10,kú-chhài
ko-lê-tshài,高麗菜,10,ko-lê-chhài
gîng-gíng,龍眼,10,gêng-géng
n̂g-ki,黃枝,9,n̂g-ki
pua̍t-á,拔仔,5,poa̍t-á
khûn-tshài,芹菜,5,khûn-chhài
han-tsû,蕃薯,5,han-chû
gî-pê,枇杷,2,gî-pê
pû-á,匏仔,1,pû-á
hiòng-ji̍t-kuî,向日葵,1,hiòng-ji̍t-kûi
kā-lâng-káu,咬人狗,1,kā-lâng-káu
poo-kiunn,埔姜,1,po͘-kiuⁿ
suann-n̂g-ki,山黃枝,1,soaⁿ-n̂g-ki
tah-bah-tshì,搭肉刺,1,tah-bah-chhì
phoh-á,朴仔,1,phoh-á
sam-á,杉仔,1,sam-á
kóo-kí,枸杞,1,kó͘-kí
png-á,楓仔,1,png-á
tshiū-m̂,樹梅,1,chhiū-m̂
tshiū-tsû,樹薯,1,chhiū-chû
kann-ná,橄欖,1,kaⁿ-ná
tsuí-lâi,水梨,1,chúi-lâi
tsuí-tshat,水漆,1,chúi-chhat
tsuí-pit,水筆,1,chúi-pit
iû-tông,油桐,1,iû-tông
pho-lô-bi̍t,波羅蜜,1,pho-lô-bi̍t
pe̍h-jîn,白仁,1,pe̍h-jîn
pe̍h-sua,白沙,1,pe̍h-soa
siunn-si-á,相思仔,1,siuⁿ-si-á
âng-kue-iû,紅鷄油,1,âng-koe-iû
tsí-soo,紫蘇,1,chí-so͘
phû-iông,芙蓉,1,phû-iông
tuē-á,苧仔,1,tōe-á
kiô-á,茄仔,1,kiô-á
hm̂-á,茅仔,1,hm̂-á
hm̂-tsháu,茅草,1,hm̂-chháu
láu-tîn,荖藤,1,láu-tîn
tshinn-á,菁仔,1,chhiⁿ-á
kiok-á,菊仔,1,kiok-á
kiok-hue,菊花,1,kiok-hoe
e-á-tshài,萵仔菜,1,e-á-chhài
tshang-thâu,葱頭,1,chhang-thâu
liân-hue,蓮花,1,liân-hoe
lōo-giō,蕗蕎,1,lō͘-giō
tsû-nn̂g,薯榔,1,chû-nn̂g
lôo-hē,蘆薈,1,lô͘-hē
giâ-kang-tsháu,蜈蚣草,1,giâ-kang-chháu
ia̍h-á-tsháu,蝶仔草,1,ia̍h-á-chháu
hiunn-înn,香圓,1,hiuⁿ-îⁿ
hiang-hm̂,香茅,1,hiang-hm̂
kue-jiû,鷄柔,1,koe-jiû
n̂g-ki-hue,黃枝花,1,n̂g-ki-hoe
