hanzi,tl,frequency
頭,thâu,34601
大,tuā,30086
水,tsuí,18181
年,nî,16886
日,ji̍t,14244
工,kang,12379
跤,kha,10537
風,hong,9297
字,jī,9159
發,huat,9126
影,iánn,9036
厝,tshù,8959
小,sió,8653
分,hun,8581
音,im,8544
花,hue,7690
加,ka,7091
點,tiám,7036
電,tiān,6698
名,miâ,6546
度,tōo,6182
濟,tsē,6126
比,pí,5713
月,gue̍h,5651
邊,pinn,5350
魚,hî,5259
草,tsháu,4667
細,sè,4559
長,tn̂g,4422
正,tsìng,4364
底,té,4318
田,tshân,4120
樹,tshiū,4070
和,hô,3885
詩,si,3665
角,kak,3575
形,hîng,3419
句,kù,3378
燒,sio,3369
望,bōng,3218
紙,tsuá,3134
詞,sû,2871
數,sòo,2832
球,kiû,2784
光,kng,2761
懸,kuân,2753
差,tsha,2740
雨,hōo,2449
班,pan,2292
熱,jia̍t,2275
鼓,kóo,2258
批,phue,1936
圓,înn,1855
除,tî,1812
商,siong,1750
短,té,1674
堅,kian,1553
根,kin,1550
少,tsió,1505
減,kiám,1370
星,tshenn,1288
飛,pue,1258
街,ke,1223
厚,kāu,1200
刻,khik,1154
雲,hûn,1098
節,tsat,1067
粗,tshoo,1050
闊,khuah,1014
鹽,iâm,950
所在,sóo-tsāi,902
板,pán,900
曲,khik,878
鹿,lo̍k,800
冰,ping,750
積,tsik,750
腰,io,750
霧,bū,750
姓,sènn,682
了後,liáu-āu,584
朋友,pîng-iú,574
揀,kíng,550
栽,tsai,550
滾,kún,550
酸,sng,550
象,tshiūnn,531
搶,tshiúnn,500
胃,uī,450
雪,seh,450
老師,lāu-su,394
歕,pûn,350
犁,lê,350
生活,sing-ua̍h,350
肺,hì,350
輪,lián,350
時間,sî-kan,336
學校,ha̍k-hāu,302
扇,sìnn,300
翼,si̍t,300
雺,bông,300
講話,kóng-uē,296
日頭,ji̍t-thâu,284
社會,siā-huē,272
白話字,pe̍h-uē-jī,262
醋,tshòo,250
乘,sîng,228
文化,bûn-huà,215
道理,tō-lí,212
大聲,tuā-siann,210
運動,ūn-tōng,210
性命,sènn-miā,209
撇,phiat,200
穎,ínn,200
感謝,kám-siā,190
天頂,thinn-tíng,188
問題,būn-tê,185
月娘,gue̍h-niû,185
多謝,to-siā,172
自然,tsū-jiân,162
注意,tsù-ì,151
兜,tau,150
著,tù,150
環境,khuân-kíng,145
以前,í-tsîng,138
聲音,siann-im,134
合,kap,133
結果,kiat-kó,126
家庭,ka-tîng,125
進前,tsìn-tsîng,123
媽祖,má-tsóo,101
設計,siat-kè,101
馬祖,má-tsóo,101
作穡,tsoh-sit,100
便所,piān-sóo,100
停車場,thîng-tshia-tiûnn,100
傳統,thuân-thóng,100
公園,kong-hn̂g,100
參詳,tsham-siông,100
唌,siânn,100
基督教,ki-tok-kàu,100
客人,kheh-lâng,100
工場,kang-tiûnn,100
弦,hiân,100
性地,sìng-tē,100
慣勢,kuàn-sì,100
接受,tsiap-siū,100
政治,tsìng-tī,100
教育,kàu-io̍k,100
新聞,sin-bûn,100
智識,tì-sik,100
東南亞,tang-lâm-a,100
樹仔,tshiū-á,100
民主,bîn-tsú,100
法律,huat-lu̍t,100
現象,hiān-siōng,100
症頭,tsìng-thâu,100
科技,kho-ki,100
秒,bió,100
稈,kuáinn,100
紅燈,âng-ting,100
經驗,king-giām,100
網路,bāng-lōo,100
膋,lâ,100
英語,ing-gí,100
葉仔,hio̍h-á,100
討論,thó-lūn,100
語言,gí-giân,100
諞,pián,100
速度,sok-tōo,100
遊戲,iû-hì,100
野球,iá-kiû,100
銀行,gîn-hâng,100
音樂,im-ga̍k,100
鬧熱,lāu-jia̍t,100
鰓,tshi,100
點鐘,tiám-tsing,100
匾,pián,50
弧,hôo,50
砷,sin,50
磁,tsû,50
礬,huân,50
笙,sing,50
箏,tsing,50
芟,sing,50
莖,king,50
虹,khīng,50
蛹,ióng,50
鈔,tshau,50
鉻,kok,50
霾,bâi,50
鰭,kî,50
尾仔,bué-á,30
bàng-gà,bàng-gà,25
gì-tà,gì-tà,25
gí仔,gí-á,25
góo-lòo,góo-lòo,25
hi̍t-á,hi̍t-á,25
há-ti,há-ti,25
ió-gà,ió-gà,25
iú-lih,iú-lih,25
mài-kuh,mài-kuh,25
mè-sù,mè-sù,25
mí-lih,mí-lih,25
mòo-tà,mòo-tà,25
phi̋n-phóng,phi̋n-phóng,25
sa̋n-sín,sa̋n-sín,25
sàng-sòo,sàng-sòo,25
àu-tsirh,àu-tsirh,25
àu-tsuh,àu-tsuh,25
七律,tshit-lu̍t,25
七言,tshit-giân,25
三拍,sam-phik,25
三拍,sann-phik,25
三絃,sam-hiân,25
上殕,tshiūnn-phú,25
上游,siōng-iû,25
上籃,tsiūnn-nâ,25
下游,hā-iû,25
丙酮,piánn-tông,25
並聯,pīng-liân,25
中子,tiong-tsú,25
中板,tiong-pán,25
中游,tiong-iû,25
中笙,tiong-sing,25
中胡,tiong-ôo,25
中藥,tiong-io̍h,25
中醫,tiong-i,25
中鋒,tiong-hong,25
串聯,tshuàn-liân,25
主旨,tsú-tsí,25
主機,tsú-ki,25
主語,tsú-gí,25
主音,tsú-im,25
乘式,sîng-sik,25
乘數,sîng-sòo,25
乘法,sîng-huat,25
乘積,sîng-tsik,25
乘號,sîng-hō,25
乙醇,it-sûn,25
二絃,jī-hiân,25
二胡,jī-ôo,25
互生,hōo-sing,25
互補,hōo-póo,25
互質,hōo-tsit,25
互逆,hōo-gi̍k,25
五官,ngóo-kuan,25
五律,ngóo-lu̍t,25
五經,ngóo-king,25
五言,ngóo-giân,25
亞運,a-ūn,25
交尾,kau-bué,25
交配,kau-phuè,25
京戲,kiann-hì,25
亳米,hô-bí,25
人物,jîn-bu̍t,25
人稱,jîn-tshing,25
人聲,lâng-siann,25
人際,jîn-tsè,25
仝勻,kāng-ûn,25
仝沿,kāng-iân,25
仝輩,kāng-puè,25
代入,tāi-ji̍p,25
代數,tāi-sòo,25
仰角,gióng-kak,25
估算,kóo-sǹg,25
伴奏,phuānn-tsàu,25
佃戶,tiān-hōo,25
佈田,pòo-tshân,25
位值,uī-ta̍t,25
位數,uī-sòo,25
低沉,kē-tîm,25
低碳,kē-thuànn,25
低笙,kē-sing,25
作家,tsok-ka,25
作曲,tsok-khik,25
作畫,tsok-uē,25
作詞,tsok-sû,25
併步,pìng-pōo,25
來洗,lâi-sé,25
例字,lē-jī,25
侵蝕,tshim-si̍t,25
俗名,sio̍k-miâ,25
俗語,sio̍k-gí,25
保溫,pó-un,25
保育,pó-io̍k,25
修辭,siu-sû,25
修飾,siu-sik,25
倉儲,tshng-tû,25
個位,kò-uī,25
個性,kò-sìng,25
個數,kò-sòo,25
倍式,puē-sik,25
倍數,puē-sòo,25
倍率,puē-lu̍t,25
倒拋,tò-pha,25
倒敘,tò-sū,25
倒照,tò-tsiò,25
倭寇,o-khòo,25
倭番,ue-huan,25
值班,ti̍t-pan,25
偏折,phian-tsiat,25
偏轉,phian-tsuán,25
做數,tsò-sòo,25
做文,tsò-bûn,25
停頓,thîng-tùn,25
健美,kiān-bí,25
側芽,tshik-gê,25
側踢,tshik-that,25
偷渡,thau-tōo,25
偽造,guī-tsō,25
備份,pī-hūn,25
傳唱,thuân-tshiùnn,25
傳導,thuân-tō,25
傳染,thuân-jiám,25
傳球,thuân-kiû,25
傳真,thuân-tsin,25
傳種,thn̂g-tsíng,25
傳粉,thuân-hún,25
傳記,tuān-kì,25
傷口,siong-kháu,25
傷風,siong-hong,25
儀器,gî-khì,25
億位,ik-uī,25
優點,iu-tiám,25
兆位,tiāu-uī,25
先民,sian-bîn,25
光圈,kng-khuan,25
光學,kong-ha̍k,25
光度,kng-tōo,25
光星,kng-tshenn,25
光束,kng-sok,25
光源,kng-guân,25
光碟,kong-tia̍p,25
光能,kng-lîng,25
入聲,ji̍p-siann,25
內心,lāi-sim,25
內海,lāi-hái,25
內臟,lāi-tsōng,25
內角,lāi-kak,25
內陸,lāi-lio̍k,25
全文,tsuân-bûn,25
全音,tsuân-im,25
兩拍,nn̄g-phik,25
八音,pat-im,25
公丈,kong-tn̄g,25
公兩,kong-niú,25
公勺,kong-sia̍h,25
公合,kong-kap,25
公告,kong-kò,25
公噸,kong-tùn,25
公寸,kong-tshùn,25
公差,kong-tsha,25
公廳,kong-thiann,25
公式,kong-sik,25
公引,kong-ín,25
公撮,kong-tshok,25
公擔,kong-tànn,25
公斗,kong-táu,25
公毫,kong-hô,25
公畝,kong-bóo,25
公石,kong-tsio̍h,25
公秉,kong-píng,25
公絲,kong-si,25
公花,kang-hue,25
公衡,kong-hîng,25
公錢,kong-tsînn,25
公頃,kong-khíng,25
六書,lio̍k-su,25
典故,tián-kòo,25
冊名,tsheh-miâ,25
冊櫥,tsheh-tû,25
冒號,mōo-hō,25
冬季,tang-kuì,25
冰晶,ping-tsing,25
冰雕,ping-tiau,25
冷鋒,líng-hong,25
凍塗,tòng-thôo,25
刀板,to-pán,25
刀痕,to-hûn,25
刀路,to-lōo,25
刀鋩,to-mê,25
分子,hun-tsú,25
分擔,hun-tam,25
分數,hun-sòo,25
分號,hun-hō,25
分解,hun-kái,25
分說,hun-suat,25
分貝,hun-puè,25
分速,hun-sok,25
分針,hun-tsiam,25
列式,lia̍t-sik,25
刻度,khik-tōo,25
前後,tsîng-āu,25
前蛹,tsiân-ióng,25
前踢,tsîng-that,25
前項,tsîng-hāng,25
剪紙,tsián-tsuá,25
剪裁,tsián-tshâi,25
剪輯,tsián-tsi̍p,25
割讓,kuah-niū,25
創作,tshòng-tsok,25
創意,tshòng-ì,25
剾仔,khau-á,25
剾刀,khau-to,25
功夫,kang-hu,25
加侖,ka-lûn,25
加成,ka-siânn,25
加數,ka-sòo,25
加法,ka-huat,25
加減,ka-kiám,25
加號,ka-hō,25
劣弧,lua̍t-hôo,25
助燃,tsōo-jiân,25
助詞,tsōo-sû,25
動態,tōng-thài,25
動畫,tōng-uē,25
勞力,lóo-la̍t,25
勞力,lô-li̍k,25
募款,bōo-khuán,25
勾拳,kau-kûn,25
包皮,pau-phuê,25
北帶,pak-tài,25
北管,pak-kuán,25
匯款,huē-khuán,25
匯率,huē-lu̍t,25
十位,tsa̍p-uī,25
千位,tshing-uī,25
升冪,sing-bi̍k,25
半徑,puànn-kìng,25
半音,puànn-im,25
協商,hia̍p-siong,25
南拳,lâm-kûn,25
南海,lâm-hái,25
南胡,lâm-ôo,25
南韓,lâm-hân,25
卵子,luán-tsú,25
卵巢,nn̄g-tsâu,25
卵生,luán-sing,25
厘米,lî-bí,25
厚度,kāu-tōo,25
厚薄,kāu-po̍h,25
原價,guân-kè,25
原句,guân-kù,25
原著,guân-tù,25
原點,guân-tiám,25
去聲,khì-siann,25
反比,huán-pí,25
反白,huán-pe̍h,25
取景,tshú-kíng,25
受力,siū-li̍k,25
受熱,siū-jia̍t,25
口琴,kháu-khîm,25
古文,kóo-bûn,25
古箏,kóo-tsing,25
古詩,kóo-si,25
句型,kù-hîng,25
句尾,kù-bué,25
句式,kù-sik,25
叨撚,lo-lián,25
叨食,lo-tsia̍h,25
叫聲,kiò-siann,25
召鏡,tiàu-kiànn,25
司儀,su-gî,25
合唱,ha̍p-tshiùnn,25
合奏,ha̍p-tsàu,25
合成,ha̍p-sîng,25
合數,ha̍p-sòo,25
合球,ha̍p-kiû,25
合金,ha̍p-kim,25
吊杯,tiàu-pue,25
吊槔,tiàu-oo,25
吊車,tiàu-tshia,25
名字,miâ-jī,25
名產,bîng-sán,25
名言,bîng-giân,25
吳沙,ngôo-sua,25
吸力,khip-li̍k,25
吹奏,tshue-tsàu,25
周界,tsiu-kài,25
周角,tsiu-kak,25
周長,tsiu-tn̂g,25
味覺,bī-kak,25
命令,bīng-līng,25
和弦,hô-hiân,25
和齊,hô-tsê,25
唐詩,tông-si,25
售價,siū-kè,25
唱名,tshiùnn-miâ,25
唱奏,tshiùnn-tsàu,25
唱片,tshiùnn-phìnn,25
唸唱,liām-tshiùnn,25
唸謠,liām-iâu,25
商店,siong-tiàm,25
商港,siong-káng,25
啟示,khé-sī,25
喇叭,lá-pah,25
喙空,tshuì-khang,25
喙罨,tshuì-am,25
喪葬,song-tsòng,25
單位,tan-uī,25
單價,tan-kè,25
單數,tan-sòo,25
單槓,tan-kǹg,25
噪音,tshò-im,25
四拍,sù-phik,25
四書,sù-su,25
四極,sù-ki̍k,25
四肢,sù-ki,25
囝孫,kiánn-sun,25
因數,in-sòo,25
固態,kòo-thài,25
國文,kok-bûn,25
國樂,kok-ga̍k,25
國道,kok-tō,25
圍剿,uî-tsâu,25
圓周,înn-tsiu,25
圓尺,înn-tshioh,25
圓弧,înn-hôo,25
圓形,înn-hîng,25
圓柱,înn-thiāu,25
圓規,înn-kui,25
圓錐,înn-tsui,25
圖例,tôo-lē,25
圖形,tôo-hîng,25
圖示,tôo-sī,25
圖表,tôo-pió,25
圖鑑,tôo-kàm,25
土名,thóo-miâ,25
土產,thóo-sán,25
圭表,kui-pió,25
地勢,tē-sè,25
地形,tē-hîng,25
地球,tē-kiû,25
地磁,tē-tsû,25
地表,tē-piáu,25
地質,tē-tsit,25
均衡,kin-hîng,25
坑谷,khenn-kok,25
坡度,pho-tōo,25
埤仔,pi-á,25
基隆,ke-lâng,25
堅冰,kian-ping,25
堆肥,tui-puî,25
報酬,pò-siû,25
塊根,khuài-kin,25
塗壤,thôo-jióng,25
塗條,thôo-tiâu,25
塗球,thôo-kiû,25
墨色,ba̍k-sik,25
夏季,hā-kuì,25
外人,guā-lâng,25
外形,guā-hîng,25
外心,guā-sim,25
外戚,guā-tshik,25
外銷,guā-siau,25
大員,tāi-uân,25
大地,tāi-tē,25
大寒,tāi-hân,25
大數,tuā-sòo,25
大於,tuā-î,25
大氣,tāi-khì,25
大箍,tuā-khoo,25
大篆,tuā-thuàn,25
大腸,tuā-tn̂g,25
大調,tuā-tiāu,25
大鑼,tuā-lô,25
大雪,tāi-suat,25
大麻,tuā-muâ,25
天敵,thian-ti̍k,25
天災,thian-tsai,25
太陽,thài-iông,25
奇數,khia-sòo,25
奈米,nāi-bí,25
奧運,ò-ūn,25
好聽,hó-thiann,25
妝娗,tsng-thānn,25
始邊,sí-pinn,25
姓名,sènn-miâ,25
子房,tsú-pâng,25
子數,tsú-sòo,25
子葉,tsú-hio̍h,25
字例,jī-lē,25
字劃,jī-ue̍h,25
字帖,jī-thiap,25
字爿,jī-pîng,25
字硩,jī-teh,25
字詞,jī-sû,25
字部,jī-pōo,25
字音,jī-im,25
孝道,hàu-tō,25
孢子,pau-tsí,25
季風,kuì-hong,25
學唱,o̍h-tshiùnn,25
學期,ha̍k-kî,25
守備,siú-pī,25
宋詞,sòng-sû,25
宗祠,tsong-sû,25
定做,tiānn-tsò,25
定價,tīng-kè,25
定星,tīng-tshenn,25
客運,kheh-ūn,25
宣紙,suan-tsuá,25
宣言,suan-giân,25
宴席,iân-sia̍h,25
家訓,ka-hùn,25
家鄉,ka-hiong,25
容器,iông-khì,25
容積,iông-tsik,25
寄託,kià-thok,25
密碼,bi̍t-bé,25
密集,bi̍t-tsi̍p,25
寒假,hân-ká,25
寒冬,kuânn-tang,25
寒帶,hân-tài,25
寒露,hân-lōo,25
實木,si̍t-bo̍k,25
實驗,si̍t-giām,25
審題,sím-tê,25
寫作,siá-tsok,25
寫景,siá-kíng,25
射筒,siā-tâng,25
射箭,siā-tsìnn,25
射線,siā-suànn,25
射門,siā-mn̂g,25
對分,tuì-pun,25
對句,tuì-kù,25
對比,tuì-pí,25
對流,tuì-liû,25
對焦,tuì-tsiau,25
對生,tuì-sing,25
對白,tuì-pe̍h,25
對邊,tuì-pinn,25
導線,tō-suànn,25
導言,tō-giân,25
導讀,tō-tho̍k,25
導體,tō-thé,25
小吹,sió-tshue,25
小寒,siáu-hân,25
小於,sió-î,25
小時,sió-sî,25
小月,sió-gue̍h,25
小節,sió-tsiat,25
小篆,sió-thuàn,25
小鑼,sió-lô,25
小雪,siáu-suat,25
尖角,tsiam-kak,25
尪仔,ang-á,25
尪姨,ang-î,25
就業,tsiū-gia̍p,25
尾局,bué-kio̍k,25
尾溜,bué-liu,25
尾羽,bué-ú,25
尾翼,bué-si̍t,25
尾聲,bué-siann,25
尾針,bué-tsiam,25
尾鰭,bué-kî,25
尿道,jiō-tō,25
屈尺,khut-tshioh,25
展演,tián-ián,25
屬名,sio̍k-miâ,25
山川,san-tshuan,25
山球,suann-kiû,25
山羊,suann-iûnn,25
岬灣,kap-uan,25
崎坡,kiā-pho,25
崎度,kiā-tōo,25
崑曲,khun-khik,25
工蜂,kang-phang,25
工蟻,kang-hiā,25
差異,tsha-ī,25
布景,pòo-kíng,25
師傅,sai-hū,25
平刀,pênn-to,25
平分,pênn-pun,25
平原,pîng-guân,25
平地,pênn-tē,25
平聲,piânn-siann,25
平行,pîng-hîng,25
平角,pênn-kak,25
平長,pênn-tn̂g,25
平闊,pênn-khuah,25
平面,pênn-bīn,25
幹部,kàn-pōo,25
幼瓷,iù-huî,25
幼蟲,iù-thâng,25
幼鹽,iù-iâm,25
序奏,sū-tsàu,25
序數,sū-sòo,25
底盤,té-puânn,25
底角,té-kak,25
底邊,té-pinn,25
底面,té-bīn,25
店頭,tiàm-thâu,25
度針,tōo-tsiam,25
廟寺,biō-sī,25
廟會,biō-huē,25
延延,iân-tshiân,25
弄獅,lāng-sai,25
弄花,lāng-hue,25
弄龍,lāng-lîng,25
弓仔,king-á,25
弓形,king-hîng,25
引號,ín-hō,25
引電,ín-tiān,25
弦樂,hiân-ga̍k,25
弧線,hôo-suànn,25
弧長,hôo-tn̂g,25
強拍,kiông-phik,25
強酸,kiông-sng,25
強鹼,kiông-kinn,25
彈劾,tân-hi̍k,25
彈奏,tuânn-tsàu,25
形狀,hîng-tsōng,25
形符,hîng-hû,25
形聲,hîng-siann,25
形變,hîng-piàn,25
彩度,tshái-tōo,25
彩筆,tshái-pit,25
彩繪,tshái-huē,25
彩色,tshái-sik,25
彩霞,tshái-hâ,25
律仔,lu̍t-á,25
律動,lu̍t-tōng,25
律詩,lu̍t-si,25
後記,hiō-kì,25
後跤,āu-kha,25
後踢,āu-that,25
後項,āu-hāng,25
後齻,āu-tsan,25
得分,tit-hun,25
徙栽,suá-tsai,25
徛名,khiā-miâ,25
徛鵝,khiā-gô,25
心仔,sim-á,25
心得,sim-tik,25
心算,sim-sǹg,25
快板,khuài-pán,25
快門,khuài-mn̂g,25
急救,kip-kiù,25
性別,sìng-pia̍t,25
恆星,hîng-tshenn,25
情節,tsîng-tsiat,25
意符,ì-hû,25
感受,kám-siū,25
感官,kám-kuan,25
感染,kám-jiám,25
慢板,bān-pán,25
慶典,khìng-tián,25
懸位,kuân-uī,25
懸問,hiân-būn,25
懸山,kuân-suann,25
懸度,kuân-tōo,25
懸音,kuân-im,25
成績,sîng-tsik,25
成藥,sîng-io̍h,25
成蝶,sîng-tia̍p,25
成蟲,sîng-thâng,25
成語,sîng-gí,25
戒律,kài-lu̍t,25
截面,tsia̍t-bīn,25
戰祭,tsiàn-tsè,25
戲台,hì-tâi,25
戲曲,hì-khik,25
扇形,sìnn-hîng,25
手球,tshiú-kiû,25
扣球,khàu-kiû,25
扮仙,pān-sian,25
扮演,pān-ián,25
承球,sîn-kiû,25
投影,tâu-iánn,25
投籃,tâu-nâ,25
投資,tâu-tsu,25
抗力,khòng-li̍k,25
抗體,khòng-thé,25
折扣,tsiat-khàu,25
抱拳,phō-kûn,25
押韻,ah-ūn,25
拋球,phau-kiû,25
拍板,phik-pán,25
拍種,phah-tsíng,25
拍莓,phah-m̂,25
拍號,phik-hō,25
拍鼓,phah-kóo,25
拐騙,kuái-phiàn,25
拓印,thok-ìn,25
拓展,thok-tián,25
拔封,pue̍h-hong,25
拗射,áu-siā,25
括號,kuat-hō,25
拼貼,phing-tah,25
拼音,phing-im,25
指事,tsí-sū,25
指法,tsí-huat,25
指針,tsí-tsiam,25
挑選,thiau-suán,25
挫傷,tshò-siong,25
振動,tsín-tōng,25
振幅,tsín-hok,25
挽搣,bán-me,25
挽水,bán-tsuí,25
挽脈,bán-me̍h,25
捏成,lia̍p-sîng,25
捙拚,tshia-piànn,25
捲軸,kńg-ti̍k,25
捷徑,tsia̍t-kìng,25
掃墓,sàu-bōng,25
掃描,sàu-biâu,25
排比,pâi-pí,25
排隊,pâi-tuī,25
掠痧,lia̍h-sua,25
掠齊,lia̍h-tsê,25
探查,thàm-tsa,25
掣流,tshuah-lâu,25
接球,tsiap-kiû,25
接納,tsiap-la̍p,25
控球,khòng-kiû,25
推力,thui-li̍k,25
措施,tshòo-si,25
插座,tshah-tsō,25
插敘,tshah-sū,25
插枝,tshah-ki,25
插畫,tshah-uē,25
揚琴,iâng-khîm,25
換氣,uānn-khuì,25
換算,uānn-sǹg,25
揣食,tshuē-tsia̍h,25
搬徙,puann-suá,25
搬運,puann-ūn,25
搭球,tah-kiû,25
搶剝,tshiúnn-pak,25
搶孤,tshiúnn-koo,25
摘述,tiah-su̍t,25
摹寫,bôo-siá,25
摺法,tsih-huat,25
摺被,tsih-phuē,25
撇橫,phiat-huâinn,25
撚錢,lián-tsînn,25
撰寫,tsuān-siá,25
操作,tshau-tsok,25
擴分,khok-hun,25
擴寫,khok-siá,25
擺動,pái-tōng,25
擺長,pái-tn̂g,25
收入,siu-ji̍p,25
改寫,kái-siá,25
改編,kái-pian,25
放卵,pàng-nn̄g,25
放大,hòng-tuā,25
救援,kiù-uān,25
救濟,kiù-tsè,25
敘事,sū-sū,25
敘寫,sū-siá,25
敘述,sū-su̍t,25
教室,kàu-sik,25
教師,kàu-su,25
散熱,sàn-jia̍t,25
敬語,kìng-gí,25
整數,tsíng-sòo,25
整除,tsíng-tî,25
數單,siàu-tuann,25
數量,sòo-liōng,25
文句,bûn-kù,25
文意,bûn-ì,25
文物,bûn-bu̍t,25
文讀,bûn-tho̍k,25
文面,bûn-bīn,25
文音,bûn-im,25
文體,bûn-thé,25
斜角,tshua̍h-kak,25
斜鉤,tshiâ-kau,25
斧足,hú-tsiok,25
新曆,sin-li̍k,25
新詩,sin-si,25
斷路,tn̄g-lōo,25
方位,hong-uī,25
施力,si-li̍k,25
施琅,si-lông,25
旁白,pông-pe̍h,25
旋律,suân-lu̍t,25
旋藤,suan-tîn,25
族譜,tso̍k-phóo,25
日晷,ji̍t-kuí,25
日記,ji̍t-kì,25
日誌,ji̍t-tsì,25
日鬚,ji̍t-tshiu,25
昆蟲,khun-thiông,25
明喻,bîng-jū,25
明礬,bîng-huân,25
星光,tshenn-kng,25
星宿,sing-siù,25
星空,sing-khong,25
星等,tshenn-tíng,25
春節,tshun-tseh,25
春聯,tshun-liân,25
時刻,sî-khik,25
時數,sî-sòo,25
時速,sî-sok,25
時針,sî-tsiam,25
普渡,póo-tōo,25
暖化,luán-huà,25
暖鋒,luán-hong,25
暗唸,àm-liām,25
暗喻,àm-jū,25
曆日,la̍h-ji̍t,25
曆法,li̍k-huat,25
曲式,khik-sik,25
曲流,khiok-lâu,25
曲目,khik-bo̍k,25
曲線,khiok-suànn,25
曲調,khik-tiāu,25
曲譜,khik-phóo,25
曲風,khik-hong,25
書櫥,tsu-tû,25
書法,su-huat,25
書聖,su-sìng,25
書評,su-phîng,25
會意,huē-ì,25
月事,gu̍eh-sū,25
月形,gue̍h-hîng,25
月球,gue̍h-kiû,25
月琴,gue̍h-khîm,25
月相,gue̍h-siòng,25
月經,gu̍eh-king,25
服飾,ho̍k-sik,25
朝露,tiau-lōo,25
木匠,ba̍k-tshiūnn,25
木琴,bo̍k-khîm,25
木管,bo̍k-kuán,25
本壘,pún-luí,25
本葉,pún-hio̍h,25
材質,tsâi-tsit,25
東經,tang-king,25
板嘹,pán-liâu,25
枝葉,ki-hio̍h,25
架構,kà-kòo,25
染布,ní-pòo,25
柔道,jiû-tō,25
柝仔,kho̍k-á,25
查讀,tshâ-tha̍k,25
柱懸,thiāu-kuân,25
柱薯,thiāu-tsî,25
柳琴,liú-khîm,25
校園,hāu-hn̂g,25
校隊,hāu-tuī,25
根部,kin-pōo,25
格言,kik-giân,25
栽水,tsai-tsuí,25
桌布,toh-pòo,25
桌球,toh-kiû,25
梁柱,niû-thiāu,25
梆笛,pang-ti̍k,25
條約,tiâu-iok,25
梯形,thui-hîng,25
械鬥,hāi-tàu,25
棄嬰,khì-ing,25
棋藝,kî-gē,25
棒球,pāng-kiû,25
棕色,tsang-sik,25
棧房,tsàn-pâng,25
棧間,tsàn-king,25
極地,ki̍k-tē,25
楷書,khái-su,25
楷模,khái-bôo,25
概數,khài-sòo,25
槓桿,kǹg-kuáinn,25
樂器,ga̍k-khì,25
樂團,ga̍k-thuân,25
樂曲,ga̍k-khik,25
樂段,ga̍k-tuānn,25
樂章,ga̍k-tsiong,25
樂音,ga̍k-im,25
橫式,huâinn-sik,25
橫箍,huâinn-khoo,25
欠血,khiàm-hueh,25
欣賞,him-sióng,25
歇寒,hioh-kuânn,25
歇熱,hioh-jua̍h,25
歌謠,kua-iâu,25
歐盟,au-bîng,25
歕空,pûn-khang,25
歡唱,huan-tshiùnn,25
止血,tsí-hueh,25
正廳,tsiànn-thian,25
正拳,tsiànn-kûn,25
正文,tsiànn-bûn,25
正極,tsiànn-ki̍k,25
正楷,tsiànn-khái,25
正比,tsìng-pí,25
武術,bú-su̍t,25
歹菌,pháinn-khún,25
殕色,phú-sik,25
段落,tuānn-lo̍h,25
毒品,to̍k-phín,25
比值,pí-ta̍t,25
比率,pí-lu̍t,25
比重,pí-tāng,25
毛重,môo-tāng,25
毫升,hô-tsin,25
毽子,kiàn-tsí,25
毽球,kiàn-kiû,25
民歌,bîn-kua,25
民謠,bîn-iâu,25
民變,bîn-piàn,25
氣團,khì-thuân,25
氣壓,khì-ap,25
氣室,khì-sik,25
氣態,khì-thài,25
氣流,khì-liû,25
氣溫,khì-un,25
氣空,khì-khang,25
氣門,khì-mn̂g,25
氣體,khì-thé,25
氧化,ióng-huà,25
水份,tsuí-hūn,25
水位,tsuí-uī,25
水力,tsuí-li̍k,25
水印,tsuí-ìn,25
水圳,tsuí-tsùn,25
水塔,tsuí-thah,25
水墨,tsuí-ba̍k,25
水壓,tsuí-ap,25
水庫,tsuí-khòo,25
水彩,tsuí-tshái,25
水氣,tsuí-khì,25
水流,tsuí-liû,25
水溫,tsuí-un,25
水煙,tsuí-ian,25
水珠,tsuí-tsu,25
水疱,tsuí-phā,25
水蛆,tsuí-tshi,25
水質,tsuí-tsit,25
水跡,tsuí-jiah,25
水量,tsuí-liōng,25
水韭,tsuí-kú,25
永夜,íng-iā,25
永晝,íng-tiù,25
池仔,tî-á,25
決賽,kuat-sài,25
汽油,khì-iû,25
汽艇,khì-thíng,25
沖浴,tshiâng-i̍k,25
沖積,tshiong-tsik,25
沙池,sua-tî,25
沙線,sua-suànn,25
沙鈴,sua-lîng,25
沙雕,sua-tiau,25
河床,hô-tshn̂g,25
河流,hô-liû,25
河谷,hô-kok,25
河道,hô-tō,25
油彩,iû-tshái,25
油畫,iû-uē,25
油脂,iû-tsi,25
油跡,iû-jiah,25
泄尿,tshuā-jiō,25
法治,huat-tī,25
法規,huat-kui,25
注釋,tsù-sik,25
洗喙,sé-tshuì,25
洘流,khó-lâu,25
活塞,ua̍h-that,25
活栓,ua̍h-sng,25
活鈕,ua̍h-liú,25
流感,liû-kám,25
浮力,phû-li̍k,25
浮崙,phû-lūn,25
浮嶼,phû-sū,25
浮洲,phû-tsiu,25
浮雕,phû-tiau,25
海禁,hái-kìm,25
海蝕,hái-si̍t,25
海運,hái-ūn,25
海鼻,hái-phīnn,25
消蝕,siau-si̍t,25
液態,i̍k-thài,25
液體,i̍k-thé,25
淘汰,tô-thài,25
淨山,tsīng-suann,25
淨重,tsīng-tāng,25
清朝,tshing-tiâu,25
清礬,tshing-huân,25
減數,kiám-sòo,25
減法,kiám-huat,25
減號,kiám-hō,25
渡船,tōo-tsûn,25
渡鳥,tōo-tsiáu,25
測試,tshik-tshì,25
港喙,káng-tshuì,25
港路,káng-lōo,25
游泳,iû-íng,25
湠卵,thuànn-nn̄g,25
湠種,thuànn-tsíng,25
湳地,làm-tē,25
溪尾,khe-bué,25
溪谷,khe-kok,25
溪頭,khe-thâu,25
溫度,un-tōo,25
溶劑,iông-tse,25
溶液,iông-i̍k,25
溶質,iông-tsit,25
溼地,sip-tē,25
溼度,sip-tōo,25
滑石,ku̍t-tsio̍h,25
滑車,ku̍t-tshia,25
滑音,ku̍t-im,25
滑鼠,ku̍t-tshí,25
滴管,tih-kńg,25
漁業,hî-gia̍p,25
漏壺,lāu-ôo,25
演出,ián-tshut,25
演戲,ián-hì,25
演說,ián-suat,25
漚肥,au-puî,25
潭仔,thâm-á,25
激問,kik-būn,25
瀏覽,liû-lám,25
瀾垂,nuā-sê,25
火號,hué-hō,25
火鼠,hué-tshí,25
炊卵,tshue-nn̄g,25
炭筆,thuànn-pit,25
烏仁,oo-jîn,25
烏鶖,oo-tshiu,25
焐冰,ù-ping,25
煏鼓,piak-kóo,25
熱冬,jua̍h-tang,25
熱舞,jia̍t-bú,25
燃料,jiân-liāu,25
燃點,jiân-tiám,25
燈絲,ting-si,25
燒杯,sio-pue,25
父姓,hū-sènn,25
版畫,pán-uē,25
牌位,pâi-uī,25
牛頓,gû-tùn,25
特徵,ti̍k-ting,25
特性,ti̍k-sìng,25
特產,ti̍k-sán,25
特質,ti̍k-tsit,25
特長,ti̍k-tióng,25
獻敬,hiàn-kìng,25
玄學,hiân-ha̍k,25
珠螺,tsu-lê,25
班刊,pan-khan,25
班會,pan-huē,25
班級,pan-kip,25
球埕,kiû-tiânn,25
球場,kiû-tiûnn,25
球心,kiû-sim,25
球桮,kiû-pue,25
球賽,kiû-sài,25
球面,kiû-bīn,25
球體,kiû-thé,25
理財,lí-tsâi,25
瓷仔,huî-á,25
生卵,senn-nn̄g,25
生湠,senn-thuànn,25
生物,sing-bu̍t,25
生菇,senn-koo,25
生鉎,senn-sian,25
生長,sing-tióng,25
產值,sán-ta̍t,25
產業,sán-gia̍p,25
產道,sán-tō,25
產量,sán-liōng,25
田園,tshân-hn̂g,25
田徑,tiân-kìng,25
番薯,han-tsî,25
畫作,uē-tsok,25
畫像,uē-siōng,25
畫刀,uē-to,25
畫圖,uē-tôo,25
畫家,uē-ka,25
畫展,uē-tián,25
畫布,uē-pòo,25
畫廊,uē-lông,25
畫本,uē-pún,25
畫枋,uē-pang,25
畫架,uē-kè,25
畫筆,uē-pit,25
畫紙,uē-tsuá,25
畫者,uē-tsiá,25
畫記,uē-kì,25
畫面,uē-bīn,25
畫風,uē-hong,25
當值,tong-ti̍t,25
疊句,tha̍h-kù,25
疊字,tha̍h-jī,25
疏忽,soo-hut,25
疏散,soo-sàn,25
疏開,soo-khai,25
疑惑,gî-hi̍k,25
疫苗,i̍k-biâu,25
病句,pēnn-kù,25
病囝,pēnn-kiánn,25
病疼,pēnn-thiànn,25
病菌,pēnn-khún,25
痕跡,hûn-jiah,25
癖性,phiah-sìng,25
登陸,ting-lio̍k,25
發育,huat-io̍k,25
發酵,huat-kànn,25
發電,huat-tiān,25
發音,huat-im,25
白字,pe̍h-jī,25
白火,pe̍h-hué,25
白蟻,pe̍h-hiā,25
白露,pe̍h-lōo,25
百位,pah-uī,25
皮戲,phuê-hì,25
盆地,phûn-tē,25
盜壘,tō-luí,25
盜版,tō-pán,25
監察,kàm-tshat,25
目版,ba̍k-pán,25
直射,ti̍t-siā,25
直式,ti̍t-sik,25
直徑,ti̍t-kìng,25
直拳,ti̍t-kûn,25
直照,ti̍t-tsiò,25
直線,ti̍t-suànn,25
直角,ti̍t-kak,25
相乘,siong-sîng,25
相交,siong-kau,25
相加,siong-ka,25
相反,siong-huán,25
相吸,sio-khip,25
相差,siong-tsha,25
相斥,sio-thik,25
相鄰,siong-lîn,25
相除,siong-tî,25
省道,síng-tō,25
真書,tsin-su,25
眼界,gán-kài,25
眾數,tsiòng-sòo,25
睏眠,khùn-bîn,25
短句,té-kù,25
短文,té-bûn,25
短篇,té-phinn,25
短語,té-gí,25
短路,té-lōo,25
短針,té-tsiam,25
矮奴,é-lôo,25
矮寇,é-khòo,25
石墨,tsio̍h-ba̍k,25
石油,tsio̍h-iû,25
石膏,tsio̍h-ko,25
石英,tsio̍h-ing,25
砂糖,sua-thn̂g,25
砒素,phi-sòo,25
硩印,teh-ìn,25
硩枝,teh-ki,25
硬度,ngē-tōo,25
硬碟,ngē-tia̍p,25
硯台,hīnn-tâi,25
硼酸,pîng-sng,25
碑文,pi-bûn,25
碗箸,uánn-tī,25
碳化,thuànn-huà,25
磁力,tsû-li̍k,25
磁場,tsû-tiûnn,25
磁性,tsû-sìng,25
磁極,tsû-ki̍k,25
磅針,pōng-tsiam,25
社區,siā-khu,25
祕結,pì-kiat,25
祖廟,tsóo-biō,25
祖籍,tsóo-tsi̍k,25
祖靈,tsóo-lîng,25
祭品,tsè-phín,25
祭拜,tsè-pài,25
祭祀,tsè-sū,25
禁令,kìm-līng,25
禮俗,lé-sio̍k,25
秋分,tshiu-hun,25
科舉,kho-kí,25
秒速,bió-sok,25
秒針,bió-tsiam,25
租界,tsoo-kài,25
稅金,suè-kim,25
積窒,tsik-that,25
空喙,khang-tshuì,25
立冬,li̍p-tang,25
立意,li̍p-ì,25
立法,li̍p-huat,25
立秋,li̍p-tshiu,25
立體,li̍p-thé,25
童詩,tông-si,25
童話,tông-uē,25
童謠,tông-iâu,25
符值,hû-ta̍t,25
筆劃,pit-ue̍h,25
筆尖,pit-tsiam,25
筆尾,pit-bué,25
筆法,pit-huat,25
筆洗,pit-sé,25
筆順,pit-sūn,25
等式,tíng-sik,25
等於,tíng-î,25
等號,tíng-hō,25
筋帶,kin-tuà,25
筵席,iàn-si̍k,25
箏形,tsing-hîng,25
算法,sǹg-huat,25
管樂,kuán-ga̍k,25
管路,kóng-lōo,25
管道,kuán-tō,25
箴言,tsim-giân,25
節慶,tsiat-khìng,25
節日,tseh-ji̍t,25
篆書,thuàn-su,25
篇幅,phian-hok,25
米食,bí-si̍t,25
粉筆,hún-pit,25
粗澀,tshoo-siap,25
粗鹽,tshoo-iâm,25
精差,tsing-tsha,25
精讀,tsing-tho̍k,25
糝啉,sám-lim,25
糾筋,kiù-kin,25
約分,iok-hun,25
紋理,bûn-lí,25
紋路,bûn-lōo,25
納稅,la̍p-suè,25
紙本,tsuá-pún,25
紙枋,tsuá-pang,25
紙條,tsuá-tiâu,25
紙片,tsuá-phìnn,25
紙牌,tsuá-pâi,25
紙硩,tsuá-teh,25
紙票,tsuá-phiò,25
級進,kip-tsìn,25
累加,luí-ka,25
終邊,tsiong-pinn,25
絃仔,hiân-á,25
組曲,tsoo-khik,25
結冰,kiat-ping,25
結盟,kiat-bîng,25
結社,kiat-siā,25
結莓,kiat-m̂,25
結霜,kiat-sng,25
絕句,tsua̍t-kù,25
絕種,tse̍h-tsíng,25
絕緣,tsua̍t-iân,25
絲綢,si-tiû,25
綠肥,li̍k-puî,25
網球,bāng-kiû,25
緊慢,kín-bān,25
線圈,suànn-khuan,25
線尾,suànn-bué,25
線條,suànn-tiâu,25
線蜷,suànn-khûn,25
線間,suànn-kan,25
縛跤,pa̍k-kha,25
縣長,kuān-tiúnn,25
縮圖,sok-tôo,25
縮寫,sok-siá,25
縱軸,tshiong-ti̍k,25
繁衍,huân-ián,25
繪本,huē-pún,25
罰球,hua̍t-kiû,25
羅經,lô-kenn,25
羅針,lô-tsiam,25
義賣,gī-bē,25
羽化,ú-huà,25
羽毛,ú-môo,25
習性,si̍p-sìng,25
老化,nóo-huà,25
老大,lāu-tuā,25
耆老,kî-ló,25
耐力,nāi-li̍k,25
耳鏡,hīnn-kiànn,25
耶穌,iâ-soo,25
耽字,tânn-jī,25
聖火,sìng-hué,25
聯對,liân-tuì,25
聲符,siann-hû,25
聲部,siann-pōo,25
聽覺,thiann-kak,25
肉色,bah-sik,25
肌力,ki-li̍k,25
肌群,ki-kûn,25
肝炎,kuann-iām,25
肝癌,kuann-gâm,25
肢體,ki-thé,25
肥料,puî-liāu,25
育幼,io̍k-iù,25
肺泡,hì-phàu,25
肺癌,hì-gâm,25
肺臟,hì-tsōng,25
胃酸,uī-sng,25
背冊,puē-tsheh,25
背鰭,puē-kî,25
胎生,thai-sing,25
胎盤,thai-puânn,25
胚珠,phue-tsu,25
胚盤,phue-puânn,25
胚胎,phue-thai,25
胸腺,hing-suànn,25
胸部,hing-pōo,25
能源,lîng-guân,25
能量,lîng-liōng,25
脂肪,tsi-hong,25
脫輪,thu̍t-lûn,25
腳數,kioh-siàu,25
腹足,hok-tsiok,25
腹面,pak-bīn,25
膀胱,phông-kong,25
膜空,mo̍oh-khang,25
膨椅,phòng-í,25
膨疱,phòng-phā,25
膨鼠,phòng-tshí,25
膩瓤,jī-nn̂g,25
臀鰭,tûn-kî,25
臍帶,tsâi-tuà,25
自轉,tsū-tsuán,25
臭殕,tshàu-phú,25
臭氧,tshàu-ióng,25
臺員,tâi-uân,25
臺地,tâi-tē,25
臺斤,tâi-kin,25
臺灣,tâi-uân,25
舊街,kū-ke,25
舞蹈,bú-tō,25
航運,hâng-ūn,25
色光,sik-kng,25
色料,sik-liāu,25
色環,sik-khuân,25
色紙,sik-tsuá,25
色調,sik-tiāu,25
色階,sik-kai,25
色點,sik-tiám,25
花心,hue-sim,25
花指,hue-tsáinn,25
花柱,hue-tsū,25
花瓶,hue-pân,25
花磚,hue-tsng,25
花粉,hue-hún,25
花絲,hue-si,25
花萼,hue-go̍k,25
花藥,hue-io̍h,25
花蜜,hue-bi̍t,25
花鬚,hue-tshiu,25
英里,ing-lí,25
茶罐,tê-kuàn,25
茶鈷,tê-kóo,25
草埔,tsháu-poo,25
草字,tshó-jī,25
草書,tshó-su,25
草本,tsháu-bo̍k,25
荒島,hong-tó,25
菌種,khún-tsíng,25
菌絲,khún-si,25
菜蟲,tshài-thâng,25
萬位,bān-uī,25
落名,lo̍h-miâ,25
落實,lo̍k-si̍t,25
落肥,lo̍h-puî,25
葉序,hio̍h-sī,25
葉脈,hio̍h-me̍h,25
葉身,hio̍h-sin,25
葉面,hio̍h-bīn,25
蒸氣,tsing-khì,25
蒸發,tsing-huat,25
薰吹,hun-tshue,25
藥方,io̍h-hng,25
蘭嶼,lân-sū,25
處方,tshú-hng,25
處暑,tshù-sú,25
虛構,hi-kòo,25
虛步,hi-pōo,25
虹膜,hông-mo̍oh,25
虼蚤,ka-tsáu,25
蛀齒,tsiù-khí,25
蛆蟲,tshi-thâng,25
蜂岫,phang-siū,25
蜂蝦,phang-hê,25
蝕水,si̍t-tsuí,25
蟲豸,thâng-thuā,25
蠟質,la̍h-tsit,25
血管,hueh-kńg,25
行位,kiânn-uī,25
行書,hîng-su,25
行板,hîng-pán,25
行步,kiânn-pōo,25
行經,kiânn-king,25
補角,póo-kak,25
裝飾,tsong-sik,25
褪殼,thǹg-khak,25
褪皮,thǹg-phuê,25
西經,se-king,25
西醫,se-i,25
覓食,bā-tsia̍h,25
視力,sī-li̍k,25
視覺,sī-kak,25
視訊,sī-sìn,25
視野,sī-iá,25
觀星,kuan-tshenn,25
觀測,kuan-tshik,25
觀眾,kuan-tsiòng,25
角1,kak-it,25
角柱,kak-thiāu,25
角球,kak-kiû,25
角錐,kak-tsui,25
角齒,kak-khí,25
解嚴,kái-giâm,25
解題,kái-tê,25
觱仔,pi-á,25
觸覺,tshiok-kak,25
觸角,tshiok-kak,25
訂做,tīng-tsò,25
訂定,tīng-tīng,25
計時,kè-sî,25
計算,kè-sǹg,25
訊息,sìn-sit,25
記人,kì-lâng,25
記敘,kì-sū,25
記數,kì-siàu,25
訪談,hóng-tâm,25
設備,siat-pī,25
設問,siat-būn,25
診療,tsín-liâu,25
註解,tsù-kái,25
評量,phîng-liông,25
詞句,sû-kù,25
詞彙,sû-luī,25
詞性,sû-sìng,25
詞意,sû-ì,25
詞牌,sû-pâi,25
詞義,sû-gī,25
試管,tshì-kuán,25
試紙,tshì-tsuá,25
詩作,si-tsok,25
詩句,si-kù,25
詩歌,si-kua,25
詩詞,si-sû,25
詩選,si-suán,25
話縫,uē-phāng,25
話蝨,uē-sat,25
話語,uē-gí,25
話骨,uē-kut,25
詳寫,siông-siá,25
誇飾,khua-sik,25
認字,jīn-jī,25
語句,gí-kù,25
語境,gí-kíng,25
語意,gí-ì,25
語調,gí-tiāu,25
語譯,gí-i̍k,25
誦讀,siōng-tho̍k,25
說服,suè-ho̍k,25
說話,sueh-uē,25
課室,khò-sik,25
課文,khò-bûn,25
調式,tiāu-sik,25
調性,tiāu-sìng,25
調號,tiāu-hō,25
請拳,tshiánn-kûn,25
請求,tshíng-kiû,25
請願,tshíng-guān,25
論據,lūn-kì,25
論點,lūn-tiám,25
諧音,hâi-im,25
謝神,siā-sîn,25
譀鏡,hàm-kiànn,25
譯者,i̍k-tsiá,25
議會,gī-huē,25
讀音,tha̍k-im,25
讀音,tho̍k-im,25
象形,siōng-hîng,25
象限,siōng-hān,25
豪雨,hô-ú,25
負極,hū-ki̍k,25
貢獻,kòng-hiàn,25
貧血,pîn-hiat,25
貨幣,huè-pè,25
貴族,kuì-tso̍k,25
賣價,bē-kè,25
質數,tsit-sòo,25
走壘,tsáu-luí,25
起癮,khí-giàn,25
起酵,khí-kànn,25
起音,khí-im,25
趖莖,sô-king,25
趨壘,tshu-luí,25
跤印,kha-ìn,25
跤尾,kha-bué,25
跤扒,kha-pê,25
跤球,kha-kiû,25
跤盤,kha-puânn,25
跤跡,kha-jiah,25
跤馬,kha-bé,25
跳懸,thiàu-kuân,25
跳水,thiàu-tsuí,25
跳箱,thiàu-siunn,25
跳進,thiàu-tsìn,25
跳音,thiàu-im,25
跳馬,thiàu-bé,25
踢球,that-kiû,25
車蛆,tshia-tshi,25
車轆,tshia-lak,25
車齒,tshia-khí,25
軸心,ti̍k-sim,25
軸根,ti̍k-kin,25
輪仔,lián-á,25
輪生,lûn-sing,25
輻射,hok-siā,25
轉化,tsuán-huà,25
轉注,tsuán-tsù,25
農業,lông-gia̍p,25
農耕,lông-king,25
近視,kīn-sī,25
近路,kīn-lōo,25
退化,thè-huà,25
退流,thè-lâu,25
途徑,tôo-kìng,25
逗點,tōo-tiám,25
通分,thong-hun,25
通勤,thong-khîn,25
通婚,thong-hun,25
通書,thong-su,25
通訊,thong-sìn,25
通電,thong-tiān,25
通鼓,thong-kóo,25
速率,sok-lu̍t,25
造句,tsō-kù,25
造型,tsō-hîng,25
造字,tsō-jī,25
造紙,tsō-tsuá,25
造船,tsō-tsûn,25
造詞,tsō-sû,25
連加,liân-ka,25
連比,liân-pí,25
連減,liân-kiám,25
進位,tsìn-uī,25
進攻,tsìn-kong,25
進貨,tsìn-huè,25
遊記,iû-kì,25
運球,ūn-kiû,25
過渡,kuè-tōo,25
過電,kuè-tiān,25
道家,tō-ka,25
違例,uî-lē,25
選材,suán-tsâi,25
選舉,suán-kí,25
邊白,pinn-pe̍h,25
邊長,pinn-tn̂g,25
郊商,kau-siong,25
部首,pōo-siú,25
郵政,iû-tsìng,25
郵購,iû-kòo,25
鄭經,tēnn-king,25
鄰長,lîn-tiúnn,25
配偶,phuè-ngóo,25
配給,phuè-kip,25
配色,phuè-sik,25
配角,phuè-kak,25
配送,phuè-sàng,25
配音,phuè-im,25
酒桌,tsiú-toh,25
酒癮,tsiú-giàn,25
酒精,tsiú-tsing,25
酸性,sng-sìng,25
酸雨,sng-hōo,25
釋文,sik-bûn,25
里長,lí-tiúnn,25
重力,tiōng-li̍k,25
重唱,tiông-tshiùnn,25
重奏,tîng-tsàu,25
重心,tāng-sim,25
重量,tāng-liōng,25
重音,tāng-im,25
野狗,iá-káu,25
量詞,liōng-sû,25
金屬,kim-sio̍k,25
針灸,tsiam-kù,25
針筆,tsiam-pit,25
針筒,tsiam-tâng,25
釣餌,tiò-jī,25
鈍角,tūn-kak,25
鈔仔,tshau-á,25
鉛球,iân-kiû,25
銀票,gîn-phiò,25
銀色,gîn-sik,25
銅管,tâng-kuán,25
銅線,tâng-suànn,25
鋒面,hong-bīn,25
錐體,tsui-thé,25
錢仔,tsînn-á,25
錢鼓,tsînn-kóo,25
鏡座,kiànn-tsō,25
鏡臂,kiànn-pì,25
鐘擺,tsing-pái,25
鐵路,thih-lōo,25
鐵鉼,thih-phiánn,25
鑼仔,lô-á,25
長度,tn̂g-tōo,25
長石,tn̂g-tsio̍h,25
長篇,tn̂g-phinn,25
長邊,tn̂g-pinn,25
長針,tn̂g-tsiam,25
門路,mn̂g-lōo,25
開仔,khui-á,25
開墾,khai-khún,25
開展,khai-tián,25
開球,khui-kiû,25
開荒,khui-hng,25
開銷,khai-siau,25
閏年,jūn-nî,25
閬音,làng-im,25
闊度,khuah-tōo,25
闊邊,khuah-pinn,25
關節,kuan-tsat,25
阮琴,guán-khîm,25
防守,hông-siú,25
防腐,hông-hú,25
防蟲,hông-thâng,25
防鉎,hông-sian,25
阻礙,tsóo-gāi,25
降冪,kàng-bi̍k,25
除數,tî-sòo,25
除法,tî-huat,25
除號,tî-hō,25
陰道,im-tō,25
陵寢,lîng-tshím,25
陶器,tô-khì,25
陸運,lio̍k-ūn,25
陽曆,iông-li̍k,25
隊友,tuī-iú,25
隱喻,ún-jū,25
隱私,ún-su,25
隸書,lē-su,25
雄流,hiông-lâu,25
雙數,siang-sòo,25
雙清,siang-tshing,25
雨林,ú-lîm,25
雲層,hûn-tsân,25
雲端,hûn-tuan,25
雲量,hûn-liōng,25
雷射,luî-siā,25
雷達,luî-ta̍t,25
雺霧,bông-bū,25
電力,tiān-li̍k,25
電器,tiān-khì,25
電流,tiān-liû,25
電球,tiān-kiû,25
電線,tiān-suànn,25
電路,tiān-lōo,25
電量,tiān-liōng,25
電金,tiān-kim,25
電鍍,tiān-tōo,25
震央,tsìn-iong,25
震度,tsìn-tōo,25
震源,tsìn-guân,25
面布,bīn-pòo,25
革胡,kik-ôo,25
音叉,im-tshe,25
音名,im-miâ,25
音感,im-kám,25
音懸,im-kuân,25
音效,im-hāu,25
音程,im-tîng,25
音空,im-khang,25
音符,im-hû,25
音色,im-sik,25
音量,im-liōng,25
音階,im-kai,25
音響,im-hióng,25
韻律,ūn-lu̍t,25
韻跤,ūn-kha,25
頂底,tíng-té,25
頂芽,tíng-gê,25
頂角,tíng-kak,25
頂點,tíng-tiám,25
順敘,sūn-sū,25
預覽,ī-lám,25
頓號,tùn-hō,25
頓蹬,tùn-tenn,25
領貨,niá-huè,25
頭對,thâu-tuì,25
頭殼,thâu-khak,25
頭部,thâu-pōo,25
頷垂,ām-sê,25
頷珠,ām-tsu,25
題緣,tê-iân,25
類句,luī-kù,25
類字,luī-jī,25
風力,hong-li̍k,25
風化,hong-huà,25
風琴,hong-khîm,25
風笛,hong-ti̍k,25
風能,hong-lîng,25
風速,hong-sok,25
風邪,hong-siâ,25
飛盤,hui-puânn,25
食療,si̍t-liâu,25
食道,si̍t-tō,25
養份,ióng-hūn,25
餘數,î-sòo,25
馬勢,bé-sè,25
駐水,tū-tsuí,25
驗算,giām-sǹg,25
骨折,kut-tsi̍h,25
體力,thé-la̍t,25
體溫,thé-un,25
體積,thé-tsik,25
體能,thé-lîng,25
高胡,ko-ôo,25
鬚根,tshiu-kin,25
鬥句,tàu-kù,25
魚擛,hî-ia̍t,25
魚栽,hî-tsai,25
魚蝦,hî-hê,25
魚鰓,hî-tshi,25
鳥類,tsiáu-luī,25
鹼性,kinn-sìng,25
鹽水,iâm-tsuí,25
鹿皮,lo̍k-phuê,25
鹿茸,lo̍k-jiông,25
黃疸,n̂g-thán,25
點著,tiám-to̍h,25
鼻覺,phīnn-kak,25
齊頭,tsê-thâu,25
齒模,khí-bôo,25
齒輪,khí-lûn,25
山,peh-suann,25
𠕇度,tīng-tōo,25
𠢕人,gâu-lâng,25
𡳞核,lān-hu̍t,25
𡳞脬,lān-pha,25
𥰔仔,phín-á,25
𩛩肥,kauh-puî,25
卵清,nn̄g-tshing,20
水尾,tsuí-bué,20
琵琶,pî-pê,20
a小調,a-sió-tiāu,16
ba-sóng管,ba-sóng-kuán,16
bai-óo-lín,bai-óo-lín,16
bî-tá-bín,bî-tá-bín,16
ga-sóo-lín,ga-sóo-lín,16
goo-lú-huh,goo-lú-huh,16
gu-lá-muh,gu-lá-muh,16
gí仔組,gí-á-tsoo,16
ha̋n-tóo-luh,ha̋n-tóo-luh,16
hoo-lú-bóng,hoo-lú-bóng,16
hőng-mú-láng,hőng-mú-láng,16
mooh-tah船,mooh-tah-tsûn,16
oo-lín-gióo,oo-lín-gióo,16
pha-siàn-tooh,pha-siàn-tooh,16
pha̋-siàn-tòo,pha̋-siàn-tòo,16
phi-á-nooh,phi-á-nooh,16
si-á-geh,si-á-geh,16
the-ní-suh,the-ní-suh,16
thoo-má-tooh,thoo-má-tooh,16
ua-lú-tsuh,ua-lú-tsuh,16
一位數,tsi̍t-uī-sòo,16
一年仔,it-nî-á,16
一年級,it-nî-kip,16
一等星,it-tíng-tshenn,16
一胎化,it-thai-huà,16
一貫道,it-kuàn-tō,16
七巧板,tshit-khá-pán,16
七月半,tshit-gue̍h-puànn,16
七角柱,tshit-kak-thiāu,16
七邊形,tshit-pinn-hîng,16
三位數,sann-uī-sòo,16
三八拍,sam-pat-phik,16
三原色,sann-guân-sik,16
三合院,sann-ha̍p-īnn,16
三和絃,sann-hô-hiân,16
三四拍,sam-sù-phik,16
三年仔,sann-nî-á,16
三年級,sann-nî-kip,16
三斑蠓,sam-pan-báng,16
三稜鏡,sann-lîng-kiànn,16
三等星,sam-tíng-tshenn,16
三角尺,sann-kak-tshioh,16
三角柱,sann-kak-thiāu,16
三角洲,sann-kak-tsiu,16
三角琴,sann-kak-khîm,16
三角肌,sann-kak-ki,16
三部曲,sann-pōo-khik,16
上下文,siōng-hā-bûn,16
上元暝,siōng-guân-mê,16
上勾拳,siōng-kau-kûn,16
上店窗,tshiūnn-tiàm-thang,16
下四管,ē-sì-kuán,16
下弦月,hā-hiân-gue̍h,16
不定根,put-tīng-kin,16
並列句,pīng-lia̍t-kù,16
中位數,tiong-uī-sòo,16
中子數,tiong-tsú-sòo,16
中年期,tiong-liân-kî,16
中心點,tiong-sim-tiám,16
中慢板,tiong-bān-pán,16
中提琴,tiong-thê-khîm,16
中氣層,tiong-khì-tsân,16
中生代,tiong-sing-tāi,16
中秋節,tiong-tshiu-tseh,16
中耳炎,tiong-hīnn-iām,16
主人房,tsú-lâng-pâng,16
主機枋,tsú-ki-pang,16
乘法表,sîng-huat-pió,16
九龍杯,kiú-liông-pue,16
二二拍,jī-jī-phik,16
二位數,jī-uī-sòo,16
二分法,jī-hun-huat,16
二名法,jī-bîng-huat,16
二四拍,jī-sù-phik,16
二等星,jī-tíng-tshenn,16
二重唱,jī-tiông-tshiùnn,16
五線譜,gōo-suànn-phóo,16
五角柱,gōo-kak-thiāu,16
五角錐,gōo-kak-tsui,16
五車二,ngóo-ki-jī,16
五邊形,gōo-pinn-hîng,16
五重奏,ngóo-tîng-tsàu,16
亞麻布,a-muâ-pòo,16
交叉步,kau-tshe-pōo,16
人造虹,jîn-tsō-khīng,16
人造雨,jîn-tsō-hōo,16
人馬座,jîn-má-tsō,16
仙女座,sian-lí-tsō,16
仰角度,gióng-kak-tōo,16
伐木業,hua̍t-bo̍k-gia̍p,16
休止符,hiu-tsí-hû,16
伯勞仔,pit-lô-á,16
佈稻仔,pòo-tiū-á,16
位值表,uī-ta̍t-pió,16
低音管,kē-im-kuán,16
作曲家,tsok-khik-ka,16
便藥仔,piān-io̍h-á,16
俗語話,sio̍k-gí-uē,16
保齡球,pó-lîng-kiû,16
修辭法,siu-sû-huat,16
修飾性,siu-sik-sìng,16
個位數,kò-uī-sòo,16
倍數表,puē-sòo-pió,16
倍革胡,puē-kik-ôo,16
倒反句,tò-píng-kù,16
倒吊蓮,tò-tiàu-liân,16
倒徛騰,tò-khiā-thîng,16
倒敘法,tò-sū-huat,16
假分數,ké-hun-sòo,16
假設句,ká-siat-kù,16
健身房,kiān-sin-pâng,16
側併步,tshik-pìng-pōo,16
側勾拳,tshik-kau-kûn,16
傀儡戲,ka-lé-hì,16
傳教士,thuân-kàu-sū,16
傳染病,thuân-jiám-pēnn,16
傳電性,tshuân-tiān-sìng,16
光影戲,kng-iánn-hì,16
光碟機,kong-tia̍p-ki,16
免疫力,bián-i̍k-li̍k,16
兒童期,jî-tông-kî,16
兒童節,jî-tông-tseh,16
入侵種,ji̍p-tshim-tsíng,16
入射角,ji̍p-siā-kak,16
內分泌,lāi-hun-pì,16
內切圓,lāi-tshiat-înn,16
內場景,lāi-tiûnn-kíng,16
內服藥,luē-ho̍k-io̍h,16
內角和,lāi-kak-hô,16
內錯角,lāi-tshok-kak,16
全壘打,tsuân-luí-tánn,16
全球性,tsuân-kiû-sìng,16
全部量,tsuân-pōo-liōng,16
全音符,tsuân-im-hû,16
兩棲類,lióng-tshe-luī,16
八堡圳,pat-pó-tsùn,16
八月節,peh-gue̍h-tseh,16
八角柱,peh-kak-thiāu,16
八角錐,peh-kak-tsui,16
八邊形,peh-pinn-hîng,16
八音團,pat-im-thuân,16
公佈欄,kong-pòo-nuâ,16
公倍數,kong-puē-sòo,16
公切線,kong-tshiat-suànn,16
公因數,kong-in-sòo,16
公學校,kong-ha̍k-hāu,16
公聽會,kong-thiann-huē,16
六等星,lio̍k-tíng-tshenn,16
六角柱,la̍k-kak-thiāu,16
六角錐,la̍k-kak-tsui,16
六邊形,la̍k-pinn-hîng,16
冬尾天,tang-bué-thinn,16
冷氣團,líng-khì-thuân,16
冷空氣,líng-khong-khì,16
冷色系,líng-sik-hē,16
出生率,tshut-sing-lu̍t,16
分公升,hun-kong-tsin,16
分數倍,hun-sòo-puē,16
分肺管,hun-hì-kńg,16
分貝器,hun-puè-khì,16
分貝計,hun-puè-kè,16
分配律,hun-phuè-lu̍t,16
切分音,tshiat-hun-im,16
切結書,tshiat-kiat-su,16
列舉法,lia̍t-kí-huat,16
列表法,lia̍t-pió-huat,16
判別式,phuànn-pia̍t-sik,16
刪節號,san-tsiat-hō,16
刺查某,tshià-tsa-bóo,16
創作者,tshòng-tsok-tsiá,16
加工業,ka-kang-gia̍p,16
助燃性,tsōo-jiân-sìng,16
助燃物,tsōo-jiân-bu̍t,16
動態感,tōng-thài-kám,16
動滑輪,tōng-ku̍t-lûn,16
動物園,tōng-bu̍t-hn̂g,16
化學家,huà-ha̍k-ka,16
北半球,pak-puànn-kiû,16
北極圈,pak-ki̍k-khuan,16
北極星,pak-ki̍k-tshenn,16
北河三,pak-hô-sann,16
北河二,pak-hô-jī,16
北管樂,pak-kuán-ga̍k,16
區公所,khu-kong-sóo,16
十億位,tsa̍p-ik-uī,16
十分位,tsa̍p-hun-uī,16
十萬位,tsa̍p-bān-uī,16
十角柱,tsa̍p-kak-thiāu,16
千億位,tshing-ik-uī,16
千分位,tshian-hun-uī,16
千萬位,tshing-bān-uī,16
半立體,puànn-li̍p-thé,16
半草楷,puànn-tshó-khái,16
半行走,puànn-kiânn-tsáu,16
協奏曲,hia̍p-tsàu-khik,16
南北管,lâm-pak-kuán,16
南半球,lâm-puànn-kiû,16
南極圈,lâm-ki̍k-khuan,16
南河三,lâm-hô-sann,16
南管樂,lâm-kuán-ga̍k,16
博愛座,phok-ài-tsō,16
博物館,phok-bu̍t-kuán,16
印刷術,ìn-suat-su̍t,16
印表機,ìn-pió-ki,16
卵胎生,luán-thai-sing,16
厚水期,kāu-tsuí-kî,16
原因法,guân-in-huat,16
原子筆,guân-tsú-pit,16
去倒走,khì-tò-tsáu,16
參考體,tsham-khó-thé,16
反光枋,huán-kng-pang,16
反光鏡,huán-kng-kiànn,16
反射光,huán-siā-kng,16
反經石,huán-king-tsio̍h,16
反義詞,huán-gī-sû,16
反霸凌,huán-pà-lîng,16
取消鍵,tshú-siau-kiān,16
取消齒,tshú-siau-khí,16
受精卵,siū-tsing-luán,16
口服藥,kháu-ho̍k-io̍h,16
口蹄疫,kháu-tê-i̍k,16
口風琴,kháu-hong-khîm,16
古典舞,kóo-tián-bú,16
古典詩,kóo-tián-si,16
古文明,kóo-bûn-bîng,16
古蘭經,kóo-lân-king,16
可燃物,khó-jiân-bu̍t,16
司法院,su-huat-īnn,16
合唱團,ha̍p-tshiùnn-thuânn,16
合唱曲,ha̍p-tshiùnn-khik,16
合奏曲,ha̍p-tsàu-khik,16
合體字,ha̍p-thé-jī,16
吊䘥仔,tiàu-kah-á,16
吊鬼仔,tiàu-kuí-á,16
同位角,tông-uī-kak,16
同樂會,tông-lo̍k-huē,16
同類詞,tông-luī-sû,16
吸水紙,khip-tsuí-tsuá,16
呼應法,hoo-ìng-huat,16
和目鏡,hô-ba̍k-kiànn,16
咸豐草,hâm-hong-tsháu,16
哭調仔,khàu-tiāu-á,16
商調式,siong-tiāu-sik,16
問候語,būn-hāu-gí,16
喇叭喙,lá-pah-tshuì,16
喙空癌,tshuì-khang-gâm,16
喙食物,tshuì-tsia̍h-mi̍h,16
喙齒根,tshuì-khí-kin,16
單簧管,tan-hông-kuán,16
器樂曲,khì-ga̍k-khik,16
四位數,sì-uī-sòo,16
四四拍,sù-sù-phik,16
四字詞,sì-jī-sû,16
四弦琴,sì-hiân-khîm,16
四等星,sì-tíng-tshenn,16
四角柱,sì-kak-thiāu,16
四角錐,sì-kak-tsui,16
四重奏,sù-tîng-tsàu,16
因果句,in-kó-kù,16
囡仔兄,gín-á-hiann,16
囡仔冊,gín-á-tsheh,16
囡仔古,gín-á-kóo,16
囡仔姊,gín-á-tsí,16
囡仔戲,gín-á-hì,16
囡仔書,gín-á-tsu,16
囡仔歌,gín-á-kua,16
囡仔魚,gín-á-hî,16
囡仔齣,gín-á-tshut,16
固定點,kòo-tīng-tiám,16
國姓爺,kok-sìng-iâ,16
國慶日,kok-khìng-ji̍t,16
國際化,kok-tsè-huà,16
圓周率,înn-tsiu-lu̍t,16
圓周長,înn-tsiu-tn̂g,16
圓形圖,înn-hîng-tôo,16
圓扇形,înn-sìnn-hîng,16
圓柱體,înn-thiāu-thé,16
圓栱門,uân-kong-mn̂g,16
圓滑線,înn-ku̍t-suànn,16
圓箍仔,înn-khoo-á,16
圓舞曲,înn-bú-khik,16
圓面積,înn-bīn-tsik,16
圓鼓吹,înn-kóo-tshue,16
土風舞,thóo-hong-bú,16
地下水,tē-hā-tsuí,16
地下莖,tē-hā-king,16
地動帶,tē-tāng-tài,16
地平面,tē-pîng-bīn,16
地球儀,tē-kiû-gî,16
地表水,tē-piáu-tsuí,16
坪仔田,pênn-á-tshân,16
培養皿,puê-ióng-bíng,16
基準量,ki-tsún-liōng,16
塗觱哹,thôo-pi-pu,16
壯丁團,tsòng-ting-thuân,16
壯年期,tsòng-liân-kî,16
外來語,guā-lâi-gí,16
外接圓,guā-tsiap-înn,16
多位數,to-uī-sòo,16
多元化,to-guân-huà,16
多樣性,to-iūnn-sìng,16
多邊形,to-pinn-hîng,16
多音字,to-im-jī,16
多項式,to-hāng-sik,16
夜行性,iā-hîng-sìng,16
大gí仔,tuā-gí-á,16
大人齒,tuā-lâng-khí,16
大前鋒,tuā-tsiân-hong,16
大口家,tuā-kháu-ke,16
大口灶,tuā-kháu-tsàu,16
大坌坑,tuā-pūn-khenn,16
大家口,tuā-ke-kháu,16
大家庭,tuā-ka-tîng,16
大提琴,tuā-thê-khîm,16
大朝年,tuā-tiâu-nî,16
大氣層,tāi-khì-tsân,16
大水蟻,tuā-tsuí-hiā,16
大洋洲,tāi-iûnn-tsiu,16
大犬座,tāi-khián-tsō,16
大獵祭,tuā-la̍h-tsè,16
大紅花,tuā-âng-hue,16
大肚仔,tuā-tōo-á,16
大腸癌,tuā-tn̂g-gâm,16
大自然,tāi-tsū-jiân,16
大賣場,tuā-bē-tiûnn,16
大車齒,tuā-tshia-khí,16
大鍵琴,tuā-kiān-khîm,16
大阮琴,tuā-guán-khîm,16
大陸島,tāi-lio̍k-tó,16
大齒輪,tuā-khí-lûn,16
天兔座,thinn-thòo-tsō,16
天文台,thian-bûn-tâi,16
天氣圖,thinn-khì-tôo,16
天津四,thian-tin-sì,16
天然氣,thian-jiân-khì,16
天狼星,thian-lông-tshenn,16
天琴座,thian-khîm-tsō,16
天竺葵,thian-tiok-khuê,16
天蠍座,thian-giat-tsō,16
天鵝座,thinn-gô-tsō,16
天鷹座,thian-ing-tsō,16
太極拳,thài-ki̍k-kûn,16
太空人,thài-khong-jîn,16
太空船,thài-khong-tsûn,16
太陽能,thài-iông-lîng,16
夾注號,kiap-tsù-hō,16
女低音,lí-kē-im,16
女高音,lí-ko-im,16
好朋友,hó-pîng-iú,16
子午針,tsú-ngóo-tsiam,16
子宮頭,tsú-kiong-thâu,16
字劃數,jī-ue̍h-sòo,16
字條仔,jī-tiâu-á,16
孢子囊,pau-tsí-lông,16
守門員,siú-mn̂g-uân,16
完全數,uân-tsuân-sòo,16
完美數,uân-bí-sòo,16
宗親會,tsong-tshin-huē,16
定位枋,tīng-uī-pang,16
定滑輪,tīng-ku̍t-lûn,16
定音鼓,tīng-im-kóo,16
客家人,kheh-ka-lâng,16
室內樂,sik-lāi-ga̍k,16
室女座,sik-lú-tsō,16
室宿一,sik-siù-it,16
室宿二,sik-siù-jī,16
宮廷舞,kiong-tîng-bú,16
宮調式,kiong-tiāu-sik,16
密密生,ba̍t-ba̍t-senn,16
寒人,kuânn--lâng,16
寒著,kuânn--tio̍h,16
實驗室,si̍t-giām-sik,16
實驗組,si̍t-giām-tsoo,16
專業化,tsuan-gia̍p-huà,16
對半分,tuì-puànn-pun,16
對反詞,tuì-huán-sû,16
對應角,tuì-ìng-kak,16
對應邊,tuì-ìng-pinn,16
對應點,tuì-ìng-tiám,16
對拗剪,tuì-áu-tsián,16
對比色,tuì-pí-sik,16
對照組,tuì-tsiàu-tsoo,16
對照表,tuì-tsiàu-pió,16
對稱角,tuì-tshìng-kak,16
對稱邊,tuì-tshìng-pinn,16
對稱點,tuì-tshìng-tiám,16
對角線,tuì-kak-suànn,16
對頂角,tuì-tíng-kak,16
小作家,sió-tsok-ka,16
小前鋒,sió-tsiân-hong,16
小喇叭,sió-lá-pah,16
小學校,sió-ha̍k-hāu,16
小快板,sió-khuài-pán,16
小提琴,sió-thê-khîm,16
小數倍,sió-sòo-puē,16
小數點,sió-sòo-tiám,16
小朋友,sió-pîng-iú,16
小犬座,siáu-khián-tsō,16
小白菜,sió-pe̍h-tshài,16
小節線,sió-tsiat-suànn,16
小行板,sió-hîng-pán,16
小雨燕,sió-ú-iàn,16
少囝化,tsió-kiánn-huà,16
少子化,siáu-tsú-huà,16
尖仔尾,tsiam-á-bué,16
尪仔仁,ang-á-jîn,16
尪仔冊,ang-á-tsheh,16
尪仔頭,ang-á-thâu,16
屈尺角,khut-tshioh-kak,16
山坡地,suann-pho-tē,16
山櫻花,suann-ing-hue,16
山水畫,san-suí-uē,16
山烏鶖,suann-oo-tshiu,16
山瑞香,suann-suī-hiong,16
山藥薯,suann-io̍h-tsî,16
工作列,kang-tsok-lia̍t,16
工務局,kang-bū-kio̍k,16
工商業,kang-siong-gia̍p,16
工業區,kang-gia̍p-khu,16
工藝品,kang-gē-phín,16
巨蟹座,kī-hāi-tsō,16
市公所,tshī-kong-sóo,16
市政府,tshī-tsìng-hú,16
市議會,tshī-gī-huē,16
帶分數,tài-hun-sòo,16
帶原者,tài-guân-tsiá,16
帶小數,tài-sió-sòo,16
幌振動,hàinn-tín-tāng,16
干擾素,kan-jiáu-sòo,16
平均數,pîng-kin-sòo,16
平常年,pîng-siông-nî,16
平方根,pîng-hong-kin,16
平行線,pîng-hîng-suànn,16
平行脈,pîng-hîng-me̍h,16
平衡感,pîng-hîng-kám,16
平衡木,pîng-hîng-bo̍k,16
平飛球,pênn-pue-kiû,16
幼兒期,iù-jî-kî,16
幼葉仔,iù-hio̍h-á,16
幾點半,kuí-tiám-puànn,16
底邊長,té-pinn-tn̂g,16
底面積,té-bīn-tsik,16
弓仔秤,king-á-tshìn,16
弓箭步,king-tsìnn-pōo,16
弦切角,hiân-tshiat-kak,16
弦樂器,hiân-ga̍k-khì,16
弦樂團,hiân-ga̍k-thuân,16
弱起拍,jio̍k-khí-phik,16
彈鋼琴,tuânn-kǹg-khîm,16
形聲字,hîng-siann-jī,16
彩色筆,tshái-sik-pit,16
徛直線,khiā-ti̍t-suànn,16
御夫座,gū-hu-tsō,16
微生物,bî-sing-bu̍t,16
微生菌,bî-sing-khún,16
徵調式,tí-tiāu-sik,16
心宿二,sim-siok-jī,16
心智圖,sim-tì-tôo,16
心絞疼,sim-ká-thiànn,16
心臟病,sim-tsōng-pēnn,16
志工隊,tsì-kang-tuī,16
快速鍵,khuài-sok-kiān,16
快速齒,khuài-sok-khí,16
性侵害,sìng-tshim-hāi,16
性命力,sènn-miā-li̍k,16
性教育,sìng-kàu-io̍k,16
性霸凌,sìng-pà-lîng,16
性騷擾,sìng-so-jiáu,16
恆春城,hîng-tshun-siânn,16
想像力,sióng-siōng-li̍k,16
愛滋病,ài-tsu-pēnn,16
感嘆號,kám-thàn-hō,16
感想法,kám-sióng-huat,16
感著,kám--tio̍h,16
慢性病,bān-sìng-pēnn,16
慣用跤,kuàn-iōng-kha,16
懸度角,kuân-tōo-kak,16
懸發球,kuân-huat-kiû,16
懸閣強,kuân-koh-kiông,16
懸飛球,kuân-pue-kiû,16
成年期,sîng-liân-kî,16
成年禮,sîng-liân-lé,16
成正比,sîng-tsìng-pí,16
戒嚴令,kài-giâm-līng,16
戲尪仔,hì-ang-á,16
手工包,tshiú-kang-pau,16
手工業,tshiú-kang-gia̍p,16
手搖鈴,tshiú-iô-lîng,16
手風琴,tshiú-hong-khîm,16
打耳祭,tá-ní-tsè,16
托體能,thuh-thé-lîng,16
投影片,tâu-iánn-phìnn,16
投票率,tâu-phiò-lu̍t,16
抗力臂,khòng-li̍k-pì,16
抗力點,khòng-li̍k-tiám,16
折仔戲,tsiat-á-hì,16
折線圖,tsiat-suànn-tôo,16
抽象畫,thiu-siōng-uē,16
抾字紙,khioh-jī-tsuá,16
拋物線,phau-bu̍t-suànn,16
拍喙鼓,phah-tshuì-kóo,16
拍噗仔,phah-pho̍k-á,16
拍官司,phah-kuann-si,16
拍拍器,phah-phik-khì,16
拍風雷,phah-hong-luî,16
拼貼法,phing-tah-huat,16
拼貼畫,phing-tah-uē,16
指北極,tsí-pak-ki̍k,16
指北針,tsí-pak-tsiam,16
指南極,tsí-lâm-ki̍k,16
指南針,tsí-lâm-tsiam,16
指揮家,tsí-hui-ka,16
指揮法,tsí-hui-huat,16
指數律,tsí-sòo-lu̍t,16
指示劑,tsí-sī-tse,16
指示藥,tsí-sī-io̍h,16
挺水性,thíng-tsuí-sìng,16
捋仔田,lua̍h-á-tshân,16
捙畚斗,tshia-pùn-táu,16
排水溝,pâi-tsuí-kau,16
掖種祭,iā-tsíng-tsè,16
掠篙泅,lia̍h-ko-siû,16
探墓厝,thàm-bōng-tshù,16
接力賽,tsiap-li̍k-sài,16
接物鏡,tsiap-bu̍t-kiànn,16
接目鏡,tsiap-bo̍k-kiànn,16
接觸力,tsiap-tshiok-li̍k,16
接觸面,tsiap-tshiok-bīn,16
控制鈕,khòng-tsè-liú,16
插敘法,tshah-sū-huat,16
插畫家,tshah-uē-ka,16
揣對象,tshuē-tuì-siōng,16
搖頭丸,iô-thâu-uân,16
摩擦力,môo-tshat-li̍k,16
撇頓點,phiat-tùn-tiám,16
擊樂器,kik-ga̍k-khì,16
擬人化,gí-jîn-huà,16
擬人法,gí-jîn-huat,16
收納袋,siu-la̍p-tē,16
放大圖,hòng-tuā-tôo,16
放水燈,pàng-tsuí-ting,16
敏捷度,bín-tsia̍t-tōo,16
敏捷性,bín-tsia̍t-sìng,16
敘述句,sū-su̍t-kù,16
教師節,kàu-su-tseh,16
散文集,suànn-bûn-tsi̍p,16
整十倍,tsíng-tsa̍p-puē,16
整數倍,tsíng-sòo-puē,16
整百倍,tsíng-pah-puē,16
數字線,sòo-jī-suànn,16
文言文,bûn-giân-bûn,16
斜對角,tshua̍h-tuì-kak,16
斜糕形,tshiâ-ko-hîng,16
新住民,sin-tsū-bîn,16
新朋友,sin-pîng-iú,16
新港文,sin-káng-bûn,16
新移民,sin-î-bîn,16
新𥰔仔,sin-phín-á,16
方位盤,hong-uī-puânn,16
方位角,hong-uī-kak,16
方向性,hong-hiòng-sìng,16
方向盤,hong-hiòng-puânn,16
方解石,hong-kái-tsio̍h,16
施力臂,si-li̍k-pì,16
施力點,si-li̍k-tiám,16
旋轉角,suân-tsuán-kak,16
日本海,ji̍t-pún-hái,16
日頭光,ji̍t-thâu-kng,16
星期制,sing-kî-tsè,16
時計果,sî-kè-kó,16
景氣䆀,kíng-khì-bái,16
暈染法,ūn-jiám-huat,16
暖氣團,luán-khì-thuân,16
暖空氣,luán-khong-khì,16
暖色系,luán-sik-hē,16
暖色調,luán-sik-tiāu,16
曲棍球,khiok-kùn-kiû,16
書名號,su-bîng-hō,16
曹公圳,tsô-kong-tsùn,16
月偏蝕,gue̍h-phian-sit,16
月全蝕,gue̍h-tsuân-sit,16
有理化,iú-lí-huà,16
有雄卵,ū-hîng-nn̄g,16
服務業,ho̍k-bū-gia̍p,16
木刻版,bo̍k-khik-pán,16
木心枋,bo̍k-sim-pang,16
木本莖,bo̍k-pún-king,16
未知數,bī-ti-sòo,16
末啟詞,bua̍t-khé-sû,16
東半球,tang-puànn-kiû,16
枋仔畫,pang-á-uē,16
果子類,kué-tsí-luī,16
染印法,ní-ìn-huat,16
柔軟度,jiû-nńg-tōo,16
柝仔板,kho̍k-á-pán,16
查字典,tshâ-jī-tián,16
查音表,tshâ-im-pió,16
柱仔形,thiāu-á-hîng,16
柱仔頭,thiāu-á-thâu,16
根莖類,kin-king-luī,16
格仔枋,keh-á-pang,16
條件句,tiâu-kiānn-kù,16
棲息地,tshe-sik-tē,16
植物欉,si̍t-bu̍t-tsâng,16
樂府詩,ga̍k-hú-si,16
欣賞曲,him-sióng-khik,16
欶水紙,suh-tsuí-tsuá,16
歕喙仔,pûn-tshuì-á,16
歡送詞,huan-sàng-sû,16
殼仔絃,khak-á-hiân,16
比例尺,pí-lē-tshioh,16
比率圖,pí-lu̍t-tôo,16
比較量,pí-kàu-liōng,16
毫公升,hô-kong-tsin,16
民族舞,bîn-tso̍k-bú,16
氟化物,hut-huà-bu̍t,16
氣溫計,khì-un-kè,16
氣生根,khì-sing-kin,16
氣象局,khì-siōng-kio̍k,16
水墨畫,tsuí-ba̍k-uē,16
水墨紙,tsuí-ba̍k-tsuá,16
水彩畫,tsuí-tshái-uē,16
水彩筆,tsuí-tshái-pit,16
水果類,tsuí-kó-luī,16
水溶液,tsuí-iông-i̍k,16
水燈節,tsuí-ting-tseh,16
水蜈蚣,tsuí-giâ-kang,16
水資源,tsuí-tsu-guân,16
水雞泅,tsuí-ke-siû,16
沈葆楨,sím-pó-tsing,16
沉水性,tîm-tsuí-sìng,16
沖沖滾,tshiâng-tshiâng-kún,16
油脂類,iû-tsi-luī,16
法國號,huat-kok-hō,16
泡棉膠,phàu-mî-ka,16
注射筒,tsù-siā-tâng,16
注意力,tsù-ì-li̍k,16
洗衫粉,sé-sann-hún,16
流浪狗,liû-lōng-káu,16
流線型,liû-suànn-hîng,16
浮葉性,phû-hio̍h-sìng,16
海蝕崁,hái-si̍t-khàm,16
海蝕洞,hái-si̍t-tōng,16
消水溝,siau-tsuí-kau,16
消費者,siau-huì-tsiá,16
消防局,siau-hông-kio̍k,16
消防栓,siau-hông-sng,16
添加物,thiam-ka-bu̍t,16
清真寺,tshing-tsin-sī,16
渲染法,suàn-jiám-huat,16
湳仔地,làm-á-tē,16
溶去,iûnn--khì,16
溶氧量,iûnn-ióng-liōng,16
溶解量,iông-kái-liōng,16
滯留鋒,tī-liû-hong,16
滾藥水,kún-io̍h-tsuí,16
演化論,ián-huà-lūn,16
演奏曲,ián-tsàu-khik,16
漚去,àu--khì,16
漢文化,hàn-bûn-huà,16
潑水節,phuah-tsuí-tseh,16
澹水地,tâm-tsuí-tē,16
激骨話,kik-kut-uē,16
濟歲人,tsē-huè-lâng,16
濫色紙,lām-sik-tsuá,16
火山島,hué-suann-tó,16
火燒雲,hué-sio-hûn,16
火車路,hué-tshia-lōo,16
烏焦蛇,oo-ta-tsuâ,16
烏笛仔,oo-ta̍t-á,16
烏跤病,oo-kha-pēnn,16
烏雉雞,oo-thī-ke,16
烏𪐞紅,oo-tòo-âng,16
無人島,bû-jîn-tó,16
無線電,bô-suànn-tiān,16
無退位,bô-thè-uī,16
無進位,bô-tsìn-uī,16
焦水期,ta-tsuí-kî,16
焦涸涸,ta-khok-khok,16
焦燥劑,ta-sò-tse,16
焦電池,ta-tiān-tî,16
熔去,iûnn--khì,16
熱人,jua̍h--lâng,16
熱傳導,jia̍t-thuân-tō,16
熱對流,jia̍t-tuì-liû,16
燃素說,jiân-sòo-suat,16
燈仔花,ting-á-hue,16
燒空氣,sio-khong-khì,16
營養份,îng-ióng-hūn,16
營養素,îng-ióng-sòo,16
父親節,hū-tshin-tseh,16
牙周病,gê-tsiu-pēnn,16
牙菌斑,gê-khún-pan,16
牛郎星,gû-nn̂g-tshenn,16
牧夫座,bo̍k-hu-tsō,16
狗齒仔,káu-khí-á,16
獅仔座,sai-á-tsō,16
獵戶座,la̍h-hōo-tsō,16
玻片夾,po-phìnn-ngeh,16
玻璃紙,po-lê-tsuá,16
現代化,hiān-tāi-huà,16
現代舞,hiān-tāi-bú,16
現代詩,hiān-tāi-si,16
瑠公圳,liû-kong-tsùn,16
甚快板,sīm-khuài-pán,16
生刀草,tshenn-to-tsháu,16
生理期,sing-lí-kî,16
生產線,sing-sán-suànn,16
生產者,sing-sán-tsiá,16
甲狀腺,kah-tsōng-suànn,16
男中音,lâm-tiong-im,16
男低音,lâm-kē-im,16
留言枋,lâu-giân-pang,16
畜牧業,thiok-bo̍k-gia̍p,16
畢宿五,pit-siù-gōo,16
畫圖紙,uē-tôo-tsuá,16
疑問句,gî-būn-kù,16
病原體,pēnn-guân-thé,16
病媒蠓,pēnn-muî-báng,16
登革熱,ting-kik-jia̍t,16
發電機,huat-tiān-ki,16
發電量,huat-tiān-liōng,16
白糊仔,pe̍h-kôo-á,16
白羊座,pe̍h-iûnn-tsō,16
白話文,pe̍h-uē-bûn,16
白話詩,pe̍h-uē-si,16
白黏膠,pe̍h-liâm-ka,16
百位數,pah-uī-sòo,16
百億位,pah-ik-uī,16
百分位,pah-hun-uī,16
百分比,pah-hun-pí,16
百家姓,pik-ka-sènn,16
百數表,pah-sòo-pió,16
百萬位,pah-bān-uī,16
皮猴戲,phuê-kâu-hì,16
皮脂腺,phuê-tsi-suànn,16
皮膚色,phuê-hu-sik,16
監察院,kàm-tshat-īnn,16
監護人,kàm-hōo-jîn,16
目版畫,ba̍k-pán-uē,16
直排輪,ti̍t-pâi-lûn,16
直角柱,ti̍t-kak-thiāu,16
直轄市,ti̍t-hat-tshī,16
相交叉,sio-kau-tshe,16
相倚邊,sio-uá-pinn,16
相拍電,sio-phah-tiān,16
相閃球,sio-siám-kiû,16
省水器,síng-tsuí-khì,16
眉形月,bî-hîng-gue̍h,16
真分數,tsin-hun-sòo,16
真珠枋,tsin-tsu-pang,16
短文集,té-bûn-tsi̍p,16
短除法,té-tî-huat,16
短𥰔仔,té-phín-á,16
矮靈祭,é-lîng-tsè,16
石灰水,tsio̍h-hue-tsuí,16
石版畫,tsi̍oh-pán-uē,16
硩年錢,teh-nî-tsînn,16
磁力線,tsû-li̍k-suànn,16
礦物質,khòng-bu̍t-tsit,16
社交舞,siā-kau-bú,16
祈使句,kî-sú-kù,16
祖靈祭,tsóo-lîng-tsè,16
祝福語,tsiok-hok-gí,16
神主牌,sîn-tsú-pâi,16
禮拜制,lé-pài-tsè,16
禮拜堂,lé-pài-tn̂g,16
禽流感,khîm-liû-kám,16
科學家,kho-ha̍k-ka,16
種小名,tsíng-sió-miâ,16
空手道,khang-tshiú-tō,16
空氣柱,khong-khì-thiāu,16
空白鍵,khàng-pe̍h-kiān,16
空白齒,khàng-pe̍h-khí,16
空間感,khong-kan-kám,16
穿線器,tshng-suànn-khì,16
立法院,li̍p-huat-īnn,16
竹篙舞,tik-ko-bú,16
竹籐藝,tik-tîn-gē,16
笛仔聲,ta̍t-á-siann,16
等壓線,tíng-ap-suànn,16
答喙鼓,tap-tshuì-kóo,16
管樂器,kuán-ga̍k-khì,16
管樂團,kuán-ga̍k-thuân,16
管樂隊,kuán-ga̍k-tuī,16
管絃樂,kuán-hiân-ga̍k,16
管風琴,kuán-hong-khîm,16
節奏感,tsiat-tsàu-kám,16
粉蠟筆,hún-la̍h-pit,16
粗瓷器,tshoo-huî-khì,16
糞埽場,pùn-sò-tiûnn,16
紅目墘,âng-ba̍k-kînn,16
紅目症,âng-ba̍k-tsìng,16
紅紫色,âng-tsí-sik,16
紅銅線,âng-tâng-suànn,16
純女聲,sûn-lí-siann,16
純小數,sûn-sió-sòo,16
純樂器,sûn-ga̍k-khì,16
純男聲,sûn-lâm-siann,16
紗仔衫,se-á-sann,16
紙尪仔,tsuá-ang-á,16
紙黏塗,tsuá-liâm-thôo,16
索仔步,soh-á-pōo,16
紫外線,tsí-guā-suànn,16
細gí仔,sè-gí-á,16
細車齒,sè-tshia-khí,16
細齒輪,sè-khí-lûn,16
紲接寫,suà-tsiap-siá,16
終止線,tsiong-tsí-suànn,16
結合律,kiat-ha̍p-lu̍t,16
結合線,kiat-ha̍p-suànn,16
結核病,kiat-hu̍t-pēnn,16
結構圖,kiat-kòo-tôo,16
結膜炎,kiat-mo̍oh-iām,16
絕對值,tsua̍t-tuì-ta̍t,16
絕緣體,tsua̍t-iân-thé,16
統計圖,thóng-kè-tôo,16
統計表,thóng-kè-pió,16
經倒,kenn--tó,16
綠島鄉,li̍k-tó-hiong,16
綠建築,li̍k-kiàn-tio̍k,16
維生素,uî-sing-sòo,16
維管束,uî-kńg-sok,16
網狀脈,bāng-tsōng-me̍h,16
線段圖,suànn-tuānn-tôo,16
線逝圖,suànn-tsuā-tôo,16
縣政府,kuān-tsìng-hú,16
縣議會,kuān-gī-huē,16
縮小圖,sok-sió-tôo,16
總督府,tsóng-tok-hú,16
織女星,tsit-lí-tshenn,16
罰球區,hua̍t-kiû-khu,16
美術館,bí-su̍t-kuán,16
羽調式,ú-tiāu-sik,16
習寫字,si̍p-siá-jī,16
考試院,khó-tshì-īnn,16
耳空吱,hīnn-khang-ki,16
耶誕節,iâ-tàn-tseh,16
聯合國,liân-ha̍p-kok,16
聽故事,thiann-kòo-sū,16
肉粽節,bah-tsàng-tseh,16
肌耐力,ki-nāi-li̍k,16
肝包油,kuann-pau-iû,16
肝硬化,kuann-ngē-huà,16
肺活量,hì-ua̍h-liōng,16
胃腸炎,uī-tn̂g-iām,16
背風面,puē-hong-bīn,16
胎兒期,thai-jî-kî,16
胎生栽,thai-sing-tsai,16
胎生苗,thai-sing-biâu,16
胰島素,î-tó-sòo,16
脫氧劑,thuat-ióng-tse,16
腐蝕性,hú-si̍t-sìng,16
腦中風,náu-tiòng-hong,16
腰子病,io-tsí-pēnn,16
腸病毒,tn̂g-pēnn-to̍k,16
膨尾鼠,phòng-bué-tshí,16
膨紗衫,phòng-se-sann,16
自然段,tsū-jiân-tuānn,16
自然界,tsū-jiân-kài,16
自由球,tsū-iû-kiû,16
自輪車,tsū-lián-tshia,16
自轉車,tsū-tsuán-tshia,16
臭去,tshàu--khì,16
臭柿仔,tshàu-khī-á,16
臺灣島,tâi-uân-tó,16
色鉛筆,sik-iân-pit,16
芭蕾舞,pa-lê-bú,16
花菜類,hue-tshài-luī,16
花蓮溪,hua-liân-khe,16
英仙座,ing-sian-tsō,16
英國管,ing-kok-kuán,16
茭白筍,kha-pe̍h-sún,16
草本莖,tsháu-pún-king,16
荷蘭人,hô-lân-lâng,16
菜蔬類,tshài-se-luī,16
華氏,huâ--sī,16
萬分位,bān-hun-uī,16
落地掃,lo̍h-tē-sàu,16
落山風,lo̍h-suann-hong,16
葉仔形,hio̍h-á-hîng,16
葉仔柄,hio̍h-á-pènn,16
葉仔邊,hio̍h-á-pinn,16
葉菜類,hio̍h-tshài-luī,16
葵扇形,khuê-sìnn-hîng,16
蒸氣機,tsing-khì-ki,16
蔬菜類,soo-tshài-luī,16
薄鹽酸,po̍h-iâm-sng,16
藏書票,tsông-su-phiò,16
號頭聲,hō-thâu-siann,16
虹吸瓶,hông-khip-pân,16
蛤仔泅,kap-á-siû,16
蜂仔炮,phang-á-phàu,16
蠓仔薰,báng-á-hun,16
蠓仔香,báng-á-hiunn,16
行政院,hîng-tsìng-īnn,16
街路圖,ke-lōo-tôo,16
表演者,piáu-ián-tsiá,16
表面積,piáu-bīn-tsik,16
衫仔弓,sann-á-king,16
衫仔架,sann-á-kè,16
衫架仔,sann-kè-á,16
被乘數,pī-sîng-sòo,16
被加數,pī-ka-sòo,16
被減數,pī-kiám-sòo,16
被除數,pī-tî-sòo,16
裝飾音,tsong-sik-im,16
製造業,tsè-tsō-gia̍p,16
西半球,sai-puànn-kiû,16
西卡紙,se-khah-tsuá,16
西螺溪,sai-lê-khe,16
覆水泅,phak-tsuí-siû,16
規律性,kui-lu̍t-sìng,16
視星等,sī-tshenn-tíng,16
觀光業,kuan-kong-gia̍p,16
觀察力,kuan-tshat-li̍k,16
角調式,kak-tiāu-sik,16
解嚴令,kái-giâm-līng,16
解析度,kái-sik-tōo,16
計時器,kè-sî-khì,16
計算式,kè-sǹg-sik,16
記敘文,kì-sū-bûn,16
設問法,siat-būn-huat,16
設計圖,siat-kè-tôo,16
設計師,siat-kè-su,16
設計感,siat-kè-kám,16
設計者,siat-kè-tsiá,16
註解號,tsù-kái-hō,16
認讀字,jīn-tha̍k-jī,16
語言列,gí-giân-lia̍t,16
語體文,gí-thé-bûn,16
調節輪,tiâu-tsiat-lûn,16
議論文,gī-lūn-bûn,16
變奏曲,piàn-tsàu-khik,16
豬肝色,ti-kuann-sik,16
賊仔星,tsha̍t-á-tshenn,16
質因數,tsit-in-sòo,16
赤尾鮐,tshiah-bué-tai,16
赤崁樓,tshiah-khàm-lâu,16
走相掠,tsáu-sio-lia̍h,16
走相逐,tsáu-sio-jiok,16
超距力,tshiau-kī-li̍k,16
超連結,tshiau-liân-kiat,16
跙流籠,tshū-liû-lông,16
跤踏車,kha-ta̍h-tshia,16
跳索仔,thiàu-soh-á,16
踢踏舞,that-ta̍h-bú,16
身份證,sin-hūn-tsìng,16
身軀身,sin-khu-sin,16
車齒組,tshia-khí-tsoo,16
軸半徑,ti̍k-puànn-kìng,16
載物臺,tsài-bu̍t-tâi,16
輪半徑,lián-puànn-kìng,16
轉大人,tńg-tuā-lâng,16
轉折句,tsuán-tsiat-kù,16
轉折號,tsuán-tsiat-hō,16
轉踅盤,tńg-se̍h-puânn,16
農作物,lông-tsok-bu̍t,16
農民曆,lông-bîn-li̍k,16
退片鈕,thè-phìnn-liú,16
透大風,thàu-tuā-hong,16
透視法,thàu-sī-huat,16
造字法,tsō-jī-huat,16
連接號,liân-tsiap-hō,16
連接詞,liân-tsiap-sû,16
連紲音,liân-suà-im,16
連結線,liân-kiat-suànn,16
連貫句,liân-kuàn-kù,16
連通管,liân-thong-kóng,16
進行曲,tsìn-hîng-khik,16
運動埕,ūn-tōng-tiânn,16
運動場,ūn-tōng-tiûnn,16
運動會,ūn-tōng-huē,16
運動量,ūn-tōng-liōng,16
運筆法,ūn-pit-huat,16
過境鳥,kuè-kíng-tsiáu,16
過年錢,kuè-nî-tsînn,16
過敏原,kuè-bín-guân,16
過渡句,kuè-tōo-kù,16
過渡段,kuè-tōo-tuānn,16
選擇句,suán-ti̍k-kù,16
部份量,pōo-hūn-liōng,16
都市化,too-tshī-huà,16
鄉公所,hiong-kong-sóo,16
鄭克塽,tēnn-khik-sóng,16
鄭成功,tēnn-sîng-kong,16
酒精燈,tsiú-tsing-ting,16
酸鹼度,sng-kinn-tōo,16
酸鹼性,sng-kinn-sìng,16
醫生館,i-sing-kuán,16
重耽字,tîng-tânn-jī,16
重號名,tîng-hō-miâ,16
金剛石,kim-kong-tsio̍h,16
金屬片,kim-sio̍k-phìnn,16
金牛座,kim-gû-tsō,16
金翼仔,kim-si̍t-á,16
金門島,kim-mn̂g-tó,16
鋰電池,lí-tiān-tî,16
鋼琴曲,kǹg-khîm-khik,16
錢筒仔,tsînn-tâng-á,16
錯別字,tshò-pia̍t-jī,16
鎮公所,tìn-kong-sóo,16
鐵生鉎,thih-senn-sian,16
鐵製品,thih-tsè-phín,16
長方形,tiông-hong-hîng,16
長方體,tn̂g-hong-thé,16
長株形,tn̂g-tu-hîng,16
長篙形,tn̂g-ko-hîng,16
長頓點,tn̂g-tùn-tiám,16
長𥰔仔,tn̂g-phín-á,16
閃避球,siám-pī-kiû,16
開合跳,khui-ha̍p-thiàu,16
開臊節,khui-tsho-tseh,16
間隔號,kàn-keh-hō,16
閬隔數,làng-keh-sòo,16
關係圖,kuan-hē-tôo,16
關鍵句,kuan-kiān-kù,16
防曝膏,hông-pha̍k-ko,16
防腐劑,hông-hú-tse,16
防風颱,hông-hong-thai,16
降半音,kàng-puànn-im,16
陳情書,tîn-tsîng-su,16
雄黃酒,hiông-hông-tsiú,16
集散地,tsi̍p-sàn-tē,16
雕刻品,tiau-khik-phín,16
雙字詞,siang-jī-sû,16
雨層雲,hōo-tsân-hûn,16
雨量器,hōo-liōng-khì,16
雪文粉,sap-bûn-hún,16
零星錢,lân-san-tsînn,16
雷射光,luî-siā-kng,16
電火布,tiān-hué-pòo,16
電球仔,tiān-kiû-á,16
電磁波,tiān-tsû-pho,16
電著,tiān--tio̍h,16
電解質,tiān-kái-tsit,16
青年期,tshing-liân-kî,16
青年節,tshing-liân-tseh,16
青春期,tshing-tshun-kî,16
青竹絲,tshenn-tik-si,16
青翼仔,tshenn-si̍t-á,16
青苔類,tshenn-thî-luī,16
青黴素,tshenn-bî-sòo,16
青黴菌,tshenn-bî-khún,16
音樂家,im-ga̍k-ka,16
音樂廳,im-ga̍k-thiann,16
音樂會,im-ga̍k-huē,16
音樂聲,im-ga̍k-siann,16
音符頭,im-hû-thâu,16
頂下文,tíng-ē-bûn,16
頂四管,tíng-sì-kuán,16
頂弦月,tíng-hiân-gue̍h,16
順敘法,sūn-sū-huat,16
領事館,líng-sū-kuán,16
頭前齒,thâu-tsîng-khí,16
頷胿腺,ām-kui-suànn,16
頷頸珠,ām-kún-tsu,16
顯微鏡,hián-bî-kiànn,16
風力計,hong-li̍k-kè,16
風吹形,hong-tshue-hîng,16
風景畫,hong-kíng-uē,16
風颱眼,hong-thai-gán,16
飛馬座,hui-má-tsō,16
香港跤,hiong-káng-kha,16
馬拉松,ma-lá-sóng,16
驚嘆號,king-thàn-hō,16
骨疼熱,kut-thiànn-jia̍t,16
骨骼肌,kut-keh-ki,16
體適能,thé-sik-lîng,16
高科技,ko-kho-ki,16
高纖維,ko-tshiam-uî,16
高血壓,ko-hueh-ap,16
高齡化,ko-lîng-huà,16
鬼針草,kuí-tsiam-tsháu,16
魔方陣,môo-hong-tīn,16
魚尾叉,hî-bué-tshe,16
魚腹翼,hî-pak-si̍t,16
鵝鑾鼻,gô-luân-phīnn,16
麻芳斜,muâ-phang-tshua̍h,16
麻芳範,muâ-phang-huān,16
黃酸雨,n̂g-sng-hōo,16
鼓吹樂,kóo-tshue-ga̍k,16
齒岸炎,khí-huānn-iām,16
齒輪組,khí-lûn-tsoo,16
齒頭仔,khí-thâu-á,16
龜山島,ku-suann-tó,16
𥰔仔空,phín-á-khang,16
𥰔仔聲,phín-á-siann,16
𥰔仔膜,phín-á-mo̍oh,16
𥰔仔音,phín-á-im,16
漢字,hàn-jī,15
A型流感,a-hîng-liû-kám,12
A型肝炎,a-hîng-kuann-iām,12
phe-ní-sí-lín,phe-ní-sí-lín,12
pho-lé-lóng膠,pho-lé-lóng-ka,12
一位小數,tsi̍t-uī-sió-sòo,12
一年的,it-nî--ê,12
一氧化碳,it-ióng-huà-thuànn,12
七星龜仔,tshit-tshenn-ku-á,12
三年的,sann-nî--ê,12
三部合唱,sann-pōo-ha̍p-tshiùnn,12
上短下長,siōng-té-hā-tn̂g,12
上長下短,siōng-tn̂g-hā-té,12
不良導體,put-liông-tō-thé,12
世界公民,sè-kài-kong-bîn,12
世界文化,sè-kài-bûn-huà,12
並列關係,pīng-lia̍t-kuan-hē,12
中和反應,tiong-hô-huán-ìng,12
中央政府,tiong-iong-tsìng-hú,12
中度風颱,tiong-tōo-hong-thai,12
中性溶液,tiong-sìng-iông-i̍k,12
中日戰爭,tiong-ji̍t-tsiàn-tsing,12
中沙群島,tiong-sua-kûn-tó,12
中華文化,tiong-huâ-bûn-huà,12
中音笛仔,tiong-im-ta̍t-á,12
乘法估算,sîng-huat-kóo-sǹg,12
乘法算式,sîng-huat-sǹg-sik,12
乘除互逆,sîng-tî-hōo-gi̍k,12
乘除混合,sîng-tî-hūn-ha̍p,12
九九乘法,kiú-kiú-sîng-huat,12
二分音符,jī-hun-im-hû,12
二次函數,jī-tshù-hâm-sòo,12
二氧化氮,jī-ióng-huà-tām,12
二氧化硫,jī-ióng-huà-liû,12
二部合唱,jī-pōo-ha̍p-tshiùnn,12
二部合奏,jī-pōo-ha̍p-tsàu,12
二部輪唱,jī-pōo-lûn-tshiùnn,12
互相平行,hōo-siong-pîng-hîng,12
五大地形,gōo-tuā-tē-hîng,12
五聲音階,gōo-siann-im-kai,12
亞洲大陸,a-tsiu-tāi-lio̍k,12
交通運輸,kau-thong-ūn-su,12
人力運輸,jîn-li̍k-ūn-su,12
人口密度,jîn-kháu-bi̍t-tōo,12
人口政策,jîn-kháu-tsìng-tshik,12
人口普查,jîn-kháu-phóo-tsa,12
人口老化,jîn-kháu-nóo-huà,12
人口調查,jîn-kháu-tiâu-tsa,12
人工湠種,jîn-kang-thuànn-tsíng,12
人情世事,jîn-tsîng-sè-sū,12
人物角色,jîn-bu̍t-kak-sik,12
人聲合唱,lâng-siann-ha̍p-tshiùnn,12
人造纖維,jîn-tsō-tshiam-uî,12
人際關係,jîn-tsè-kuan-hē,12
人面蜘蛛,jîn-bīn-ti-tu,12
伊斯蘭教,i-su-lân-kàu,12
休閒運動,hiu-hân-ūn-tōng,12
位值換算,uī-ta̍t-uānn-sǹg,12
低手發球,kē-tshiú-huat-kiû,12
低碳食物,kē-thuànn-si̍t-bu̍t,12
低碳飲食,kē-thuànn-ím-si̍t,12
低音喇叭,kē-im-lá-pah,12
低音提琴,kē-im-thê-khîm,12
低音笛仔,kē-im-ta̍t-á,12
作業系統,tsok-gia̍p-hē-thóng,12
依法行政,i-huat-hîng-tsìng,12
侵蝕作用,tshim-si̍t-tsok-iōng,12
侵蝕風化,tshim-si̍t-hong-huà,12
保甲制度,pó-kah-tsè-tōo,12
保育計畫,pó-io̍k-kè-uē,12
個人隱私,kò-jîn-ún-su,12
個位數字,kò-uī-sòo-jī,12
倫理道德,lûn-lí-tō-tik,12
停留記號,thîng-liû-kì-hō,12
傳導現象,thuân-tō-hiān-siōng,12
傳熱速度,thuân-jia̍t-sok-tōo,12
傳統技藝,thuân-thóng-ki-gē,12
傳統文化,thuân-thóng-bûn-huà,12
傳統歌謠,thuân-thóng-kua-iâu,12
傳統產業,thuân-thóng-sán-gia̍p,12
傳統社會,thuân-thóng-siā-huē,12
傳統祭典,thuân-thóng-tsè-tián,12
傳統節慶,thuân-thóng-tsiat-khìng,12
傳統詩歌,thuân-thóng-si-kua,12
傳輸速率,thuân-su-sok-lu̍t,12
儒家思想,jû-ka-su-sióng,12
光合作用,kong-ha̍p-tsok-iōng,12
光線色散,kng-suànn-sik-suànn,12
免疫系統,bián-i̍k-hē-thóng,12
兒童文學,jî-tông-bûn-ha̍k,12
內容綱要,luē-iông-kong-iàu,12
內溫動物,lāi-un-tōng-bu̍t,12
全休止符,tsuân-hiu-tsí-hû,12
全等圓形,tsuân-tíng-înn-hîng,12
全等圖形,tsuân-tíng-tôo-hîng,12
全等梯形,tsuân-tíng-thui-hîng,12
兩位小數,nn̄g-uī-sió-sòo,12
八分音符,peh-hun-im-hû,12
八部合音,peh-pōo-ha̍p-im,12
公共事務,kong-kiōng-sū-bū,12
公共場所,kong-kiōng-tiûnn-sóo,12
公共建設,kong-kiōng-kiàn-siat,12
公共藝術,kong-kiōng-gē-su̍t,12
公共設施,kong-kiōng-siat-si,12
公共資源,kong-kiōng-tsu-guân,12
公制單位,kong-tsè-tan-uī,12
公平貿易,kong-pênn-bōo-i̍k,12
公民行動,kong-bîn-hîng-tōng,12
共同創作,kiōng-tông-tshòng-tsok,12
具象主義,kū-siōng-tsú-gī,12
再生資源,tsài-sing-tsu-guân,12
凹版印刷,nah-pán-ìn-suat,12
分工合作,hun-kang-ha̍p-tsok,12
分數四則,hun-sòo-sì-tsik,12
分數除法,hun-sòo-tî-huat,12
切換視窗,tshiat-uānn-sī-thang,12
刻板印象,khik-pán-ìn-siōng,12
前後文意,tsîng-āu-bûn-ì,12
力度記號,li̍k-tōo-kì-hō,12
加法估算,ka-huat-kóo-sǹg,12
加法算式,ka-huat-sǹg-sik,12
加法計算,ka-huat-kè-sǹg,12
加減乘除,ka-kiám-sîng-tî,12
加減估算,ka-kiám-kóo-sǹg,12
動力來源,tōng-li̍k-lâi-guân,12
化學物質,huà-ha̍k-bu̍t-tsit,12
北回歸線,pak-huê-kui-suànn,12
北斗七星,pak-táu-tshit-tshenn,12
北極震盪,pak-ki̍k-tsìn-tōng,12
北管合奏,pak-kuán-ha̍p-tsàu,12
北管陣頭,pak-kuán-tīn-thâu,12
北管音樂,pak-kuán-im-ga̍k,12
十位數字,tsa̍p-uī-sòo-jī,12
十八骰子,si̍p-pat-tâu-á,12
十大建設,tsa̍p-tuā-kiàn-siat,12
十字花科,si̍p-jī-hue-kho,12
十萬分位,tsa̍p-bān-hun-uī,12
千位數字,tshing-uī-sòo-jī,12
升懸半音,sing-kuân-puànn-im,12
升降記號,sing-kàng-kì-hō,12
卑南文化,pi-lâm-bûn-huà,12
卑南遺址,pi-lâm-uî-tsí,12
協調能力,hia̍p-tiâu-lîng-li̍k,12
南回歸線,lâm-huê-kui-suànn,12
南極板塊,lâm-ki̍k-pán-khuài,12
南沙群島,lâm-sua-kûn-tó,12
南管音樂,lâm-kuán-im-ga̍k,12
印度數字,ìn-tōo-sòo-jī,12
印澳板塊,ìn-ò-pán-khuài,12
印象主義,ìn-siōng-tsú-gī,12
卵生動物,luán-sing-tōng-bu̍t,12
原住民族,guân-tsū-bîn-tso̍k,12
原漢衝突,guân-hàn-tshiong-tu̍t,12
原生生物,guân-sing-sing-bu̍t,12
參考書目,tsham-khó-su-bo̍k,12
反共文學,huán-kiōng-bûn-ha̍k,12
反始記號,huán-sí-kì-hō,12
反式脂肪,huán-sik-tsi-hong,12
反應時間,huán-ìng-sî-kan,12
反手發球,huán-tshiú-huat-kiû,12
反桮拍球,huán-pue-phah-kiû,12
反清復明,huán-tshing-ho̍k-bîng,12
古典主義,kóo-tián-tsú-gī,12
古典文學,kóo-tián-bûn-ha̍k,12
古典音樂,kóo-tián-im-ga̍k,12
古早科技,kóo-tsá-kho-ki,12
台江內海,tâi-kang-lāi-hái,12
史前文化,sú-tsiân-bûn-huà,12
史前時代,sú-tsiân-sî-tāi,12
史前時期,sú-tsiân-sî-kî,12
合奏樂器,ha̍p-tsàu-ga̍k-khì,12
同心協力,tông-sim-hia̍p-li̍k,12
同極相斥,tông-ki̍k-sio-thik,12
名勝古蹟,bîng-sìng-kóo-tsik,12
名言佳句,bîng-giân-ka-kù,12
周長公式,tsiu-tn̂g-kong-sik,12
味覺摹寫,bī-kak-bôo-siá,12
呼吸系統,hoo-khip-hē-thóng,12
品德故事,phín-tik-kòo-sū,12
啟蒙教材,khé-bông-kàu-tsâi,12
喙空黏膜,tshuì-khang-liâm-mo̍oh,12
喙齒結石,tshuì-khí-kiat-tsio̍h,12
單位分數,tan-uī-hun-sòo,12
單位換算,tan-uī-uānn-sǹg,12
單位比較,tan-uī-pí-kàu,12
單極mòo-tah,tuann-ki̍k-mòo-tah,12
單親家庭,tan-tshin-ka-tîng,12
嗅覺摹寫,hiù-kak-bôo-siá,12
嘉南大圳,ka-lâm-tuā-tsùn,12
嘉南平原,ka-lâm-pîng-guân,12
嘛會使講,mā-ē-sái-kóng,12
噗版印刷,phok-pán-ìn-suat,12
四个線間,sì-ê-suànn-kan,12
四位小數,sì-uī-sió-sòo,12
四分位數,sì-hun-uī-sòo,12
四分音符,sì-hun-im-hû,12
四則運算,sì-tsik-ūn-suàn,12
四字語詞,sì-jī-gí-sû,12
四捨五入,sì-siá-gōo-ji̍p,12
四跤仔泅,sì-kha-á-siû,12
因數分解,in-sòo-hun-kái,12
固定唱名,kòo-tīng-tshiùnn-miâ,12
國定古蹟,kok-tīng-kóo-tsik,12
國家公園,kok-ka-kong-hn̂g,12
國家語言,kok-ka-gí-giân,12
國民教育,kok-bîn-kàu-io̍k,12
國語家庭,kok-gí-ka-tîng,12
國際公約,kok-tsè-kong-iok,12
國際組織,kok-tsè-tsoo-tsit,12
國際舞台,kok-tsè-bú-tâi,12
國際貿易,kok-tsè-bōo-i̍k,12
圓形周長,înn-hîng-tsiu-tn̂g,12
圓形面積,înn-hîng-bīn-tsik,12
圓箍仔柱,înn-khoo-á-thiāu,12
土地改革,thóo-tē-kái-kik,12
土地運用,thóo-tē-ūn-iōng,12
土地開發,thóo-tē-khai-huat,12
地動規模,tē-tāng-kui-bôo,12
地層塌窩,tē-tsân-lap-o,12
地形景觀,tē-hîng-kíng-kuan,12
地熱發電,tē-jia̍t-huat-tiān,12
地球引力,tē-kiû-ín-li̍k,12
地球暖化,tē-kiû-luán-huà,12
地球自轉,tē-kiû-tsū-tsuán,12
地理位置,tē-lí-uī-tì,12
地理景觀,tē-lí-kíng-kuan,12
地理環境,tē-lí-khuân-kíng,12
地盤夯懸,tē-puânn-giâ-kuân,12
均衡飲食,kin-hîng-ím-si̍t,12
垂直傳染,suî-ti̍t-thuân-jiám,12
埃及花蠓,ai-ki̍p-hue-báng,12
埔里盆地,poo-lí-phûn-tē,12
基督宗教,ki-tok-tsong-kàu,12
塑膠橐仔,sok-ka-lok-á,12
塑膠袋仔,sok-ka-tē-á,12
塑膠製品,sok-ka-tsè-phín,12
塑膠貨幣,sok-ka-huè-pè,12
塗壤液化,thôo-jióng-i̍k-huà,12
塗壤鹽化,thôo-jióng-iâm-huà,12
外溫動物,guā-un-tōng-bu̍t,12
多位小數,to-uī-sió-sòo,12
大地景觀,tāi-tē-kíng-kuan,12
大氣壓力,tāi-khì-ap-li̍k,12
大波斯菊,tuā-pho-su-kiok,12
大狗齒仔,tuā-káu-khí-á,12
大王椰子,tāi-ông-iâ-tsí,12
大約等於,tāi-iok-tíng-î,12
大肚魚仔,tuā-tōo-hî-á,12
大腸桿菌,tuā-tn̂g-kuáinn-khún,12
大都會區,tuā-too-huē-khu,12
大霸尖山,tāi-pà-tsiam-suann,12
天文學家,thian-bûn-ha̍k-ka,12
天氣現象,thinn-khì-hiān-siōng,12
天氣觀測,thinn-khì-kuan-tshik,12
天氣變化,thinn-khì-piàn-huà,12
天氣預報,thinn-khì-ī-pò,12
天然漁港,thian-jiân-hî-káng,12
太平天國,tài-pîng-thian-kok,12
太陽能枋,thài-iông-lîng-pang,12
太陽電池,thài-iông-tiān-tî,12
婚喪喜慶,hun-song-hí-khìng,12
子宮內膜,tsú-kiong-lāi-mo̍oh,12
孢子囊群,pau-tsí-lông-kûn,12
季風氣候,kuì-hong-khì-hāu,12
孵出來,pū--tshut-lâi,12
學習資源,ha̍k-si̍p-tsu-guân,12
孽譎仔話,gia̍t-khiat-á-uē,12
安非他命,an-hui-tha-bīng,12
完全小節,uân-tsuân-sió-tsat,12
完全變態,uân-tsuân-piàn-thài,12
宗教信仰,tsong-kàu-sìn-gióng,12
宗教慶典,tsong-kàu-khìng-tián,12
宗教舞蹈,tsong-kàu-bú-tō,12
官方語言,kuann-hong-gí-giân,12
定期存款,tīng-kî-tsûn-khuán,12
定點投籃,tīng-tiám-tâu-nâ,12
宜蘭平原,gî-lân-pîng-guân,12
客家歌仔,kheh-ka-kua-á,12
家庭倫理,ka-tîng-lûn-lí,12
家庭型態,ka-tîng-hîng-thài,12
家庭計畫,ka-tîng-kè-uē,12
家扶中心,ka-hû-tiong-sim,12
家族聚居,ka-tso̍k-tsū-ki,12
寓言故事,gū-giân-kòo-sū,12
專賣制度,tsuan-bē-tsè-tōo,12
對中掠齊,tuì-tiong-lia̍h-tsê,12
對應頂點,tuì-ìng-tíng-tiám,12
對流作用,tuì-liû-tsok-iōng,12
對話練習,tuì-uē-liān-si̍p,12
小數位數,sió-sòo-uī-sòo,12
小數四則,sió-sòo-sì-tsik,12
小數除法,sió-sòo-tî-huat,12
小蘇打水,sió-soo-tánn-tsuí,12
小調歌曲,sió-tiāu-kua-khik,12
尖喙夾仔,tsiam-tshuì-ngeh-á,12
就地取材,tsiū-tē-tshú-tsâi,12
就業機會,tsiū-gia̍p-ki-huē,12
尺規作圖,tshioh-kui-tsok-tôo,12
屈尺角柱,khut-tshioh-kak-thiāu,12
屏東平原,pîn-tong-pîng-guân,12
屯田政策,tûn-tiân-tsìng-tshik,12
山崙地形,suann-lūn-tē-hîng,12
工作人口,kang-tsok-jîn-kháu,12
工業革命,kang-gia̍p-kik-bīng,12
左狹右闊,tsó-e̍h-iū-khuah,12
左闊右狹,tsó-khuah-iū-e̍h,12
市場需求,tshī-tiûnn-su-kiû,12
希臘正教,hi-lia̍p-tsìng-kàu,12
希臘神話,hi-lia̍p-sîn-uē,12
平均氣溫,pîng-kin-khì-un,12
平均溫度,pîng-kin-un-tōo,12
平均速率,pîng-kin-sok-lu̍t,12
平方公分,pîng-hong-kong-hun,12
平方公寸,pîng-hong-kong-tshùn,12
平方公里,pîng-hong-kong-lí,12
平方厘米,pîng-hong-lî-bí,12
平方毫米,pîng-hong-hô-bí,12
平板電腦,pênn-pán-tiān-náu,12
平版印刷,pênn-pán-ìn-suat,12
平行現象,pîng-hîng-hiān-siōng,12
平面圖形,pênn-bīn-tôo-hîng,12
幼年人口,iù-liân-jîn-kháu,12
幼調節輪,iù-tiâu-tsiat-lûn,12
幾何圖形,kí-hô-tôo-hîng,12
幾分之幾,kuí-hun-tsi-kuí,12
幾點幾分,kuí-tiám-kuí-hun,12
弧形島嶼,hôo-hîng-tó-sū,12
彈性限度,tân-sìng-hān-tōo,12
循環小數,sûn-khuân-sió-sòo,12
心肺功能,sim-hì-kong-lîng,12
心肺耐力,sim-hì-nāi-li̍k,12
心肺適能,sim-hì-sik-lîng,12
快速道路,khuài-sok-tō-lōo,12
急性肝炎,kip-sìng-kuann-iām,12
性hoo-lú-bóng,sìng-hoo-lú-bóng,12
性別偏見,sìng-pia̍t-phian-kiàn,12
性別平等,sìng-pia̍t-pîng-tíng,12
性別歧視,sìng-pia̍t-kî-sī,12
性命禮俗,sènn-miā-lé-sio̍k,12
恆春半島,hîng-tshun-puànn-tó,12
恆溫動物,hîng-un-tōng-bu̍t,12
恐龍化石,khióng-liông-huà-tsio̍h,12
意義段落,ì-gī-tuānn-lo̍h,12
感化教育,kám-huà-kàu-io̍k,12
慈善團體,tsû-siān-thuân-thé,12
慈善機構,tsû-siān-ki-kòo,12
應變變因,ìng-piàn-piàn-in,12
懸手傳球,kuân-tshiú-thuân-kiû,12
懸手托球,kuân-tshiú-thuh-kiû,12
懸浮微粒,hiân-hû-bî-lia̍p,12
懸音木琴,kuân-im-bo̍k-khîm,12
懸音笛仔,kuân-im-ta̍t-á,12
懸音譜號,kuân-im-phóo-hō,12
成語典故,sîng-gí-tián-kòo,12
成長環境,sîng-tióng-khuân-kíng,12
戒嚴時期,kài-giâm-sî-kî,12
戰後初期,tsiàn-āu-tshoo-kî,12
戰後臺灣,tsiàn-āu-tâi-uân,12
戶口名簿,hōo-kháu-miâ-phōo,12
戶口普查,hōo-kháu-phóo-tsa,12
扇形周長,sìnn-hîng-tsiu-tn̂g,12
扇形弧長,sìnn-hîng-hôo-tn̂g,12
扇形面積,sìnn-hîng-bīn-tsik,12
手曲關節,tshiú-khiau-kuan-tsat,12
扮公伙仔,pān-kong-hué-á,12
抗日運動,khòng-ji̍t-ūn-tōng,12
折衷家庭,tsiat-thiong-ka-tîng,12
拍獵掠魚,phah-la̍h-lia̍h-hî,12
拍鑼拍鼓,phah-lô-phah-kóo,12
拗射現象,áu-siā-hiān-siōng,12
指事符號,tsí-sū-hû-hō,12
挨絃樂器,e-hiân-ga̍k-khì,12
捲螺仔風,kńg-lê-á-hong,12
捷運系統,tsia̍t-ūn-hē-thóng,12
掠蟲網仔,lia̍h-thâng-bāng-á,12
控制變因,khòng-tsè-piàn-in,12
搖擺鐘仔,iô-pái-tsing-á,12
操縱變因,tshau-tsiòng-piàn-in,12
政府單位,tsìng-hú-tan-uī,12
政府機構,tsìng-hú-ki-kòo,12
政黨輪替,tsìng-tóng-lûn-thè,12
敘寫方式,sū-siá-hong-sik,12
教育程度,kàu-io̍k-thîng-tōo,12
數位觀星,sòo-uī-kuan-tshenn,12
文化產業,bûn-huà-sán-gia̍p,12
文化融合,bûn-huà-iông-ha̍p,12
文化遺產,bûn-huà-uî-sán,12
文史協會,bûn-sú-hia̍p-huē,12
文字編輯,bûn-jī-pian-tsi̍p,12
文學體裁,bûn-ha̍k-thé-tshâi,12
文藝復興,bûn-gē-ho̍k-hing,12
斜對角線,tshua̍h-tuì-kak-suànn,12
新型流感,sin-hîng-liû-kám,12
新式教育,sin-sik-kàu-io̍k,12
新陳代謝,sin-tîn-tāi-siā,12
族群械鬥,tso̍k-kûn-hāi-tàu,12
日夜變化,ji̍t-iā-piàn-huà,12
日本腦炎,ji̍t-pún-náu-iām,12
日治時代,ji̍t-tī-sî-tāi,12
明鄭時期,bîng-tēnn-sî-kî,12
時間換算,sî-kan-uānn-sǹg,12
最簡分數,tsuè-kán-hun-sòo,12
月經週期,gue̍h-king-tsiu-kî,12
有效日期,iú-hāu-ji̍t-kî,12
有機堆肥,iú-ki-tui-puî,12
有機農業,iú-ki-lông-gia̍p,12
有氧舞蹈,iú-ióng-bú-tō,12
有氧運動,iú-ióng-ūn-tōng,12
有氧適能,iú-ióng-sik-lîng,12
服裝儀容,ho̍k-tsong-gî-iông,12
木刻板畫,bo̍k-khik-pán-uē,12
木刻版畫,bo̍k-khik-pán-uē,12
木管樂器,bo̍k-kuán-ga̍k-khì,12
木雕神像,bo̍k-tiau-sîn-siōng,12
本位記號,pún-uī-kì-hō,12
本土語言,pún-thóo-gí-giân,12
東亞地區,tang-a-tē-khu,12
東亞島弧,tang-a-tó-hôo,12
東北季風,tang-pak-kuì-hong,12
東沙群島,tang-sua-kûn-tó,12
林口臺地,nâ-kháu-tâi-tē,12
校園安全,hāu-hn̂g-an-tsuân,12
校園霸凌,hāu-hn̂g-pà-lîng,12
植物學家,si̍t-bu̍t-ha̍k-ka,12
槓桿原理,kǹg-kuáinn-guân-lí,12
次女高音,tshù-lú-ko-im,12
歐亞板塊,au-a-pán-khuài,12
歐洲聯盟,au-tsiu-liân-bîng,12
歕管樂器,pûn-kuán-ga̍k-khì,12
正三角形,tsiànn-sann-kak-hîng,12
正五邊形,tsiànn-gōo-pinn-hîng,12
正六邊形,tsiànn-la̍k-pinn-hîng,12
正四角形,tsiànn-sì-kak-hîng,12
正四角柱,tsiànn-sì-kak-thiāu,12
正多邊形,tsiànn-to-pinn-hîng,12
正桮拍球,tsiànn-pue-phah-kiû,12
正比關係,tsìng-pí-kuan-hē,12
正身護龍,tsiànn-sin-hōo-lîng,12
歷史故事,li̍k-sú-kòo-sū,12
殖民文化,si̍t-bîn-bûn-huà,12
殖民統治,si̍t-bîn-thóng-tī,12
殖民經濟,si̍t-bîn-king-tsè,12
段落大意,tuānn-lo̍h-tāi-ì,12
段落意義,tuānn-lo̍h-ì-gī,12
毛細現象,môo-sè-hiān-siōng,12
民主國家,bîn-tsú-kok-ka,12
民主政治,bîn-tsú-tsìng-tī,12
民主社會,bîn-tsú-siā-huē,12
民俗技藝,bîn-sio̍k-ki-gē,12
民俗文物,bîn-sio̍k-bûn-bu̍t,12
民俗藝品,bîn-sio̍k-gē-phín,12
民俗藝陣,bîn-siok-gē-tīn,12
民意代表,bîn-ì-tāi-piáu,12
民意機關,bîn-ì-ki-kuan,12
民族舞蹈,bîn-tso̍k-bú-tō,12
民生用水,bîn-sing-iōng-tsuí,12
民間信仰,bîn-kan-sìn-gióng,12
民間團體,bîn-kan-thuân-thé,12
民間歌謠,bîn-kan-kua-iâu,12
民間組織,bîn-kan-tsoo-tsit,12
民間說唱,bîn-kan-suat-tshiùnn,12
氣候型態,khì-hāu-hîng-thài,12
氣候變遷,khì-hāu-piàn-tshian,12
氣象報告,khì-siōng-pò-kò,12
氣象專家,khì-siōng-tsuan-ka,12
氣象衛星,khì-siōng-uē-tshenn,12
氣象觀測,khì-siōng-kuan-tshik,12
氣象預報,khì-siōng-ī-pò,12
氣體中毒,khì-thé-tiòng-to̍k,12
氫氧離子,khing-ióng-lî-tsú,12
水上救生,tsuí-siōng-kiù-sing,12
水中自救,tsuí-tiong-tsū-kiù,12
水利工程,tsuí-lī-kang-tîng,12
水力發電,tsuí-li̍k-huat-tiān,12
水生動物,tsuí-sing-tōng-bu̍t,12
水生植物,tsuí-sing-si̍t-bu̍t,12
水生生物,tsuí-sing-sing-bu̍t,12
水紅仔色,tsuí-âng-á-sik,12
水銀電池,tsuí-gîn-tiān-tî,12
永續環境,íng-sio̍k-khuân-kíng,12
永續經營,íng-sio̍k-king-îng,12
求偶行為,kiû-ngóo-hîng-uî,12
沖積平原,tshiâng-tsik-pîng-guân,12
沙埔排球,sua-poo-pâi-kiû,12
河川流量,hô-tshuan-liû-liōng,12
治臺政策,tī-tâi-tsìng-tshik,12
泉郊會館,tsuân-kau-huē-kuán,12
注音符號,tsù-im-hû-hō,12
注音輸入,tsù-im-su-ji̍p,12
注預防射,tsù-ī-hông-siā,12
流行文化,liû-hîng-bûn-huà,12
海口,hái-kháu,12
海底溫泉,hái-té-un-tsuânn,12
海底火山,hái-té-hué-suann,12
海拔懸度,hái-pua̍t-kuân-tōo,12
海洋資源,hái-iûnn-tsu-guân,12
海蝕平台,hái-si̍t-pênn-tâi,12
消化器官,siau-huà-khì-kuan,12
消費行為,siau-huì-hîng-uî,12
混合計算,hūn-ha̍p-kè-sǹg,12
清朝時期,tshing-tiâu-sî-kî,12
清水斷崖,tshing-tsuí-tuān-gâi,12
清法戰爭,tshing-huat-tsiàn-tsing,12
減法估算,kiám-huat-kóo-sǹg,12
減法算式,kiám-huat-sǹg-sik,12
減法計算,kiám-huat-kè-sǹg,12
渡海來臺,tōo-hái-lâi-tâi,12
渡臺禁令,tōo-tâi-kìm-līng,12
溫室氣體,un-sik-khì-thé,12
溶解現象,iông-kái-hiān-siōng,12
漢番界碑,hàn-huan-kài-pi,12
澎湖群島,phînn-ôo-kûn-tó,12
濫糝開墾,lām-sám-khai-khún,12
濫色效果,lām-sik-hāu-kó,12
火力發電,hué-li̍k-huat-tiān,12
無線電波,bô-suànn-tiān-pho,12
熱帶氣候,jia̍t-tài-khì-hāu,12
熱帶雨林,jia̍t-tài-ú-lîm,12
燈籃仔花,ting-nâ-á-hue,12
營養繁殖,îng-ióng-huân-si̍t,12
物流中心,bu̍t-liû-tiong-sim,12
特色產業,ti̍k-sik-sán-gia̍p,12
狗齒仔組,káu-khí-á-tsoo,12
玻片樣本,po-phìnn-iūnn-pún,12
玻璃棍仔,po-lê-kùn-á,12
班級公約,pan-kip-kong-iok,12
班級幹部,pan-kip-kàn-pōo,12
班級自治,pan-kip-tsū-tī,12
球類運動,kiû-luī-ūn-tōng,12
瓷仔藝家,huî-á-gē-ka,12
生態保育,sing-thài-pó-io̍k,12
生態環境,sing-thài-khuân-kíng,12
生態資源,sing-thài-tsu-guân,12
生殖器官,sing-si̍t-khì-kuan,12
生殖系統,sing-si̍t-hē-thóng,12
生活公約,sing-ua̍h-kong-iok,12
生活器物,sing-ua̍h-khì-bu̍t,12
生活方式,sing-ua̍h-hong-sik,12
生物科技,sing-bu̍t-kho-ki,12
生物資源,sing-bu̍t-tsu-guân,12
生長激素,sing-tióng-kik-sòo,12
產地履歷,sán-tē-lí-li̍k,12
產業類別,sán-gia̍p-luī-pia̍t,12
用字遣詞,iōng-jī-khián-sû,12
田水雞泅,tshân-tsuí-ke-siû,12
留言字條,liû-giân-jī-tiâu,12
畢業典禮,pit-gia̍p-tián-lé,12
畫面寸尺,uē-bīn-tshùn-tshioh,12
異味怪味,ī-bī-kuài-bī,12
異國文化,ī-kok-bûn-huà,12
異極相吸,ī-ki̍k-sio-khip,12
發揮創意,huat-hui-tshòng-ì,12
百位數字,pah-uī-sòo-jī,12
百科全書,pah-kho-tsuân-su,12
直式乘法,ti̍t-sik-sîng-huat,12
直式加法,ti̍t-sik-ka-huat,12
直式減法,ti̍t-sik-kiám-huat,12
直式計算,ti̍t-sik-kè-sǹg,12
直式除法,ti̍t-sik-tî-huat,12
直接比較,ti̍t-tsiap-pí-kàu,12
直觀比較,ti̍t-kuan-pí-kàu,12
省略符號,síng-lio̍k-hû-hō,12
看圖講話,khuànn-tôo-kóng-uē,12
真珠版畫,tsin-tsu-pán-uē,12
眩車藥仔,hîn-tshia-io̍h-á,12
石器時期,tsio̍h-khì-sî-kî,12
石蕊試紙,tsio̍h-luí-tshì-tsuá,12
碳鋅電池,thuànn-sin-tiān-tî,12
磁力強弱,tsû-li̍k-kiông-jio̍k,12
磁力現象,tsû-li̍k-hiān-siōng,12
磁浮列車,tsû-hû-lia̍t-tshia,12
社區營造,siā-khu-îng-tsō,12
社會救助,siā-huē-kiù-tsōo,12
社會服務,siā-huē-ho̍k-bū,12
社會福利,siā-huē-hok-lī,12
社會秩序,siā-huē-tia̍t-sū,12
社會組織,siā-huē-tsoo-tsit,12
社會行為,siā-huē-hîng-uî,12
社會規範,siā-huē-kui-huān,12
社會變遷,siā-huē-piàn-tshian,12
社會責任,siā-huē-tsik-jīm,12
社會運動,siā-huē-ūn-tōng,12
社會階級,siā-huē-kai-kip,12
祖先崇拜,tsóo-sian-tsông-pài,12
神主牌仔,sîn-tsú-pâi-á,12
神怪故事,sîn-kuài-kòo-sū,12
福爾摩沙,hō-lú-môo-sa,12
科技產業,kho-ki-sán-gia̍p,12
科舉考試,kho-kí-khó-tshì,12
移墾社會,î-khún-siā-huē,12
移民文化,î-bîn-bûn-huà,12
種樹綠化,tsìng-tshiū-li̍k-huà,12
空氣流動,khong-khì-liû-tōng,12
立方公分,li̍p-hong-kong-hun,12
立方公寸,li̍p-hong-kong-tshùn,12
立方公尺,li̍p-hong-kong-tshioh,12
立法機關,li̍p-huat-ki-kuan,12
立體作品,li̍p-thé-tsok-phín,12
立體形體,li̍p-thé-hîng-thé,12
立體結構,li̍p-thé-kiat-kòo,12
第一人稱,tē-it-jîn-tshing,12
第三人稱,tē-sann-jîn-tshing,12
第二人稱,tē-jī-jîn-tshing,12
第二性徵,tē-jī-sìng-ting,12
等值分數,tíng-ta̍t-hun-sòo,12
等差中項,tíng-tsha-tiong-hāng,12
等差數列,tíng-tsha-sòo-lia̍t,12
等差級數,tíng-tsha-kip-sòo,12
等比中項,tíng-pí-tiong-hāng,12
等量公理,tíng-liōng-kong-lí,12
管弦樂器,kuán-hiân-ga̍k-khì,12
管弦樂團,kuán-hiân-ga̍k-thuân,12
管絃樂團,kuán-hiân-ga̍k-thuân,12
節能減碳,tsiat-lîng-kiám-thuànn,12
簡化問題,kán-huà-būn-tê,12
簡化計算,kán-huà-kè-sǹg,12
粗瓷仔塗,tshoo-huî-á-thôo,12
粗調節輪,tshoo-tiâu-tsiat-lûn,12
精緻農業,tsing-tì-lông-gia̍p,12
糞埽分類,pùn-sò-hun-luī,12
糞埽減量,pùn-sò-kiám-liōng,12
紅柑仔色,âng-kam-á-sik,12
紅茄仔色,âng-kiô-á-sik,12
紙片拼貼,tsuá-phìnn-phing-tah,12
細狗齒仔,sè-káu-khí-á,12
細粒mòo-tah,sè-lia̍p-mòo-tah,12
結尾敬語,kiat-bué-kìng-gí,12
結核桿菌,kiat-hi̍k-kuáinn-khún,12
絞螺仔風,ká-lê-á-hong,12
統一發票,thóng-it-huat-phiò,12
經濟發展,king-tsè-huat-tián,12
綠能產業,li̍k-lîng-sán-gia̍p,12
綠色建築,li̍k-sik-kiàn-tio̍k,12
綠色消費,li̍k-sik-siau-huì,12
綠色能源,li̍k-sik-lîng-guân,12
網版印刷,bāng-pán-ìn-suat,12
網狀葉脈,bāng-tsōng-hio̍h-me̍h,12
網路購物,bāng-lōo-kòo-bu̍t,12
網路霸凌,bāng-lōo-pà-lîng,12
網際網路,bāng-tsè-bāng-lōo,12
緊急聯絡,kín-kip-liân-lo̍k,12
總字劃數,tsóng-jī-ue̍h-sòo,12
總統直選,tsóng-thóng-ti̍t-suán,12
美洲板塊,bí-tsiu-pán-khuài,12
義務教育,gī-bū-kàu-io̍k,12
老人年金,lāu-lâng-nî-kim,12
耆老老大,kî-ló-lāu-tuā,12
耐力運動,nāi-li̍k-ūn-tōng,12
耐熱材質,nāi-jia̍t-tsâi-tsit,12
耳空鬼仔,hīnn-khang-kuí-á,12
肉食動物,jio̍k-si̍t-tōng-bu̍t,12
肢體霸凌,ki-thé-pà-lîng,12
胎生動物,thai-sing-tōng-bu̍t,12
胸腺激素,hing-suànn-kik-sòo,12
能源危機,lîng-guân-guî-ki,12
腐蝕作用,hú-si̍t-tsok-iōng,12
臨時動議,lîm-sî-tōng-gī,12
自動駕駛,tsū-tōng-kà-sú,12
自我價值,tsū-ngóo-kè-ta̍t,12
自治組織,tsū-tī-tsoo-tsit,12
自然保育,tsū-jiân-pó-io̍k,12
自然崇拜,tsū-jiân-tsông-pài,12
自然文學,tsū-jiân-bûn-ha̍k,12
自然景觀,tsū-jiân-kíng-kuan,12
自然環境,tsū-jiân-khuân-kíng,12
自然生態,tsū-jiân-sing-thài,12
自然神明,tsū-jiân-sîn-bîng,12
自然科學,tsū-jiân-kho-ha̍k,12
自然資源,tsū-jiân-tsu-guân,12
自由貿易,tsū-iû-bōo-i̍k,12
自由軟體,tsū-iû-nńg-thé,12
臺中盆地,tâi-tiong-phûn-tē,12
臺北盆地,tâi-pak-phûn-tē,12
臺灣本島,tâi-uân-pún-tó,12
臺灣歌仔,tâi-uân-kua-á,12
臺灣民報,tâi-uân-bîn-pò,12
臺灣海峽,tâi-uân-hái-kiap,12
臺灣議會,tâi-uân-gī-huē,12
色散現象,sik-suànn-hiān-siōng,12
花綵列島,hua-tshái-lia̍t-tó,12
苗栗事件,biâu-li̍k-sū-kiānn,12
草食動物,tsháu-si̍t-tōng-bu̍t,12
荷蘭時期,hô-lân-sî-kî,12
荷西時代,hô-se-sî-tāi,12
荷西時期,hô-se-sî-kî,12
萬有引力,bān-iú-ín-li̍k,12
落地生根,lo̍h-tē-sing-kin,12
蓮葉效應,liân-hio̍h-hāu-ìng,12
蕨類植物,kueh-luī-si̍t-bu̍t,12
藍色公路,nâ-sik-kong-lōo,12
藝術創作,gē-su̍t-tshòng-tsok,12
蘇州𥰔仔,soo-tsiu-phín-á,12
虎克定律,hóo-khik-tīng-lu̍t,12
虹吸現象,hông-khip-hiān-siōng,12
螢光色水,îng-kng-sik-tsuí,12
血管硬化,hueh-kńg-ngē-huà,12
血緣關係,hiat-iân-kuan-hē,12
行政機關,hîng-tsìng-ki-kuan,12
行進樂隊,hîng-tsìn-ga̍k-tuī,12
表演藝術,piáu-ián-gē-su̍t,12
表達感情,piáu-ta̍t-kám-tsîng,12
裝置藝術,tsong-tì-gē-su̍t,12
複合圖形,ho̍k-ha̍p-tôo-hîng,12
複合形體,ho̍k-ha̍p-hîng-thé,12
西南季風,sai-lâm-kuì-hong,12
西太平洋,se-thài-pîng-iûnn,12
西沙群島,sai-sua-kûn-tó,12
西部平原,se-pōo-pîng-guân,12
西部走廊,se-pōo-tsáu-lông,12
覆地弓身,phak-tē-king-sin,12
視力檢查,sī-li̍k-kiám-tsa,12
視覺藝術,sī-kak-gē-su̍t,12
觀測天氣,kuan-tshik-thinn-khì,12
角柱底面,kak-thiāu-té-bīn,12
角結膜炎,kak-kiat-mo̍oh-iām,12
言語霸凌,giân-gí-pà-lîng,12
言論自由,giân-lūn-tsū-iû,12
語句擴寫,gí-kù-khok-siá,12
語文常識,gí-bûn-siông-sik,12
語文能力,gí-bûn-lîng-li̍k,12
語言表達,gí-giân-piáu-ta̍t,12
課文大意,khò-bûn-tāi-ì,12
變溫動物,piàn-un-tōng-bu̍t,12
貧富差距,pîn-hù-tsha-kī,12
貿易協定,bōo-i̍k-hia̍p-tīng,12
資料篋仔,tsu-liāu-kheh-á,12
資源開發,tsu-guân-khai-huat,12
資訊產業,tsu-sìn-sán-gia̍p,12
資訊科技,tsu-sìn-kho-ki,12
蹛的環境,tuà-ê-khuân-kíng,12
身心健康,sin-sim-kiān-khong,12
身體機能,sin-thé-ki-lîng,12
軍事防禦,kun-sū-hông-gū,12
農業社會,lông-gia̍p-siā-huē,12
農漁牧業,lông-hî-bo̍k-gia̍p,12
退位減法,thè-uī-kiám-huat,12
通訊設施,thong-sìn-siat-si,12
通貨膨脹,thong-huè-phòng-tiòng,12
速度記號,sok-tōo-kì-hō,12
造字方法,tsō-jī-hong-huat,12
連續記號,liân-sio̍k-kì-hō,12
進位加法,tsìn-uī-ka-huat,12
遊戲器材,iû-hì-khì-tsâi,12
遊戲軟體,iû-hì-nńg-thé,12
運動傷害,ūn-tōng-siong-hāi,12
運動習慣,ūn-tōng-si̍p-kuàn,12
運動表現,ūn-tōng-piáu-hiān,12
運輸設施,ūn-su-siat-si,12
過度開發,kuè-tōo-khai-huat,12
違章建築,uî-tsiong-kiàn-tio̍k,12
遞移關係,tē-î-kuan-hē,12
遠距教學,uán-kī-kàu-ha̍k,12
都市計畫,too-tshī-kè-uē,12
鄉土文學,hiong-thóo-bûn-ha̍k,12
酸性溶液,sng-sìng-iông-i̍k,12
酸鹼中和,sng-kinn-tiong-hô,12
醫療資源,i-liâu-tsu-guân,12
里民大會,lí-bîn-tāi-huē,12
重複記號,tiông-ho̍k-kì-hō,12
重量單位,tāng-liōng-tan-uī,12
野生動物,iá-sing-tōng-bu̍t,12
金言玉語,kim-giân-gio̍k-gí,12
鈕仔電池,liú-á-tiān-tî,12
銅管樂器,tâng-kuán-ga̍k-khì,12
鎳氫電池,gia̍t-khing-tiān-tî,12
鐵人三項,thih-lâng-sann-hāng,12
鐵枝仔路,thih-ki-á-lōo,12
長度單位,tn̂g-tōo-tan-uī,12
長濱文化,tiông-pin-bûn-huà,12
開合跳步,khui-ha̍p-thiàu-pōo,12
開放港口,khai-hòng-káng-kháu,12
開漳聖王,khai-tsiang-sìng-ông,12
開發土地,khai-huat-thóo-tē,12
開花植物,khui-hue-si̍t-bu̍t,12
間接比較,kàn-tsiap-pí-kàu,12
閱讀心得,ua̍t-tho̍k-sim-tik,12
關鍵字詞,kuan-kiān-jī-sû,12
防毒軟體,hông-to̍k-nńg-thé,12
防疫措施,hông-i̍k-tshòo-si,12
降低半音,kàng-kē-puàn-im,12
除法估算,tî-huat-kóo-sǹg,12
除法算式,tî-huat-sǹg-sik,12
隔代家庭,keh-tāi-ka-tîng,12
雄性激素,hiông-sìng-kik-sòo,12
集會遊行,tsi̍p-huē-iû-hîng,12
雌性激素,tshu-sìng-kik-sòo,12
雜食動物,tsa̍p-si̍t-tōng-bu̍t,12
雲門舞集,hûn-bûn-bú-tsi̍p,12
電子地圖,tiān-tsú-tē-tôo,12
電子媒體,tiān-tsú-muî-thé,12
電子支付,tiān-tsú-tsi-hù,12
電子發票,tiān-tsú-huat-phiò,12
電源開關,tiān-guân-khai-kuan,12
電火泡仔,tiān-hué-pho̍k-á,12
電火球仔,tiān-hué-kiû-á,12
電磁作用,tiān-tsû-tsok-iōng,12
電視購物,tiān-sī-kòo-bu̍t,12
霧社事件,bū-siā-sū-kiānn,12
青壯年期,tshing-tsòng-liân-kî,12
青少年期,tshing-siàu-liân-kî,12
青跤仔鷸,tshenn-kha-á-u̍t,12
非接觸力,hui-tsiap-tshiok-li̍k,12
非洲板塊,hui-tsiu-pán-khuài,12
面積公式,bīn-tsik-kong-sik,12
面積單位,bīn-tsik-tan-uī,12
音樂世家,im-ga̍k-sè-ka,12
音樂創作,im-ga̍k-tshòng-tsok,12
音樂天份,im-ga̍k-thian-hūn,12
音樂記號,im-ga̍k-kì-hō,12
音符名稱,im-hû-miâ-tshing,12
音符符號,im-hû-hû-hō,12
音色真厚,im-sik-tsin-kāu,12
順手發球,sūn-tshiú-huat-kiû,12
風俗民情,hong-sio̍k-bîn-tsîng,12
風俗習慣,hong-sio̍k-si̍p-kuàn,12
風力發電,hong-li̍k-huat-tiān,12
風化作用,hong-huà-tsok-iōng,12
飲食均衡,ím-si̍t-kin-hîng,12
飲食文化,ím-si̍t-bûn-huà,12
飲食習慣,ím-si̍t-si̍p-kuàn,12
飽和脂肪,pá-hô-tsi-hong,12
首調唱名,siú-tiāu-tshiùnn-miâ,12
馬偕牧師,má-kai-bo̍k-su,12
馬祖列島,má-tsóo-lia̍t-tó,12
馬關條約,má-kuan-tiâu-iok,12
高速鐵路,ko-sok-thih-lōo,12
鳥鼠仔色,niáu-tshí-á-sik,12
鹼性電池,kinn-sìng-tiān-tî,12
原住民,guân-tsū-bîn,11
清水,tshing-tsuí,11
紅霞,âng-hê,11
苧仔,tē-á,11
銅鑼,tâng-lô,11
a小調音階,a-sió-tiāu-im-kai,10
一日生活圈,tsi̍t-ji̍t-sing-ua̍h-khuan,10
三聲部合唱,sann-siann-pōo-ha̍p-tshiùnn,10
三角形,sann-kak-hîng,10
三角形矸仔,sann-kak-hîng-kan-á,10
上大公因數,siōng-tuā-kong-in-sòo,10
上細公倍數,siōng-sè-kong-puē-sòo,10
上課,siōng-khò,10
下底,ē-té,10
下淡水溪,ē-tām-tsuí-khe,10
世界展望會,sè-kài-tián-bōng-huē,10
中央氣象局,tiong-iong-khì-siōng-kio̍k,10
中性水溶液,tiong-sìng-tsuí-iông-i̍k,10
中秋,tiong-tshiu,10
主題,tsú-tê,10
主題情境法,tsú-tê-tsîng-kíng-huat,10
乘法分配律,sîng-huat-hun-phuè-lu̍t,10
九九乘法表,kiú-kiú-sîng-huat-pió,10
九二一地動,kiú-jī-it-tē-tāng,10
九層塔,káu-tsàn-thah,10
九龍公道杯,kiú-liông-kong-tō-pue,10
二二八事件,jī-jī-pat-sū-kiānn,10
二位數減法,jī-uī-sòo-kiám-huat,10
二分休止符,jī-hun-hiu-tsí-hû,10
二十四節氣,jī-tsa̍p-sì-tseh-khuì,10
亞洲,a-tsiu,10
交流,kau-liû,10
交通,kau-thong,10
交通運輸網,kau-thong-ūn-su-bāng,10
人口,jîn-kháu,10
人類,jîn-luī,10
仰角觀測器,gióng-kak-kuan-tshik-khì,10
低氣壓中心,kē-khì-ap-tiong-sim,10
作品,tsok-phín,10
作者,tsok-tsiá,10
保生大帝,pó-sing-tāi-tè,10
保育類動物,pó-io̍k-luī-tōng-bu̍t,10
保育類生物,pó-io̍k-luī-sing-bu̍t,10
信仰,sìn-gióng,10
信用卡,sìn-iōng-khah,10
倉庫,tshng-khòo,10
個人答喙鼓,kò-jîn-tap-tshuì-kóo,10
偏見,phian-kiàn,10
健康,kiān-khong,10
傳承,thuân-sîng,10
傳統農漁業,thuân-thóng-lông-hî-gia̍p,10
光線,kng-suànn,10
兒童合唱團,jî-tông-ha̍p-tshiùnn-thuân,10
全程馬拉松,tsuân-tîng-ma-lá-sóng,10
全穀根莖類,tsuân-kok-kin-king-luī,10
全等三角形,tsuân-tíng-sann-kak-hîng,10
全等多邊形,tsuân-tíng-to-pinn-hîng,10
兩位純小數,nn̄g-uī-sûn-sió-sòo,10
八分休止符,peh-hun-hiu-tsí-hû,10
八卦山,pat-kuà-suann,10
公分,kong-hun,10
公尺,kong-tshioh,10
公斤,kong-kin,10
公路,kong-lōo,10
公里,kong-lí,10
六十進位法,la̍k-tsa̍p-tsìn-uī-huat,10
六大類食物,la̍k-tuā-luī-si̍t-bu̍t,10
共同質因數,kiōng-tông-tsit-in-sòo,10
冬天,tang-thinn,10
冬季六邊形,tang-kuì-la̍k-pinn-hîng,10
冬季大三角,tang-kuì-tuā-sann-kak,10
冬節,tang-tseh,10
冰角,ping-kak,10
出業,tshut-gia̍p,10
出版,tshut-pán,10
出草,tshut-tsháu,10
切換使用者,tshiat-uānn-sú-iōng-tsiá,10
副熱帶氣候,hù-jia̍t-tài-khì-hāu,10
力量,li̍k-liōng,10
加工出口區,ka-kang-tshut-kháu-khu,10
勇健,ióng-kiānn,10
動物,tōng-bu̍t,10
動詞,tōng-sû,10
勞動基準法,lô-tōng-ki-tsún-huat,10
勞工,lô-kang,10
化學,huà-ha̍k,10
十三行文化,tsa̍p-sann-hâng-bûn-huà,10
十三行遺址,tsa̍p-sann-hâng-uî-tsí,10
十二段變奏,tsa̍p-jī-tuānn-piàn-tsàu,10
十八仔,si̍p-pat-á,10
十六分音符,tsa̍p-la̍k-hun-im-hû,10
十字交乘法,si̍p-jī-kau-sîng-huat,10
千里鏡,tshian-lí-kiànn,10
半包圍結構,puànn-pau-uî-kiat-kòo,10
卵仁,nn̄g-jîn,10
卵白質,nn̄g-pe̍h-tsit,10
原住民文化,guân-tsū-bîn-bûn-huà,10
原因,guân-in,10
參考,tsham-khó,10
反應,huán-ìng,10
可再生資源,khó-tsài-sing-tsu-guân,10
司法,su-huat,10
合併段意法,ha̍p-pìng-tuānn-ì-huat,10
名姓,miâ-sènn,10
向倒爿掠齊,hiòng-tò-pîng-lia̍h-tsê,10
向正爿掠齊,hiòng-tsiànn-pîng-lia̍h-tsê,10
和平紀念日,hô-pîng-kì-liām-ji̍t,10
唐山過臺灣,tn̂g-suann-kuè-tâi-uân,10
商業,siong-gia̍p,10
噍吧哖事件,ta-pa-nî-sū-kiānn,10
四分休止符,sì-hun-hiu-tsí-hû,10
四大古文明,sì-tuā-kóo-bûn-bîng,10
四拍指揮法,sù-phik-tsí-hui-huat,10
四捨五入法,sì-siá-gōo-ji̍p-huat,10
四格尪仔圖,sì-keh-ang-á-tôo,10
四秀仔,sì-siù-á,10
因端,in-tuann,10
國家音樂廳,kok-ka-im-ga̍k-thiann,10
國語傳習所,kok-gí-thuân-si̍p-sóo,10
國際,kok-tsè,10
國際競爭力,kok-tsè-kīng-tsing-li̍k,10
國際管樂節,kok-tsè-kuán-ga̍k-tseh,10
圓山仔文化,înn-suann-á-bûn-huà,10
圓山仔遺址,înn-suann-á-uî-tsí,10
圓形百分圖,înn-hîng-pah-hun-tôo,10
圓扇形面積,înn-sìnn-hîng-bīn-tsik,10
團體,thuân-thé,10
地址,tē-tsí,10
地平線,tē-pîng-suànn,10
地面天氣圖,tē-bīn-thinn-khì-tôo,10
地點,tē-tiám,10
埃及太陽曆,ai-ki̍p-thài-iông-li̍k,10
城市,siânn-tshī,10
執行,tsip-hîng,10
培墓,puē-bōng,10
基金會,ki-kim-huē,10
堅凍,kian-tàng,10
報告,pò-kò,10
塗炭,thôo-thuànn,10
墨盤,ba̍k-puânn,10
夏季大三角,hā-kuì-tuā-sann-kak,10
多元,to-guân,10
大坌坑文化,tuā-pùn-khenn-bûn-huà,10
大王椰子樹,tāi-ông-iâ-tsí-tshiū,10
大甲,tāi-kah,10
大航海時代,tuā-hâng-hái-sî-tāi,10
大西洋,tāi-se-iûnn,10
大陸冷氣團,tāi-lio̍k-líng-khì-thuân,10
天文學,thian-bûn-ha̍k,10
天狗熱,thian-káu-jia̍t,10
太平洋,thài-pîng-iûnn,10
太平洋地區,thài-pîng-iûnn-tē-khu,10
太平洋板塊,thài-pîng-iûnn-pán-khuài,10
太空,thài-khong,10
太陽能發電,thài-iông-lîng-huat-tiān,10
太陽能電枋,thài-iông-lîng-tiān-pang,10
失覺察,sit-kak-tshat,10
好額人,hó-gia̍h-lâng,10
媒體,muî-thé,10
孔明車,khóng-bîng-tshia,10
安全帽,an-tsuân-bō,10
宗教,tsong-kàu,10
室內管樂團,sik-lāi-kuán-ga̍k-thuân,10
家扶基金會,ka-hû-ki-kim-huē,10
寄話,kià-uē,10
寒天,kuânn-thinn,10
寫法,siá-huat,10
對應,tuì-ìng,10
對稱中心線,tuì-tshìng-tiong-sim-suànn,10
對聯,tuì-liân,10
尖角三角形,tsiam-kak-sann-kak-hîng,10
山崙,suann-lūn,10
山嶺,suann-niá,10
崩山,pang-suann,10
工商業社會,kang-siong-gia̍p-siā-huē,10
工廠,kang-tshiúnn,10
工業,kang-gia̍p,10
工藝,kang-gē,10
巴洛克音樂,pa-lo̍k-khik-im-ga̍k,10
市民代表會,tshī-bîn-tāi-piáu-huē,10
市長,tshī-tiúnn,10
布袋戲尪仔,pòo-tē-hì-ang-á,10
干欄式房屋,kan-nuâ-sik-pâng-ok,10
平埔族,pênn-poo-tso̍k,10
平臺式鋼琴,pênn-tâi-sik-kǹg-khîm,10
平行四邊形,pîng-hîng-sì-pinn-hîng,10
度晬,tōo-tsè,10
弦樂四重奏,hiân-ga̍k-sù-tîng-tsàu,10
強力電磁鐵,kiông-li̍k-tiān-tsû-thih,10
形容詞,hîng-iông-sû,10
形態,hîng-thài,10
形體,hîng-thé,10
心理,sim-lí,10
心血管疾病,sim-hueh-kńg-tsi̍t-pēnn,10
心血管病變,sim-hueh-kńg-pēnn-piàn,10
心跳,sim-thiàu,10
感冒,kám-mōo,10
憲法,hiàn-huat,10
成本,sîng-pún,10
戶政事務所,hōo-tsìng-sū-bū-sóo,10
所費,sóo-huì,10
手巾仔,tshiú-kin-á,10
手蹄仔,tshiú-tê-á,10
手電,tshiú-tiān,10
抗生素,khòng-sing-sòo,10
抽象,thiu-siōng,10
拍拍,phah-phik,10
拜拜,pài-pài,10
指指,kí-tsáinn,10
指示符號,tsí-sī--hû-hō,10
挺水性植物,thíng-tsuí-sìng-si̍t-bu̍t,10
捷運,tsia̍t-ūn,10
排球,pâi-kiû,10
搬戲,puann-hì,10
摘要,tiah-iàu,10
教堂,kàu-tn̂g,10
數字,sòo-jī,10
文史工作室,bûn-sú-kang-tsok-sik,10
文字,bûn-jī,10
文學,bûn-ha̍k,10
新石器文化,sin-tsio̍h-khì-bûn-huà,10
新石器時代,sin-tsio̍h-khì-sî-tāi,10
新石器時期,sin-tsio̍h-khì-sî-kî,10
方向,hong-hiòng,10
日頭懸度角,ji̍t-thâu-kuân-tōo-kak,10
日頭觀測器,ji̍t-thâu-kuan-tshik-khì,10
春季大三角,tshun-kuì-tuā-sann-kak,10
時行,sî-kiânn,10
普及,phóo-ki̍p,10
暑假,sú-ká,10
暗光鳥,àm-kong-tsiáu,10
最簡整數比,tsuè-kán-tsíng-sòo-pí,10
月相的變化,gue̍h-siòng-ê-piàn-huà,10
有機農產品,iú-ki-lông-sán-phín,10
本領,pún-líng,10
朱一貴事件,tsu-it-kuì-sū-kiānn,10
林爽文事件,lîm-sóng-bûn-sū-kiānn,10
柑仔蜜,kam-á-bi̍t,10
格式,keh-sik,10
梯形四角柱,thui-hîng-sì-kak-thiāu,10
棺柴,kuann-tshâ,10
植物,si̍t-bu̍t,10
檨仔,suāinn-á,10
次中音笛仔,tshù-tiong-im-ta̍t-á,10
歌仔,kua-á,10
歌仔戲,kua-á-hì,10
歌曲,kua-khik,10
歌聲,kua-siann,10
歌詞,kua-sû,10
歐洲,au-tsiu,10
歡迎,huan-gîng,10
正十二邊形,tsiànn-tsa̍p-jī-pinn-hîng,10
正比例關係,tsìng-pí-lē-kuan-hē,10
死亡,sí-bông,10
殖民,si̍t-bîn,10
每分公尺數,muí-hun-kong-tshioh-sòo,10
每秒公尺數,muí-bió-kong-tshioh-sòo,10
比例,pí-lē,10
比較,pí-kàu,10
民俗,bîn-sio̍k,10
氟氯碳化物,hut-lio̍k-thuànn-huà-bu̍t,10
氣口,khuì-kháu,10
氣味,khì-bī,10
氣象,khì-siōng,10
水道水,tsuí-tō-tsuí,10
沉水性植物,tîm-tsuí-sìng-si̍t-bu̍t,10
泅水,siû-tsuí,10
流行,liû-hîng,10
流行性感冒,liû-hîng-sìng-kám-mōo,10
浮葉性植物,phû-hio̍h-sìng-si̍t-bu̍t,10
海沙埔,hái-sua-poo,10
消化,siau-huà,10
液化石油氣,i̍k-huà-tsio̍h-iû-khì,10
淡水,tām-tsuí,10
港口,káng-kháu,10
港埠型都市,káng-poo-hîng-too-tshī,10
漁港,hî-káng,10
漏壺計時器,lāu-ôo-kè-sî-khì,10
演員,ián-uân,10
演奏,ián-tsàu,10
演講,ián-káng,10
漢藥,hàn-io̍h,10
濁水溪,lô-tsuí-khe,10
濟人答喙鼓,tsē-lâng-tap-tshuì-kóo,10
火燒島,hué-sio-tó,10
無國界醫生,bû-kok-kài-i-sing,10
無完全小節,bô-uân-tsuân-sió-tsat,10
無完全燒化,bô-uân-tsuân-sio-huà,10
無完全變態,bô-uân-tsuân-piàn-thài,10
無扇葉電風,bû-sìnn-hio̍h-tiān-hong,10
煮食,tsú-tsia̍h,10
熱天,jua̍h-thinn,10
熱帶氣候區,jia̍t-tài-khì-hāu-khu,10
牡丹社事件,bóo-tan-siā-sū-kiānn,10
現代化建設,hiān-tāi-huà-kiàn-siat,10
球箠,kiû-tshuê,10
瑞士,suī-sū,10
瓷仔纖維網,huî-á-tshiam-uî-bāng,10
生物多樣性,sing-bu̍t-to-iūnn-sìng,10
生質能發電,sing-tsit-lîng-huat-tiān,10
畢氏定理,pit--sī-tīng-lí,10
番人公學校,huan-jîn-kong-ha̍k-hāu,10
番麥,huan-be̍h,10
發光二極體,huat-kng-jī-ki̍k-thé,10
發炎,huat-iām,10
白頭鵠仔,pe̍h-thâu-khok-á,10
百分位數字,pah-hun-uī-sòo-jī,10
百合花,pik-ha̍p-hue,10
皇民化運動,hông-bîn-huà-ūn-tōng,10
直轄市政府,ti̍t-hat-tshī-tsìng-hú,10
直轄市議會,ti̍t-hat-tshī-gī-huē,10
相片,siòng-phìnn,10
碼頭,bé-thâu,10
神經,sîn-king,10
秋季四邊形,tshiu-kuì-sì-pinn-hîng,10
科學,kho-ha̍k,10
空心塑膠枋,khang-sim-sok-ka-pang,10
空氣,khong-khì,10
空氣發射器,khong-khì-huat-siā-khì,10
第一人稱法,tē-it-jîn-tshing-huat,10
第一小提琴,tē-it-sió-thê-khîm,10
第三人稱法,tē-sann-jîn-tshing-huat,10
第二人稱法,tē-jī-jîn-tshing-huat,10
第二小提琴,tē-jī-sió-thê-khîm,10
等腰三角形,tíng-io-sann-kak-hîng,10
等邊三角形,tíng-pinn-sann-kak-hîng,10
籃球,nâ-kiû,10
粉紅仔色,hún-âng-á-sik,10
粒積,lia̍p-tsik,10
紅頭嶼,âng-thâu-sū,10
素食,sòo-si̍t,10
紡織,pháng-tsit,10
細懸浮微粒,sè-hiân-hû-bî-lia̍p,10
細聲,sè-siann,10
細菌,sè-khún,10
結論,kiat-lūn,10
網路攝影機,bāng-lōo-liap-iánn-ki,10
緊急安置所,kín-kip-an-tì-sóo,10
羅馬字,lô-má-jī,10
義務,gī-bū,10
習慣,si̍p-kuàn,10
翻譯,huan-i̍k,10
考試,khó-tshì,10
聖經,sìng-king,10
聖誕節,sìng-tàn-tseh,10
聲調,siann-tiāu,10
聲音三要素,siann-im-sann-iàu-sòo,10
肚臍,tōo-tsâi,10
肺炎,hì-iām,10
腰尺,io-tshioh,10
自然保留區,tsū-jiân-pó-liû-khu,10
自然過渡法,tsū-jiân-kuè-tōo-huat,10
臺北赤蛤仔,tâi-pak-tshiah-kap-á,10
臺南孔子廟,tâi-lâm-khóng-tsú-biō,10
臺灣三大圳,tâi-uân-sann-tuā-tsùn,10
臺灣原住民,tâi-uân-guân-tsū-bîn,10
臺灣民主國,tâi-uân-bîn-tsú-kok,10
臺灣總督府,tâi-uân-tsóng-tok-hú,10
舊石器時代,kū-tsio̍h-khì-sî-tāi,10
舊石器時期,kū-tsio̍h-khì-sî-kî,10
舞台,bú-tâi,10
航空,hâng-khong,10
艋舺,báng-kah,10
草蓆,tsháu-tshio̍h,10
莫氏𠕇度,bo̍h--sī-tīng-tōo,10
華語,huâ-gí,10
藍地黃虎旗,nâ-tē-n̂g-hóo-kî,10
藝術,gē-su̍t,10
行政,hîng-tsìng,10
街仔路,ke-á-lōo,10
表演,piáu-ián,10
表現,piáu-hiān,10
表達,piáu-ta̍t,10
表面,piáu-bīn,10
衫弓仔,sann-king-á,10
被扶養人口,pī-hû-ióng-jîn-kháu,10
複式顯微鏡,ho̍k-sik-hián-bî-kiànn,10
西來庵事件,se-lâi-am-sū-kiānn,10
觀光導覽圖,kuan-kong-tō-lám-tôo,10
觀察,kuan-tshat,10
角度,kak-tōo,10
角色,kak-sik,10
解說,kái-sueh,10
討食,thó-tsia̍h,10
訓練,hùn-liān,10
記者,kì-tsiá,10
記載,kì-tsài,10
設定,siat-tīng,10
診所,tsín-sóo,10
話屎,uē-sái,10
語文,gí-bûn,10
語音,gí-im,10
譬喻,phì-jū,10
議員,gī-uân,10
議論,gī-lūn,10
豆魚肉卵類,tāu-hî-bah-nn̄g-luī,10
責任,tsik-jīm,10
資源,tsu-guân,10
資源回收桶,tsu-guân-huê-siu-tháng,10
資訊電子業,tsu-sìn-tiān-tsú-gia̍p,10
質因數分解,tsit-in-sòo-hun-kái,10
軟體,nńg-thé,10
辭典,sû-tián,10
農藥,lông-io̍h,10
逆時針方向,gi̍k-sî-tsiam-hong-hiòng,10
通知,thong-ti,10
連續乘除法,liân-sio̍k-sîng-tî-huat,10
連續加減法,liân-sio̍k-ka-kiám-huat,10
連通管原理,liân-thong-kóng-guân-lí,10
連通管現象,liân-thong-kóng-hiān-siōng,10
進口,tsìn-kháu,10
郭懷一事件,kueh-huâi-it-sū-kiānn,10
郵局,iû-kio̍k,10
都市,too-tshī,10
都會,too-huē,10
鄉民代表會,hiong-bîn-tāi-piáu-huē,10
鄭氏時代,tēnn--sī-sî-tāi,10
鄭氏王朝,tēnn--sī-ông-tiâu,10
酸性水溶液,sng-sìng-tsuí-iông-i̍k,10
酸鹼指示劑,sng-kinn-tsí-sī-tse,10
野百合學運,iá-pik-ha̍p-ha̍k-ūn,10
金屬器時代,kim-sio̍k-khì-sî-tāi,10
金屬器時期,kim-sio̍k-khì-sî-kî,10
金廣福公館,kim-kóng-hok-kong-kuán,10
金門,kim-mn̂g,10
釣魚台列嶼,tiò-hî-tâi-lia̍t-sū,10
鈍角三角形,tūn-kak-sann-kak-hîng,10
銀角仔,gîn-kak-á,10
鋰離子電池,lí-lî-tsú-tiān-tî,10
鐵枝路,thih-ki-lōo,10
鐵馬,thih-bé,10
開國紀念日,khai-kok-kì-liām-ji̍t,10
開放性肺癆,khai-hòng-sìng-hì-lô,10
阿拉伯板塊,a-la-pik-pán-khuài,10
阿里山山脈,a-lí-san-suann-me̍h,10
階級,kai-kip,10
雞卵糕,ke-nn̄g-ko,10
雞籠,ke-lâng,10
雨水,hōo-tsuí,10
電子化世界,tiān-tsú-huà-sè-kài,10
電池,tiān-tî,10
電腦,tiān-náu,10
電風,tiān-hong,10
露水,lōo-tsuí,10
青壯年人口,tshing-tsòng-liân-jîn-kháu,10
青苔,tshenn-thî,10
青菜,tshenn-tshài,10
非洲,hui-tsiu,10
面巾,bīn-kin,10
順時針方向,sūn-sî-tsiam-hong-hiòng,10
風吹,hong-tshue,10
食品添加物,si̍t-phín-thiam-ka-bu̍t,10
食物,si̍t-bu̍t,10
食頭路,tsia̍h-thâu-lōo,10
飯匙銃,pn̄g-sî-tshìng,10
體格,thé-keh,10
高氣壓中心,ko-khì-ap-tiong-sim,10
高科技產業,ko-kho-ki-sán-gia̍p,10
高音譜記號,ko-im-phóo-kì-hō,10
高齡化社會,ko-lîng-huà-siā-huē,10
鹼性水溶液,kinn-sìng-tsuí-iông-i̍k,10
鹿耳門水路,lo̍k-ní-mn̂g-tsuí-lōo,10
麻糍,muâ-tsî,10
𥰔仔類樂器,phín-á-luī-ga̍k-khì,10
羽毛球,ú-môo-kiû,9
評論,phîng-lūn,9
耕者有其田,king--tsiá-iú-kî-tiân,8
貝氏洗喙法,puè--sī-sé-tshuì-huat,8
畢業,pit-gia̍p,5
錄音,lo̍k-im,5
中元,tiong-guân,3
主席,tsú-si̍k,2
勒索,li̍k-sik,2
國語,kok-gí,2
平埔,pênn-poo,2
注音,tsù-im,2
湳仔,làm-á,2
䘥仔,kah-á,1
三貂角,sam-tiau-kak,1
上元,siōng-guân,1
下課,hā-khò,1
世紀,sè-kí,1
中性,tiong-sìng,1
九份仔,káu-hūn-á,1
五日節,gōo-ji̍t-tseh,1
五月節,gōo-gue̍h-tseh,1
亡魂,bông-hûn,1
人文,jîn-bûn,1
代名詞,tāi-bîng-sû,1
低音,kē-im,1
作文,tsok-bûn,1
例句,lē-kù,1
俗諺,sio̍k-gān,1
倫理,lûn-lí,1
做戲,tsò-hì,1
儒家,jû-ka,1
元宵,guân-siau,1
公克,kong-khik,1
公升,kong-tsin,1
公厘,kong-lî,1
公廨,kong-kài,1
公益,kong-ik,1
冷凍,líng-tòng,1
分析,hun-sik,1
分鐘,hun-tsing,1
副詞,hù-sû,1
加話,ke-uē,1
動作,tōng-tsok,1
動力,tōng-li̍k,1
化石,huà-tsio̍h,1
區別,khu-pia̍t,1
卑南溪,pi-lâm-khe,1
南管,lâm-kuán,1
博覽會,phok-lám-huē,1
卡片,khah-phìnn,1
印刷,ìn-suat,1
印度洋,ìn-tōo-iûnn,1
原文,guân-bûn,1
反射,huán-siā,1
口白,kháu-pe̍h,1
口語,kháu-gí,1
句點,kù-tiám,1
台詞,tâi-sû,1
司公鈃,sai-kong-giang,1
吸引,khip-ín,1
商量,siong-liông,1
四季,sù-kuì,1
固體,kòo-thé,1
國中,kok-tiong,1
土星,thóo-tshenn,1
場地,tiûnn-tē,1
塗肉,thôo-bah,1
塭仔,ùn-á,1
墨硯,ba̍k-hīnn,1
夏至,hē-tsì,1
大暑,tāi-sú,1
大甲溪,tāi-kah-khe,1
天星,thinn-tshenn,1
婚姻,hun-in,1
子宮,tsú-kiong,1
字典,jī-tián,1
字形,jī-hîng,1
字義,jī-gī,1
字體,jī-thé,1
學仔,o̍h-á,1
學名,ha̍k-miâ,1
學堂,o̍h-tn̂g,1
宇宙,ú-tiū,1
富貴角,hù-kuì-kak,1
寒流,hân-liû,1
寓言,gū-giân,1
實踐,si̍t-tsiān,1
寫字,siá-jī,1
專長,tsuan-tióng,1
對話,tuì-uē,1
小數,sió-sòo,1
小暑,siáu-sú,1
小滿,siáu-buán,1
山脈,suann-me̍h,1
島嶼,tó-sū,1
崇拜,tsông-pài,1
崙仔,lūn-á,1
差別,tsha-pia̍t,1
巴士海峽,pa-sū-hái-kiap,1
干樂,kan-lo̍k,1
平仄,piânn-tseh,1
平均,pîng-kin,1
平洋,pênn-iûnn,1
平衡,pîng-hîng,1
康熙,khong-hi,1
引用,ín-iōng,1
復原,ho̍k-guân,1
性格,sìng-keh,1
意義,ì-gī,1
意譯,ì-i̍k,1
戒嚴,kài-giâm,1
手電仔,tshiú-tiān-á,1
批信,phue-sìn,1
排列,pâi-lia̍t,1
採購,tshái-kòo,1
提案,thê-àn,1
支出,tsi-tshut,1
收成,siu-sîng,1
敗市,pāi-tshī,1
散文,suànn-bûn,1
族群,tso̍k-kûn,1
春分,tshun-hun,1
暗號,àm-hō,1
曲盤,khik-puânn,1
書寫,su-siá,1
書面語,su-bīn-gí,1
曾文溪,tsan-bûn-khe,1
會社,huē-siā,1
會議,huē-gī,1
朗讀,lóng-tho̍k,1
木星,bo̍k-tshenn,1
本島,pún-tó,1
東海,tang-hái,1
柴油,tshâ-iû,1
森林,sim-lîm,1
構造,kòo-tsō,1
樹枝,tshiū-ki,1
歌詩,kua-si,1
殖民地,si̍t-bîn-tē,1
比喻,pí-jū,1
比論,pí-lūn,1
氣候,khì-hāu,1
水壺,tsuí-ôo,1
水星,tsuí-tshenn,1
水晶,tsuí-tsinn,1
水路,tsuí-lōo,1
水頭,tsuí-thâu,1
沙漠,sua-bo̍k,1
洞簫,tōng-siau,1
海洋,hái-iûnn,1
海角,hái-kak,1
消費,siau-huì,1
淡水河,tām-tsuí-hô,1
溪口,khe-kháu,1
滬尾,hōo-bué,1
漢人,hàn-jîn,1
漢學仔,hàn-o̍h-á,1
漢文,hàn-bûn,1
漢醫,hàn-i,1
火星,hué-tshenn,1
火炭,hué-thuànn,1
烏色,oo-sik,1
牌匾,pâi-pián,1
理念,lí-liām,1
瑞穗,suī-suī,1
生態,sing-thài,1
田佃,tshân-tiān,1
疑問,gî-būn,1
病毒,pēnn-to̍k,1
發揮,huat-hui,1
發燒,huat-sio,1
發癀,huat-hông,1
白色恐怖,pe̍h-sik-khióng-pòo,1
皮膚,phuê-hu,1
石獅,tsio̍h-sai,1
硫磺,liû-hông,1
磅子,pōng-tsí,1
礦物,khòng-bu̍t,1
神社,sîn-siā,1
移民,î-bîn,1
種作,tsìng-tsoh,1
稱呼,tshing-hoo,1
空地,khàng-tē,1
立夏,li̍p-hē,1
立春,li̍p-tshun,1
符號,hû-hō,1
節奏,tsiat-tsàu,1
紅包,âng-pau,1
索引,sik-ín,1
細胞,sè-pau,1
組織,tsoo-tsit,1
結婚,kiat-hun,1
結構,kiat-kòo,1
統治,thóng-tī,1
經度,king-tōo,1
經線,king-suànn,1
緣故,iân-kòo,1
美感,bí-kám,1
美洲,bí-tsiu,1
耳機,hīnn-ki,1
聯想,liân-sióng,1
聲帶,siann-tuà,1
胸坎,hing-khám,1
能力,lîng-li̍k,1
脫離,thuat-lī,1
脾氣,phî-khì,1
腐敗,hú-pāi,1
花矸,hue-kan,1
花蕊,hue-luí,1
英文,ing-bûn,1
草稿,tshó-kó,1
菜蔬,tshài-se,1
葡萄牙,phû-tô-gâ,1
葵扇,khuê-sìnn,1
藝術家,gē-su̍t-ka,1
藥單,io̍h-tuann,1
街仔,ke-á,1
規範,kui-huān,1
言詞,giân-sû,1
言語,giân-gí,1
詐騙,tsà-phiàn,1
詩人,si-jîn,1
語氣,gí-khì,1
語氣詞,gí-khì-sû,1
語詞,gí-sû,1
諺語,gān-gí,1
講演,káng-ián,1
讀者,tho̍k-tsiá,1
貨櫃,huè-kuī,1
貿易,bōo-i̍k,1
資訊,tsu-sìn,1
走廊,tsáu-lông,1
走標,tsáu-pio,1
路徑,lōo-kìng,1
身材,sin-tsâi,1
車心,tshia-sim,1
軸,ti̍k,1
輸入,su-ji̍p,1
通路,thong-lōo,1
運輸,ūn-su,1
道教,tō-kàu,1
部落,pōo-lo̍k,1
鄉里,hiunn-lí,1
酒開仔,tsiú-khui-á,1
野柳,iá-liú,1
金星,kim-tshenn,1
鋼琴,kǹg-khîm,1
關稅,kuan-suè,1
陣頭,tīn-thâu,1
雄骨,hiông-kut,1
靈感,lîng-kám,1
面積,bīn-tsik,1
音譯,im-i̍k,1
骰仔,tâu-á,1
體操,thé-tshau,1
高屏溪,ko-pîn-khe,1
高手,ko-tshiú,1
高速公路,ko-sok-kong-lōo,1
魚塭,hî-ùn,1
魚鱗,hî-lân,1
齒岸,khí-huānn,1
朔,sok,0
