hanzi,tl,poj,frequency,is_variant,kautian,taigitv,itaigi,sitbut,taihoa,taijit,kungge,stti,khpoo
也是,iā sī,iā sī,702,False,True,False,False,False,True,False,False,False,False
也是,ā sī,ā sī,351,False,True,False,False,False,False,True,False,False,False
上好,siōng hó,siōng hó,100,False,True,False,False,False,False,True,False,False,False
無仝,bô kâng,bô kâng,100,False,True,False,False,False,True,False,False,False,False
無愛,bô ài,bô ài,100,False,True,False,False,False,True,False,False,False,False
無要緊,bô iàu-kín,bô iàu-kín,100,False,True,False,False,False,True,True,False,False,False
袂使,buē sái,bōe sái,100,False,True,False,False,False,False,False,False,False,False
無去,bô khì,bô khì,25,False,True,False,False,False,True,True,False,False,False
獻計,hiàn kè,hiàn kè,25,False,True,False,False,False,True,False,False,False,False
煎茶,tsuann tê,choaⁿ tê,25,False,True,False,False,False,True,True,False,False,False
無愛,bôr ài,bôr ài,25,False,True,False,False,False,False,False,False,False,False
灌風,kuàn hong,koàn hong,25,False,True,False,False,False,True,True,False,False,False
無仝,bô kāng,bô kāng,25,False,True,False,True,False,False,False,False,False,False
炊粿,tshue kué,chhoe kóe,25,False,True,False,True,False,False,False,False,False,False
炊粿,tshe ké,chhe ké,25,False,True,False,False,False,False,True,False,False,False
生癬,sinn sián,siⁿ sián,25,False,True,False,False,False,False,True,False,False,False
生癬,senn sián,seⁿ sián,25,False,True,False,False,False,True,False,False,False,False
盍有,khah ū,khah ū,25,False,True,False,False,False,False,False,False,False,False
痟話,siáu uē,siáu ōe,25,False,True,False,False,False,True,False,False,False,False
瘦田,sán tshân,sán chhân,25,False,True,False,False,False,True,True,False,False,False
盍會,khah ē,khah ē,25,False,True,False,False,False,False,False,False,False,False
濺水,tsuānn tsuí,chōaⁿ chúi,25,False,True,False,False,False,False,False,False,False,False
破柴,phuà tshâ,phòa chhâ,25,False,True,False,True,False,True,True,False,False,False
筊窟,kiáu khut,kiáu khut,25,False,True,False,False,False,False,False,False,False,False
簽約,tshiam iok,chhiam iok,25,False,True,False,False,False,True,False,False,False,False
紮錢,tsah tsînn,chah chîⁿ,25,False,True,False,False,False,False,False,False,False,False
緊行,kín kiânn,kín kiâⁿ,25,False,True,False,False,False,False,True,False,False,False
縛粽,pa̍k tsàng,pa̍k chàng,25,False,True,False,True,False,True,True,False,False,False
灌腸,kuàn tn̂g,koàn tn̂g,25,False,True,False,False,False,True,True,False,False,False
漚貨,àu huè,àu hòe,25,False,True,False,False,False,False,False,False,False,False
濟歲,tsuē hè,chōe hè,25,False,True,False,False,False,False,False,False,False,False
毋捌,m̄ bat,m̄ bat,25,False,True,False,True,False,False,False,False,False,False
曝鹽,pha̍k iâm,pha̍k iâm,25,False,True,False,False,False,False,True,False,False,False
東筊,tong kiáu,tong kiáu,25,False,True,False,False,False,False,False,False,False,False
架跤,khuè kha,khòe kha,25,False,True,False,False,False,False,False,False,False,False
架跤,khè kha,khè kha,25,False,True,False,False,False,False,False,False,False,False
欶奶,suh lin,suh lin,25,False,True,False,False,False,False,False,False,False,False
欶奶,suh ling,suh leng,25,False,True,False,False,False,False,False,False,False,False
欶奶,suh ni,suh ni,25,False,True,False,False,False,False,False,False,False,False
欶水,suh tsuí,suh chúi,25,False,True,False,False,False,False,False,False,False,False
毋好,m̄ hó,m̄ hó,25,False,True,False,False,False,False,False,False,False,False
毋捌,m̄ pat,m̄ pat,25,False,True,False,False,False,False,False,False,False,True
漱口,suah kháu,soah kháu,25,False,True,False,False,False,False,False,False,False,False
毋敢,m̄ kánn,m̄ káⁿ,25,False,True,False,False,False,False,False,False,False,False
毋知,m̄ tsai,m̄ chai,25,False,True,False,False,False,False,False,False,False,False
毋驚,m̄ kiann,m̄ kiaⁿ,25,False,True,False,False,False,False,False,False,False,False
水窟,tsuí khut,chúi khut,25,False,True,False,True,False,True,True,False,False,False
沐喙,bo̍k tshuì,bo̍k chhùi,25,False,True,False,False,False,False,False,False,False,False
沐水,bak tsuí,bak chúi,25,False,True,False,False,False,False,False,False,False,False
泡茶,phàu tê,phàu tê,25,False,True,False,False,False,True,True,False,False,False
總講,tsóng kóng,chóng kóng,25,False,True,False,False,False,True,False,False,False,False
漚貨,àu hè,àu hè,25,False,True,False,False,False,False,False,False,False,False
總算,tsóng sǹg,chóng sǹg,25,False,True,False,False,False,True,True,False,False,False
纏線,tînn suànn,tîⁿ sòaⁿ,25,False,True,False,False,False,True,False,False,False,False
繏腰,sǹg io,sǹg io,25,False,True,False,False,False,False,True,False,False,False
鑽耳,tsǹg hī,chǹg hī,25,False,True,False,False,False,True,True,False,False,False
逐項,ta̍k hāng,ta̍k hāng,25,False,True,False,False,False,True,False,False,False,False
這个,tsit ê,chit ê,25,False,True,False,False,False,False,False,False,False,False
這樣,tsit iūnn,chit iūⁿ,25,False,True,False,False,False,True,False,False,False,False
這款,tsit khuán,chit khoán,25,False,True,False,False,False,True,False,False,False,False
這種,tsit tsióng,chit chióng,25,False,True,False,False,False,True,False,False,False,False
這陣,tsit tsūn,chit chūn,25,False,True,False,False,False,True,False,False,False,False
還數,hîng siàu,hêng siàu,25,False,True,False,False,False,True,False,False,False,False
還錢,hîng tsînn,hêng chîⁿ,25,False,True,False,False,False,True,False,False,False,False
鎖門,só mn̂g,só mn̂g,25,False,True,False,False,False,False,True,False,False,False
鑽耳,tsǹg hīnn,chǹg hīⁿ,25,False,True,False,False,False,False,False,False,False,False
織布,tsit pòo,chit pò͘,25,False,True,False,False,False,True,True,False,False,False
閘光,tsa̍h kng,cha̍h kng,25,False,True,False,False,False,True,False,False,False,False
閘日,tsa̍h ji̍t,cha̍h ji̍t,25,False,True,False,False,False,False,False,False,False,False
閘日,tsa̍h li̍t,cha̍h li̍t,25,False,True,False,False,False,False,False,False,False,False
閘車,tsa̍h tshia,cha̍h chhia,25,False,True,False,False,False,True,False,False,False,False
閘風,tsa̍h hong,cha̍h hong,25,False,True,False,False,False,True,False,False,False,False
驗傷,giām siong,giām siong,25,False,True,False,False,False,True,True,False,False,False
驚某,kiann bóo,kiaⁿ bó͘,25,False,True,False,False,False,True,True,False,False,False
麵頭,mī thâu,mī thâu,25,False,True,False,False,False,True,False,False,False,False
𠢕開,gâu khai,gâu khai,25,False,True,False,True,False,False,False,False,False,False
逐个,ta̍k ê,ta̍k ê,25,False,True,False,False,False,False,False,False,False,False
較快,khah khuài,khah khoài,25,False,True,False,False,False,False,True,False,False,False
躘被,lìng phē,lèng phē,25,False,True,False,False,False,False,False,False,False,False
躘被,lìng phuē,lèng phōe,25,False,True,False,False,False,False,False,False,False,False
斟酒,thîn tsiú,thîn chiú,25,False,True,False,False,False,True,True,False,False,False
罔度,bóng tōo,bóng tō͘,25,False,True,False,False,False,True,True,False,False,False
罔育,bóng io,bóng io,25,False,True,False,False,False,False,False,False,False,False
罔行,bóng kiânn,bóng kiâⁿ,25,False,True,False,False,False,False,True,False,False,False
罔飼,bóng tshī,bóng chhī,25,False,True,False,False,False,False,False,False,False,False
興酒,hìng tsiú,hèng chiú,25,False,True,False,False,False,True,True,False,False,False
薅草,khau tsháu,khau chháu,25,False,True,False,True,False,False,False,False,False,False
袂合,buē ha̍h,bōe ha̍h,25,False,True,False,False,False,False,False,False,False,False
袂合,bē ha̍h,bē ha̍h,25,False,True,False,True,False,False,False,False,False,False
袂歹,buē pháinn,bōe pháiⁿ,25,False,True,False,False,False,False,False,False,False,False
袂歹,bē pháinn,bē pháiⁿ,25,False,True,False,False,False,False,False,False,False,False
規面,kui bīn,kui bīn,25,False,True,False,False,False,False,False,False,False,False
趁燒,thàn sio,thàn sio,25,False,True,False,False,False,False,False,False,False,False
跂跤,kué kha,kóe kha,25,False,True,False,False,False,False,False,False,False,False
跂跤,ké kha,ké kha,25,False,True,False,False,False,False,False,False,False,False
踢被,that phuē,that phōe,25,False,True,False,False,False,True,False,False,False,False
踢被,that phē,that phē,25,False,True,False,False,False,False,False,False,False,False
躘被,liòng phuē,liòng phōe,25,False,True,False,False,False,False,False,False,False,False
躘被,liòng phē,liòng phē,25,False,True,False,False,False,False,False,False,False,False
曝粟,pha̍k tshik,pha̍k chhek,25,False,True,False,False,False,True,False,False,False,False
縖裙,hâ kûn,hâ kûn,25,False,True,False,False,False,True,False,False,False,False
斟茶,thîn tê,thîn tê,25,False,True,False,False,False,True,True,False,False,False
呔會,thah ē,thah ē,25,False,True,False,False,False,False,False,False,False,False
剷草,thuánn tsháu,thóaⁿ chháu,25,False,True,False,True,False,False,True,False,False,False
剺肚,le̍h tōo,le̍h tō͘,25,False,True,False,False,False,False,False,False,False,False
剾皮,khau phuê,khau phôe,25,False,True,False,True,False,False,False,False,False,False
剾皮,khau phê,khau phê,25,False,True,False,True,False,False,False,False,False,False
厚子,kāu tsí,kāu chí,25,False,True,False,False,False,False,False,False,False,False
厚酒,kāu tsiú,kāu chiú,25,False,True,False,False,False,True,True,False,False,False
叨錢,lo tsînn,lo chîⁿ,25,False,True,False,False,False,False,False,False,False,False
叨錢,tho tsînn,tho chîⁿ,25,False,True,False,False,False,False,False,False,False,False
合掌,ha̍p tsióng,ha̍p chióng,25,False,True,False,False,False,False,True,False,False,False
呔會,thài ē,thài ē,25,False,True,False,True,False,False,False,False,False,False
僫做,oh tsuè,oh chòe,25,False,True,False,True,False,False,False,False,False,False
哪會,ná ē,ná ē,25,False,True,False,False,False,False,False,False,False,False
哪未,nà buē,nà bōe,25,False,True,False,False,False,False,False,False,False,False
哪未,nà bē,nà bē,25,False,True,False,False,False,False,False,False,False,False
哪未,ná buē,ná bōe,25,False,True,False,False,False,False,False,False,False,False
哪未,ná bē,ná bē,25,False,True,False,False,False,False,False,False,False,False
哪毋,ná m̄,ná m̄,25,False,True,False,False,False,False,False,False,False,False
啉水,lim tsuí,lim chúi,25,False,True,False,False,False,False,False,False,False,False
啉湯,lim thng,lim thng,25,False,True,False,False,False,False,False,False,False,False
啉茶,lim tê,lim tê,25,False,True,False,False,False,False,False,False,False,False
僫做,oh tsò,oh chò,25,False,True,False,True,False,False,False,False,False,False
偷食,thau tsia̍h,thau chia̍h,25,False,True,False,False,False,True,True,False,False,False
喀痰,khe̍nnh thâm,khe̍ⁿh thâm,25,False,True,False,False,False,False,False,False,False,False
上濟,siāng tsuē,siāng chōe,25,False,True,False,False,False,False,False,False,False,False
敢通,kám thang,kám thang,25,False,True,False,False,False,True,False,False,False,False
㨻魚,tsānn hî,chāⁿ hî,25,False,True,False,True,False,False,False,False,False,False
㨻魚,tsānn hû,chāⁿ hû,25,False,True,False,True,False,False,False,False,False,False
㴘麵,bāu mī,bāu mī,25,False,True,False,False,False,False,False,False,False,False
䆀味,bái bī,bái bī,25,False,True,False,False,False,False,False,False,False,False
三頓,sann tǹg,saⁿ tǹg,25,False,True,False,False,False,False,True,False,False,False
上好,siāng hó,siāng hó,25,False,True,False,False,False,True,False,False,False,False
上慢,siāng bān,siāng bān,25,False,True,False,False,False,False,False,False,False,False
上慢,siōng bān,siōng bān,25,False,True,False,False,False,False,False,False,False,False
上濟,siāng tsē,siāng chē,25,False,True,False,True,False,False,False,False,False,False
偷聽,thau thiann,thau thiaⁿ,25,False,True,False,True,False,True,True,False,False,False
上濟,siōng tsuē,siōng chōe,25,False,True,False,False,False,False,False,False,False,False
上濟,siōng tsē,siōng chē,25,False,True,False,False,False,False,False,False,False,False
上緊,siāng kín,siāng kín,25,False,True,False,False,False,True,False,False,False,False
上緊,siōng kín,siōng kín,25,False,True,False,False,False,False,False,False,False,False
也好,iā hó,iā hó,25,False,True,False,False,False,True,False,False,False,False
予伊,hōo i,hō͘ i,25,False,True,False,False,False,False,False,False,False,False
借錢,tsioh tsînn,chioh chîⁿ,25,False,True,False,False,False,True,True,False,False,False
偷拈,thau ni,thau ni,25,False,True,False,False,False,True,True,False,False,False
偷看,thau khuànn,thau khòaⁿ,25,False,True,False,False,False,True,True,False,False,False
啉酒,lim tsiú,lim chiú,25,False,True,False,False,False,False,False,False,False,False
僫講,oh kóng,oh kóng,25,False,True,False,True,False,False,False,False,False,False
嘛是,mā sī,mā sī,25,False,True,False,False,False,True,False,False,False,False
抹鹽,buah iâm,boah iâm,25,False,True,False,False,False,False,False,False,False,False
拄欲,tú beh,tú beh,25,False,True,False,False,False,False,False,False,False,False
拄欲,tú bueh,tú boeh,25,False,True,False,False,False,False,False,False,False,False
拋網,pha bāng,pha bāng,25,False,True,False,False,False,True,True,False,False,False
挵鐘,lòng tsing,lòng cheng,25,False,True,False,False,False,False,False,False,False,False
挵門,lòng mn̂g,lòng mn̂g,25,False,True,False,False,False,False,False,False,False,False
挵鼓,lòng kóo,lòng kó͘,25,False,True,False,False,False,False,False,False,False,False
挽花,bán hue,bán hoe,25,False,True,False,False,False,True,False,False,False,False
挽茶,bán tê,bán tê,25,False,True,False,False,False,True,True,False,False,False
挽草,bán tsháu,bán chháu,25,False,True,False,True,False,True,False,False,False,False
搖尾,iô bué,iô bóe,25,False,True,False,False,False,True,False,False,False,False
搖尾,iô bé,iô bé,25,False,True,False,False,False,False,True,False,False,False
搭油,tah iû,tah iû,25,False,True,False,True,False,True,True,False,False,False
搵水,ùn tsuí,ùn chúi,25,False,True,False,False,False,True,True,False,False,False
撒鹽,suah iâm,soah iâm,25,False,True,False,False,False,False,False,False,False,False
撠刺,giah tshì,giah chhì,25,False,True,False,False,False,False,False,False,False,False
擂鼓,luî kóo,lûi kó͘,25,False,True,False,False,False,False,False,False,False,False
攏是,lóng sī,lóng sī,25,False,True,False,True,False,False,False,False,False,False
攏褲,láng khòo,láng khò͘,25,False,True,False,False,False,False,False,False,False,False
攑箸,gia̍h tī,gia̍h tī,25,False,True,False,False,False,False,False,False,False,False
攑箸,gia̍h tū,gia̍h tū,25,False,True,False,False,False,False,False,False,False,False
嘛欲,mā beh,mā beh,25,False,True,False,False,False,False,False,False,False,False
抾菜,khioh tshài,khioh chhài,25,False,True,False,True,False,False,False,False,False,False
敢有,kám ū,kám ū,25,False,True,False,True,False,True,True,False,False,False
才會,tsiah ē,chiah ē,25,False,True,False,False,False,False,False,False,False,False
強押,kiông ah,kiông ah,25,False,True,False,False,False,True,True,False,False,False
噓尿,si liō,si liō,25,False,True,False,False,False,False,False,False,False,False
壅田,ìng tshân,èng chhân,25,False,True,False,False,False,True,True,False,False,False
壅肥,ìng puî,èng pûi,25,False,True,False,False,False,True,False,False,False,False
大陣,tuā tīn,tōa tīn,25,False,True,False,False,False,False,True,False,False,False
就是,tiō sī,tiō sī,25,False,True,False,False,False,False,False,False,False,False
就是,tsiū sī,chiū sī,25,False,True,False,False,False,True,True,False,False,False
就是,tō sī,tō sī,25,False,True,False,False,False,False,False,False,False,False
幾工,kuí kang,kúi kang,25,False,True,False,False,False,False,False,False,False,False
嘛欲,mā bueh,mā boeh,25,False,True,False,False,False,False,False,False,False,False
彼个,hit ê,hit ê,25,False,True,False,False,False,False,False,False,False,False
彼樣,hit iūnn,hit iūⁿ,25,False,True,False,False,False,True,True,False,False,False
彼款,hit khuán,hit khoán,25,False,True,False,False,False,True,True,False,False,False
彼爿,hit pîng,hit pêng,25,False,True,False,False,False,False,False,False,False,False
彼種,hit tsióng,hit chióng,25,False,True,False,False,False,True,False,False,False,False
懶相,nuā siùnn,nōa siùⁿ,25,False,True,False,False,False,False,False,False,False,False
懸價,kuân kè,koân kè,25,False,True,False,False,False,False,False,False,False,False
懸山,kuân suann,koân soaⁿ,25,False,True,False,False,False,False,False,False,True,False
彼擺,hit pái,hit pái,25,False,True,False,False,False,True,False,False,False,False
無辦法,bô pān-huat,bô pān-hoat,16,False,True,False,False,False,True,False,False,False,False
牛腱子,gû kiàn-tsí,gû kiàn-chí,16,False,False,True,False,False,False,False,False,False,False
煎藥仔,tsuann io̍h-á,choaⁿ io̍h-á,16,False,True,False,False,False,False,False,False,False,False
無重巡,bô tîng-sûn,bô têng-sûn,16,False,False,True,True,False,False,False,False,False,False
無天理,bô thinn-lí,bô thiⁿ-lí,16,False,True,False,False,False,False,True,False,False,False
無毋著,bô m̄-tio̍h,bô m̄-tio̍h,16,False,True,False,True,False,False,False,False,False,False
無承著,bô sîn tio̍h,bô sîn tio̍h,16,False,False,True,False,False,False,False,False,False,False
無才調,bô tsâi-tiāu,bô châi-tiāu,16,False,True,False,False,False,False,False,False,False,False
猴齊天,kâu tsê-thian,kâu chê-thian,16,False,True,False,True,False,False,True,False,False,False
無天理,bô thian-lí,bô thian-lí,16,False,True,False,False,False,True,False,False,False,False
牽師仔,khan sai-á,khan sai-á,16,False,True,False,False,False,True,False,False,False,False
猶閣咧,iáu-koh teh,iáu-koh teh,16,False,True,False,True,False,False,False,False,False,False
猶閣咧,ah-koh teh,ah-koh teh,16,False,True,False,False,False,False,False,False,False,False
猶閣咧,iah-koh teh,iah-koh teh,16,False,True,False,False,False,False,False,False,False,False
猶閣咧,iá-koh teh,iá-koh teh,16,False,True,False,False,False,False,False,False,False,False
猶閣咧,á-koh teh,á-koh teh,16,False,True,False,False,False,False,False,False,False,False
生囡仔,senn gín-á,seⁿ gín-á,16,False,True,False,False,False,True,False,False,False,False
發喙齒,huat tshuì-khí,hoat chhùi-khí,16,False,True,False,False,False,False,False,False,False,False
睏坦敧,khùn thán-khi,khùn thán-khi,16,False,True,False,False,False,True,False,False,False,False
硩番薯,teh han-tsî,teh han-chî,16,False,True,False,False,False,False,False,False,False,False
淘汰賽,tô-thài sài,tô-thài sài,16,False,False,True,False,False,False,False,False,False,False
硩番薯,teh han-tsû,teh han-chû,16,False,True,False,False,False,False,False,False,False,False
火燒山,hé sio suann,hé sio soaⁿ,16,False,True,True,False,False,False,True,False,False,False
歹過日,pháinn kè-li̍t,pháiⁿ kè-li̍t,16,False,True,False,False,False,False,False,False,False,False
流鼻水,lâu phīnn-tsuí,lâu phīⁿ-chúi,16,False,True,False,False,False,True,False,False,False,False
歹消息,phái siau-sit,phái siau-sit,16,False,True,False,False,False,False,False,False,False,False
有要緊,ū iàu-kín,ū iàu-kín,16,False,True,False,False,False,False,False,False,False,False
有辦法,ū pān-huat,ū pān-hoat,16,False,True,False,False,False,False,False,False,False,False
染目眉,ní ba̍k-bâi,ní ba̍k-bâi,16,False,False,True,False,False,False,False,False,False,False
歕觱仔,pûn pi-á,pûn pi-á,16,False,True,False,False,False,True,False,False,False,False
歕雞胿,pûn kue-kui,pûn koe-kui,16,False,True,False,False,False,False,False,False,False,False
止喙焦,tsí tshuì-ta,chí chhùi-ta,16,False,True,False,False,False,False,False,False,False,False
歹代誌,phái tāi-tsì,phái tāi-chì,16,False,True,False,False,False,False,False,False,False,False
歹代誌,pháinn tāi-tsì,pháiⁿ tāi-chì,16,False,True,False,False,False,False,False,False,False,False
歹命人,phái miā-lâng,phái miā-lâng,16,False,True,False,False,False,False,False,False,False,False
歹消息,pháinn siau-sit,pháiⁿ siau-sit,16,False,True,False,False,False,False,False,False,False,False
流目屎,lâu ba̍k-sái,lâu ba̍k-sái,16,False,True,False,False,False,True,False,False,False,False
歹過日,pháinn kuè-ji̍t,pháiⁿ kòe-ji̍t,16,False,True,False,False,False,False,False,False,False,False
繏嚨喉,sǹg nâ-âu,sǹg nâ-âu,16,False,True,False,False,False,False,False,False,False,False
歹面腔,pháinn bīn-tshiunn,pháiⁿ bīn-chhiuⁿ,16,False,True,False,False,False,False,False,False,False,False
毋好勢,m̄ hó-sè,m̄ hó-sè,16,False,True,False,False,False,False,False,False,False,False
毋甘嫌,m̄-kam hiâm,m̄-kam hiâm,16,False,True,False,False,False,False,False,False,False,False
毋甘願,m̄ kam-guān,m̄ kam-goān,16,False,True,False,True,False,False,False,False,False,False
毋知影,m̄ tsai-iánn,m̄ chai-iáⁿ,16,False,True,False,False,False,False,False,False,False,False
泉裕泰,tsuânn jū-thài,chôaⁿ jū-thài,16,False,False,True,False,False,False,False,False,False,False
泉裕泰,tsuânn lū-thài,chôaⁿ lū-thài,16,False,False,True,False,False,False,False,False,False,False
積分賽,tsik-hun sài,chek-hun sài,16,False,False,True,False,False,False,False,False,False,False
𬦰樓梯,peh lâu-thui,peh lâu-thui,16,False,True,False,False,False,False,False,False,False,False
翕豆菜,hip tāu-tshài,hip tāu-chhài,16,False,True,False,False,False,True,False,False,False,False
育囡仔,io gín-á,io gín-á,16,False,True,False,False,False,False,False,False,False,False
重整理,tîng tsíng-lí,têng chéng-lí,16,False,False,True,False,False,False,False,False,False,False
重載入,tîng tsài-ji̍p,têng chài-ji̍p,16,False,False,True,False,False,False,False,False,False,False
鈕鈕仔,liú liú-á,liú liú-á,16,False,True,False,False,False,False,False,False,False,False
鋪面蟶,phoo-bīn than,pho͘-bīn than,16,False,True,False,False,False,True,True,False,False,False
開筊間,khui kiáu-king,khui kiáu-keng,16,False,True,False,False,False,False,False,False,False,False
閘榫,tsa̍h -sún,cha̍h -sún,16,False,False,False,False,False,False,False,True,False,False
閣踏壘,koh ta̍h-luí,koh ta̍h-lúi,16,False,False,True,False,False,False,False,False,False,False
閬雨縫,làng hōo-phāng,làng hō͘-phāng,16,False,True,False,False,False,False,False,False,False,False
頂月日,tíng ge̍h-li̍t,téng ge̍h-li̍t,16,False,True,False,False,False,False,False,False,False,False
頂月日,tíng gue̍h-ji̍t,téng goe̍h-ji̍t,16,False,True,False,False,False,True,False,False,False,False
食好料,tsia̍h hó-liāu,chia̍h hó-liāu,16,False,True,False,True,False,False,False,False,False,False
飯匙銃,pn̄g sî tshìng,pn̄g sî chhèng,16,False,True,False,True,False,False,False,False,True,False
飲食店,ím-si̍t tiàm,ím-si̍t tiàm,16,False,True,False,True,False,True,True,False,False,False
驚生份,kiann tshenn-hūn,kiaⁿ chheⁿ-hūn,16,False,True,False,False,False,False,False,False,False,False
驚生份,kiann tshinn-hūn,kiaⁿ chhiⁿ-hūn,16,False,True,False,False,False,False,False,False,False,False
鼓井水,kóo-tsénn tsuí,kó͘-chéⁿ chúi,16,False,True,False,False,False,False,False,False,False,False
鼓井水,kóo-tsínn tsuí,kó͘-chíⁿ chúi,16,False,True,False,False,False,False,False,False,False,False
鼓電話,kóo tiān-uē,kó͘ tiān-ōe,16,False,True,False,True,False,False,False,False,False,False
𠢕囥歲,gâu khǹg-huè,gâu khǹg-hòe,16,False,True,False,True,False,False,False,False,False,False
𠢕囥歲,gâu khǹg-hè,gâu khǹg-hè,16,False,True,False,False,False,False,False,False,False,False
有才調,ū tsâi-tiāu,ū châi-tiāu,16,False,True,False,False,False,True,False,False,False,False
辭頭路,sî thâu-lōo,sî thâu-lō͘,16,False,True,False,False,False,True,False,False,False,False
轉後頭,tńg āu-thâu,tńg āu-thâu,16,False,True,False,False,False,False,False,False,False,False
轉外家,tńg guā-ke,tńg gōa-ke,16,False,True,False,False,False,True,False,False,False,False
補喙齒,póo tshuì-khí,pó͘ chhùi-khí,16,False,True,False,False,False,False,False,False,False,False
胃慒慒,uī tso-tso,ūi cho-cho,16,False,True,False,True,False,False,False,False,False,False
膨粉筅,phòng-hún tshíng,phòng-hún chhéng,16,False,False,True,False,False,False,False,False,False,False
薄喙脣,po̍h tshuì-tûn,po̍h chhùi-tûn,16,False,False,True,False,False,False,False,False,False,False
袂得過,bē-tit kuè,bē-tit kòe,16,False,True,False,False,False,False,False,False,False,False
袂按算,buē àn-sǹg,bōe àn-sǹg,16,False,True,False,False,False,False,False,False,False,False
袂按算,bē àn-sǹg,bē àn-sǹg,16,False,True,False,False,False,False,False,False,False,False
袂接力,buē tsih-la̍t,bōe chih-la̍t,16,False,True,False,False,False,False,False,False,False,False
袂接力,bē tsih-la̍t,bē chih-la̍t,16,False,True,False,True,False,False,False,False,False,False
被安打,pī an-tánn,pī an-táⁿ,16,False,False,True,False,False,False,False,False,False,False
複合弓,ho̍k-ha̍p king,ho̍k-ha̍p keng,16,False,False,True,False,False,False,False,False,False,False
車布邊,tshia pòo-pinn,chhia pò͘-piⁿ,16,False,True,False,False,False,False,False,False,False,False
覓頭路,bā thâu-lōo,bā thâu-lō͘,16,False,True,False,False,False,True,False,False,False,False
試看覓,tshì khuànn-māi,chhì khòaⁿ-māi,16,False,True,False,True,False,False,False,False,False,False
試鹹汫,tshì kiâm-tsiánn,chhì kiâm-chiáⁿ,16,False,True,False,True,False,True,False,False,False,False
試鹹淡,tshì kiâm-tānn,chhì kiâm-tāⁿ,16,False,True,False,True,False,False,False,False,False,False
起毛䆀,khí-moo bái,khí-mo͘ bái,16,False,True,False,False,False,False,False,False,False,False
起毛婸,khí-moo giang,khí-mo͘ giang,16,False,True,False,False,False,False,False,False,False,False
跙一倒,tshū tsi̍t tó,chhū chi̍t tó,16,False,True,False,False,False,False,False,False,False,False
蹽溪仔,liâu khe-á,liâu khe-á,16,False,True,False,False,False,False,False,False,False,False
蹽溪仔,liâu khue-á,liâu khoe-á,16,False,True,False,False,False,False,False,False,False,False
有步數,ū pōo-sòo,ū pō͘-sò͘,16,False,True,False,False,False,False,False,False,False,False
袂得過,buē-tit kè,bōe-tit kè,16,False,True,False,False,False,False,False,False,False,False
月戴笠,gue̍h tì-le̍h,goe̍h tì-le̍h,16,False,True,False,False,False,True,False,False,False,False
吊大筒,tiàu tuā-tâng,tiàu tōa-tâng,16,False,True,False,False,False,True,False,False,False,False
呂洞賓,lū tōng-pin,lū tōng-pin,16,False,True,False,False,False,False,True,False,False,False
壓炒房,ah tshá-pâng,ah chhá-pâng,16,False,False,True,False,False,False,False,False,False,False
大代誌,tuā tāi-tsì,tōa tāi-chì,16,False,True,False,False,False,False,False,False,False,False
大數據,tuā sòo-kì,tōa sò͘-kì,16,False,False,True,False,False,False,False,False,False,False
大數據,tuā sòo-kù,tōa sò͘-kù,16,False,False,True,False,False,False,False,False,False,False
好代誌,hó tāi-tsì,hó tāi-chì,16,False,True,False,False,False,False,False,False,False,False
好報應,hó pò-ìng,hó pò-èng,16,False,True,False,False,False,False,False,False,False,False
好扭搦,hó liú-la̍k,hó liú-la̍k,16,False,True,False,True,False,False,False,False,False,False
好消息,hó siau-sit,hó siau-sit,16,False,True,False,False,False,False,False,False,False,False
學工夫,o̍h kang-hu,o̍h kang-hu,16,False,True,False,False,False,True,False,False,False,False
守空房,tsiú khang-pâng,chiú khang-pâng,16,False,True,False,False,False,False,True,False,False,False
守空房,tsiúnn khang-pâng,chiúⁿ khang-pâng,16,False,True,False,False,False,False,False,False,False,False
安太歲,an thài-suè,an thài-sòe,16,False,True,False,False,False,False,False,False,False,False
幾若工,kuí-nā kang,kúi-nā kang,16,False,True,False,False,False,True,False,False,False,False
幾若工,kuí-ā kang,kúi-ā kang,16,False,True,False,False,False,False,False,False,False,False
張鳥鼠,tng niáu-tshí,tng niáu-chhí,16,False,True,False,False,False,False,False,False,False,False
張鳥鼠,tng niáu-tshú,tng niáu-chhú,16,False,True,False,False,False,False,False,False,False,False
後個月,āu kò ge̍h,āu kò ge̍h,16,False,True,False,False,False,False,False,False,False,False
後個月,āu kò gue̍h,āu kò goe̍h,16,False,True,False,False,False,False,False,False,False,False
後月日,āu ge̍h-li̍t,āu ge̍h-li̍t,16,False,True,False,False,False,False,False,False,False,False
後月日,āu gue̍h-ji̍t,āu goe̍h-ji̍t,16,False,True,False,False,False,True,False,False,False,False
呂洞賓,lī tōng-pin,lī tōng-pin,16,False,True,False,False,False,False,False,False,False,False
叫電話,kiò tiān-uē,kiò tiān-ōe,16,False,True,False,True,False,True,False,False,False,False
惜面皮,sioh bīn-phuê,sioh bīn-phôe,16,False,True,False,False,False,True,False,False,False,False
反曲弓,huán-khiok king,hoán-khiok keng,16,False,False,True,False,False,False,False,False,False,False
月圍箍,gue̍h uî-khoo,goe̍h ûi-kho͘,16,False,True,False,False,False,True,False,False,False,False
㔂甘蔗,lân kam-tsià,lân kam-chià,16,False,True,False,True,False,False,False,False,False,False
一個月,tsi̍t kò ge̍h,chi̍t kò ge̍h,16,False,True,False,False,False,False,False,False,False,False
一個月,tsi̍t kò gue̍h,chi̍t kò goe̍h,16,False,True,False,False,False,False,False,False,False,False
一口灶,tsi̍t kháu tsàu,chi̍t kháu chàu,16,False,True,False,False,False,False,False,False,False,False
一對時,tsi̍t tuì-sî,chi̍t tùi-sî,16,False,True,False,False,False,True,True,False,False,False
一月日,tsi̍t ge̍h-li̍t,chi̍t ge̍h-li̍t,16,False,True,False,False,False,False,False,False,False,False
一月日,tsi̍t gue̍h-ji̍t,chi̍t goe̍h-ji̍t,16,False,True,False,False,False,False,False,False,False,False
一甲子,tsi̍t kah-tsí,chi̍t kah-chí,16,False,True,False,False,False,False,False,False,False,False
佗一个,tó tsi̍t ê,tó chi̍t ê,16,False,True,False,False,False,False,False,False,False,False
假動作,ké tōng-tsok,ké tōng-chok,16,False,False,True,False,False,False,False,False,False,False
做店面,tsuè tiàm-bīn,chòe tiàm-bīn,16,False,True,False,False,False,False,False,False,False,False
做店面,tsò tiàm-bīn,chò tiàm-bīn,16,False,True,False,False,False,False,False,False,False,False
做散工,tsò suánn-kang,chò sóaⁿ-kang,16,False,False,True,False,False,False,False,False,False,False
充電柱,tshiong-tiān thiāu,chhiong-tiān thiāu,16,False,False,True,False,False,False,False,False,False,False
免數想,bián siàu-siūnn,bián siàu-siūⁿ,16,False,True,False,False,False,True,False,False,False,False
刺目眉,tshiah ba̍k-bâi,chhiah ba̍k-bâi,16,False,False,True,False,False,False,False,False,False,False
半月日,puànn ge̍h-li̍t,pòaⁿ ge̍h-li̍t,16,False,True,False,False,False,False,False,False,False,False
半月日,puànn gue̍h-ji̍t,pòaⁿ goe̍h-ji̍t,16,False,True,False,False,False,False,False,False,False,False
厚喙脣,kāu tshuì-tûn,kāu chhùi-tûn,16,False,False,True,False,False,False,False,False,False,False
去角質,khì kak-tsit,khì kak-chit,16,False,False,True,False,False,False,False,False,False,False
心慒慒,sim tso-tso,sim cho-cho,16,False,True,False,False,False,False,False,False,False,False
做散工,tsuè suánn-kang,chòe sóaⁿ-kang,16,False,False,True,False,False,False,False,False,False,False
惜面皮,sioh bīn-phê,sioh bīn-phê,16,False,True,False,False,False,False,False,False,False,False
插代誌,tshap tāi-tsì,chhap tāi-chì,16,False,True,False,False,False,False,False,False,False,False
揣頭路,tshuē thâu-lōo,chhōe thâu-lō͘,16,False,True,False,False,False,False,False,False,False,False
揣頭路,tshē thâu-lōo,chhē thâu-lō͘,16,False,True,False,False,False,False,False,False,False,False
揤電鈴,ji̍h tiān-lîng,ji̍h tiān-lêng,16,False,True,False,False,False,False,False,False,False,False
揤電鈴,tshi̍h tiān-lîng,chhi̍h tiān-lêng,16,False,True,False,False,False,False,False,False,False,False
搜身軀,tshiau sin-khu,chhiau sin-khu,16,False,True,False,False,False,False,False,False,False,False
搵豆油,ùn tāu-iû,ùn tāu-iû,16,False,True,False,False,False,True,False,False,False,False
摃電話,kòng tiān-uē,kòng tiān-ōe,16,False,True,False,False,False,True,False,False,False,False
撒胡椒,suah hôo-tsio,soah hô͘-chio,16,False,True,False,False,False,True,False,False,False,False
撒豆油,suah tāu-iû,soah tāu-iû,16,False,True,False,False,False,True,False,False,False,False
撨時鐘,tshiâu sî-tsing,chhiâu sî-cheng,16,False,True,False,False,False,False,False,False,False,False
擉算盤,tia̍k sǹg-puânn,tia̍k sǹg-pôaⁿ,16,False,True,False,False,False,False,False,False,False,False
擋袂牢,tòng buē tiâu,tòng bōe tiâu,16,False,True,False,True,False,False,False,False,False,False
擋袂牢,tòng bē tiâu,tòng bē tiâu,16,False,True,False,True,False,False,False,False,False,False
擠𤶃仔,tsik thiāu-á,chek thiāu-á,16,False,True,False,True,False,False,False,False,False,False
放予爛,pàng hōo nuā,pàng hō͘ nōa,16,False,False,True,False,False,False,False,False,False,False
放重利,pàng tāng-lāi,pàng tāng-lāi,16,False,True,False,False,False,True,True,False,False,False
敢毋是,kám m̄ sī,kám m̄ sī,16,False,True,False,False,False,False,False,False,False,False
敨中氣,tháu tiong-khuì,tháu tiong-khùi,16,False,True,False,False,False,False,False,False,False,False
敲薰屎,khà hun-sái,khà hun-sái,16,False,False,False,False,False,False,False,True,False,False
成月日,tsiânn ge̍h-li̍t,chiâⁿ ge̍h-li̍t,16,False,True,False,False,False,False,False,False,False,False
月圍箍,ge̍h uî-khoo,ge̍h ûi-kho͘,16,False,True,False,False,False,False,False,False,False,False
換喙齒,uānn tshuì-khí,ōaⁿ chhùi-khí,16,False,True,False,False,False,False,False,False,False,False
擼電話,lóo tiān-uē,ló͘ tiān-ōe,16,False,True,False,False,False,False,False,False,False,False
掣一趒,tshuah tsi̍t tiô,chhoah chi̍t tiô,16,False,True,False,False,False,False,False,False,False,False
拍粉底,phah hún-té,phah hún-té,16,False,False,True,False,False,False,False,False,False,False
成月日,tsiânn gue̍h-ji̍t,chiâⁿ goe̍h-ji̍t,16,False,True,False,False,False,False,False,False,False,False
手縫櫳,tshiú-phāng lang,chhiú-phāng lang,16,False,True,False,False,False,False,False,False,False,False
掖秧仔,iā ng-á,iā ng-á,16,False,True,False,False,False,False,False,False,False,False
手縫疏,tshiú-phāng se,chhiú-phāng se,16,False,True,False,False,False,True,False,False,False,False
扭尻川,gió kha-tshng,gió kha-chhng,16,False,True,False,False,False,False,False,False,False,False
扭尻川,ngiú kha-tshng,ngiú kha-chhng,16,False,True,False,False,False,True,False,False,False,False
抗𤶃仔,khòng thiāu-á,khòng thiāu-á,16,False,False,True,False,False,False,False,False,False,False
抹粉底,buah hún-té,boah hún-té,16,False,False,True,False,False,False,False,False,False,False
拌蠓仔,puānn báng-á,pōaⁿ báng-á,16,False,True,False,False,False,False,False,False,False,False
拍拳頭,phah kûn-thâu,phah kûn-thâu,16,False,True,False,False,False,True,False,False,False,False
敲電話,khà tiān-uē,khà tiān-ōe,16,False,True,False,False,False,False,False,False,False,False
拍金仔,phah kim-á,phah kim-á,16,False,True,False,False,False,False,False,False,False,False
挖人才,óo lîn-tsâi,ó͘ lîn-châi,16,False,False,True,False,False,False,False,False,False,False
掃塗跤,sàu thôo-kha,sàu thô͘-kha,16,False,True,False,False,False,False,False,False,False,False
挽喙齒,bán tshuì-khí,bán chhùi-khí,16,False,True,False,False,False,False,False,False,False,False
挨絃仔,e hiân-á,e hiân-á,16,False,True,False,False,False,False,False,False,False,False
捋頭毛,lua̍h thâu-mn̂g,loa̍h thâu-mn̂g,16,False,True,False,False,False,False,False,False,False,False
挖人才,óo jîn-tsâi,ó͘ jîn-châi,16,False,False,True,False,False,False,False,False,False,False
拜公媽,pài kong-má,pài kong-má,16,False,True,False,False,False,False,False,False,False,False
拍電話,phah tiān-uē,phah tiān-ōe,16,False,True,False,True,False,False,False,False,False,False
科技大樓,kho-ki tuā-lâu,kho-ki tōa-lâu,12,False,True,False,False,False,False,False,False,False,False
祖傳祕方,tsóo-thuân pì-hng,chó͘-thoân pì-hng,12,False,True,False,False,False,False,False,False,False,False
社群網站,siā-kûn bāng-tsām,siā-kûn bāng-chām,12,False,False,True,False,False,False,False,False,False,False
社群平台,siā-kûn pînn-tâi,siā-kûn pîⁿ-tâi,12,False,False,True,False,False,False,False,False,False,False
社群平台,siā-kûn pênn-tâi,siā-kûn pêⁿ-tâi,12,False,False,True,False,False,False,False,False,False,False
碗池趨枋,uánn-tî tshu-pang,óaⁿ-tî chhu-pang,12,False,False,True,False,False,False,False,False,False,False
積體電路,tsik-thé tiān-lōo,chek-thé tiān-lō͘,12,False,False,True,True,False,False,False,False,False,False
石川佳彥,tsio̍h-tshuan ka-gān,chio̍h-chhoan ka-gān,12,False,False,True,False,False,False,False,False,False,False
石仔香爐,tsio̍h ê hiunn-lôo,chio̍h ê hiuⁿ-lô͘,12,False,False,False,False,False,False,False,True,False,False
石仔秤錘,tsio̍h ê tshìn-thuî,chio̍h ê chhìn-thûi,12,False,False,False,False,False,False,False,True,False,False
短銃射擊,té-tshìng siā-kik,té-chhèng siā-kek,12,False,False,True,False,False,False,False,False,False,False
真愛碼頭,tsin-ài bé-thâu,chin-ài bé-thâu,12,False,True,False,False,False,False,False,False,False,False
相踏事件,sio-ta̍h sū-kiānn,sio-ta̍h sū-kiāⁿ,12,False,False,True,False,False,False,False,False,False,False
目箍暗暗,ba̍k-khoo àm-àm,ba̍k-kho͘ àm-àm,12,False,False,True,False,False,False,False,False,False,False
目睭蚶蚶,ba̍k-tsiu ham-ham,ba̍k-chiu ham-ham,12,False,False,True,False,False,False,False,False,False,False
盜壘失敗,tō-luí sit-pāi,tō-lúi sit-pāi,12,False,False,True,False,False,False,False,False,False,False
百頁豆腐,pah-ia̍h tāu-hū,pah-ia̍h tāu-hū,12,False,False,True,False,False,False,False,False,False,False
百貨公司,pah-hè kong-si,pah-hè kong-si,12,False,True,False,False,False,False,False,False,False,False
百貨公司,pah-huè kong-si,pah-hòe kong-si,12,False,True,False,False,False,False,False,False,False,False
生肌減油,senn-ki kiám-iû,seⁿ-ki kiám-iû,12,False,False,True,False,False,False,False,False,False,False
生酮飲食,sing-tông ím-si̍t,seng-tông ím-si̍t,12,False,False,True,False,False,False,False,False,False,False
產生得分,sán-sing tit-hun,sán-seng tit-hun,12,False,False,True,False,False,False,False,False,False,False
用捒的,iōng sak--ê,iōng sak--ê,12,False,False,True,False,False,False,False,False,False,False
用搝的,iōng giú--ê,iōng giú--ê,12,False,False,True,False,False,False,False,False,False,False
番麥羹湯,huan-be̍h kenn-thng,hoan-be̍h keⁿ-thng,12,False,False,True,True,False,False,False,False,False,False
番麥羹湯,huan-be̍h kinn-thng,hoan-be̍h kiⁿ-thng,12,False,False,True,False,False,False,False,False,False,False
空中對唱,khong-tiong tuì-tshiàng,khong-tiong tùi-chhiàng,12,False,False,True,False,False,False,False,False,False,False
畫面縮放,uī-bīn sok-hòng,ūi-bīn sok-hòng,12,False,False,True,False,False,False,False,False,False,False
疫情翻箍,i̍k-tsîng huan-khoo,e̍k-chêng hoan-kho͘,12,False,False,True,False,False,False,False,False,False,False
疫情較坐,i̍k-tsîng khah-tsē,e̍k-chêng khah-chē,12,False,False,True,False,False,False,False,False,False,False
疫情轉和,i̍k-tsîng tńg-hô,e̍k-chêng tńg-hô,12,False,False,True,False,False,False,False,False,False,False
白糊固定,pe̍h-kôo kòo-tīng,pe̍h-kô͘ kò͘-tēng,12,False,False,False,False,False,False,False,True,False,False
白紙革命,pe̍h-tsuá kik-bīng,pe̍h-chóa kek-bēng,12,False,False,True,False,False,False,False,False,False,False
生肌減油,sinn-ki kiám-iû,siⁿ-ki kiám-iû,12,False,False,True,False,False,False,False,False,False,False
畫面縮放,uē-bīn sok-hòng,ōe-bīn sok-hòng,12,False,False,True,False,False,False,False,False,False,False
繼承走者,kè-sîng tsáu-tsiá,kè-sêng cháu-chiá,12,False,False,True,False,False,False,False,False,False,False
空架雪車,khang-kè seh-tshia,khang-kè seh-chhia,12,False,False,True,False,False,False,False,False,False,False
聯合醫院,liân-ha̍p pīnn-īnn,liân-ha̍p pīⁿ-īⁿ,12,False,True,False,False,False,False,False,False,False,False
繼承失分,kè-sîng sit-hun,kè-sêng sit-hun,12,False,False,True,False,False,False,False,False,False,False
美國煙腸,bí-kok ian-tshiâng,bí-kok ian-chhiâng,12,False,False,True,False,False,False,False,False,False,False
耐震係數,nāi-tsìn hē-sòo,nāi-chìn hē-sò͘,12,False,False,True,False,False,False,False,False,False,False
聖功醫院,sìng-kong pēnn-īnn,sèng-kong pēⁿ-īⁿ,12,False,True,False,False,False,False,False,False,False,False
聖功醫院,sìng-kong pīnn-īnn,sèng-kong pīⁿ-īⁿ,12,False,True,False,False,False,False,False,False,False,False
聖嬰現象,sìng-ing hiān-siōng,sèng-eng hiān-siōng,12,False,False,True,False,False,False,False,False,False,False
聯合醫院,liân-ha̍p pēnn-īnn,liân-ha̍p pēⁿ-īⁿ,12,False,True,False,False,False,False,False,False,False,False
肇事逃逸,tiāu-sū tô-i̍k,tiāu-sū tô-e̍k,12,False,False,True,False,False,False,False,False,False,False
空氣短銃,khong-khì té-tshìng,khong-khì té-chhèng,12,False,False,True,False,False,False,False,False,False,False
育成教練,io̍k-sîng kàu-liān,io̍k-sêng kàu-liān,12,False,False,True,False,False,False,False,False,False,False
自培選手,tsū-puê suán-tshiú,chū-pôe soán-chhiú,12,False,False,True,False,False,False,False,False,False,False
自由組手,tsū-iû tsoo-tshiú,chū-iû cho͘-chhiú,12,False,False,True,False,False,False,False,False,False,False
自由體操,tsū-iû thé-tshau,chū-iû thé-chhau,12,False,False,True,False,False,False,False,False,False,False
自重訓練,tsū-tāng hùn-liān,chū-tāng hùn-liān,12,False,False,True,False,False,False,False,False,False,False
球類比賽,kiû-luī pí-sài,kiû-lūi pí-sài,12,False,False,True,False,False,False,False,False,False,False
臺北小城,tâi-pak sió-siânn,tâi-pak sió-siâⁿ,12,False,True,False,False,False,False,False,False,False,False
緩衝時間,uān-tshiong sî-kan,oān-chhiong sî-kan,12,False,False,True,False,False,False,False,False,False,False
經貿園區,king-bōo hn̂g-khu,keng-bō͘ hn̂g-khu,12,False,True,False,False,False,False,False,False,False,False
絕地求生,tsua̍t-tē kiû-sing,choa̍t-tē kiû-seng,12,False,False,True,False,False,False,False,False,False,False
絕地求生,tsua̍t-tuē kiû-sing,choa̍t-tōe kiû-seng,12,False,False,True,False,False,False,False,False,False,False
空浮幼粒,khong-phû iù-lia̍p,khong-phû iù-lia̍p,12,False,False,True,False,False,False,False,False,False,False
競技體操,kīng-ki thé-tshau,kēng-ki thé-chhau,12,False,False,True,False,False,False,False,False,False,False
競速溜冰,kīng-sok liu-ping,kēng-sok liu-peng,12,False,False,True,False,False,False,False,False,False,False
競速趨冰,kīng-sok tshu-ping,kēng-sok chhu-peng,12,False,False,True,False,False,False,False,False,False,False
競速趨輪,kīng-sok tshu-lián,kēng-sok chhu-lián,12,False,False,True,False,False,False,False,False,False,False
竹仔屏風,tik-á pîn-hong,tek-á pîn-hong,12,False,False,False,False,False,False,False,True,False,False
竹編花籃,tik-pinn hue-nâ,tek-piⁿ hoe-nâ,12,False,False,False,False,False,False,False,True,False,False
筋肉收束,kin-bah siu-sok,kin-bah siu-sok,12,False,False,True,False,False,False,False,False,False,False
粗菜便飯,tshoo-tshài piān-pn̄g,chho͘-chhài piān-pn̄g,12,False,True,False,False,False,False,False,False,False,False
精華剪輯,tsing-huâ tsián-tsi̍p,cheng-hôa chián-chi̍p,12,False,False,True,False,False,False,False,False,False,False
紅玉紅茶,âng-gi̍k âng-tê,âng-ge̍k âng-tê,12,False,False,True,False,False,False,False,False,False,False
細粒圓麭,sè lia̍p înn-pháng,sè lia̍p îⁿ-pháng,12,False,False,True,False,False,False,False,False,False,False
細間房間,sè-king pâng-king,sè-keng pâng-keng,12,False,False,True,False,False,False,False,False,False,False
組態設定,tsoo-thài siat-tīng,cho͘-thài siat-tēng,12,False,False,True,False,False,False,False,False,False,False
絕囝絕孫,tse̍h kiánn tse̍h sun,che̍h kiáⁿ che̍h sun,12,False,True,False,False,False,False,False,False,False,False
生態園區,sing-thài hn̂g-khu,seng-thài hn̂g-khu,12,False,True,False,False,False,False,False,False,False,False
淡金鄧公,tām-kim tīng-kong,tām-kim tēng-kong,12,False,True,False,False,False,False,False,False,False,False
現代五項,hiān-tāi gōo-hāng,hiān-tāi gō͘-hāng,12,False,False,True,False,False,False,False,False,False,False
淡江大學,tām-kang tāi-ha̍k,tām-kang tāi-ha̍k,12,False,True,False,True,False,False,False,False,False,False
法式輾球,huat-sik lìn-kiû,hoat-sek lìn-kiû,12,False,False,True,False,False,False,False,False,False,False
泰山貴和,thài-san kuì-hô,thài-san kùi-hô,12,False,True,False,False,False,False,False,False,False,False
泰式奶茶,thài-sik ling-tê,thài-sek leng-tê,12,False,False,True,False,False,False,False,False,False,False
泰式奶茶,thài-sik ni-tê,thài-sek ni-tê,12,False,False,True,False,False,False,False,False,False,False
活取器官,ua̍h-tshú khì-kuan,oa̍h-chhú khì-koan,12,False,False,True,False,False,False,False,False,False,False
海水倒激,hái-tsuí tò-kik,hái-chúi tò-kek,12,False,True,False,False,False,False,False,False,False,False
海水浴場,hái-tsuí i̍k-tiûnn,hái-chúi e̍k-tiûⁿ,12,False,True,True,False,False,False,False,False,False,False
淡金北新,tām-kim pak-sin,tām-kim pak-sin,12,False,True,False,False,False,False,False,False,False,False
王牌投手,ông-pâi tâu-tshiú,ông-pâi tâu-chhiú,12,False,False,True,False,False,False,False,False,False,False
臺大醫院,tâi-tāi pēnn-īnn,tâi-tāi pēⁿ-īⁿ,12,False,True,False,False,False,False,False,False,False,False
淨零排放,tsīng-lîng pâi-hòng,chēng-lêng pâi-hòng,12,False,False,True,True,False,False,False,False,False,False
深色模式,tshim-sik bôo-sik,chhim-sek bô͘-sek,12,False,False,True,False,False,False,False,False,False,False
混合雙打,hūn-ha̍p siang-tánn,hūn-ha̍p siang-táⁿ,12,False,False,True,False,False,False,False,False,False,False
淺色模式,tshián-sik bôo-sik,chhián-sek bô͘-sek,12,False,False,True,False,False,False,False,False,False,False
清壘打者,tshing-luí tánn-tsiá,chheng-lúi táⁿ-chiá,12,False,False,True,False,False,False,False,False,False,False
溫室效應,un-sik hāu-ìng,un-sek hāu-èng,12,False,True,True,True,False,False,False,False,False,False
法式輾球,huat-sik liàn-kiû,hoat-sek liàn-kiû,12,False,False,True,False,False,False,False,False,False,False
法國長麭,huat-kok tn̂g-pháng,hoat-kok tn̂g-pháng,12,False,False,True,False,False,False,False,False,False,False
油水平衡,iû-tsuí pîng-hîng,iû-chúi pêng-hêng,12,False,False,True,False,False,False,False,False,False,False
油廠國小,iû-tshiúnn kok-sió,iû-chhiúⁿ kok-sió,12,False,True,False,False,False,False,False,False,False,False
步銃射擊,pōo-tshìng siā-kik,pō͘-chhèng siā-kek,12,False,False,True,False,False,False,False,False,False,False
武藝運動,bú-gē ūn-tōng,bú-gē ūn-tōng,12,False,False,True,False,False,False,False,False,False,False
殕色地帶,phú-sik tuē-tài,phú-sek tōe-tài,12,False,False,True,False,False,False,False,False,False,False
殕色地帶,phú-sik tē-tài,phú-sek tē-tài,12,False,False,True,False,False,False,False,False,False,False
毛管空粗,mn̂g-kńg-khang tshoo,mn̂g-kńg-khang chho͘,12,False,False,True,False,False,False,False,False,False,False
氣墊粉餅,khì-tiām hún-piánn,khì-tiām hún-piáⁿ,12,False,False,True,False,False,False,False,False,False,False
水上比賽,tsuí-siōng pí-sài,chúi-siōng pí-sài,12,False,False,True,False,False,False,False,False,False,False
水上活動,tsuí-siōng ua̍h-tāng,chúi-siōng oa̍h-tāng,12,False,False,True,False,False,False,False,False,True,False
水上活動,tsuí-siōng ua̍h-tōng,chúi-siōng oa̍h-tōng,12,False,False,True,False,False,False,False,False,True,False
水上芭蕾,tsuí-siōng pa-lé,chúi-siōng pa-lé,12,False,False,True,False,False,False,False,False,False,False
水上警察,tsuí-siōng kíng-tshat,chúi-siōng kéng-chhat,12,False,False,True,False,False,False,True,False,False,False
水上運動,tsuí-siōng ūn-tōng,chúi-siōng ūn-tōng,12,False,False,True,False,False,False,False,False,False,False
永安市場,íng-an tshī-tiûnn,éng-an chhī-tiûⁿ,12,False,True,False,False,False,False,False,False,False,False
沖泡飲品,tshiong-phàu ím-phín,chhiong-phàu ím-phín,12,False,False,True,False,False,False,False,False,False,False
沙埔排球,sua-poo pâi-kiû,soa-po͘ pâi-kiû,12,False,False,True,False,False,False,False,False,True,False
溫室氣體,un-sik khì-thé,un-sek khì-thé,12,False,False,True,False,False,False,False,False,True,False
滑輪搝落,ku̍t-lián giú-lo̍h,ku̍t-lián giú-lo̍h,12,False,False,True,False,False,False,False,False,False,False
滑輪搝落,ku̍t-lián khiú-lo̍h,ku̍t-lián khiú-lo̍h,12,False,False,True,False,False,False,False,False,False,False
無線耳機,bô-suànn hī-ki,bô-sòaⁿ hī-ki,12,False,False,True,False,False,False,False,False,False,False
無線齒盤,bô-suànn khí-puânn,bô-sòaⁿ khí-pôaⁿ,12,False,False,True,False,False,False,False,False,False,False
無話通講,bô uē thang kóng,bô ōe thang kóng,12,False,True,False,False,False,False,False,False,False,False
熟似人客,si̍k-sāi lâng-kheh,se̍k-sāi lâng-kheh,12,False,False,True,False,False,False,False,False,False,False
熱壓俗麭,jia̍t-ap sio̍k-pháng,jia̍t-ap sio̍k-pháng,12,False,False,True,False,False,False,False,False,False,False
熱壓俗麭,lia̍t-ap sio̍k-pháng,lia̍t-ap sio̍k-pháng,12,False,False,True,False,False,False,False,False,False,False
燒幾粒仔,sio kuí lia̍p-á,sio kúi lia̍p-á,12,False,False,True,False,False,False,False,False,False,False
營養午餐,îng-ióng ngóo-tshan,êng-ióng ngó͘-chhan,12,False,False,True,True,False,False,False,False,False,False
牛牢捕手,gû-tiâu póo-tshiú,gû-tiâu pó͘-chhiú,12,False,False,True,False,False,False,False,False,False,False
牛牢教練,gû-tiâu kàu-liān,gû-tiâu kàu-liān,12,False,False,True,False,False,False,False,False,False,False
牛頭馬面,gû-thâu bé-bīn,gû-thâu bé-bīn,12,False,True,False,False,False,False,False,False,False,False
特效化妝,ti̍k-hāu huà-tsong,te̍k-hāu hòa-chong,12,False,False,True,False,False,False,False,False,False,False
犧牲飛球,hi-sing hui-kiû,hi-seng hui-kiû,12,False,False,True,False,False,False,False,False,False,False
玉城丹尼,gio̍k-siânn tan-lî,gio̍k-siâⁿ tan-lî,12,False,False,True,False,False,False,False,False,False,False
玉城丹尼,gio̍k-siânn tan-nî,gio̍k-siâⁿ tan-nî,12,False,False,True,False,False,False,False,False,False,False
王梨蝦球,ông-lâi hê-kiû,ông-lâi hê-kiû,12,False,False,True,False,False,False,False,False,False,False
無線耳機,bô-suànn hīnn-ki,bô-sòaⁿ hīⁿ-ki,12,False,False,True,False,False,False,False,False,False,False
無線滑鼠,bô-suànn ku̍t-tshú,bô-sòaⁿ ku̍t-chhú,12,False,False,True,False,False,False,False,False,False,False
滑鼠停留,ku̍t-tshí thîng-liû,ku̍t-chhí thêng-liû,12,False,False,True,False,False,False,False,False,False,False
無線滑鼠,bô-suànn ku̍t-tshí,bô-sòaⁿ ku̍t-chhí,12,False,False,True,False,False,False,False,False,False,False
滑鼠停留,ku̍t-tshú thîng-liû,ku̍t-chhú thêng-liû,12,False,False,True,False,False,False,False,False,False,False
漆釉的筆,tshat-iu ê pit,chhat-iu ê pit,12,False,False,False,False,False,False,False,True,False,False
潛艇割包,tsiâm-thíng kuah-pau,chiâm-théng koah-pau,12,False,False,True,False,False,False,False,False,False,False
澎湖菜瓜,phênn-ôo tshài-kue,phêⁿ-ô͘ chhài-koe,12,False,True,False,False,False,False,False,False,False,False
澎湖菜瓜,phînn-ôo tshài-kue,phîⁿ-ô͘ chhài-koe,12,False,True,False,False,False,False,False,False,False,False
濃縮咖啡,lông-sok ka-pi,lông-sok ka-pi,12,False,False,True,True,False,False,False,False,False,False
濱海沙崙,pin-hái sua-lūn,pin-hái soa-lūn,12,False,True,False,False,False,False,False,False,False,False
濱海義山,pin-hái gī-san,pin-hái gī-san,12,False,True,False,False,False,False,False,False,False,False
濾掛咖啡,lī-kuà ka-pi,lī-kòa ka-pi,12,False,False,True,False,False,False,False,False,False,False
濾掛咖啡,lū-kuà ka-pi,lū-kòa ka-pi,12,False,False,True,False,False,False,False,False,False,False
烏青凝血,oo-tshenn gîng-hueh,o͘-chheⁿ gêng-hoeh,12,False,True,False,False,False,False,False,False,False,False
烏青凝血,oo-tshinn gîng-huih,o͘-chhiⁿ gêng-huih,12,False,True,False,False,False,False,False,False,False,False
烏頭粉刺,oo-thâu hún-tshì,o͘-thâu hún-chhì,12,False,False,True,False,False,False,False,False,False,False
無到一半,bô kàu tsi̍t-puànn,bô kàu chi̍t-pòaⁿ,12,False,True,False,False,False,False,False,False,False,False
無痕模式,bô-hûn bôo-sik,bô-hûn bô͘-sek,12,False,False,True,False,False,False,False,False,False,False
臺北車站,tâi-pak tshia-tsām,tâi-pak chhia-chām,12,False,True,False,False,False,False,False,False,False,False
走直的,tsáu ti̍t--ê,cháu ti̍t--ê,12,False,False,True,False,False,False,False,False,False,False
臺大醫院,tâi-tāi pīnn-īnn,tâi-tāi pīⁿ-īⁿ,12,False,True,False,False,False,False,False,False,False,False
防呆機制,hông-tai ki-tsè,hông-tai ki-chè,12,False,False,True,False,False,False,False,False,False,False
附加功能,hù-ka kong-lîng,hù-ka kong-lêng,12,False,False,True,False,False,False,False,False,False,False
附加功能,hū-ka kong-lîng,hū-ka kong-lêng,12,False,False,True,False,False,False,False,False,False,False
隨溶咖啡,suî-iûnn ka-pi,sûi-iûⁿ ka-pi,12,False,False,True,False,False,False,False,False,False,False
隱形目鏡,ún-hîng ba̍k-kiànn,ún-hêng ba̍k-kiàⁿ,12,False,False,True,True,False,False,False,False,False,False
隱形缺氧,ún-hîng khuat-ióng,ún-hêng khoat-ióng,12,False,False,True,False,False,False,False,False,False,False
雙殺機會,siang-sat ki-huē,siang-sat ki-hōe,12,False,False,True,False,False,False,False,False,False,False
雲端硬碟,hûn-tuan ngē-tia̍p,hûn-toan ngē-tia̍p,12,False,False,True,False,False,False,False,False,False,False
雲端硬碟,hûn-tuan ngī-tia̍p,hûn-toan ngī-tia̍p,12,False,False,True,False,False,False,False,False,False,False
電子支付,tiān-tsú tsi-hù,tiān-chú chi-hù,12,False,False,True,False,False,False,False,False,True,False
露式相偃,lōo-sik sio-ián,lō͘-sek sio-ián,12,False,False,True,False,False,False,False,False,False,False
靜態伸輪,tsīng-thài tshun-lûn,chēng-thài chhun-lûn,12,False,False,True,False,False,False,False,False,False,False
韻律體操,ūn-lu̍t thé-tshau,ūn-lu̍t thé-chhau,12,False,False,True,False,False,False,False,False,False,False
頂目睫毛,tíng ba̍k-tsiah-mn̂g,téng ba̍k-chiah-mn̂g,12,False,False,True,False,False,False,False,False,False,False
頂目睫毛,tíng ba̍k-tsiap-mn̂g,téng ba̍k-chiap-mn̂g,12,False,False,True,False,False,False,False,False,False,False
預備裁判,ī-pī tshâi-phuànn,ī-pī chhâi-phòaⁿ,12,False,False,True,False,False,False,False,False,False,False
防曝係數,hông-pha̍k hē-sòo,hông-pha̍k hē-sò͘,12,False,False,True,False,False,False,False,False,False,False
關門投手,kuinn-mn̂g tâu-tshiú,kuiⁿ-mn̂g tâu-chhiú,12,False,False,True,False,False,False,False,False,False,False
預備選手,ī-pī suán-tshiú,ī-pī soán-chhiú,12,False,False,True,False,False,False,False,False,False,False
關門投手,kuainn-mn̂g tâu-tshiú,koaiⁿ-mn̂g tâu-chhiú,12,False,False,True,False,False,False,False,False,False,False
酒精棉片,tsiú-tsing mî-phìnn,chiú-cheng mî-phìⁿ,12,False,False,True,False,False,False,False,False,False,False
重量訓練,tāng-liōng hùn-liān,tāng-liōng hùn-liān,12,False,False,True,False,False,False,False,False,False,False
野手教練,iá-tshiú kàu-liān,iá-chhiú kàu-liān,12,False,False,True,False,False,False,False,False,False,False
野手選擇,iá-tshiú suán-ti̍k,iá-chhiú soán-te̍k,12,False,False,True,False,False,False,False,False,False,False
金璇王梨,kim-suān ông-lâi,kim-soān ông-lâi,12,False,False,True,False,False,False,False,False,False,False
銃子篋仔,tshìng-tsí kheh-á,chhèng-chí kheh-á,12,False,False,True,False,False,False,False,False,False,False
鋸齒打線,kì-khí tánn-suànn,kì-khí táⁿ-sòaⁿ,12,False,False,True,False,False,False,False,False,False,False
鋸齒打線,kù-khí tánn-suànn,kù-khí táⁿ-sòaⁿ,12,False,False,True,False,False,False,False,False,False,False
鐵人三項,thih-lâng sann-hāng,thih-lâng saⁿ-hāng,12,False,False,True,False,False,False,False,False,True,False
長庚醫院,tiông-kenn pēnn-īnn,tiông-keⁿ pēⁿ-īⁿ,12,False,True,False,False,False,False,False,False,False,False
長庚醫院,tiông-kinn pīnn-īnn,tiông-kiⁿ pīⁿ-īⁿ,12,False,True,False,False,False,False,False,False,False,False
長榮大學,tióng-îng tāi-ha̍k,tióng-êng tāi-ha̍k,12,False,True,False,True,False,False,False,False,False,False
開場投手,khui-tiûnn tâu-tshiú,khui-tiûⁿ tâu-chhiú,12,False,False,True,False,False,False,False,False,False,False
開路先鋒,khai-lōo sian-hong,khai-lō͘ sian-hong,12,False,False,True,False,False,False,True,False,False,False
閬歇時間,làng-hioh sî-kan,làng-hioh sî-kan,12,False,False,True,False,False,False,False,False,False,False
預備裁判,ū-pī tshâi-phuànn,ū-pī chhâi-phòaⁿ,12,False,False,True,False,False,False,False,False,False,False
預備選手,ū-pī suán-tshiú,ū-pī soán-chhiú,12,False,False,True,False,False,False,False,False,False,False
違規投球,uî-kui tâu-kiû,ûi-kui tâu-kiû,12,False,False,True,False,False,False,False,False,False,False
高雄高工,ko-hiông ko-kang,ko-hiông ko-kang,12,False,True,False,False,False,False,False,False,False,False
鬥目睫毛,tàu ba̍k-tsiap-mn̂g,tàu ba̍k-chiap-mn̂g,12,False,False,True,False,False,False,False,False,False,False
鳳山國中,hōng-suann kok-tiong,hōng-soaⁿ kok-tiong,12,False,True,False,False,False,False,False,False,False,False
麻姑獻壽,mâ-koo hiàn-siū,mâ-ko͘ hiàn-siū,12,False,False,False,False,False,False,False,True,False,False
黃金獵狗,n̂g-kim la̍h-káu,n̂g-kim la̍h-káu,12,False,False,True,False,False,False,False,False,False,False
鼓井水雞,kóo-tsénn tsuí-ke,kó͘-chéⁿ chúi-ke,12,False,True,False,True,False,False,False,False,False,False
鼓井水雞,kóo-tsínn tsuí-kue,kó͘-chíⁿ chúi-koe,12,False,True,False,False,False,False,False,False,False,False
鼻仔真稜,phīnn-á tsin lîng,phīⁿ-á chin lêng,12,False,False,True,False,False,False,False,False,False,False
鼻蹤獵狗,phīnn-tsong la̍h-káu,phīⁿ-chong la̍h-káu,12,False,False,True,False,False,False,False,False,False,False
龍獅運動,liông-sai ūn-tōng,liông-sai ūn-tōng,12,False,False,True,False,False,False,False,False,False,False
龍獅運動,lîng-sai ūn-tōng,lêng-sai ūn-tōng,12,False,False,True,False,False,False,False,False,False,False
龍華國小,liông-huâ kok-sió,liông-hôa kok-sió,12,False,True,False,False,False,False,False,False,False,False
龍骨歪斜,liông-kut uai-tshua̍h,liông-kut oai-chhoa̍h,12,False,False,True,False,False,False,False,False,False,False
龍骨歪斜,lîng-kut uai-tshua̍h,lêng-kut oai-chhoa̍h,12,False,False,True,False,False,False,False,False,False,False
𨑨迌囡仔,thit-thô gín-á,thit-thô gín-á,12,False,True,False,False,False,False,False,False,False,False
正子選單,tsiànn-lí suán-tuann,chiàⁿ-lí soán-toaⁿ,12,False,False,True,False,False,False,False,False,False,False
鬥目睫毛,tàu ba̍k-tsiah-mn̂g,tàu ba̍k-chiah-mn̂g,12,False,False,True,False,False,False,False,False,False,False
高雄車站,ko-hiông tshia-tsām,ko-hiông chhia-chām,12,False,True,False,False,False,False,False,False,False,False
頭毛試火,thâu-mn̂g tshì hué,thâu-mn̂g chhì hóe,12,False,True,True,False,False,False,False,False,False,False
高長大漢,ko-tshiâng tuā-hàn,ko-chhiâng tōa-hàn,12,False,True,False,True,False,False,False,False,False,False
頭毛試火,thâu-mn̂g tshì hé,thâu-mn̂g chhì hé,12,False,True,True,False,False,False,False,False,False,False
頭部趨壘,thâu-pōo tshu-luí,thâu-pō͘ chhu-lúi,12,False,False,True,False,False,False,False,False,False,False
飛球投手,hui-kiû tâu-tshiú,hui-kiû tâu-chhiú,12,False,False,True,False,False,False,False,False,False,False
飛靶射擊,hui-pé siā-kik,hui-pé siā-kek,12,False,False,True,False,False,False,False,False,False,False
食食纖維,tsia̍h-si̍t tshiam-uî,chia̍h-si̍t chhiam-ûi,12,False,False,True,False,False,False,False,False,False,False
飽和脂肪,pá-hô tsi-hong,pá-hô chi-hong,12,False,False,True,False,False,False,False,False,True,False
首席教練,siú-sik kàu-liān,siú-sek kàu-liān,12,False,False,True,False,False,False,False,False,False,False
馬場馬術,bé-tiûnn bé-su̍t,bé-tiûⁿ bé-su̍t,12,False,False,True,False,False,False,False,False,False,False
駁二大義,pok-jī tāi-gī,pok-jī tāi-gī,12,False,True,False,False,False,False,False,False,False,False
駁二蓬萊,pok-jī hông-lâi,pok-jī hông-lâi,12,False,True,False,False,False,False,False,False,False,False
體育大學,thé-io̍k tāi-ha̍k,thé-io̍k tāi-ha̍k,12,False,True,False,False,False,False,False,False,False,False
體能教練,thé-lîng kàu-liān,thé-lêng kàu-liān,12,False,False,True,False,False,False,False,False,False,False
體脂肪率,thé tsi-hong-lu̍t,thé chi-hong-lu̍t,12,False,False,True,False,False,False,False,False,False,False
高壓投法,ko-ap tâu-huat,ko-ap tâu-hoat,12,False,False,True,False,False,False,False,False,False,False
高長四壯,ko-tshiâng sì-tsàng,ko-chhiâng sì-chàng,12,False,True,False,False,False,False,False,False,False,False
都會公園,too-huē kong-hn̂g,to͘-hōe kong-hn̂g,12,False,True,False,False,False,False,False,False,False,False
運動舞蹈,ūn-tōng bú-tō,ūn-tōng bú-tō,12,False,False,True,False,False,False,False,False,False,False
臺灣松梧,tâi-uân siông-ngôo,tâi-oân siông-ngô͘,12,False,False,False,False,False,False,False,True,False,False
藍牙耳機,nâ-gê hī-ki,nâ-gê hī-ki,12,False,False,True,False,False,False,False,False,False,False
蘆薈凝膠,lôo-huē gîng-ka,lô͘-hōe gêng-ka,12,False,False,True,False,False,False,False,False,False,False
蘆薈凝膠,lôo-hē gîng-ka,lô͘-hē gêng-ka,12,False,False,True,False,False,False,False,False,False,False
虛擬貨幣,hi-gí huè-pè,hi-gí hòe-pè,12,False,False,True,False,False,False,False,False,False,False
虛擬貨幣,hi-gí hè-pè,hi-gí hè-pè,12,False,False,True,False,False,False,False,False,False,False
螢幕鎖定,îng-bōo só-tīng,êng-bō͘ só-tēng,12,False,False,True,False,False,False,False,False,False,False
螭虎屈篆,tshi-hóo khut-tuān,chhi-hó͘ khut-toān,12,False,False,False,False,False,False,False,True,False,False
行動數據,hîng-tōng sòo-kì,hêng-tōng sò͘-kì,12,False,False,True,False,False,False,False,False,False,False
行動數據,hîng-tōng sòo-kù,hêng-tōng sò͘-kù,12,False,False,True,False,False,False,False,False,False,False
行動條碼,hîng-tōng tiâu-bé,hêng-tōng tiâu-bé,12,False,False,True,False,False,False,False,False,False,False
街式趨枋,ke-sik tshu-pang,ke-sek chhu-pang,12,False,False,True,False,False,False,False,False,False,False
表情符號,piáu-tsîng hû-hō,piáu-chêng hû-hō,12,False,False,True,True,False,False,False,False,False,False
被全壘打,pī tsuân-luí-tánn,pī choân-lúi-táⁿ,12,False,False,True,False,False,False,False,False,False,False
被打擊率,pī tánn-kik-lu̍t,pī táⁿ-kek-lu̍t,12,False,False,True,False,False,False,False,False,False,False
製造得分,tsè-tsō tit-hun,chè-chō tit-hun,12,False,False,True,False,False,False,False,False,False,False
西洋燜飯,se-iûnn būn-pn̄g,se-iûⁿ būn-pn̄g,12,False,False,True,False,False,False,False,False,False,False
藍牙耳機,nâ-gê hīnn-ki,nâ-gê hīⁿ-ki,12,False,False,True,False,False,False,False,False,False,False
藍光光碟,nâ-kng kong-tia̍p,nâ-kng kong-tia̍p,12,False,False,True,False,False,False,False,False,False,False
諾羅病毒,lo̍k-lô pēnn-to̍k,lo̍k-lô pēⁿ-to̍k,12,False,False,True,False,False,False,False,False,False,False
藍光光碟,nâ-kng kng-tia̍p,nâ-kng kng-tia̍p,12,False,False,True,False,False,False,False,False,False,False
臺電大樓,tâi-tiān tuā-lâu,tâi-tiān tōa-lâu,12,False,True,False,False,False,False,False,False,False,False
花式溜冰,hua-sik liu-ping,hoa-sek liu-peng,12,False,False,True,False,False,False,False,False,False,False
花式趨冰,hua-sik tshu-ping,hoa-sek chhu-peng,12,False,False,True,False,False,False,False,False,False,False
若有若無,ná ū ná bô,ná ū ná bô,12,False,True,False,False,False,False,False,False,False,False
英雄聯盟,ing-hiông liân-bîng,eng-hiông liân-bêng,12,False,False,True,True,False,False,False,False,False,False
范謝將軍,huān siā tsiong-kun,hoān siā chiong-kun,12,False,True,False,False,False,False,False,False,False,False
草山行館,tsháu-suann hîng-kuán,chháu-soaⁿ hêng-koán,12,False,True,False,False,False,False,False,False,False,False
萬能選手,bān-lîng suán-tshiú,bān-lêng soán-chhiú,12,False,False,True,False,False,False,False,False,False,False
萬芳社區,bān-hong siā-khu,bān-hong siā-khu,12,False,True,False,False,False,False,False,False,False,False
萬芳醫院,bān-hong pēnn-īnn,bān-hong pēⁿ-īⁿ,12,False,True,False,False,False,False,False,False,False,False
萬芳醫院,bān-hong pīnn-īnn,bān-hong pīⁿ-īⁿ,12,False,True,False,False,False,False,False,False,False,False
著寒熱仔,tio̍h kuânn-jia̍t-á,tio̍h kôaⁿ-jia̍t-á,12,False,True,False,False,False,False,False,False,False,False
著寒熱仔,tio̍h kuânn-lia̍t-á,tio̍h kôaⁿ-lia̍t-á,12,False,True,False,False,False,True,False,False,False,False
蓄能設施,thiok-lîng siat-si,thiok-lêng siat-si,12,False,False,True,False,False,False,False,False,False,False
蓄電設施,thiok-tiān siat-si,thiok-tiān siat-si,12,False,False,True,False,False,False,False,False,False,False
觸控螢幕,tshiok-khòng îng-bōo,chhiok-khòng êng-bō͘,12,False,False,True,False,False,False,False,False,False,False
諾羅病毒,lo̍k-lô pīnn-to̍k,lo̍k-lô pīⁿ-to̍k,12,False,False,True,False,False,False,False,False,False,False
運動攀登,ūn-tōng phan-ting,ūn-tōng phan-teng,12,False,False,True,False,False,False,False,False,False,False
身軀乳液,sin-khu jú-i̍k,sin-khu jú-e̍k,12,False,False,True,False,False,False,False,False,False,False
身體重塑,sin-thé tîng-sok,sin-thé têng-sok,12,False,False,True,False,False,False,False,False,False,False
軟式網球,nńg-sik bāng-kiû,nńg-sek bāng-kiû,12,False,False,True,False,False,False,False,False,False,False
軟體園區,nńg-thé hn̂g-khu,nńg-thé hn̂g-khu,12,False,True,False,False,False,False,False,False,False,False
較無一半,khah bô tsi̍t-puànn,khah bô chi̍t-pòaⁿ,12,False,True,False,False,False,False,False,False,False,False
較無一半,khah bôr tsi̍t-puànn,khah bôr chi̍t-pòaⁿ,12,False,True,False,False,False,False,False,False,False,False
輕艇掣流,khin-thíng tshuah-lâu,khin-théng chhoah-lâu,12,False,False,True,False,False,False,False,False,False,False
輕艇水球,khin-thíng tsuí-kiû,khin-théng chúi-kiû,12,False,False,True,False,False,False,False,False,False,False
輕艇競速,khin-thíng kīng-sok,khin-théng kēng-sok,12,False,False,True,False,False,False,False,False,False,False
輕軌機廠,khin-thih ki-tshiúnn,khin-thih ki-chhiúⁿ,12,False,True,False,False,False,False,False,False,False,False
輻射冷卻,hok-siā líng-khiok,hok-siā léng-khiok,12,False,False,True,False,False,False,False,False,False,False
農場主管,lông-tiûnn tsú-kuán,lông-tiûⁿ chú-koán,12,False,False,True,False,False,False,False,False,False,False
透視畫法,thàu-sī uē-huat,thàu-sī ōe-hoat,12,False,False,True,False,False,False,False,False,False,False
透視畫法,thàu-sī uī-huat,thàu-sī ūi-hoat,12,False,False,True,False,False,False,False,False,False,False
通貨膨脹,thong-huè phòng-tiòng,thong-hòe phòng-tiòng,12,False,False,True,True,False,False,False,False,True,False
連座硬身,liân-tsō ngē-sin,liân-chō ngē-sin,12,False,False,False,False,False,False,False,True,False,False
身軀乳液,sin-khu lú-i̍k,sin-khu lú-e̍k,12,False,False,True,False,False,False,False,False,False,False
跳板跳水,thiàu-pán thiáu-tsuí,thiàu-pán thiáu-chúi,12,False,False,True,False,False,False,False,False,False,False
講嘐潲話,kóng hau-siâu-uē,kóng hau-siâu-ōe,12,False,True,False,False,False,False,False,False,False,False
跳台跳水,thiàu-tâi thiàu-tsuí,thiàu-tâi thiàu-chúi,12,False,False,True,False,False,False,False,False,False,False
講大聲話,kóng tuā-siann-uē,kóng tōa-siaⁿ-ōe,12,False,True,False,False,False,False,False,False,False,False
豐樂公園,hong-lo̍k kong-hn̂g,hong-lo̍k kong-hn̂g,12,False,True,False,False,False,False,False,False,False,False
豪雨特報,hô-ú ti̍k-pò,hô-ú te̍k-pò,12,False,False,True,False,False,False,False,False,False,False
資料鋏仔,tsu-liāu giap-á,chu-liāu giap-á,12,False,False,True,False,False,False,False,False,False,False
走壘教練,tsáu-luí kàu-liān,cháu-lúi kàu-liān,12,False,False,True,False,False,False,False,False,False,False
走橫的,tsáu huâinn--ê,cháu hoâiⁿ--ê,12,False,False,True,False,False,False,False,False,False,False
超級雷暴,tshiau-kip luî-pō,chhiau-kip lûi-pō,12,False,False,True,False,False,False,False,False,False,False
越南松梧,ua̍t-lâm siông-ngôo,oa̍t-lâm siông-ngô͘,12,False,False,False,False,False,False,False,True,False,False
越野趨雪,ua̍t-iá tshu-seh,oa̍t-iá chhu-seh,12,False,False,True,False,False,False,False,False,False,False
趨輪趨冰,tshu-lián tshu-ping,chhu-lián chhu-peng,12,False,False,True,False,False,False,False,False,False,False
趨輪運動,tshu-lián ūn-tōng,chhu-lián ūn-tōng,12,False,False,True,False,False,False,False,False,False,False
跑打戰術,pháu-tánn tsiàn-su̍t,pháu-táⁿ chiàn-su̍t,12,False,False,True,False,False,False,False,False,False,False
跔厝經濟,ku-tshù king-tsè,ku-chhù keng-chè,12,False,False,True,False,False,False,False,False,False,False
跤手慢鈍,kha-tshiú bān-tūn,kha-chhiú bān-tūn,12,False,True,False,False,False,False,False,False,False,False
跤手扭掠,kha-tshiú liú-lia̍h,kha-chhiú liú-lia̍h,12,False,True,False,False,False,False,False,False,False,False
正身護龍,tsiànn-sin hōo-lîng,chiàⁿ-sin hō͘-lêng,12,False,True,False,False,False,False,False,False,True,False
反式脂肪,huán-sik tsi-hong,hoán-sek chi-hong,12,False,False,True,False,False,False,False,False,True,False
正子選單,tsiànn-jí suán-tuann,chiàⁿ-jí soán-toaⁿ,12,False,False,True,False,False,False,False,False,False,False
匿蹤戰機,li̍k-tsong tsiàn-ki,le̍k-chong chiàn-ki,12,False,False,True,False,False,False,False,False,False,False
加密貨幣,ka-bi̍t hè-pè,ka-bi̍t hè-pè,12,True,False,True,False,False,False,False,False,False,False
加護病房,ka-hōo pēnn-pâng,ka-hō͘ pēⁿ-pâng,12,False,True,False,True,False,False,False,False,False,False
加護病房,ka-hōo pīnn-pâng,ka-hō͘ pīⁿ-pâng,12,False,True,False,False,False,False,False,False,False,False
動態伸輪,tōng-thài tshun-lûn,tōng-thài chhun-lûn,12,False,False,True,False,False,False,False,False,False,False
勗勉典禮,hiok-bián tián-lé,hiok-bián tián-lé,12,False,False,True,False,False,False,False,False,False,False
勝利投手,sìng-lī tâu-tshiú,sèng-lī tâu-chhiú,12,False,False,True,False,False,False,False,False,False,False
北屯總站,pak-tūn tsóng-tsām,pak-tūn chóng-chām,12,False,True,False,False,False,False,False,False,False,False
十二生相,tsa̍p-jī senn-siùnn,cha̍p-jī seⁿ-siùⁿ,12,False,True,False,False,False,False,False,False,False,False
字距微調,jī-kī bî-tiâu,jī-kī bî-tiâu,12,False,False,True,False,False,False,False,False,False,False
十二生相,tsa̍p-lī sinn-siùnn,cha̍p-lī siⁿ-siùⁿ,12,False,True,False,False,False,False,False,False,False,False
南京三民,lâm-kiann sam-bîn,lâm-kiaⁿ sam-bîn,12,False,True,False,True,False,False,False,False,False,False
南京復興,lâm-kiann ho̍k-hing,lâm-kiaⁿ ho̍k-heng,12,False,True,False,True,False,False,False,False,False,False
印度烘餅,ìn-tōo hang-piánn,ìn-tō͘ hang-piáⁿ,12,False,False,True,False,False,False,False,False,False,False
厚肉植物,kāu-bah si̍t-bu̍t,kāu-bah si̍t-bu̍t,12,False,False,True,False,False,False,False,False,False,False
厝邊隔壁,tshù-pinn keh-piah,chhù-piⁿ keh-piah,12,False,True,False,False,False,False,False,False,False,False
反常投球,huán-siông tâu-kiû,hoán-siông tâu-kiû,12,False,False,True,False,False,False,False,False,False,False
加密貨幣,ka-bi̍t huè-pè,ka-bi̍t hòe-pè,12,True,False,True,False,False,False,False,False,False,False
前鎮高中,tsiân-tìn ko-tiong,chiân-tìn ko-tiong,12,False,True,False,False,False,False,False,False,False,False
前鎮之星,tsiân-tìn tsi tshenn,chiân-tìn chi chheⁿ,12,False,True,False,False,False,False,False,False,False,False
前瞻計畫,tsiân-tsiam kè-uē,chiân-chiam kè-ōe,12,False,False,True,True,False,False,False,False,False,False
內容農場,luē-iông lông-tiûnn,lōe-iông lông-tiûⁿ,12,False,False,True,False,False,False,False,False,False,False
內線跑道,lāi-suànn pháu-tō,lāi-sòaⁿ pháu-tō,12,False,False,True,False,False,False,False,False,False,False
兩線速球,nn̄g-suànn sok-kiû,nn̄g-sòaⁿ sok-kiû,12,False,False,True,False,False,False,False,False,False,False
共伴效應,kiōng-phuān hāu-ìng,kiōng-phoān hāu-èng,12,False,False,True,False,False,False,False,False,False,False
共融公園,kiōng-iông kong-hn̂g,kiōng-iông kong-hn̂g,12,False,False,True,False,False,False,False,False,False,False
再見保送,tsài-kiàn pó-sàng,chài-kiàn pó-sàng,12,False,False,True,False,False,False,False,False,False,False
再見安打,tsài-kiàn an-tánn,chài-kiàn an-táⁿ,12,False,False,True,False,False,False,False,False,False,False
冬季兩項,tang-kuì nn̄g-hāng,tang-kùi nn̄g-hāng,12,False,False,True,False,False,False,False,False,False,False
凱旋中華,khái-suân tiong-huâ,khái-soân tiong-hôa,12,False,True,False,False,False,False,False,False,False,False
凱旋二聖,khái-suân jī-sìng,khái-soân jī-sèng,12,False,True,False,False,False,False,False,False,False,False
凱旋公園,khái-suân kong-hn̂g,khái-soân kong-hn̂g,12,False,True,False,False,False,False,False,False,False,False
凱旋武昌,khái-suân bú-tshiong,khái-soân bú-chhiong,12,False,True,False,False,False,False,False,False,False,False
凱旋瑞田,khái-suân suī-tiân,khái-soân sūi-tiân,12,False,True,False,False,False,False,False,False,False,False
刁工漏球,thiau-kang lāu-kiû,thiau-kang lāu-kiû,12,False,False,True,False,False,False,False,False,False,False
刁工落球,thiau-kang lak-kiû,thiau-kang lak-kiû,12,False,False,True,False,False,False,False,False,False,False
取消復原,tshú-siau ho̍k-guân,chhú-siau ho̍k-goân,12,False,False,True,False,False,False,False,False,False,False
口服藥物,kháu-ho̍k io̍h-bu̍t,kháu-ho̍k io̍h-bu̍t,12,False,False,True,False,False,False,False,False,False,False
吸油面紙,khip-iû bīn-tsuá,khip-iû bīn-chóa,12,False,False,True,False,False,False,False,False,False,False
外籍球員,guā-tsi̍k kiû-uân,gōa-che̍k kiû-oân,12,True,False,True,False,False,False,False,False,False,False
大厝護龍,tuā-tshù hōo-lîng,tōa-chhù hō͘-lêng,12,False,True,False,False,False,False,False,False,False,False
大年大節,tuā-nî tuā-tseh,tōa-nî tōa-cheh,12,False,True,False,False,False,False,False,False,False,False
大年大節,tuā-nî tuā-tsueh,tōa-nî tōa-choeh,12,False,True,False,False,False,False,True,False,False,False
大湖公園,tuā-ôo kong-hn̂g,tōa-ô͘ kong-hn̂g,12,False,True,False,False,False,False,False,False,False,False
大爺二爺,tuā-iâ jī-iâ,tōa-iâ jī-iâ,12,False,True,False,True,False,False,False,False,False,False
大雨特報,tuā-ú ti̍k-pò,tōa-ú te̍k-pò,12,False,False,True,False,False,False,False,False,False,False
大順民族,tāi-sūn bîn-tso̍k,tāi-sūn bîn-cho̍k,12,False,True,False,False,False,False,False,False,False,False
天光之暝,thinn kng tsi mê,thiⁿ kng chi mê,12,False,False,True,False,False,False,False,False,False,False
天光之暝,thinn kng tsi mî,thiⁿ kng chi mî,12,False,False,True,False,False,False,False,False,False,False
太陽能枋,thài-iông-lîng pang,thài-iông-lêng pang,12,False,False,True,False,False,False,False,False,True,False
妨礙走壘,hông-gāi tsáu-luí,hông-gāi cháu-lúi,12,False,False,True,False,False,False,False,False,False,False
媽祖生日,má-tsóo senn-ji̍t,má-chó͘ seⁿ-ji̍t,12,False,True,False,False,False,False,False,False,False,False
媽祖生日,má-tsóo sinn-li̍t,má-chó͘ siⁿ-li̍t,12,False,True,False,False,False,False,False,False,False,False
嫁查某囝,kè tsa-bóo-kiánn,kè cha-bó͘-kiáⁿ,12,False,True,False,False,False,False,False,False,False,False
字元距離,jī-guân kī-lī,jī-goân kī-lī,12,False,False,True,False,False,False,False,False,False,False
外線跑道,guā-suànn pháu-tō,gōa-sòaⁿ pháu-tō,12,True,False,True,False,False,False,False,False,False,False
外籍勞工,guā-tsi̍k lô-kang,gōa-che̍k lô-kang,12,True,False,True,False,False,False,False,False,False,False
咖啡濾紙,ka-pi lī-tsuá,ka-pi lī-chóa,12,False,False,True,False,False,False,False,False,False,False
外掛程式,guā-kuà tîng-sik,gōa-kòa têng-sek,12,True,False,True,False,False,False,False,False,False,False
咖啡濾紙,ka-pi lū-tsuá,ka-pi lū-chóa,12,False,False,True,False,False,False,False,False,False,False
喙䫌胭脂,tshuì-phué ian-tsi,chhùi-phóe ian-chi,12,False,False,True,False,False,False,False,False,False,False
單指曲球,tan-tsáinn khiau-kiû,tan-cháiⁿ khiau-kiû,12,False,False,True,False,False,False,False,False,False,False
器官衰竭,khì-kuan sue-kia̍t,khì-koan soe-kia̍t,12,False,False,True,False,False,False,False,False,False,False
四維國小,sù-uî kok-sió,sù-ûi kok-sió,12,False,True,False,False,False,False,False,False,False,False
四線速球,sì-suànn sok-kiû,sì-sòaⁿ sok-kiû,12,False,False,True,False,False,False,False,False,False,False
四耳提壺,sì-hīnn thê-ôo,sì-hīⁿ thê-ô͘,12,False,False,False,False,False,False,False,True,False,False
地板動作,tuē-pán tōng-tsok,tōe-pán tōng-chok,12,False,False,True,False,False,False,False,False,False,False
地板動作,tē-pán tōng-tsok,tē-pán tōng-chok,12,False,False,True,False,False,False,False,False,False,False
坉海造地,thūn-hái tsō-tuē,thūn-hái chō-tōe,12,False,False,True,False,False,False,False,False,False,False
坉海造地,thūn-hái tsō-tē,thūn-hái chō-tē,12,False,False,True,False,False,False,False,False,False,False
基因改造,ki-in kái-tsò,ki-in kái-chò,12,False,False,True,False,False,False,False,False,False,False
壽字燭台,siū-jī tsik-tâi,siū-jī chek-tâi,12,False,False,False,False,False,False,False,True,False,False
壽山公園,siū-suann kong-hn̂g,siū-soaⁿ kong-hn̂g,12,False,True,False,False,False,False,False,False,False,False
外掛程式,guā-kuà thîng-sik,gōa-kòa thêng-sek,12,True,False,True,False,False,False,False,False,False,False
光榮碼頭,kong-îng bé-thâu,kong-êng bé-thâu,12,False,True,False,False,False,False,False,False,False,False
先發輪值,sian-huat lûn-ti̍t,sian-hoat lûn-ti̍t,12,False,False,True,False,False,False,False,False,False,False
先發球員,sian-huat kiû-uân,sian-hoat kiû-oân,12,False,False,True,False,False,False,False,False,False,False
下目睫毛,ē ba̍k-tsiah-mn̂g,ē ba̍k-chiah-mn̂g,12,False,False,True,False,False,False,False,False,False,False
中國割包,tiong-kok kuah-pau,tiong-kok koah-pau,12,False,False,True,False,False,False,False,False,False,False
中場歇睏,tiông-tiûnn hioh-khùn,tiông-tiûⁿ hioh-khùn,12,False,False,True,False,False,False,False,False,False,False
中央公園,tiong-iong kong-hn̂g,tiong-iong kong-hn̂g,12,False,True,False,False,False,False,False,False,False,False
中央山脈,tiong-iang suann-me̍h,tiong-iang soaⁿ-me̍h,12,False,True,False,False,False,True,False,False,True,False
中央山脈,tiong-iong suann-me̍h,tiong-iong soaⁿ-me̍h,12,False,True,False,False,False,False,False,False,True,False
中山國中,tiong-san kok-tiong,tiong-san kok-tiong,12,False,True,False,False,False,False,False,False,False,False
中山國小,tiong-san kok-sió,tiong-san kok-sió,12,False,True,False,False,False,False,False,False,False,False
中心打者,tiong-sim tánn-tsiá,tiong-sim táⁿ-chiá,12,False,False,True,False,False,False,False,False,False,False
中繼成功,tiong-kè sîng-kong,tiong-kè sêng-kong,12,False,False,True,False,False,False,False,False,False,False
中繼投手,tiong-kè tâu-tshiú,tiong-kè tâu-chhiú,12,False,False,True,False,False,False,False,False,False,False
串仔卵餅,tshǹg-á nn̄g-piánn,chhǹg-á nn̄g-piáⁿ,12,False,False,True,False,False,False,False,False,False,False
串流媒體,tshuàn-liû muî-thé,chhoàn-liû mûi-thé,12,False,False,True,False,False,False,False,False,False,False
九一連線,kiú-it liân-suànn,kiú-it liân-sòaⁿ,12,False,False,True,False,False,False,False,False,False,False
乳突病毒,jú-tu̍t pēnn-to̍k,jú-tu̍t pēⁿ-to̍k,12,False,False,True,False,False,False,False,False,False,False
乳突病毒,lú-tu̍t pīnn-to̍k,lú-tu̍t pīⁿ-to̍k,12,False,False,True,False,False,False,False,False,False,False
下目睫毛,ē ba̍k-tsiap-mn̂g,ē ba̍k-chiap-mn̂g,12,False,False,True,False,False,False,False,False,False,False
上壘次數,tsiūnn-luí tshù-sòo,chiūⁿ-lúi chhù-sò͘,12,False,False,True,False,False,False,False,False,False,False
予球擉著,hōo kiû tia̍k-tio̍h,hō͘ kiû tia̍k-tio̍h,12,False,False,True,False,False,False,False,False,False,False
三項全能,sann-hāng tsuân-lîng,saⁿ-hāng choân-lêng,12,False,False,True,False,False,False,False,False,False,False
一壘安打,it-luí an-tánn,it-lúi an-táⁿ,12,False,False,True,False,False,False,False,False,False,False
一壘教練,it-luí kàu-liān,it-lúi kàu-liān,12,False,False,True,False,False,False,False,False,False,False
一百空一,tsi̍t-pah khòng-it,chi̍t-pah khòng-it,12,False,True,False,False,False,False,False,False,False,False
一線速球,tsi̍t-suànn sok-kiû,chi̍t-sòaⁿ sok-kiû,12,False,False,True,False,False,False,False,False,False,False
七戰四勝,tshit-tsiàn sì-sìng,chhit-chiàn sì-sèng,12,False,False,True,False,False,False,False,False,False,False
七爺八爺,tshit-iâ peh-iâ,chhit-iâ peh-iâ,12,False,True,False,True,False,False,False,False,False,False
七爺八爺,tshit-iâ pueh-iâ,chhit-iâ poeh-iâ,12,False,True,False,False,False,False,True,False,False,False
三上三落,sann-tsiūnn sann-lo̍h,saⁿ-chiūⁿ saⁿ-lo̍h,12,False,False,True,False,False,False,False,False,False,False
三和國中,sam-hô kok-tiong,sam-hô kok-tiong,12,False,True,False,False,False,False,False,False,False,False
三壘安打,sann-luí an-tánn,saⁿ-lúi an-táⁿ,12,False,False,True,False,False,False,False,False,False,False
三壘教練,sann-luí kàu-liān,saⁿ-lúi kàu-liān,12,False,False,True,False,False,False,False,False,False,False
三多商圈,sam-to siong-khuan,sam-to siong-khoan,12,False,True,False,False,False,False,False,False,False,False
三民高中,sam-bîn ko-tiong,sam-bîn ko-tiong,12,False,True,False,False,False,False,False,False,False,False
三線選單,sann-suànn suán-tuann,saⁿ-sòaⁿ soán-toaⁿ,12,False,False,True,False,False,False,False,False,False,False
三重國小,sam-tiông kok-sió,sam-tiông kok-sió,12,False,True,False,False,False,False,False,False,False,False
乾漆茶盤,kan-tshat tê-puânn,kan-chhat tê-pôaⁿ,12,False,False,False,False,False,False,False,True,False,False
予醫生看,hōo i-sing khuànn,hō͘ i-seng khòaⁿ,12,False,True,False,False,False,False,False,False,False,False
先發投手,sian-huat tâu-tshiú,sian-hoat tâu-chhiú,12,False,False,True,False,False,False,False,False,False,False
佈局投手,pòo-kio̍k tâu-tshiú,pò͘-kio̍k tâu-chhiú,12,False,False,True,False,False,False,False,False,False,False
促請裁決,tshiok-tshiánn tshâi-kuat,chhiok-chhiáⁿ chhâi-koat,12,False,False,True,False,False,False,False,False,False,False
保溼噴霧,pó-sip phùn-bū,pó-sip phùn-bū,12,False,False,True,False,False,False,False,False,False,False
信義國小,sìn-gī kok-sió,sìn-gī kok-sió,12,False,True,False,False,False,False,False,False,False,False
信義安和,sìn-gī an-hô,sìn-gī an-hô,12,False,True,False,False,False,False,False,False,False,False
修容粉餅,siu-iông hún-piánn,siu-iông hún-piáⁿ,12,False,False,True,False,False,False,False,False,False,False
個資漏洩,kò-tsu lāu-sia̍p,kò-chu lāu-sia̍p,12,False,False,True,False,False,False,False,False,False,False
倒踏蓮花,tò-ta̍h liân-hue,tò-ta̍h liân-hoe,12,False,True,False,False,False,False,False,False,False,False
偏好設定,phian-hònn siat-tīng,phian-hòⁿ siat-tēng,12,False,False,True,False,False,False,False,False,False,False
偵查氣球,tsing-tsa khì-kiû,cheng-cha khì-kiû,12,False,False,True,False,False,False,False,False,False,False
傳藝中心,thuân-gē tiong-sim,thoân-gē tiong-sim,12,False,True,False,False,False,False,False,False,False,False
傳說對決,thuân-suat tuì-kuat,thoân-soat tùi-koat,12,False,False,True,True,False,False,False,False,False,False
儉儉仔用,khiām-khiām-á īng,khiām-khiām-á ēng,12,False,True,False,False,False,False,False,False,False,False
優質先發,iu-tsit sian-huat,iu-chit sian-hoat,12,False,False,True,False,False,False,False,False,False,False
儲存容量,tû-tsûn iông-liōng,tû-chûn iông-liōng,12,False,False,True,False,False,False,False,False,False,False
儲存空間,tû-tsûn khong-kan,tû-chûn khong-kan,12,False,False,True,False,False,False,False,False,False,False
低醣飲食,kē-thn̂g ím-si̍t,kē-thn̂g ím-si̍t,12,False,False,True,False,False,False,False,False,False,False
伸勼工時,tshun-kiu kang-sî,chhun-kiu kang-sî,12,True,False,True,False,False,False,False,False,False,False
二壘安打,jī-luí an-tánn,jī-lúi an-táⁿ,12,False,False,True,False,False,False,False,False,False,False
代訓球員,tāi-hùn kiû-uân,tāi-hùn kiû-oân,12,False,False,True,False,False,False,False,False,False,False
五戰三勝,gōo-tsiàn sann-sìng,gō͘-chiàn saⁿ-sèng,12,False,False,True,False,False,False,False,False,False,False
五權國小,ngóo-khuân kok-sió,ngó͘-khoân kok-sió,12,False,True,False,False,False,False,False,False,False,False
井底鮕鮘,tsénn-té koo-tai,chéⁿ-té ko͘-tai,12,False,True,False,True,False,False,False,False,False,False
井底鮕鮘,tsínn-tué koo-tai,chíⁿ-tóe ko͘-tai,12,False,True,False,False,False,False,False,False,False,False
亞東醫院,a-tang pēnn-īnn,a-tang pēⁿ-īⁿ,12,False,True,False,False,False,False,False,False,False,False
亞東醫院,a-tang pīnn-īnn,a-tang pīⁿ-īⁿ,12,False,True,False,False,False,False,False,False,False,False
人字拖仔,jîn-jī thua-á,jîn-jī thoa-á,12,False,False,True,False,False,False,False,False,False,False
人字拖仔,lîn-lī thua-á,lîn-lī thoa-á,12,False,False,True,False,False,False,False,False,False,False
人字淺拖,jîn-jī tshián-thua,jîn-jī chhián-thoa,12,False,False,True,False,False,False,False,False,False,False
人字淺拖,lîn-lī tshián-thua,lîn-lī chhián-thoa,12,False,False,True,False,False,False,False,False,False,False
人工智慧,jîn-kang tì-huī,jîn-kang tì-hūi,12,False,False,True,True,False,False,False,False,False,False
人本設計,jîn-pún siat-kè,jîn-pún siat-kè,12,False,False,True,False,False,False,False,False,False,False
人本設計,lîn-pún siat-kè,lîn-pún siat-kè,12,False,False,True,False,False,False,False,False,False,False
人蛇集團,lâng-tsuâ tsi̍p-thuân,lâng-chôa chi̍p-thoân,12,False,False,True,False,False,False,False,False,False,False
人面辨識,lâng-bīn piān-sik,lâng-bīn piān-sek,12,False,False,True,False,False,False,False,False,False,False
歕雞胿仔,pûn kue-kui-á,pûn koe-kui-á,12,False,True,False,False,False,False,False,False,False,False
字元距離,lī-guân kū-lī,lī-goân kū-lī,12,False,False,True,False,False,False,False,False,False,False
守備教練,siú-pī kàu-liān,siú-pī kàu-liān,12,False,False,True,False,False,False,False,False,False,False
散工換蹛,suánn-kang uānn-tuà,sóaⁿ-kang ōaⁿ-tòa,12,False,False,True,False,False,False,False,False,False,False
文字樣式,bûn-jī iūnn-sik,bûn-jī iūⁿ-sek,12,False,False,True,False,False,False,False,False,False,False
文字樣式,bûn-lī iūnn-sik,bûn-lī iūⁿ-sek,12,False,False,True,False,False,False,False,False,False,False
文字游標,bûn-jī iû-piau,bûn-jī iû-piau,12,False,False,True,False,False,False,False,False,False,False
文字游標,bûn-lī iû-phiau,bûn-lī iû-phiau,12,False,False,True,False,False,False,False,False,False,False
文心中清,bûn-sim tiong-tshing,bûn-sim tiong-chheng,12,False,True,False,False,False,False,False,False,False,False
文心崇德,bûn-sim tsông-tik,bûn-sim chông-tek,12,False,True,False,False,False,False,False,False,False,False
文心櫻花,bûn-sim ing-hue,bûn-sim eng-hoe,12,False,True,False,False,False,False,False,False,False,False
文武聖殿,bûn-bú sìng-tiān,bûn-bú sèng-tiān,12,False,True,False,False,False,False,False,False,False,False
文華高中,bûn-huâ ko-tiong,bûn-hôa ko-tiong,12,False,True,False,True,False,False,False,False,False,False
斑腿青虳,pan-thuí tshenn-ioh,pan-thúi chheⁿ-ioh,12,False,False,True,False,False,False,False,False,False,False
新上國小,sin-siōng kok-sió,sin-siōng kok-sió,12,False,True,False,False,False,False,False,False,False,False
新和國小,sin-hô kok-sió,sin-hô kok-sió,12,False,True,False,False,False,False,False,False,False,False
新埔民生,sin-poo bîn-sing,sin-po͘ bîn-seng,12,False,True,False,False,False,False,False,False,False,False
斷籬倒壁,tn̄g-lî tó-piah,tn̄g-lî tó-piah,12,False,False,True,False,False,False,False,False,False,False
旅運中心,lí-ūn tiong-sim,lí-ūn tiong-sim,12,False,True,False,False,False,False,False,False,False,False
文化中心,bûn-huà tiong-sim,bûn-hòa tiong-sim,12,False,True,False,False,False,False,False,False,False,False
救援機會,kiù-uān ki-huē,kiù-oān ki-hōe,12,False,False,True,False,False,False,False,False,False,False
易科罰金,i̍k-kho hua̍t-kim,e̍k-kho hoa̍t-kim,12,False,False,True,False,False,False,False,False,False,False
救援投手,kiù-uān tâu-tshiú,kiù-oān tâu-chhiú,12,False,False,True,False,False,False,False,False,False,False
接載袂牢,tsih-tsài buē tiâu,chih-chài bōe tiâu,12,False,True,False,False,False,False,False,False,False,False
接載袂牢,tsih-tsài bē tiâu,chih-chài bē tiâu,12,False,True,False,True,False,False,False,False,False,False
掩身戰機,iám-sin tsiàn-ki,iám-sin chiàn-ki,12,False,False,True,False,False,False,False,False,False,False
摩卡咖啡,môo-khah ka-pi,mô͘-khah ka-pi,12,False,False,True,False,False,False,False,False,False,False
擴充功能,khok-tshiong kong-lîng,khok-chhiong kong-lêng,12,False,False,True,False,False,False,False,False,False,False
收烏西錢,siu oo-se-tsînn,siu o͘-se-chîⁿ,12,False,False,True,False,False,False,False,False,False,False
攻守陣容,kong-siú tīn-iông,kong-siú tīn-iông,12,False,False,True,False,False,False,False,False,False,False
攻擊指數,kong-kik tsí-sòo,kong-kek chí-sò͘,12,False,False,True,False,False,False,False,False,False,False
政治分贓,tsìng-tī pun-tsng,chèng-tī pun-chng,12,False,False,True,False,False,False,False,False,False,False
故意保送,kòo-ì pó-sàng,kò͘-ì pó-sàng,12,False,False,True,False,False,False,False,False,False,False
故意四䆀,kòo-ì sì-bái,kò͘-ì sì-bái,12,False,False,True,False,False,False,False,False,False,False
故意漏球,kòo-ì lāu-kiû,kò͘-ì lāu-kiû,12,False,False,True,False,False,False,False,False,False,False
故意落球,kòo-ì lak-kiû,kò͘-ì lak-kiû,12,False,False,True,False,False,False,False,False,False,False
救援失敗,kiù-uān sit-pāi,kiù-oān sit-pāi,12,False,False,True,False,False,False,False,False,False,False
救援成功,kiù-uān sîng-kong,kiù-oān sêng-kong,12,False,False,True,False,False,False,False,False,False,False
明呼明唱,bîng-hoo bîng-tshiàng,bêng-ho͘ bêng-chhiàng,12,False,True,False,True,False,False,False,False,False,False
晏起來,uànn khí--lâi,òaⁿ khí--lâi,12,False,True,False,False,False,True,False,False,False,False
安全上壘,an-tsuân tsiūnn luí,an-choân chiūⁿ lúi,12,False,False,True,False,False,False,False,False,False,False
框線粗幼,khing-suànn tshoo-iù,kheng-sòaⁿ chho͘-iù,12,False,False,True,False,False,False,False,False,False,False
桌頂遊戲,toh-tíng iû-hì,toh-téng iû-hì,12,False,False,True,False,False,False,False,False,False,False
極限運動,ki̍k-hān ūn-tōng,ke̍k-hān ūn-tōng,12,False,False,True,False,False,False,False,False,False,False
槓桿原理,kǹg-kuáinn guân-lí,kǹg-koáiⁿ goân-lí,12,False,False,True,False,False,False,False,False,True,False
標靶藥物,piau-pé io̍h-bu̍t,piau-pé io̍h-bu̍t,12,False,False,True,False,False,False,False,False,False,False
樹德家商,tshiū-tik ka-siong,chhiū-tek ka-siong,12,False,True,False,False,False,False,False,False,False,False
橋頭糖廠,kiô-thâu thn̂g-tshiúnn,kiô-thâu thn̂g-chhiúⁿ,12,False,True,False,False,False,False,False,False,False,False
機場旅館,ki-tiûnn lí-kuán,ki-tiûⁿ lí-koán,12,False,True,False,False,False,False,False,False,False,False
機械手骨,ki-hāi tshiú-kut,ki-hāi chhiú-kut,12,False,False,True,False,False,False,False,False,False,False
檔案總管,tòng-àn tsóng-kuán,tòng-àn chóng-koán,12,False,False,True,False,False,False,False,False,False,False
檔案總管,tóng-àn tsóng-kuán,tóng-àn chóng-koán,12,False,False,True,False,False,False,False,False,False,False
檸檬咖啡,lê-bóng ka-pi,lê-bóng ka-pi,12,False,False,True,False,False,False,False,False,False,False
檸檬紅茶,lê-bóng âng-tê,lê-bóng âng-tê,12,False,False,True,True,False,False,False,False,False,False
欲暗矣,beh àm--ah,beh àm--ah,12,False,True,False,False,False,False,False,False,False,False
歕雞胿仔,pûn ke-kui-á,pûn ke-kui-á,12,False,True,False,True,False,False,False,False,False,False
歕雞胿仔,pûn kere-kui-á,pûn kere-kui-á,12,False,True,False,False,False,False,False,False,False,False
桌面背景,toh-bīn puē-kíng,toh-bīn pōe-kéng,12,False,False,True,False,False,False,False,False,False,False
核酸檢測,hi̍k-sng kiám-tshik,he̍k-sng kiám-chhek,12,False,False,True,False,False,False,False,False,False,False
景文科大,kíng-bûn kho-tāi,kéng-bûn kho-tāi,12,False,True,False,False,False,False,False,False,False,False
核心肌群,hi̍k-sim ki-kûn,he̍k-sim ki-kûn,12,False,False,True,False,False,False,False,False,False,False
智力運動,tì-li̍k ūn-tōng,tì-le̍k ūn-tōng,12,False,False,True,False,False,False,False,False,False,False
最佳紀錄,tsuè-ka kì-lio̍k,chòe-ka kì-lio̍k,12,False,False,True,False,False,False,False,False,False,False
最佳紀錄,tsuè-ka kì-lo̍k,chòe-ka kì-lo̍k,12,False,False,True,False,False,False,False,False,False,False
有一个款,ū tsi̍t ê khuán,ū chi̍t ê khoán,12,False,True,False,False,False,False,False,False,False,False
有史以來,iú-sú í-lâi,iú-sú í-lâi,12,False,True,False,False,False,False,False,False,False,False
有氧運動,iú-ióng ūn-tōng,iú-ióng ūn-tōng,12,False,False,True,False,False,False,False,False,True,False
有氧體操,iú-ióng thé-tshau,iú-ióng thé-chhau,12,False,False,True,False,False,False,False,False,False,False
望蓋仔蔥,bāng kài á tshang,bāng kài á chhang,12,False,True,False,False,False,False,False,False,False,False
本壘相挵,pún-luí sio-lòng,pún-lúi sio-lòng,12,False,False,True,False,False,False,False,False,False,False
松山機場,siông-san ki-tiûnn,siông-san ki-tiûⁿ,12,False,True,False,False,False,True,False,False,False,False
松江南京,siông-kang lâm-kiann,siông-kang lâm-kiaⁿ,12,False,True,False,True,False,False,False,False,False,False
林榮新光,lîm-îng sin-kong,lîm-êng sin-kong,12,False,True,False,False,False,False,False,False,False,False
查埔囡仔,ta-poo gín-á,ta-po͘ gín-á,12,False,True,False,False,False,False,False,False,False,False
查埔囡仔,tsa-poo gín-á,cha-po͘ gín-á,12,False,True,False,True,False,False,False,False,False,False
查某囡仔,tsa-bóo gín-á,cha-bó͘ gín-á,12,False,True,False,True,False,False,False,False,False,False
接目睫毛,tsiap ba̍k-tsiap-mn̂g,chiap ba̍k-chiap-mn̂g,12,False,False,True,False,False,False,False,False,False,False
接目睫毛,tsiap ba̍k-tsiah-mn̂g,chiap ba̍k-chiah-mn̂g,12,False,False,True,False,False,False,False,False,False,False
接力走標,tsiap-li̍k tsáu-pio,chiap-le̍k cháu-pio,12,False,False,True,False,False,False,False,False,False,False
年尾囡仔,nî-bué gín-á,nî-bóe gín-á,12,False,True,False,False,False,False,False,False,False,False
延延投球,iân-tshiân tâu-kiû,iân-chhiân tâu-kiû,12,False,False,True,False,False,False,False,False,False,False
強欲絕種,kiông-beh tse̍h-tsíng,kiông-beh che̍h-chéng,12,False,False,True,False,False,False,False,False,False,False
強欲絕種,kiông-beh tsua̍t-tsíng,kiông-beh choa̍t-chéng,12,False,False,True,False,False,False,False,False,False,False
強迫取分,kiông-pik tshú-hun,kiông-pek chhú-hun,12,False,False,True,False,False,False,False,False,False,False
強迫進壘,kiông-pik tsìn-luí,kiông-pek chìn-lúi,12,False,False,True,False,False,False,False,False,False,False
後備選手,āu-pī suán-tshiú,āu-pī soán-chhiú,12,False,False,True,False,False,False,False,False,False,False
後援出賽,āu-uān tshut-sài,āu-oān chhut-sài,12,False,False,True,False,False,False,False,False,False,False
後援投手,āu-uān tâu-tshiú,āu-oān tâu-chhiú,12,False,False,True,False,False,False,False,False,False,False
後設資料,āu-siat tsu-liāu,āu-siat chu-liāu,12,False,False,True,False,False,False,False,False,False,False
徐匯中學,tshî-huē tiong-ha̍k,chhî-hōe tiong-ha̍k,12,False,True,False,False,False,False,False,False,False,False
得分位置,tit-hun uī-tì,tit-hun ūi-tì,12,False,False,True,False,False,False,False,False,False,False
復健教練,ho̍k-kiān kàu-liān,ho̍k-kiān kàu-liān,12,False,False,True,False,False,False,False,False,False,False
微微仔笑,bî-bî-á tshiò,bî-bî-á chhiò,12,False,True,False,False,False,False,False,False,False,False
德國煙腸,tik-kok ian-tshiâng,tek-kok ian-chhiâng,12,False,False,True,False,False,False,False,False,False,False
心肌梗塞,sim-ki kīng-sik,sim-ki kēng-sek,12,False,False,True,False,False,False,False,False,False,False
年尾囡仔,nî-bé gín-á,nî-bé gín-á,12,False,True,False,False,False,False,False,False,False,False
平埔族群,pînn-poo tso̍k-kûn,pîⁿ-po͘ cho̍k-kûn,12,False,True,False,False,False,False,False,False,False,False
掛耳咖啡,kuà-hīnn ka-pi,kòa-hīⁿ ka-pi,12,False,False,True,False,False,False,False,False,False,False
平埔族群,pênn-poo tso̍k-kûn,pêⁿ-po͘ cho̍k-kûn,12,False,True,False,False,False,False,False,False,False,False
安全人員,an-tsuân jîn-uân,an-choân jîn-oân,12,False,False,True,False,False,False,False,False,False,False
完全停止,uân-tsuân thîng-tsí,oân-choân thêng-chí,12,False,False,True,False,False,False,False,False,False,False
完全打擊,uân-tsuân tánn-kik,oân-choân táⁿ-kek,12,False,False,True,False,False,False,False,False,False,False
完全比賽,uân-tsuân pí-sài,oân-choân pí-sài,12,False,False,True,False,False,False,False,False,False,False
定向越野,tīng-hiòng ua̍t-iá,tēng-hiòng oa̍t-iá,12,False,False,True,False,False,False,False,False,False,False
定向運動,tīng-hiòng ūn-tōng,tēng-hiòng ūn-tōng,12,False,False,True,False,False,False,False,False,False,False
定妝噴霧,tīng-tsong phùn-bū,tēng-chong phùn-bū,12,False,False,True,False,False,False,False,False,False,False
家扶中心,ka-hû tiong-sim,ka-hû tiong-sim,12,False,True,False,False,False,False,False,False,True,False
寄養家庭,kià-ióng ka-tîng,kià-ióng ka-têng,12,False,False,True,False,False,False,False,False,False,False
對拍一支,tuì-phah tsi̍t-ki,tùi-phah chi̍t-ki,12,False,False,True,False,False,False,False,False,False,False
屏風神椅,pîn-hong sîn-í,pîn-hong sîn-í,12,False,False,False,False,False,False,False,True,False,False
山頂山跤,suann-tíng suann-kha,soaⁿ-téng soaⁿ-kha,12,False,False,True,False,False,False,False,False,False,False
岡山車站,kong-san tshia-tsām,kong-san chhia-chām,12,False,True,False,False,False,False,False,False,False,False
岡山高醫,kong-san ko-i,kong-san ko-i,12,False,True,False,False,False,False,False,False,False,False
巡弋飛彈,sûn-ik hui-tuânn,sûn-ek hui-tôaⁿ,12,False,False,True,False,False,False,False,False,False,False
心肌梗窒,sim-ki kénn-that,sim-ki kéⁿ-that,12,False,False,True,False,False,False,False,False,False,False
心肌梗窒,sim-ki kínn-that,sim-ki kíⁿ-that,12,False,False,True,False,False,False,False,False,False,False
忠孝復興,tiong-hàu ho̍k-hing,tiong-hàu ho̍k-heng,12,False,True,False,False,False,False,False,False,False,False
忠孝敦化,tiong-hàu tun-huà,tiong-hàu tun-hòa,12,False,True,False,False,False,False,False,False,False,False
投補配搭,tâu-póo phuè-tah,tâu-pó͘ phòe-tah,12,False,False,True,False,False,False,False,False,False,False
抗力作用,khòng-li̍k tsok-iōng,khòng-le̍k chok-iōng,12,False,False,True,False,False,False,False,False,False,False
拍光粉餅,phah-kng hún-piánn,phah-kng hún-piáⁿ,12,False,False,True,False,False,False,False,False,False,False
拍死人雨,phah-sí-lâng hōo,phah-sí-lâng hō͘,12,False,True,False,False,False,False,False,False,False,False
拗式手機,áu-sik tshiú-ki,áu-sek chhiú-ki,12,False,False,True,False,False,False,False,False,False,False
拿鐵咖啡,la-thé ka-pi,la-thé ka-pi,12,False,False,True,False,False,False,False,False,False,False
指定讓渡,tsí-tīng jiōng-tōo,chí-tēng jiōng-tō͘,12,False,False,True,False,False,False,False,False,False,False
指定讓渡,tsí-tīng liōng-tōo,chí-tēng liōng-tō͘,12,False,False,True,False,False,False,False,False,False,False
指紋解鎖,tsí-bûn kái-só,chí-bûn kái-só,12,False,False,True,False,False,False,False,False,False,False
指腹為婚,tsí pak uî hun,chí pak ûi hun,12,False,True,False,False,False,False,True,False,False,False
挲圓捏扁,so-înn tēnn-pínn,so-îⁿ tēⁿ-píⁿ,12,False,True,False,False,False,False,False,False,False,False
捕手妨礙,póo-tshiú hông-gāi,pó͘-chhiú hông-gāi,12,False,False,True,False,False,False,False,False,False,False
捕手教練,póo-tshiú kàu-liān,pó͘-chhiú kàu-liān,12,False,False,True,False,False,False,False,False,False,False
授權鎖匙,siū-khuân só-sî,siū-khoân só-sî,12,False,False,True,False,False,False,False,False,False,False
掛耳咖啡,kuà-hī ka-pi,kòa-hī ka-pi,12,False,False,True,False,False,False,False,False,False,False
投球局數,tâu-kiû kio̍k-sòo,tâu-kiû kio̍k-sò͘,12,False,False,True,False,False,False,False,False,False,False
投捕教練,tâu-póo kàu-liān,tâu-pó͘ kàu-liān,12,False,False,True,False,False,False,False,False,False,False
投手犯規,tâu-tshiú huān-kui,tâu-chhiú hoān-kui,12,False,False,True,False,False,False,False,False,False,False
愛河之心,ài-hô tsi sim,ài-hô chi sim,12,False,True,False,False,False,False,False,False,False,False
忠孝新生,tiong-hàu sin-sing,tiong-hàu sin-seng,12,False,True,False,False,False,False,False,False,False,False
快樂棒球,khuài-lo̍k pāng-kiû,khoài-lo̍k pāng-kiû,12,False,False,True,False,False,False,False,False,False,False
快樂野球,khuài-lo̍k iá-kiû,khoài-lo̍k iá-kiû,12,False,False,True,False,False,False,False,False,False,False
情緒叨撚,tsîng-sū lo-lián,chêng-sū lo-lián,12,False,False,True,False,False,False,False,False,False,False
惜花連盆,sioh hue liân phûn,sioh hoe liân phûn,12,False,True,False,True,False,False,False,False,False,False
惡人無膽,ok-lâng bô-tánn,ok-lâng bô-táⁿ,12,False,True,False,False,False,True,False,False,False,False
投手教練,tâu-tshiú kàu-liān,tâu-chhiú kàu-liān,12,False,False,True,False,False,False,False,False,False,False
惡性腫瘤,ok-sìng tsíng-liû,ok-sèng chéng-liû,12,False,False,True,False,False,False,False,False,False,False
應用程式,ìng-iōng thîng-sik,èng-iōng thêng-sek,12,False,False,True,False,False,False,False,False,False,False
應用程式,ìng-iōng tîng-sik,èng-iōng têng-sek,12,False,False,True,False,False,False,False,False,False,False
打擊教練,tánn-kik kàu-liān,táⁿ-kek kàu-liān,12,False,False,True,False,False,False,False,False,False,False
打擊順序,tánn-kik sūn-sī,táⁿ-kek sūn-sī,12,False,False,True,False,False,False,False,False,False,False
打擊順序,tánn-kik sūn-sū,táⁿ-kek sūn-sū,12,False,False,True,False,False,False,False,False,False,False
打跑戰術,tánn-pháu tsiàn-su̍t,táⁿ-pháu chiàn-su̍t,12,False,False,True,False,False,False,False,False,False,False
技術委員,ki-su̍t uí-uân,ki-su̍t úi-oân,12,False,False,True,False,False,False,False,False,False,False
九月重陽,káu--ge̍h tiông-iông,káu--ge̍h tiông-iông,10,False,True,False,False,False,False,False,False,False,False
九月重陽,káu--gue̍h tiông-iông,káu--goe̍h tiông-iông,10,False,True,False,False,False,False,False,False,False,False
鄭氏家廟,tēnn--sī ka-biō,tēⁿ--sī ka-biō,10,False,True,False,False,False,False,False,False,False,False
