tl,hanzi,frequency,poj,tl_num,poj_num,tl_notone,poj_notone
tê,茶,3426,tê,te5,te5,te,te
liân,蓮,999,liân,lian5,lian5,lian,lian
kiunn,薑,400,kiuⁿ,kiunn1,kiunn1,kiunn,kiunn
tîn,藤,350,tîn,tin5,tin5,tin,tin
tōo,杜,300,tō͘,too7,too7,too,too
sam,杉,200,sam,sam1,sam1,sam,sam
tsang,棕,200,chang,tsang1,chang1,tsang,chang
tsiunn,樟,200,chiuⁿ,tsiunn1,chiunn1,tsiunn,chiunn
tshat,漆,150,chhat,tshat1,chhat1,tshat,chhat
tshîng,松,100,chhêng,tshing5,chheng5,tshing,chheng
tshîng,榕,100,chhêng,tshing5,chheng5,tshing,chheng
phuē,稗,100,phōe,phue7,phoe7,phue,phoe
kiô,茄,100,kiô,kio5,kio5,kio,kio
hiānn,艾,50,hiāⁿ,hiann7,hiann7,hiann,hiann
hò,荷,50,hò,ho3,ho3,ho,ho
sann-khak,三麴,25,saⁿ-khak,sann1khak1,sann1khak1,sannkhak,sannkhak
khu-phiô,丘萍,25,khu-phiô,khu1phio5,khu1phio5,khuphio,khuphio
tiong-iū,中柚,25,tiong-iū,tiong1iu7,tiong1iu7,tiongiu,tiongiu
káu-tsô,九槽,25,káu-chô,kau2tso5,kau2cho5,kautso,kaucho
kiú-kiong,九芎,25,kiú-kiong,kiu2kiong1,kiu2kiong1,kiukiong,kiukiong
lin-tsháu,乳草,25,lin-chháu,lin1tshau2,lin1chhau2,lintshau,linchhau
lin-tîn,乳藤,25,lin-tîn,lin1tin5,lin1tin5,lintin,lintin
kan-kuah,乾葛,25,kan-koah,kan1kuah1,kan1koah1,kankuah,kankoah
a-sam,亞杉,25,a-sam,a1sam1,a1sam1,asam,asam
jîn-kí,仁𣏌,25,jîn-kí,jin5ki2,jin5ki2,jinki,jinki
sian-tan,仙丹,25,sian-tan,sian1tan1,sian1tan1,siantan,siantan
sian-tsháu,仙草,25,sian-chháu,sian1tshau2,sian1chhau2,siantshau,sianchhau
hu̍t-siú,佛手,25,hu̍t-siú,hut8siu2,hut8siu2,hutsiu,hutsiu
tshik-peh,側柏,25,chhek-peh,tshik1peh1,chhek1peh1,tshikpeh,chhekpeh
pueh-kak,八角,25,poeh-kak,pueh1kak1,poeh1kak1,puehkak,poehkak
phànn-khīng,冇柏,25,phàⁿ-khēng,phann3khing7,phann3kheng7,phannkhing,phannkheng
phànn-kuì,冇桂,25,phàⁿ-kùi,phann3kui3,phann3kui3,phannkui,phannkui
phànn-tsiunn,冇樟,25,phàⁿ-chiuⁿ,phann3tsiunn1,phann3chiunn1,phanntsiunn,phannchiunn
tshì-á,刺仔,25,chhì-á,tshi3a2,chhi3a2,tshia,chhia
tshì-keh,刺格,25,chhì-keh,tshi3keh1,chhi3keh1,tshikeh,chhikeh
tshì-tông,刺桐,25,chhì-tông,tshi3tong5,chhi3tong5,tshitong,chhitong
tshì-lâm,刺楠,25,chhì-lâm,tshi3lam5,chhi3lam5,tshilam,chhilam
tshì-tik,刺竹,25,chhì-tek,tshi3tik1,chhi3tek1,tshitik,chhitek
tshì-kiô,刺茄,25,chhì-kiô,tshi3kio5,chhi3kio5,tshikio,chhikio
tshì-tsháu,刺草,25,chhì-chháu,tshi3tshau2,chhi3chhau2,tshitshau,chhichhau
tshì-hīng,刺莧,25,chhì-hēng,tshi3hing7,chhi3heng7,tshihing,chhiheng
tshì-tshang,刺葱,25,chhì-chhang,tshi3tshang1,chhi3chhang1,tshitshang,chhichhang
tshì-soo,刺蒐,25,chhì-so͘,tshi3soo1,chhi3soo1,tshisoo,chhisoo
pû-á,匏仔,25,pû-á,pu5a2,pu5a2,pua,pua
pak-tsio,北蕉,25,pak-chio,pak1tsio1,pak1chio1,paktsio,pakchio
puàn-hā,半夏,25,poàn-hā,puan3ha7,poan3ha7,puanha,poanha
kńg-peh,卷柏,25,kńg-peh,kng2peh1,kng2peh1,kngpeh,kngpeh
kāu-khak,厚殼,25,kāu-khak,kau7khak1,kau7khak1,kaukhak,kaukhak
hâm-siàu,含笑,25,hâm-siàu,ham5siau3,ham5siau3,hamsiau,hamsiau
siong-lio̍k,商陸,25,siong-lio̍k,siong1liok8,siong1liok8,siongliok,siongliok
siān-po̍k,善薄,25,siān-po̍k,sian7pok8,sian7pok8,sianpok,sianpok
tshuì-tsháu,嘴草,25,chhùi-chháu,tshui3tshau2,chhui3chhau2,tshuitshau,chhuichhau
phùn-seh,噴雪,25,phùn-seh,phun3seh1,phun3seh1,phunseh,phunseh
thóo-sam,土杉,25,thó͘-sam,thoo2sam1,thoo2sam1,thoosam,thoosam
thóo-lâm,土楠,25,thó͘-lâm,thoo2lam5,thoo2lam5,thoolam,thoolam
thóo-tsiunn,土樟,25,thó͘-chiuⁿ,thoo2tsiunn1,thoo2chiunn1,thootsiunn,thoochiunn
thóo-hun,土烟,25,thó͘-hun,thoo2hun1,thoo2hun1,thoohun,thoohun
thóo-hun,土煙,25,thó͘-hun,thoo2hun1,thoo2hun1,thoohun,thoohun
thóo-ho̍k,土茯,25,thó͘-ho̍k,thoo2hok8,thoo2hok8,thoohok,thoohok
thôo-tāu,土豆,25,thô͘-tāu,thoo5tau7,thoo5tau7,thootau,thootau
thôo-hiunn,土香,25,thô͘-hiuⁿ,thoo5hiunn1,thoo5hiunn1,thoohiunn,thoohiunn
tē-ting,地丁,25,tē-teng,te7ting1,te7teng1,teting,teteng
suî-liú,垂柳,25,sûi-liú,sui5liu2,sui5liu2,suiliu,suiliu
poo-kiunn,埔姜,25,po͘-kiuⁿ,poo1kiunn1,poo1kiunn1,pookiunn,pookiunn
poo-lûn,埔崙,25,po͘-lûn,poo1lun5,poo1lun5,poolun,poolun
poo-tiū,埔稻,25,po͘-tiū,poo1tiu7,poo1tiu7,pootiu,pootiu
poo-iâm,埔鹽,25,po͘-iâm,poo1iam5,poo1iam5,pooiam,pooiam
hē-bê,夏粥,25,hē-bê,he7be5,he7be5,hebe,hebe
iā-ha̍p,夜合,25,iā-ha̍p,ia7hap8,ia7hap8,iahap,iahap
tuā-phànn,大冇,25,tōa-phàⁿ,tua7phann3,toa7phann3,tuaphann,toaphann
tuā-tsó,大棗,25,tōa-chó,tua7tso2,toa7cho2,tuatso,toacho
tuā-tshinn,大菁,25,tōa-chhiⁿ,tua7tshinn1,toa7chhinn1,tuatshinn,toachhinn
tuā-tshài,大菜,25,tōa-chhài,tua7tshai3,toa7chhai3,tuatshai,toachhai
tuā-phiô,大萍,25,tōa-phiô,tua7phio5,toa7phio5,tuaphio,toaphio
tuā-be̍h,大麥,25,tōa-be̍h,tua7beh8,toa7beh8,tuabeh,toabeh
thian-tsháu,天草,25,thian-chháu,thian1tshau2,thian1chhau2,thiantshau,thianchhau
siā-kan,射干,25,siā-kan,sia7kan1,sia7kan1,siakan,siakan
sió-tshinn,小菁,25,sió-chhiⁿ,sio2tshinn1,sio2chhinn1,siotshinn,siochhinn
sió-be̍h,小麥,25,sió-be̍h,sio2beh8,sio2beh8,siobeh,siobeh
suann-nai,山奈,25,soaⁿ-nai,suann1nai1,soann1nai1,suannnai,soannnai
suann-sam,山杉,25,soaⁿ-sam,suann1sam1,soann1sam1,suannsam,soannsam
suann-khīng,山柏,25,soaⁿ-khēng,suann1khing7,soann1kheng7,suannkhing,soannkheng
suann-khī,山柿,25,soaⁿ-khī,suann1khi7,soann1khi7,suannkhi,soannkhi
suann-lâi,山梨,25,soaⁿ-lâi,suann1lai5,soann1lai5,suannlai,soannlai
suann-tsang,山棕,25,soaⁿ-chang,suann1tsang1,soann1chang1,suanntsang,soannchang
suann-tshîng,山榕,25,soaⁿ-chhêng,suann1tshing5,soann1chheng5,suanntshing,soannchheng
suann-tshat,山漆,25,soaⁿ-chhat,suann1tshat1,soann1chhat1,suanntshat,soannchhat
suann-tê,山茶,25,soaⁿ-tê,suann1te5,soann1te5,suannte,soannte
suann-tshinn,山菁,25,soaⁿ-chhiⁿ,suann1tshinn1,soann1chhinn1,suanntshinn,soannchhinn
suann-kiok,山菊,25,soaⁿ-kiok,suann1kiok1,soann1kiok1,suannkiok,soannkiok
suann-muâ,山麻,25,soaⁿ-môa,suann1mua5,soann1moa5,suannmua,soannmoa
tshuan-tshit,川七,25,chhoan-chhit,tshuan1tshit1,chhoan1chhit1,tshuantshit,chhoanchhit
pa-tau,巴豆,25,pa-tau,pa1tau1,pa1tau1,patau,patau
pa-tāu,巴豆,25,pa-tāu,pa1tau7,pa1tau7,patau,patau
tshī-tshang,市葱,25,chhī-chhang,tshi7tshang1,chhi7chhang1,tshitshang,chhichhang
pòo-kiunn,布姜,25,pò͘-kiuⁿ,poo3kiunn1,poo3kiunn1,pookiunn,pookiunn
siông-san,常山,25,siông-san,siong5san1,siong5san1,siongsan,siongsan
nî-kam,年柑,25,nî-kam,ni5kam1,ni5kam1,nikam,nikam
kóng-á,廣仔,25,kóng-á,kong2a2,kong2a2,konga,konga
gōng-tshiū,戇樹,25,gōng-chhiū,gong7tshiu7,gong7chhiu7,gongtshiu,gongchhiu
tshiú-io̍h,手藥,25,chhiú-io̍h,tshiu2ioh8,chhiu2ioh8,tshiuioh,chhiuioh
pat-á,扒仔,25,pat-á,pat1a2,pat1a2,pata,pata
tánn-tsio,打招,25,táⁿ-chio,tann2tsio1,tann2chio1,tanntsio,tannchio
buah-tsháu,抹草,25,boah-chháu,buah1tshau2,boah1chhau2,buahtshau,boahchhau
pua̍t-á,拔仔,25,poa̍t-á,puat8a2,poat8a2,puata,poata
iông-phoo,揚波,25,iông-pho͘,iong5phoo1,iong5phoo1,iongphoo,iongphoo
phang-kuì,攀桂,25,phang-kùi,phang1kui3,phang1kui3,phangkui,phangkui
bûn-tàn,文旦,25,bûn-tàn,bun5tan3,bun5tan3,buntan,buntan
táu-iū,斗柚,25,táu-iū,tau2iu7,tau2iu7,tauiu,tauiu
táu-lo̍k,斗鹿,25,táu-lo̍k,tau2lok8,tau2lok8,taulok,taulok
tsá-iū,早柚,25,chá-iū,tsa2iu7,cha2iu7,tsaiu,chaiu
bān-iū,晚柚,25,bān-iū,ban7iu7,ban7iu7,baniu,baniu
ge̍h-thô,月桃,25,ge̍h-thô,geh8tho5,geh8tho5,gehtho,gehtho
bo̍k-ha̍k,木斛,25,bo̍k-ha̍k,bok8hak8,bok8hak8,bokhak,bokhak
bo̍k-kua,木瓜,25,bo̍k-koa,bok8kua1,bok8koa1,bokkua,bokkoa
ba̍k-lô,木羅,25,ba̍k-lô,bak8lo5,bak8lo5,baklo,baklo
ba̍k-hiunn,木香,25,ba̍k-hiuⁿ,bak8hiunn1,bak8hiunn1,bakhiunn,bakhiunn
pún-tsiunn,本樟,25,pún-chiuⁿ,pun2tsiunn1,pun2chiunn1,puntsiunn,punchiunn
pún-tshinn,本菁,25,pún-chhiⁿ,pun2tshinn1,pun2chhinn1,puntshinn,punchhinn
phoh-á,朴仔,25,phoh-á,phoh1a2,phoh1a2,phoha,phoha
kuann-á,杆仔,25,koaⁿ-á,kuann1a2,koann1a2,kuanna,koanna
sam-á,杉仔,25,sam-á,sam1a2,sam1a2,sama,sama
lí-á,李仔,25,lí-á,li2a2,li2a2,lia,lia
tōo-á,杜仔,25,tō͘-á,too7a2,too7a2,tooa,tooa
tshîng-peh,松柏,25,chhêng-peh,tshing5peh1,chheng5peh1,tshingpeh,chhengpeh
siông-ngôo,松梧,25,siông-ngô͘,siong5ngoo5,siong5ngoo5,siongngoo,siongngoo
siông-lô,松蘿,25,siông-lô,siong5lo5,siong5lo5,sionglo,sionglo
gî-pê,枇杷,25,gî-pê,gi5pe5,gi5pe5,gipe,gipe
nâ-tâu,林投,25,nâ-tâu,na5tau5,na5tau5,natau,natau
tsí-á,枳仔,25,chí-á,tsi2a2,chi2a2,tsia,chia
tsí-poo,枳枯,25,chí-po͘,tsi2poo1,chi2poo1,tsipoo,chipoo
kóo-kí,枸杞,25,kó͘-kí,koo2ki2,koo2ki2,kooki,kooki
khīng-á,柏仔,25,khēng-á,khing7a2,kheng7a2,khinga,khenga
iū-á,柚仔,25,iū-á,iu7a2,iu7a2,iua,iua
kho-á,柯仔,25,kho-á,kho1a2,kho1a2,khoa,khoa
kua-thôo,柯土,25,koa-thô͘,kua1thoo5,koa1thoo5,kuathoo,koathoo
kho-si,柯絲,25,kho-si,kho1si1,kho1si1,khosi,khosi
tshâ-ôo,柴胡,25,chhâ-ô͘,tsha5oo5,chha5oo5,tshaoo,chhaoo
khī-á,柿仔,25,khī-á,khi7a2,khi7a2,khia,khia
khī-kôo,柿糊,25,khī-kô͘,khi7koo5,khi7koo5,khikoo,khikoo
la̍t-tsí,栗子,25,la̍t-chí,lat8tsi2,lat8chi2,lattsi,latchi
káu-la̍t,校栗,25,káu-la̍t,kau2lat8,kau2lat8,kaulat,kaulat
káu-tsan,校櫕,25,káu-chan,kau2tsan1,kau2chan1,kautsan,kauchan
kuì-ki,桂枝,25,kùi-ki,kui3ki1,kui3ki1,kuiki,kuiki
kuì-tik,桂竹,25,kùi-tek,kui3tik1,kui3tek1,kuitik,kuitek
kuì-hue,桂花,25,kùi-hoe,kui3hue1,kui3hoe1,kuihue,kuihoe
thô-jîn,桃仁,25,thô-jîn,tho5jin5,tho5jin5,thojin,thojin
thô-á,桃仔,25,thô-á,tho5a2,tho5a2,thoa,thoa
thô-tik,桃竹,25,thô-tek,tho5tik1,tho5tek1,thotik,thotek
kong-lông,桄榔,25,kong-lông,kong1long5,kong1long5,konglong,konglong
song-tshiū,桑樹,25,song-chhiū,song1tshiu7,song1chhiu7,songtshiu,songchhiu
tháng-kam,桶柑,25,tháng-kam,thang2kam1,thang2kam1,thangkam,thangkam
muî-á,梅仔,25,mûi-á,mui5a2,mui5a2,muia,muia
ngôo-tông,梧桐,25,ngô͘-tông,ngoo5tong5,ngoo5tong5,ngootong,ngootong
lâi-á,梨仔,25,lâi-á,lai5a2,lai5a2,laia,laia
mî-la̍t,棉栗,25,mî-la̍t,mi5lat8,mi5lat8,milat,milat
tsó-á,棗仔,25,chó-á,tso2a2,cho2a2,tsoa,choa
iâ-phiô,椰瓢,25,iâ-phiô,ia5phio5,ia5phio5,iaphio,iaphio
iông-muâi,楊梅,25,iông-moâi,iong5muai5,iong5moai5,iongmuai,iongmoai
png-á,楓仔,25,png-á,png1a2,png1a2,pnga,pnga
phng-siū,楓樹,25,phng-siū,phng1siu7,phng1siu7,phngsiu,phngsiu
lâm-á,楠仔,25,lâm-á,lam5a2,lam5a2,lama,lama
tshîng-tshiū,榕樹,25,chhêng-chhiū,tshing5tshiu7,chheng5chhiu7,tshingtshiu,chhengchhiu
tsiunn-gû,樟牛,25,chiuⁿ-gû,tsiunn1gu5,chiunn1gu5,tsiunngu,chiunngu
tshiū-m̂,樹梅,25,chhiū-m̂,tshiu7m5,chhiu7m5,tshium,chhium
tshiū-tsû,樹薯,25,chhiū-chû,tshiu7tsu5,chhiu7chu5,tshiutsu,chhiuchu
tshiū-lân,樹蘭,25,chhiū-lân,tshiu7lan5,chhiu7lan5,tshiulan,chhiulan
tshiū-tāu,樹豆,25,chhiū-tāu,tshiu7tau7,chhiu7tau7,tshiutau,chhiutau
tshiū-tshinn,樹青,25,chhiū-chhiⁿ,tshiu7tshinn1,chhiu7chhinn1,tshiutshinn,chhiuchhinn
tshiū-lîng,樹龍,25,chhiū-lêng,tshiu7ling5,chhiu7leng5,tshiuling,chhiuleng
kann-ná,橄欖,25,kaⁿ-ná,kann1na2,kann1na2,kannna,kannna
ting-tông,橙桐,25,teng-tông,ting1tong5,teng1tong5,tingtong,tengtong
ting-lân,橙欄,25,teng-lân,ting1lan5,teng1lan5,tinglan,tenglan
tuânn-hiunn,檀香,25,tôaⁿ-hiuⁿ,tuann5hiunn1,toann5hiunn1,tuannhiunn,toannhiunn
suāinn-á,檨仔,25,soāiⁿ-á,suainn7a2,soainn7a2,suainna,soainna
tâi-á,檯仔,25,tâi-á,tai5a2,tai5a2,taia,taia
pin-nn̂g,檳榔,25,pin-nn̂g,pin1nng5,pin1nng5,pinnng,pinnng
luân-tshiū,欒樹,25,loân-chhiū,luan5tshiu7,loan5chhiu7,luantshiu,loanchhiu
lám-jîn,欖仁,25,lám-jîn,lam2jin5,lam2jin5,lamjin,lamjin
tsí-kiong,止宮,25,chí-kiong,tsi2kiong1,chi2kiong1,tsikiong,chikiong
tsiànn-tshîng,正榕,25,chiàⁿ-chhêng,tsiann3tshing5,chiann3chheng5,tsianntshing,chiannchheng
khak-tshài,殼菜,25,khak-chhài,khak1tshai3,khak1chhai3,khaktshai,khakchhai
mô-khī,毛柿,25,mô-khī,mo5khi7,mo5khi7,mokhi,mokhi
kiû-lân,毬蘭,25,kiû-lân,kiu5lan5,kiu5lan5,kiulan,kiulan
tsuí-kam,水柑,25,chúi-kam,tsui2kam1,chui2kam1,tsuikam,chuikam
tsuí-liú,水柳,25,chúi-liú,tsui2liu2,chui2liu2,tsuiliu,chuiliu
tsuí-lâi,水梨,25,chúi-lâi,tsui2lai5,chui2lai5,tsuilai,chuilai
tsuí-tshat,水漆,25,chúi-chhat,tsui2tshat1,chui2chhat1,tsuitshat,chuichhat
tsuí-tsik,水燭,25,chúi-chek,tsui2tsik1,chui2chek1,tsuitsik,chuichek
tsuí-pit,水筆,25,chúi-pit,tsui2pit1,chui2pit1,tsuipit,chuipit
tsuí-tîn,水籐,25,chúi-tîn,tsui2tin5,chui2tin5,tsuitin,chuitin
tsuí-ōo,水芋,25,chúi-ō͘,tsui2oo7,chui2oo7,tsuioo,chuioo
tsuí-kiô,水茄,25,chúi-kiô,tsui2kio5,chui2kio5,tsuikio,chuikio
tsuí-tsháu,水草,25,chúi-chháu,tsui2tshau2,chui2chhau2,tsuitshau,chuichhau
tsuí-phiô,水萍,25,chúi-phiô,tsui2phio5,chui2phio5,tsuiphio,chuiphio
iû-bo̍k,油木,25,iû-bo̍k,iu5bok8,iu5bok8,iubok,iubok
iû-sam,油杉,25,iû-sam,iu5sam1,iu5sam1,iusam,iusam
iû-tshîng,油杉,25,iû-chhêng,iu5tshing5,iu5chheng5,iutshing,iuchheng
iû-kam,油柑,25,iû-kam,iu5kam1,iu5kam1,iukam,iukam
iû-tông,油桐,25,iû-tông,iu5tong5,iu5tong5,iutong,iutong
iû-tê,油茶,25,iû-tê,iu5te5,iu5te5,iute,iute
iû-muâ,油麻,25,iû-môa,iu5mua5,iu5moa5,iumua,iumoa
hái-tông,海棠,25,hái-tông,hai2tong5,hai2tong5,haitong,haitong
lîm-lî,淋漓,25,lîm-lî,lim5li5,lim5li5,limli,limli
tām-tik,淡竹,25,tām-tek,tam7tik1,tam7tek1,tamtik,tamtek
siap-lâi,澁梨,25,siap-lâi,siap1lai5,siap1lai5,siaplai,siaplai
siap-hio̍h,澁葉,25,siap-hio̍h,siap1hioh8,siap1hioh8,siaphioh,siaphioh
ti̍k-lân,澤蘭,25,te̍k-lân,tik8lan5,tek8lan5,tiklan,teklan
oo-sam,烏杉,25,o͘-sam,oo1sam1,oo1sam1,oosam,oosam
oo-tshîng,烏榕,25,o͘-chhêng,oo1tshing5,oo1chheng5,ootshing,oochheng
oo-tinn,烏甜,25,o͘-tiⁿ,oo1tinn1,oo1tinn1,ootinn,ootinn
oo-tāu,烏豆,25,o͘-tāu,oo1tau7,oo1tau7,ootau,ootau
oo-muâ,烏麻,25,o͘-môa,oo1mua5,oo1moa5,oomua,oomoa
hun-tsháu,煙草,25,hun-chháu,hun1tshau2,hun1chhau2,huntshau,hunchhau
nuā-sim,爛心,25,nōa-sim,nua7sim1,noa7sim1,nuasim,noasim
gû-lin,牛乳,25,gû-lin,gu5lin1,gu5lin1,gulin,gulin
gû-tsiunn,牛樟,25,gû-chiuⁿ,gu5tsiunn1,gu5chiunn1,gutsiunn,guchiunn
giû-tshik,牛膝,25,giû-chhek,giu5tshik1,giu5chhek1,giutshik,giuchhek
káu-tsit,狗脊,25,káu-chit,kau2tsit1,kau2chit1,kautsit,kauchit
bíng-tshiū,猛樹,25,béng-chhiū,bing2tshiu7,beng2chhiu7,bingtshiu,bengchhiu
to̍k-hua̍t,獨活,25,to̍k-hoa̍t,tok8huat8,tok8hoat8,tokhuat,tokhoat
giô-tsí,玉枳,25,giô-chí,gio5tsi2,gio5chi2,giotsi,giochi
gio̍k-lân,玉蘭,25,gio̍k-lân,giok8lan5,giok8lan5,gioklan,gioklan
kam-tsià,甘蔗,25,kam-chià,kam1tsia3,kam1chia3,kamtsia,kamchia
tinn-kiat,甜橘,25,tiⁿ-kiat,tinn1kiat1,tinn1kiat1,tinnkiat,tinnkiat
tinn-tshài,甜菜,25,tiⁿ-chhài,tinn1tshai3,tinn1chhai3,tinntshai,tinnchhai
tinn-be̍h,甜麥,25,tiⁿ-be̍h,tinn1beh8,tinn1beh8,tinnbeh,tinnbeh
tshinn-kiunn,生姜,25,chhiⁿ-kiuⁿ,tshinn1kiunn1,chhinn1kiunn1,tshinnkiunn,chhinnkiunn
tshân-tshinn,田菁,25,chhân-chhiⁿ,tshan5tshinn1,chhan5chhinn1,tshantshinn,chhanchhinn
tshân-tsû,田薯,25,chhân-chû,tshan5tsu5,chhan5chu5,tshantsu,chhanchu
pe̍h-jîn,白仁,25,pe̍h-jîn,peh8jin5,peh8jin5,pehjin,pehjin
pe̍h-á,白仔,25,pe̍h-á,peh8a2,peh8a2,peha,peha
pe̍h-mn̂g,白們,25,pe̍h-mn̂g,peh8mng5,peh8mng5,pehmng,pehmng
pe̍h-pû,白匏,25,pe̍h-pû,peh8pu5,peh8pu5,pehpu,pehpu
pe̍h-khing,白柏,25,pe̍h-kheng,peh8khing1,peh8kheng1,pehkhing,pehkheng
pe̍h-tông,白桐,25,pe̍h-tông,peh8tong5,peh8tong5,pehtong,pehtong
pe̍h-muî,白梅,25,pe̍h-mûi,peh8mui5,peh8mui5,pehmui,pehmui
pe̍h-tshîng,白榕,25,pe̍h-chhêng,peh8tshing5,peh8chheng5,pehtshing,pehchheng
pe̍h-tshiū,白樹,25,pe̍h-chhiū,peh8tshiu7,peh8chhiu7,pehtshiu,pehchhiu
pe̍h-sua,白沙,25,pe̍h-soa,peh8sua1,peh8soa1,pehsua,pehsoa
pe̍h-tshài,白菜,25,pe̍h-chhài,peh8tshai3,peh8chhai3,pehtshai,pehchhai
pe̍h-tāu,白豆,25,pe̍h-tāu,peh8tau7,peh8tau7,pehtau,pehtau
pe̍h-gûn,白銀,25,pe̍h-gûn,peh8gun5,peh8gun5,pehgun,pehgun
pe̍h-lîn,白隣,25,pe̍h-lîn,peh8lin5,peh8lin5,pehlin,pehlin
pe̍h-muâ,白麻,25,pe̍h-môa,peh8mua5,peh8moa5,pehmua,pehmoa
tsinn-tik,矢竹,25,chiⁿ-tek,tsinn1tik1,chinn1tek1,tsinntik,chinntek
tsio̍h-kiàm,石劍,25,chio̍h-kiàm,tsioh8kiam3,chioh8kiam3,tsiohkiam,chiohkiam
tsio̍h-phok,石博,25,chio̍h-phok,tsioh8phok1,chioh8phok1,tsiohphok,chiohphok
tsio̍h-ge̍h,石月,25,chio̍h-ge̍h,tsioh8geh8,chioh8geh8,tsiohgeh,chiohgeh
tsio̍h-tshîng,石松,25,chio̍h-chhêng,tsioh8tshing5,chioh8chheng5,tsiohtshing,chiohchheng
tsio̍h-lîng,石柃,25,chio̍h-lêng,tsioh8ling5,chioh8leng5,tsiohling,chiohleng
tsio̍h-liú,石柳,25,chio̍h-liú,tsioh8liu2,chioh8liu2,tsiohliu,chiohliu
sia̍h-liû,石榴,25,sia̍h-liû,siah8liu5,siah8liu5,siahliu,siahliu
tsio̍h-tsu,石櫧,25,chio̍h-chu,tsioh8tsu1,chioh8chu1,tsiohtsu,chiohchu
tsio̍h-siap,石澁,25,chio̍h-siap,tsioh8siap1,chioh8siap1,tsiohsiap,chiohsiap
tsio̍h-tik,石竹,25,chio̍h-tek,tsioh8tik1,chioh8tek1,tsiohtik,chiohtek
tsio̍h-tsû,石薯,25,chio̍h-chû,tsioh8tsu5,chioh8chu5,tsiohtsu,chiohchu
bé-tsî,碼薯,25,bé-chî,be2tsi5,be2chi5,betsi,bechi
bō-tsháu,磨草,25,bō-chháu,bo7tshau2,bo7chhau2,botshau,bochhau
kî-gāi,祈艾,25,kî-gāi,ki5gai7,ki5gai7,kigai,kigai
siù-ing,秀英,25,siù-eng,siu3ing1,siu3eng1,siuing,siueng
tshiu-lân,秋蘭,25,chhiu-lân,tshiu1lan5,chhiu1lan5,tshiulan,chhiulan
tiû-á,稠仔,25,tiû-á,tiu5a2,tiu5a2,tiua,tiua
tsang-bo̍k,稯木,25,chang-bo̍k,tsang1bok8,chang1bok8,tsangbok,changbok
tiū-á,稻仔,25,tiū-á,tiu7a2,tiu7a2,tiua,tiua
tik-peh,竹柏,25,tek-peh,tik1peh1,tek1peh1,tikpeh,tekpeh
tsìnn-tik,箭竹,25,chìⁿ-tek,tsinn3tik1,chinn3tek1,tsinntik,chinntek
bí-tāu,米豆,25,bí-tāu,bi2tau7,bi2tau7,bitau,bitau
hun-tsio,粉蕉,25,hun-chio,hun1tsio1,hun1chio1,huntsio,hunchio
phoh-á,粕仔,25,phoh-á,phoh1a2,phoh1a2,phoha,phoha
kôo-thu,糊樗,25,kô͘-thu,koo5thu1,koo5thu1,koothu,koothu
khong-lông,糠榔,25,khong-lông,khong1long5,khong1long5,khonglong,khonglong
âng-sam,紅杉,25,âng-sam,ang5sam1,ang5sam1,angsam,angsam
âng-kam,紅柑,25,âng-kam,ang5kam1,ang5kam1,angkam,angkam
âng-tshâ,紅柴,25,âng-chhâ,ang5tsha5,ang5chha5,angtsha,angchha
âng-khī,紅柿,25,âng-khī,ang5khi7,ang5khi7,angkhi,angkhi
âng-tsó,紅棗,25,âng-chó,ang5tso2,ang5cho2,angtso,angcho
âng-tām,紅淡,25,âng-tām,ang5tam7,ang5tam7,angtam,angtam
âng-tsu,紅珠,25,âng-chu,ang5tsu1,ang5chu1,angtsu,angchu
âng-phê,紅皮,25,âng-phê,ang5phe5,ang5phe5,angphe,angphe
âng-tik,紅竹,25,âng-tek,ang5tik1,ang5tek1,angtik,angtek
âng-tshài,紅菜,25,âng-chhài,ang5tshai3,ang5chhai3,angtshai,angchhai
âng-phiô,紅萍,25,âng-phiô,ang5phio5,ang5phio5,angphio,angphio
sò-sim,素心,25,sò-sim,so3sim1,so3sim1,sosim,sosim
sòo-hiunn,素香,25,sò͘-hiuⁿ,soo3hiunn1,soo3hiunn1,soohiunn,soohiunn
tsú-tuânn,紫檀,25,chú-tôaⁿ,tsu2tuann5,chu2toann5,tsutuann,chutoann
tsí-soo,紫蘇,25,chí-so͘,tsi2soo1,chi2soo1,tsisoo,chisoo
sè-sin,細辛,25,sè-sin,se3sin1,se3sin1,sesin,sesin
si-kue,絲瓜,25,si-koe,si1kue1,si1koe1,sikue,sikoe
li̍k-tsiunn,綠樟,25,le̍k-chiuⁿ,lik8tsiunn1,lek8chiunn1,liktsiunn,lekchiunn
lik-tik,綠竹,25,lek-tek,lik1tik1,lek1tek1,liktik,lektek
li̍k-tāu,綠豆,25,le̍k-tāu,lik8tau7,lek8tau7,liktau,lektau
eng-be̍h,罌麥,25,eng-be̍h,eng1beh8,eng1beh8,engbeh,engbeh
iûnn-tāu,羊豆,25,iûⁿ-tāu,iunn5tau7,iunn5tau7,iunntau,iunntau
jio̍k-kuì,肉桂,25,jio̍k-kùi,jiok8kui3,jiok8kui3,jiokkui,jiokkui
bah-tāu,肉豆,25,bah-tāu,bah1tau7,bah1tau7,bahtau,bahtau
siau-lâm,肖楠,25,siau-lâm,siau1lam5,siau1lam5,siaulam,siaulam
ho-tsio,胡椒,25,ho-chio,ho1tsio1,ho1chio1,hotsio,hochio
la̍h-tshì,臘刺,25,la̍h-chhì,lah8tshi3,lah8chhi3,lahtshi,lahchhi
tshàu-hīng,臭杏,25,chhàu-hēng,tshau3hing7,chhau3heng7,tshauhing,chhauheng
tshàu-tsiunn,臭樟,25,chhàu-chiuⁿ,tshau3tsiunn1,chhau3chiunn1,tshautsiunn,chhauchiunn
tshàu-kue,臭瓜,25,chhàu-koe,tshau3kue1,chhau3koe1,tshaukue,chhaukoe
ōo-á,芋仔,25,ō͘-á,oo7a2,oo7a2,ooa,ooa
king-tsio,芎蕉,25,keng-chio,king1tsio1,keng1chio1,kingtsio,kengchio
phû-iông,芙蓉,25,phû-iông,phu5iong5,phu5iong5,phuiong,phuiong
tsi-muâ,芝麻,25,chi-môa,tsi1mua5,chi1moa5,tsimua,chimoa
kuà-tshài,芥菜,25,kòa-chhài,kua3tshai3,koa3chhai3,kuatshai,koachhai
hue-tshó,花草,25,hoe-chhó,hue1tsho2,hoe1chho2,huetsho,hoechho
khûn-tshài,芹菜,25,khûn-chhài,khun5tshai3,khun5chhai3,khuntshai,khunchhai
khóo-thu,苦株,25,khó͘-thu,khoo2thu1,khoo2thu1,khoothu,khoothu
khóo-līng,苦楝,25,khó͘-lēng,khoo2ling7,khoo2leng7,khooling,khooleng
khóo-kue,苦瓜,25,khó͘-koe,khoo2kue1,khoo2koe1,khookue,khookoe
khóo-tê,苦茶,25,khó͘-tê,khoo2te5,khoo2te5,khoote,khoote
khóo-muâ,苦麻,25,khó͘-môa,khoo2mua5,khoo2moa5,khoomua,khoomoa
tuē-á,苧仔,25,tōe-á,tue7a2,toe7a2,tuea,toea
thú-muâ,苧麻,25,thú-môa,thu2mua5,thu2moa5,thumua,thumoa
kiô-á,茄仔,25,kiô-á,kio5a2,kio5a2,kioa,kioa
ka-tang,茄苳,25,ka-tang,ka1tang1,ka1tang1,katang,katang
hm̂-á,茅仔,25,hm̂-á,hm5a2,hm5a2,hma,hma
hm̂-tsháu,茅草,25,hm̂-chháu,hm5tshau2,hm5chhau2,hmtshau,hmchhau
bak-nī,茉莉,25,bak-nī,bak1ni7,bak1ni7,bakni,bakni
huê-hiunn,茴香,25,hôe-hiuⁿ,hue5hiunn1,hoe5hiunn1,huehiunn,hoehiunn
tê-muî,茶梅,25,tê-mûi,te5mui5,te5mui5,temui,temui
tê-lân,茶蘭,25,tê-lân,te5lan5,te5lan5,telan,telan
tang-o,茼萵,25,tang-o,tang1o1,tang1o1,tango,tango
tsháu-se,草紗,25,chháu-se,tshau2se1,chhau2se1,tshause,chhause
nāi-tsi,荔枝,25,nāi-chi,nai7tsi1,nai7chi1,naitsi,naichi
láu-tîn,荖藤,25,láu-tîn,lau2tin5,lau2tin5,lautin,lautin
hò-siū,荷樹,25,hò-siū,ho3siu7,ho3siu7,hosiu,hosiu
tshinn-á,菁仔,25,chhiⁿ-á,tshinn1a2,chhinn1a2,tshinna,chhinna
kuann-bâng,菅芒,25,koaⁿ-bâng,kuann1bang5,koann1bang5,kuannbang,koannbang
kiok-á,菊仔,25,kiok-á,kiok1a2,kiok1a2,kioka,kioka
kak-hue,菊花,25,kak-hoe,kak1hue1,kak1hoe1,kakhue,kakhoe
kiok-hue,菊花,25,kiok-hoe,kiok1hue1,kiok1hoe1,kiokhue,kiokhoe
tshong-pô,菖蒲,25,chhong-pô,tshong1po5,chhong1po5,tshongpo,chhongpo
tshài-kue,菜瓜,25,chhài-koe,tshai3kue1,chhai3koe1,tshaikue,chhaikoe
tshài-hue,菜花,25,chhài-hoe,tshai3hue1,chhai3hoe1,tshaihue,chhaihoe
tshài-tāu,菜豆,25,chhài-tāu,tshai3tau7,chhai3tau7,tshaitau,chhaitau
tshài-thâu,菜頭,25,chhài-thâu,tshai3thau5,chhai3thau5,tshaithau,chhaithau
lâi-ho̍k,萊菔,25,lâi-ho̍k,lai5hok8,lai5hok8,laihok,laihok
suan-á,萱仔,25,soan-á,suan1a2,soan1a2,suana,soana
pián-thiok,萹蓄,25,pián-thiok,pian2thiok1,pian2thiok1,pianthiok,pianthiok
kuah-tsû,葛薯,25,koah-chû,kuah1tsu5,koah1chu5,kuahtsu,koahchu
kuah-tîn,葛藤,25,koah-tîn,kuah1tin5,koah1tin5,kuahtin,koahtin
phû-tô,葡萄,25,phû-tô,phu5to5,phu5to5,phuto,phuto
tshang-á,葱仔,25,chhang-á,tshang1a2,chhang1a2,tshanga,chhanga
tshang-thâu,葱頭,25,chhang-thâu,tshang1thau5,chhang1thau5,tshangthau,chhangthau
suàn-á,蒜仔,25,soàn-á,suan3a2,soan3a2,suana,soana
pôo-kuî,蒲葵,25,pô͘-kûi,poo5kui5,poo5kui5,pookui,pookui
tsi̍t-lê,蒺藜,25,chi̍t-lê,tsit8le5,chit8le5,tsitle,chitle
tshio̍h-tsháu,蓆草,25,chhio̍h-chháu,tshioh8tshau2,chhioh8chhau2,tshiohtshau,chhiohchhau
pi-muâ,蓖麻,25,pi-môa,pi1mua5,pi1moa5,pimua,pimoa
thong-tshó,蓪草,25,thong-chhó,thong1tsho2,thong1chho2,thongtsho,thongchho
liân-hue,蓮花,25,liân-hoe,lian5hue1,lian5hoe1,lianhue,lianhoe
lô-tîn,蔞藤,25,lô-tîn,lo5tin5,lo5tin5,lotin,lotin
muâ-á,蔴仔,25,môa-á,mua5a2,moa5a2,muaa,moaa
muâ-tik,蔴竹,25,môa-tek,mua5tik1,moa5tek1,muatik,moatek
tshì-muî,蕀梅,25,chhì-mûi,tshi3mui5,chhi3mui5,tshimui,chhimui
huan-kam,蕃柑,25,hoan-kam,huan1kam1,hoan1kam1,huankam,hoankam
huan-hue,蕃花,25,hoan-hoe,huan1hue1,hoan1hoe1,huanhue,hoanhoe
huan-tshinn,蕃菁,25,hoan-chhiⁿ,huan1tshinn1,hoan1chhinn1,huantshinn,hoanchhinn
huan-kiunn,蕃薑,25,hoan-kiuⁿ,huan1kiunn1,hoan1kiunn1,huankiunn,hoankiunn
han-tsû,蕃薯,25,han-chû,han1tsu5,han1chu5,hantsu,hanchu
huan-be̍h,蕃麥,25,hoan-be̍h,huan1beh8,hoan1beh8,huanbeh,hoanbeh
huan-sué,蕃黍,25,hoan-sóe,huan1sue2,hoan1soe2,huansue,hoansoe
kiô-be̍h,蕎麥,25,kiô-be̍h,kio5beh8,kio5beh8,kiobeh,kiobeh
lōo-giō,蕗蕎,25,lō͘-giō,loo7gio7,loo7gio7,loogio,loogio
lōo-tîn,蕗藤,25,lō͘-tîn,loo7tin5,loo7tin5,lootin,lootin
keh-niau,蕨猫,25,keh-niau,keh1niau1,keh1niau1,kehniau,kehniau
po̍h-phê,薄皮,25,po̍h-phê,poh8phe5,poh8phe5,pohphe,pohphe
po̍h-ho,薄荷,25,po̍h-ho,poh8ho1,poh8ho1,pohho,pohho
kiunn-n̂g,薑黃,25,kiuⁿ-n̂g,kiunn1ng5,kiunn1ng5,kiunnng,kiunnng
tsû-táu,薯斗,25,chû-táu,tsu5tau2,chu5tau2,tsutau,chutau
tsû-nn̂g,薯榔,25,chû-nn̂g,tsu5nng5,chu5nng5,tsunng,chunng
tsû-tāu,薯豆,25,chû-tāu,tsu5tau7,chu5tau7,tsutau,chutau
tîn-tsû,藤薯,25,tîn-chû,tin5tsu5,tin5chu5,tintsu,tinchu
io̍h-hóo,藥虎,25,io̍h-hó͘,ioh8hoo2,ioh8hoo2,iohhoo,iohhoo
lôo-tik,蘆竹,25,lô͘-tek,loo5tik1,loo5tek1,lootik,lootek
lôo-hē,蘆薈,25,lô͘-hē,loo5he7,loo5he7,loohe,loohe
lōo-sué,蘆黍,25,lō͘-sóe,loo7sue2,loo7soe2,loosue,loosoe
soo-bo̍k,蘇木,25,so͘-bo̍k,soo1bok8,soo1bok8,soobok,soobok
soo-thih,蘇鐵,25,so͘-thih,soo1thih1,soo1thih1,soothih,soothih
pîn-pô,蘋婆,25,pîn-pô,pin5po5,pin5po5,pinpo,pinpo
hóo-tshì,虎刺,25,hó͘-chhì,hoo2tshi3,hoo2chhi3,hootshi,hoochhi
tsuâ-pô,蛇婆,25,chôa-pô,tsua5po5,choa5po5,tsuapo,choapo
tsuâ-pho,蛇波,25,chôa-pho,tsua5pho1,choa5pho1,tsuapho,choapho
bit-iū,蜜柚,25,bit-iū,bit1iu7,bit1iu7,bitiu,bitiu
pián-tsiong,蝙章,25,pián-chiong,pian2tsiong1,pian2chiong1,piantsiong,pianchiong
hê-bé,蝦尾,25,hê-bé,he5be2,he5be2,hebe,hebe
ia̍h-lân,蝶蘭,25,ia̍h-lân,iah8lan5,iah8lan5,iahlan,iahlan
thâng-sái,蟲屎,25,thâng-sái,thang5sai2,thang5sai2,thangsai,thangsai
tsîm-tshài,蟳菜,25,chîm-chhài,tsim5tshai3,chim5chhai3,tsimtshai,chimchhai
tshâm-tāu,蠶豆,25,chhâm-tāu,tsham5tau7,chham5tau7,tshamtau,chhamtau
huih-tông,血桐,25,huih-tông,huih1tong5,huih1tong5,huihtong,huihtong
huih-tîn,血藤,25,huih-tîn,huih1tin5,huih1tin5,huihtin,huihtin
si-kue,西瓜,25,si-koe,si1kue1,si1koe1,sikue,sikoe
kak-tshài,角菜,25,kak-chhài,kak1tshai3,kak1chhai3,kaktshai,kakchhai
tāu-tshài,豆菜,25,tāu-chhài,tau7tshai3,tau7chhai3,tautshai,tauchhai
tāu-hóo,豆虎,25,tāu-hó͘,tau7hoo2,tau7hoo2,tauhoo,tauhoo
kòng-á,貢仔,25,kòng-á,kong3a2,kong3a2,konga,konga
kuàn-tsiòng,貫眾,25,koàn-chiòng,kuan3tsiong3,koan3chiong3,kuantsiong,koanchiong
tshiah-ko,赤柯,25,chhiah-ko,tshiah1ko1,chhiah1ko1,tshiahko,chhiahko
tshiah-kua,赤柯,25,chhiah-koa,tshiah1kua1,chhiah1koa1,tshiahkua,chhiahkoa
tshiah-káu,赤校,25,chhiah-káu,tshiah1kau2,chhiah1kau2,tshiahkau,chhiahkau
tshiah-iông,赤榕,25,chhiah-iông,tshiah1iong5,chhiah1iong5,tshiahiong,chhiahiong
tshiah-phê,赤皮,25,chhiah-phê,tshiah1phe5,chhiah1phe5,tshiahphe,chhiahphe
tshiah-lân,赤蘭,25,chhiah-lân,tshiah1lan5,chhiah1lan5,tshiahlan,chhiahlan
tshiah-liû,赤鱗,25,chhiah-liû,tshiah1liu5,chhiah1liu5,tshiahliu,chhiahliu
uán-tsì,遠志,25,oán-chì,uan2tsi3,oan2chi3,uantsi,oanchi
sng-kiat,酸橘,25,sng-kiat,sng1kiat1,sng1kiat1,sngkiat,sngkiat
sng-tìn,酸藤,25,sng-tìn,sng1tin3,sng1tin3,sngtin,sngtin
kim-kam,金柑,25,kim-kam,kim1kam1,kim1kam1,kimkam,kimkam
kim-kue,金瓜,25,kim-koe,kim1kue1,kim1koe1,kimkue,kimkoe
kim-tsuánn,金盞,25,kim-chóaⁿ,kim1tsuann2,kim1choann2,kimtsuann,kimchoann
kim-sún,金筍,25,kim-sún,kim1sun2,kim1sun2,kimsun,kimsun
kim-ing,金英,25,kim-eng,kim1ing1,kim1eng1,kiming,kimeng
kau-tîn,鈎藤,25,kau-tîn,kau1tin5,kau1tin5,kautin,kautin
kau-tîn,鉤藤,25,kau-tîn,kau1tin5,kau1tin5,kautin,kautin
thih-á,鐵仔,25,thih-á,thih1a2,thih1a2,thiha,thiha
thih-tshiū,鐵樹,25,thih-chhiū,thih1tshiu7,thih1chhiu7,thihtshiu,thihchhiu
hông-kí,防巳,25,hông-kí,hong5ki2,hong5ki2,hongki,hongki
hông-hong,防風,25,hông-hong,hong5hong1,hong5hong1,honghong,honghong
kue-bâi,雞眉,25,koe-bâi,kue1bai5,koe1bai5,kuebai,koebai
seh-kam,雪柑,25,seh-kam,seh1kam1,seh1kam1,sehkam,sehkam
tshinn-tông,青桐,25,chhiⁿ-tông,tshinn1tong5,chhinn1tong5,tshinntong,chhinntong
tshinn-png,青楓,25,chhiⁿ-png,tshinn1png1,chhinn1png1,tshinnpng,chhinnpng
tshi-siunn,青箱,25,chhi-siuⁿ,tshi1siunn1,chhi1siunn1,tshisiunn,chhisiunn
tshinn-o,青荷,25,chhiⁿ-o,tshinn1o1,chhinn1o1,tshinno,chhinno
tshinn-phiô,青萍,25,chhiⁿ-phiô,tshinn1phio5,chhinn1phio5,tshinnphio,chhinnphio
kú-tshài,韮菜,25,kú-chhài,ku2tshai3,ku2chhai3,kutshai,kuchhai
hong-tîn,風藤,25,hong-tîn,hong1tin5,hong1tin5,hongtin,hongtin
hong-kóo,風鼓,25,hong-kó͘,hong1koo2,hong1koo2,hongkoo,hongkoo
hiunn-înn,香圓,25,hiuⁿ-îⁿ,hiunn1inn5,hiunn1inn5,hiunninn,hiunninn
hiunn-sam,香杉,25,hiuⁿ-sam,hiunn1sam1,hiunn1sam1,hiunnsam,hiunnsam
hiong-kó,香果,25,hiong-kó,hiong1ko2,hiong1ko2,hiongko,hiongko
hiunn-kam,香柑,25,hiuⁿ-kam,hiunn1kam1,hiunn1kam1,hiunnkam,hiunnkam
hiunn-iū,香柚,25,hiuⁿ-iū,hiunn1iu7,hiunn1iu7,hiunniu,hiunniu
hiunn-kuì,香桂,25,hiuⁿ-kùi,hiunn1kui3,hiunn1kui3,hiunnkui,hiunnkui
phang-lâi,香梨,25,phang-lâi,phang1lai5,phang1lai5,phanglai,phanglai
hiunn-lâm,香楠,25,hiuⁿ-lâm,hiunn1lam5,hiunn1lam5,hiunnlam,hiunnlam
hiunn-jû,香榆,25,hiuⁿ-jû,hiunn1ju5,hiunn1ju5,hiunnju,hiunnju
hiong-iân,香櫞,25,hiong-iân,hiong1ian5,hiong1ian5,hiongian,hiongian
hiunn-hû,香符,25,hiuⁿ-hû,hiunn1hu5,hiunn1hu5,hiunnhu,hiunnhu
phang-hue,香花,25,phang-hoe,phang1hue1,phang1hoe1,phanghue,phanghoe
hiang-hm̂,香茅,25,hiang-hm̂,hiang1hm5,hiang1hm5,hianghm,hianghm
hiong-jû,香茹,25,hiong-jû,hiong1ju5,hiong1ju5,hiongju,hiongju
hiunn-tsháu,香草,25,hiuⁿ-chháu,hiunn1tshau2,hiunn1chhau2,hiunntshau,hiunnchhau
phang-tsháu,香草,25,phang-chháu,phang1tshau2,phang1chhau2,phangtshau,phangchhau
ko-pue,高杯,25,ko-poe,ko1pue1,ko1poe1,kopue,kopoe
hî-tîn,魚藤,25,hî-tîn,hi5tin5,hi5tin5,hitin,hitin
tsiáu-lâi,鳥梨,25,chiáu-lâi,tsiau2lai5,chiau2lai5,tsiaulai,chiaulai
tsiáu-tshîng,鳥榕,25,chiáu-chhêng,tsiau2tshing5,chiau2chheng5,tsiautshing,chiauchheng
tsiáu-tsiunn,鳥樟,25,chiáu-chiuⁿ,tsiau2tsiunn1,chiau2chiunn1,tsiautsiunn,chiauchiunn
kue-kè,鷄冠,25,koe-kè,kue1ke3,koe1ke3,kueke,koeke
kue-jiû,鷄柔,25,koe-jiû,kue1jiu5,koe1jiu5,kuejiu,koejiu
kue-iû,鷄油,25,koe-iû,kue1iu5,koe1iu5,kueiu,koeiu
kue-bâi,鷄眉,25,koe-bâi,kue1bai5,koe1bai5,kuebai,koebai
iâm-pô,鹽婆,25,iâm-pô,iam5po5,iam5po5,iampo,iampo
lo̍k-pn̄g,鹿飯,25,lo̍k-pn̄g,lok8png7,lok8png7,lokpng,lokpng
be̍h-á,麥仔,25,be̍h-á,beh8a2,beh8a2,beha,beha
bi̍k-tshong,麥葱,25,be̍k-chhong,bik8tshong1,bek8chhong1,biktshong,bekchhong
n̂g-ki,黃枝,25,n̂g-ki,ng5ki1,ng5ki1,ngki,ngki
n̂g-peh,黃柏,25,n̂g-peh,ng5peh1,ng5peh1,ngpeh,ngpeh
n̂g-kam,黃柑,25,n̂g-kam,ng5kam1,ng5kam1,ngkam,ngkam
n̂g-kun,黃根,25,n̂g-kun,ng5kun1,ng5kun1,ngkun,ngkun
n̂g-tsuí,黃槿,25,n̂g-chúi,ng5tsui2,ng5chui2,ngtsui,ngchui
n̂g-kú,黃櫸,25,n̂g-kú,ng5ku2,ng5ku2,ngku,ngku
n̂g-phî,黃皮,25,n̂g-phî,ng5phi5,ng5phi5,ngphi,ngphi
n̂g-tîn,黃籐,25,n̂g-tîn,ng5tin5,ng5tin5,ngtin,ngtin
n̂g-sik,黃粟,25,n̂g-sek,ng5sik1,ng5sek1,ngsik,ngsek
n̂g-tîn,黃藤,25,n̂g-tîn,ng5tin5,ng5tin5,ngtin,ngtin
n̂g-muâ,黃麻,25,n̂g-môa,ng5mua5,ng5moa5,ngmua,ngmoa
n̂g-kí,黃𣏌,25,n̂g-kí,ng5ki2,ng5ki2,ngki,ngki
sué-á,黍仔,25,sóe-á,sue2a2,soe2a2,suea,soea
tshú-khak,鼠麴,25,chhú-khak,tshu2khak1,chhu2khak1,tshukhak,chhukhak
kí-thok,齒托,25,kí-thok,ki2thok1,ki2thok1,kithok,kithok
gîng-gíng,龍眼,25,gêng-géng,ging5ging2,geng5geng2,gingging,genggeng
ku-hue,龜花,25,ku-hoe,ku1hue1,ku1hoe1,kuhue,kuhoe
ōng-lâi,𦬬萊,25,ōng-lâi,ong7lai5,ong7lai5,onglai,onglai
it-ki-hiunn,一枝香,16,it-ki-hiuⁿ,it1ki1hiunn1,it1ki1hiunn1,itkihiunn,itkihiunn
it-tiám-hông,一點紅,16,it-tiám-hông,it1tiam2hong5,it1tiam2hong5,ittiamhong,ittiamhong
tshit-hōo-liân,七厚蓮,16,chhit-hō͘-liân,tshit1hoo7lian5,chhit1hoo7lian5,tshithoolian,chhithoolian
tshit-tshùn-kim,七寸金,16,chhit-chhùn-kim,tshit1tshun3kim1,chhit1chhun3kim1,tshittshunkim,chhitchhunkim
tshit-ji̍t-n̄g,七日暈,16,chhit-ji̍t-n̄g,tshit1jit8ng7,chhit1jit8ng7,tshitjitng,chhitjitng
tshit-lí-hiong,七星香,16,chhit-lí-hiong,tshit1li2hiong1,chhit1li2hiong1,tshitlihiong,chhitlihiong
tshit-hio̍h-liân,七葉蓮,16,chhit-hio̍h-liân,tshit1hioh8lian5,chhit1hioh8lian5,tshithiohlian,chhithiohlian
tshit-lí-hiong,七里香,16,chhit-lí-hiong,tshit1li2hiong1,chhit1li2hiong1,tshitlihiong,chhitlihiong
sann-pán-to,三版刀,16,saⁿ-pán-to,sann1pan2to1,sann1pan2to1,sannpanto,sannpanto
sann-hī-tsháu,三耳草,16,saⁿ-hī-chháu,sann1hi7tshau2,sann1hi7chhau2,sannhitshau,sannhichhau
sann-kha-ting,三脚丁,16,saⁿ-kha-teng,sann1kha1ting1,sann1kha1teng1,sannkhating,sannkhateng
sann-kha-pia̍t,三脚別,16,saⁿ-kha-pia̍t,sann1kha1piat8,sann1kha1piat8,sannkhapiat,sannkhapiat
sann-kha-tiāu,三脚掉,16,saⁿ-kha-tiāu,sann1kha1tiau7,sann1kha1tiau7,sannkhatiau,sannkhatiau
sann-kha-phî,三脚皮,16,saⁿ-kha-phî,sann1kha1phi5,sann1kha1phi5,sannkhaphi,sannkhaphi
sann-kha-hóo,三脚虎,16,saⁿ-kha-hó͘,sann1kha1hoo2,sann1kha1hoo2,sannkhahoo,sannkhahoo
sann-kha-pih,三脚鼈,16,saⁿ-kha-pih,sann1kha1pih1,sann1kha1pih1,sannkhapih,sannkhapih
sann-kha-puà,三角破,16,saⁿ-kha-pòa,sann1kha1pua3,sann1kha1poa3,sannkhapua,sannkhapoa
sann-kha-pih,三角鼈,16,saⁿ-kha-pih,sann1kha1pih1,sann1kha1pih1,sannkhapih,sannkhapih
sann-pih-pí,三鼈比,16,saⁿ-pih-pí,sann1pih1pi2,sann1pih1pi2,sannpihpi,sannpihpi
put-liû-hîng,不留行,16,put-liû-hêng,put1liu5hing5,put1liu5heng5,putliuhing,putliuheng
m̄-kiann-king,不驚經,16,m̄-kiaⁿ-keng,m7kiann1king1,m7kiann1keng1,mkiannking,mkiannkeng
m̄-kiann-tê,不驚茶,16,m̄-kiaⁿ-tê,m7kiann1te5,m7kiann1te5,mkiannte,mkiannte
tshǹg-phīnn-lîng,串鼻龍,16,chhǹg-phīⁿ-lêng,tshng3phinn7ling5,chhng3phinn7leng5,tshngphinnling,chhngphinnleng
káu-tsàn-thah,九層塔,16,káu-chàn-thah,kau2tsan3thah1,kau2chan3thah1,kautsanthah,kauchanthah
kiú-kiong-kū,九芎舅,16,kiú-kiong-kū,kiu2kiong1ku7,kiu2kiong1ku7,kiukiongku,kiukiongku
káu-tîng-tshe,九重吹,16,káu-têng-chhe,kau2ting5tshe1,kau2teng5chhe1,kautingtshe,kautengchhe
khit-tshia̍h-uánn,乞食碗,16,khit-chhia̍h-óaⁿ,khit1tshiah8uann2,khit1chhiah8oann2,khittshiahuann,khitchhiahoann
lin-á-tsháu,乳仔草,16,lin-á-chháu,lin1a2tshau2,lin1a2chhau2,linatshau,linachhau
gōo-the̍h-kiô,五宅茄,16,gō͘-the̍h-kiô,goo7theh8kio5,goo7theh8kio5,goothehkio,goothehkio
gōo-kun-tsháu,五根草,16,gō͘-kun-chháu,goo7kun1tshau2,goo7kun1chhau2,gookuntshau,gookunchhau
ngóo-jiáu-jiông,五爪絨,16,ngó͘-jiáu-jiông,ngoo2jiau2jiong5,ngoo2jiau2jiong5,ngoojiaujiong,ngoojiaujiong
ngóo-jiáu-lîng,五爪龍,16,ngó͘-jiáu-lêng,ngoo2jiau2ling5,ngoo2jiau2leng5,ngoojiauling,ngoojiauleng
gōo-kha-lí,五脚里,16,gō͘-kha-lí,goo7kha1li2,goo7kha1li2,gookhali,gookhali
góo-lîng-lân,五龍蘭,16,gó͘-lêng-lân,goo2ling5lan5,goo2leng5lan5,goolinglan,goolenglan
tsínn-pinn-tsháu,井邊草,16,chíⁿ-piⁿ-chháu,tsinn2pinn1tshau2,chinn2pinn1chhau2,tsinnpinntshau,chinnpinnchhau
jîn-biān-tik,人面竹,16,jîn-biān-tek,jin5bian7tik1,jin5bian7tek1,jinbiantik,jinbiantek
jîn-tshì-tshang,仁刺葱,16,jîn-chhì-chhang,jin5tshi3tshang1,jin5chhi3chhang1,jintshitshang,jinchhichhang
sian-pa-tsiúnn,仙巴掌,16,sian-pa-chiúⁿ,sian1pa1tsiunn2,sian1pa1chiunn2,sianpatsiunn,sianpachiunn
hô-siú-oo,何首烏,16,hô-siú-o͘,ho5siu2oo1,ho5siu2oo1,hosiuoo,hosiuoo
hu̍t-thâu-kó,佛頭果,16,hu̍t-thâu-kó,hut8thau5ko2,hut8thau5ko2,hutthauko,hutthauko
sù-kun-tsú,使君子,16,sù-kun-chú,su3kun1tsu2,su3kun1chu2,sukuntsu,sukunchu
tó-tuē-kióng,倒地拱,16,tó-tōe-kióng,to2tue7kiong2,to2toe7kiong2,totuekiong,totoekiong
tó-tuē-lîng,倒地柃,16,tó-tōe-lêng,to2tue7ling5,to2toe7leng5,totueling,totoeleng
tó-kî-lîn,倒麒麟,16,tó-kî-lîn,to2ki5lin5,to2ki5lin5,tokilin,tokilin
siong-si̍t-tsháu,傷食草,16,siong-si̍t-chháu,siong1sit8tshau2,siong1sit8chhau2,siongsittshau,siongsitchhau
guân-siau-kam,元宵柑,16,goân-siau-kam,guan5siau1kam1,goan5siau1kam1,guansiaukam,goansiaukam
thòo-á-tshài,兔仔草,16,thò͘-á-chhài,thoo3a2tshai3,thoo3a2chhai3,thooatshai,thooachhai
thòo-hī-tsháu,兔耳草,16,thò͘-hī-chháu,thoo3hi7tshau2,thoo3hi7chhau2,thoohitshau,thoohichhau
lāi-tang-tsí,內冬子,16,lāi-tang-chí,lai7tang1tsi2,lai7tang1chi2,laitangtsi,laitangchi
pat-kuà-tsháu,八卦草,16,pat-kòa-chháu,pat1kua3tshau2,pat1koa3chhau2,patkuatshau,patkoachhau
pueh-kak-á,八角仔,16,poeh-kak-á,pueh1kak1a2,poeh1kak1a2,puehkaka,poehkaka
pueh-kak-liân,八角蓮,16,poeh-kak-liân,pueh1kak1lian5,poeh1kak1lian5,puehkaklian,poehkaklian
kong-sun-kiat,公孫橘,16,kong-sun-kiat,kong1sun1kiat1,kong1sun1kiat1,kongsunkiat,kongsunkiat
la̍k-ge̍h-seh,六月雪,16,la̍k-ge̍h-seh,lak8geh8seh1,lak8geh8seh1,lakgehseh,lakgehseh
la̍k-liàm-á,六棯仔,16,la̍k-liàm-á,lak8liam3a2,lak8liam3a2,lakliama,lakliama
la̍k-kiám-á,六檢仔,16,la̍k-kiám-á,lak8kiam2a2,lak8kiam2a2,lakkiama,lakkiama
la̍k-kak-ing,六角英,16,la̍k-kak-eng,lak8kak1ing1,lak8kak1eng1,lakkaking,lakkakeng
la̍k-kak-tsháu,六角草,16,la̍k-kak-chháu,lak8kak1tshau2,lak8kak1chhau2,lakkaktshau,lakkakchhau
tsài-sing-kiat,再生橘,16,chài-seng-kiat,tsai3sing1kiat1,chai3seng1kiat1,tsaisingkiat,chaisengkiat
líng-pn̄g-tîn,冷飯藤,16,léng-pn̄g-tîn,ling2png7tin5,leng2png7tin5,lingpngtin,lengpngtin
tshìn-pn̄g-tîn,凊飯藤,16,chhìn-pn̄g-tîn,tshin3png7tin5,chhin3png7tin5,tshinpngtin,chhinpngtin
tshut-sing-láu,出生老,16,chhut-seng-láu,tshut1sing1lau2,chhut1seng1lau2,tshutsinglau,chhutsenglau
to-siong-tsháu,刀傷草,16,to-siong-chháu,to1siong1tshau2,to1siong1chhau2,tosiongtshau,tosiongchhau
tò-kè-tsháu,到繼草,16,tò-kè-chháu,to3ke3tshau2,to3ke3chhau2,toketshau,tokechhau
tshì-tōo-bi̍t,刺杜蜜,16,chhì-tō͘-bi̍t,tshi3too7bit8,chhi3too7bit8,tshitoobit,chhitoobit
tshì-kam-á,刺柑仔,16,chhì-kam-á,tshi3kam1a2,chhi3kam1a2,tshikama,chhikama
tshì-keh-á,刺格仔,16,chhì-keh-á,tshi3keh1a2,chhi3keh1a2,tshikeha,chhikeha
tshì-kiû-hue,刺毬花,16,chhì-kiû-hoe,tshi3kiu5hue1,chhi3kiu5hoe1,tshikiuhue,chhikiuhoe
tshì-tshang-tshiū,刺葱樹,16,chhì-chhang-chhiū,tshi3tshang1tshiu7,chhi3chhang1chhiu7,tshitshangtshiu,chhichhangchhiu
tsián-jiông-hue,剪絨花,16,chián-jiông-hoe,tsian2jiong5hue1,chian2jiong5hoe1,tsianjionghue,chianjionghoe
ka-ji̍p-kū,加入舅,16,ka-ji̍p-kū,ka1jip8ku7,ka1jip8ku7,kajipku,kajipku
ka-po̍h-mî,加薄棉,16,ka-po̍h-mî,ka1poh8mi5,ka1poh8mi5,kapohmi,kapohmi
sip-lí-hiong,十里香,16,sip-lí-hiong,sip1li2hiong1,sip1li2hiong1,siplihiong,siplihiong
tshian-kun-puih,千斤拔,16,chhian-kun-puih,tshian1kun1puih1,chhian1kun1puih1,tshiankunpuih,chhiankunpuih
tshian-lí-kong,千里光,16,chhian-lí-kong,tshian1li2kong1,chhian1li2kong1,tshianlikong,chhianlikong
gōo-sî-tsháu,午時草,16,gō͘-sî-chháu,goo7si5tshau2,goo7si5chhau2,goositshau,goosichhau
lâm-hong-tsháu,南風草,16,lâm-hong-chháu,lam5hong1tshau2,lam5hong1chhau2,lamhongtshau,lamhongchhau
kāu-khak-á,厚殼仔,16,kāu-khak-á,kau7khak1a2,kau7khak1a2,kaukhaka,kaukhaka
kau-khak-kuì,厚殼桂,16,kau-khak-kùi,kau1khak1kui3,kau1khak1kui3,kaukhakkui,kaukhakkui
sim-á-hio̍h,參仔葉,16,sim-á-hio̍h,sim1a2hioh8,sim1a2hioh8,simahioh,simahioh
kháu-kha-á,口脚仔,16,kháu-kha-á,khau2kha1a2,khau2kha1a2,khaukhaa,khaukhaa
kóo-gua̍t-kun,古月根,16,kó͘-goa̍t-kun,koo2guat8kun1,koo2goat8kun1,kooguatkun,koogoatkun
tông-tī-tsháu,同治草,16,tông-tī-chháu,tong5ti7tshau2,tong5ti7chhau2,tongtitshau,tongtichhau
hiòng-thian-tsuánn,向天盞,16,hiòng-thian-chóaⁿ,hiong3thian1tsuann2,hiong3thian1choann2,hiongthiantsuann,hiongthianchoann
hiòng-thian-hông,向天黃,16,hiòng-thian-hông,hiong3thian1hong5,hiong3thian1hong5,hiongthianhong,hiongthianhong
hiòng-ji̍t-kuî,向日葵,16,hiòng-ji̍t-kûi,hiong3jit8kui5,hiong3jit8kui5,hiongjitkui,hiongjitkui
kā-lâng-káu,咬人狗,16,kā-lâng-káu,ka7lang5kau2,ka7lang5kau2,kalangkau,kalangkau
kā-lâng-niau,咬人猫,16,kā-lâng-niau,ka7lang5niau1,ka7lang5niau1,kalangniau,kalangniau
hâm-hong-tsháu,咸豐草,16,hâm-hong-chháu,ham5hong1tshau2,ham5hong1chhau2,hamhongtshau,hamhongchhau
to-nî-á,哆哖仔,16,to-nî-á,to1ni5a2,to1ni5a2,tonia,tonia
lā-lí-á,嘮哩仔,16,lā-lí-á,la7li2a2,la7li2a2,lalia,lalia
sù-kuì-tshun,四季春,16,sù-kùi-chhun,su3kui3tshun1,su3kui3chhun1,sukuitshun,sukuichhun
sù-kuì-kiat,四季橘,16,sù-kùi-kiat,su3kui3kiat1,su3kui3kiat1,sukuikiat,sukuikiat
sù-sî-tshun,四時春,16,sù-sî-chhun,su3si5tshun1,su3si5chhun1,susitshun,susichhun
sù-bí-tsháu,四米草,16,sù-bí-chháu,su3bi2tshau2,su3bi2chhau2,subitshau,subichhau
sì-hio̍h-tshài,四葉菜,16,sì-hio̍h-chhài,si3hioh8tshai3,si3hioh8chhai3,sihiohtshai,sihiohchhai
sì-hio̍h-liân,四葉蓮,16,sì-hio̍h-liân,si3hioh8lian5,si3hioh8lian5,sihiohlian,sihiohlian
înn-á-hue,圓仔花,16,îⁿ-á-hoe,inn5a2hue1,inn5a2hoe1,innahue,innahoe
înn-tshài-thâu,圓菜頭,16,îⁿ-chhài-thâu,inn5tshai3thau5,inn5chhai3thau5,inntshaithau,innchhaithau
thóo-puàn-hā,土半夏,16,thó͘-poàn-hā,thoo2puan3ha7,thoo2poan3ha7,thoopuanha,thoopoanha
thóo-tshuan-nî,土川連,16,thó͘-chhoan-nî,thoo2tshuan1ni5,thoo2chhoan1ni5,thootshuanni,thoochhoanni
thóo-tîm-hiunn,土沈香,16,thó͘-tîm-hiuⁿ,thoo2tim5hiunn1,thoo2tim5hiunn1,thootimhiunn,thootimhiunn
thóo-giû-tshit,土牛七,16,thó͘-giû-chhit,thoo2giu5tshit1,thoo2giu5chhit1,thoogiutshit,thoogiuchhit
thóo-jio̍k-kuì,土肉桂,16,thó͘-jio̍k-kùi,thoo2jiok8kui3,thoo2jiok8kui3,thoojiokkui,thoojiokkui
thóo-ho̍k-lîng,土茯苓,16,thó͘-ho̍k-lêng,thoo2hok8ling5,thoo2hok8leng5,thoohokling,thoohokleng
thôo-tāu-kū,土豆舅,16,thô͘-tāu-kū,thoo5tau7ku7,thoo5tau7ku7,thootauku,thootauku
tuē-giâ-kang,地蜈蚣,16,tōe-giâ-kang,tue7gia5kang1,toe7gia5kang1,tuegiakang,toegiakang
tē-kut-phî,地骨皮,16,tē-kut-phî,te7kut1phi5,te7kut1phi5,tekutphi,tekutphi
poo-lûn-á,埔崙仔,16,po͘-lûn-á,poo1lun5a2,poo1lun5a2,pooluna,pooluna
poo-pit-á,埔筆仔,16,po͘-pit-á,poo1pit1a2,poo1pit1a2,poopita,poopita
poo-tsháu-iūnn,埔草樣,16,po͘-chháu-iūⁿ,poo1tshau2iunn7,poo1chhau2iunn7,pootshauiunn,poochhauiunn
poo-iâm-á,埔鹽仔,16,po͘-iâm-á,poo1iam5a2,poo1iam5a2,pooiama,pooiama
hē-koo-tsháu,夏枯草,16,hē-ko͘-chháu,he7koo1tshau2,he7koo1chhau2,hekootshau,hekoochhau
hâ-phî-lâm,夏皮楠,16,hâ-phî-lâm,ha5phi5lam5,ha5phi5lam5,haphilam,haphilam
tāi-ting-hông,大丁黃,16,tāi-teng-hông,tai7ting1hong5,tai7teng1hong5,taitinghong,taitenghong
tuā-phànn-tshiū,大冇樹,16,tōa-phàⁿ-chhiū,tua7phann3tshiu7,toa7phann3chhiu7,tuaphanntshiu,toaphannchhiu
tuā-huê-hûn,大回魂,16,tōa-hôe-hûn,tua7hue5hun5,toa7hoe5hun5,tuahuehun,toahoehun
tuā-gōng-tshiū,大戇樹,16,tōa-gōng-chhiū,tua7gong7tshiu7,toa7gong7chhiu7,tuagongtshiu,toagongchhiu
tuā-táu-iū,大斗柚,16,tōa-táu-iū,tua7tau2iu7,toa7tau2iu7,tuatauiu,toatauiu
tuā-phànn-tshiū,大有樹,16,tōa-phàⁿ-chhiū,tua7phann3tshiu7,toa7phann3chhiu7,tuaphanntshiu,toaphannchhiu
tuā-tsuí-phiô,大水萍,16,tōa-chúi-phiô,tua7tsui2phio5,toa7chui2phio5,tuatsuiphio,toachuiphio
tāi-kah-tsháu,大甲草,16,tāi-kah-chháu,tai7kah1tshau2,tai7kah1chhau2,taikahtshau,taikahchhau
tuā-pe̍h-hue,大白花,16,tōa-pe̍h-hoe,tua7peh8hue1,toa7peh8hoe1,tuapehhue,toapehhoe
tuā-âng-sim,大紅心,16,tōa-âng-sim,tua7ang5sim1,toa7ang5sim1,tuaangsim,toaangsim
tuā-âng-hue,大紅花,16,tōa-âng-hoe,tua7ang5hue1,toa7ang5hoe1,tuaanghue,toaanghoe
tuā-huan-hûn,大翻魂,16,tōa-hoan-hûn,tua7huan1hun5,toa7hoan1hun5,tuahuanhun,toahoanhun
tuā-hio̍h-phànn,大葉冇,16,tōa-hio̍h-phàⁿ,tua7hioh8phann3,toa7hioh8phann3,tuahiohphann,toahiohphann
tuā-hio̍h-tōo,大葉杜,16,tōa-hio̍h-tō͘,tua7hioh8too7,toa7hioh8too7,tuahiohtoo,toahiohtoo
tuā-hio̍h-lâm,大葉楠,16,tōa-hio̍h-lâm,tua7hioh8lam5,toa7hioh8lam5,tuahiohlam,toahiohlam
tuā-phû-tô,大葡萄,16,tōa-phû-tô,tua7phu5to5,toa7phu5to5,tuaphuto,toaphuto
tuā-thè-hông,大退癀,16,tōa-thè-hông,tua7the3hong5,toa7the3hong5,tuathehong,toathehong
tuā-kim-ing,大金英,16,tōa-kim-eng,tua7kim1ing1,toa7kim1eng1,tuakiming,toakimeng
tuā-thâu-tê,大頭茶,16,tōa-thâu-tê,tua7thau5te5,toa7thau5te5,tuathaute,toathaute
tuā-thâu-tshang,大頭葱,16,tōa-thâu-chhang,tua7thau5tshang1,toa7thau5chhang1,tuathautshang,toathauchhang
tuā-hong-tsháu,大風草,16,tōa-hong-chháu,tua7hong1tshau2,toa7hong1chhau2,tuahongtshau,toahongchhau
tuā-hong-tîn,大風藤,16,tōa-hong-tîn,tua7hong1tin5,toa7hong1tin5,tuahongtin,toahongtin
tāi-hông-tsháu,大黃草,16,tāi-hông-chháu,tai7hong5tshau2,tai7hong5chhau2,taihongtshau,taihongchhau
thian-lâm-sing,天南星,16,thian-lâm-seng,thian1lam5sing1,thian1lam5seng1,thianlamsing,thianlamseng
thian-bûn-tong,天門冬,16,thian-bûn-tong,thian1bun5tong1,thian1bun5tong1,thianbuntong,thianbuntong
kip-tik-thô,夾竹桃,16,kip-tek-thô,kip1tik1tho5,kip1tek1tho5,kiptiktho,kiptektho
ko-pô-ōo,姑婆芋,16,ko-pô-ō͘,ko1po5oo7,ko1po5oo7,kopooo,kopooo
ui-lîng-sian,威靈仙,16,ui-lêng-sian,ui1ling5sian1,ui1leng5sian1,uilingsian,uilengsian
bēng-tsong-tik,孟宗竹,16,bēng-chong-tek,beng7tsong1tik1,beng7chong1tek1,bengtsongtik,bengchongtek
tīng-king-tsháu,定經草,16,tēng-keng-chháu,ting7king1tshau2,teng7keng1chhau2,tingkingtshau,tengkengchhau
gî-hoo-tuan,宜呼端,16,gî-ho͘-toan,gi5hoo1tuan1,gi5hoo1toan1,gihootuan,gihootoan
hu-kuì-tāu,富貴豆,16,hu-kùi-tāu,hu1kui3tau7,hu1kui3tau7,hukuitau,hukuitau
sió-lé-hue,小禮花,16,sió-lé-hoe,sio2le2hue1,sio2le2hoe1,siolehue,siolehoe
sió-huan-hûn,小翻魂,16,sió-hoan-hûn,sio2huan1hun5,sio2hoan1hun5,siohuanhun,siohoanhun
sió-kim-ing,小金英,16,sió-kim-eng,sio2kim1ing1,sio2kim1eng1,siokiming,siokimeng
tsiam-bé-hong,尖尾峯,16,chiam-bé-hong,tsiam1be2hong1,chiam1be2hong1,tsiambehong,chiambehong
tsiam-bé-hong,尖尾風,16,chiam-bé-hong,tsiam1be2hong1,chiam1be2hong1,tsiambehong,chiambehong
bé-ia̍h-hue,尾蝶花,16,bé-ia̍h-hoe,be2iah8hue1,be2iah8hoe1,beiahhue,beiahhoe
suann-siann-tsa,山仙查,16,soaⁿ-siaⁿ-cha,suann1siann1tsa1,soann1siann1cha1,suannsianntsa,soannsianncha
suann-tshì-kue,山刺瓜,16,soaⁿ-chhì-koe,suann1tshi3kue1,soann1chhi3koe1,suanntshikue,soannchhikoe
suann-sù-ing,山四英,16,soaⁿ-sù-eng,suann1su3ing1,soann1su3eng1,suannsuing,soannsueng
suann-thôo-tāu,山土豆,16,soaⁿ-thô͘-tāu,suann1thoo5tau7,soann1thoo5tau7,suannthootau,soannthootau
suann-poo-kiunn,山埔姜,16,soaⁿ-po͘-kiuⁿ,suann1poo1kiunn1,soann1poo1kiunn1,suannpookiunn,soannpookiunn
suann-poo-iâm,山埔鹽,16,soaⁿ-po͘-iâm,suann1poo1iam5,soann1poo1iam5,suannpooiam,soannpooiam
suann-pòo-tsí,山布子,16,soaⁿ-pò͘-chí,suann1poo3tsi2,soann1poo3chi2,suannpootsi,soannpoochi
suann-tang-iū,山東柚,16,soaⁿ-tang-iū,suann1tang1iu7,soann1tang1iu7,suanntangiu,soanntangiu
suann-gî-pê,山枇杷,16,soaⁿ-gî-pê,suann1gi5pe5,soann1gi5pe5,suanngipe,soanngipe
suann-nâ-tâu,山林投,16,soaⁿ-nâ-tâu,suann1na5tau5,soann1na5tau5,suannnatau,soannnatau
suann-kam-á,山柑仔,16,soaⁿ-kam-á,suann1kam1a2,soann1kam1a2,suannkama,soannkama
suann-iū-á,山柚仔,16,soaⁿ-iū-á,suann1iu7a2,soann1iu7a2,suanniua,soanniua
suann-kun-lîng,山根龍,16,soaⁿ-kun-lêng,suann1kun1ling5,soann1kun1leng5,suannkunling,soannkunleng
suann-kuì-hue,山桂花,16,soaⁿ-kùi-hoe,suann1kui3hue1,soann1kui3hoe1,suannkuihue,soannkuihoe
suann-suāinn-á,山檨仔,16,soaⁿ-soāiⁿ-á,suann1suainn7a2,soann1soainn7a2,suannsuainna,soannsoainna
suann-pin-nn̂g,山檳榔,16,soaⁿ-pin-nn̂g,suann1pin1nng5,soann1pin1nng5,suannpinnng,soannpinnng
suann-eng-thô,山櫻桃,16,soaⁿ-eng-thô,suann1eng1tho5,soann1eng1tho5,suannengtho,soannengtho
suann-tsuí-liú,山水柳,16,soaⁿ-chúi-liú,suann1tsui2liu2,soann1chui2liu2,suanntsuiliu,soannchuiliu
suann-ti̍k-lân,山澤蘭,16,soaⁿ-te̍k-lân,suann1tik8lan5,soann1tek8lan5,suanntiklan,soannteklan
suann-hun-tsháu,山煙草,16,soaⁿ-hun-chháu,suann1hun1tshau2,soann1hun1chhau2,suannhuntshau,soannhunchhau
suann-gû-lin,山牛乳,16,soaⁿ-gû-lin,suann1gu5lin1,soann1gu5lin1,suanngulin,soanngulin
suann-ti-kê,山猪枷,16,soaⁿ-ti-kê,suann1ti1ke5,soann1ti1ke5,suanntike,soanntike
suann-ti-bah,山猪肉,16,soaⁿ-ti-bah,suann1ti1bah1,soann1ti1bah1,suanntibah,soanntibah
suann-ti-kuann,山猪肝,16,soaⁿ-ti-koaⁿ,suann1ti1kuann1,soann1ti1koann1,suanntikuann,soanntikoann
suann-kue-tshài,山瓜菜,16,soaⁿ-koe-chhài,suann1kue1tshai3,soann1koe1chhai3,suannkuetshai,soannkoechhai
suann-pe̍h-tshài,山白菜,16,soaⁿ-pe̍h-chhài,suann1peh8tshai3,soann1peh8chhai3,suannpehtshai,soannpehchhai
suann-bé-tsî,山碼薯,16,soaⁿ-bé-chî,suann1be2tsi5,soann1be2chi5,suannbetsi,soannbechi
suann-âng-be̍h,山紅麥,16,soaⁿ-âng-be̍h,suann1ang5beh8,soann1ang5beh8,suannangbeh,soannangbeh
suann-sòo-ing,山素英,16,soaⁿ-sò͘-eng,suann1soo3ing1,soann1soo3eng1,suannsooing,soannsooeng
suann-tsí-soo,山紫蘇,16,soaⁿ-chí-so͘,suann1tsi2soo1,soann1chi2soo1,suanntsisoo,soannchisoo
suann-iûnn-sái,山羊屎,16,soaⁿ-iûⁿ-sái,suann1iunn5sai2,soann1iunn5sai2,suanniunnsai,soanniunnsai
suann-iûnn-hī,山羊耳,16,soaⁿ-iûⁿ-hī,suann1iunn5hi7,soann1iunn5hi7,suanniunnhi,soanniunnhi
suann-jio̍k-kuì,山肉桂,16,soaⁿ-jio̍k-kùi,suann1jiok8kui3,soann1jiok8kui3,suannjiokkui,soannjiokkui
suann-bah-tāu,山肉豆,16,soaⁿ-bah-tāu,suann1bah1tau7,soann1bah1tau7,suannbahtau,soannbahtau
suann-ho-tsio,山胡椒,16,soaⁿ-ho-chio,suann1ho1tsio1,soann1ho1chio1,suannhotsio,soannhochio
suann-tshàu-tsiunn,山臭樟,16,soaⁿ-chhàu-chiuⁿ,suann1tshau3tsiunn1,soann1chhau3chiunn1,suanntshautsiunn,soannchhauchiunn
suann-king-tsio,山芎蕉,16,soaⁿ-keng-chio,suann1king1tsio1,soann1keng1chio1,suannkingtsio,soannkengchio
suann-phû-iông,山芙蓉,16,soaⁿ-phû-iông,suann1phu5iong5,soann1phu5iong5,suannphuiong,soannphuiong
suann-kuà-tshài,山芥菜,16,soaⁿ-kòa-chhài,suann1kua3tshai3,soann1koa3chhai3,suannkuatshai,soannkoachhai
suann-khóo-līng,山苦楝,16,soaⁿ-khó͘-lēng,suann1khoo2ling7,soann1khoo2leng7,suannkhooling,soannkhooleng
suann-khóo-kue,山苦瓜,16,soaⁿ-khó͘-koe,suann1khoo2kue1,soann1khoo2koe1,suannkhookue,soannkhookoe
suann-tê-á,山茶仔,16,soaⁿ-tê-á,suann1te5a2,soann1te5a2,suanntea,soanntea
suann-hīng-tshài,山莕菜,16,soaⁿ-hēng-chhài,suann1hing7tshai3,soann1heng7chhai3,suannhingtshai,soannhengchhai
suann-kuann-lân,山菅蘭,16,soaⁿ-koaⁿ-lân,suann1kuann1lan5,soann1koann1lan5,suannkuannlan,soannkoannlan
suann-tshài-tāu,山菜豆,16,soaⁿ-chhài-tāu,suann1tshai3tau7,soann1chhai3tau7,suanntshaitau,soannchhaitau
suann-pe-lîng,山菠薐,16,soaⁿ-pe-lêng,suann1pe1ling5,soann1pe1leng5,suannpeling,soannpeleng
suann-kuah-tshài,山葛菜,16,soaⁿ-koah-chhài,suann1kuah1tshai3,soann1koah1chhai3,suannkuahtshai,soannkoahchhai
suann-phû-tô,山葡萄,16,soaⁿ-phû-tô,suann1phu5to5,soann1phu5to5,suannphuto,soannphuto
suann-suàn-thâu,山蒜頭,16,soaⁿ-soàn-thâu,suann1suan3thau5,soann1soan3thau5,suannsuanthau,soannsoanthau
suann-neh-kiau,山蕨猫,16,soaⁿ-neh-kiau,suann1neh1kiau1,soann1neh1kiau1,suannnehkiau,soannnehkiau
suann-io̍k-tsû,山藥薯,16,soaⁿ-io̍k-chû,suann1iok8tsu5,soann1iok8chu5,suannioktsu,soanniokchu
suann-ti-bah,山豬肉,16,soaⁿ-ti-bah,suann1ti1bah1,soann1ti1bah1,suanntibah,soanntibah
suann-tsha̍t-á,山賊仔,16,soaⁿ-chha̍t-á,suann1tshat8a2,soann1chhat8a2,suanntshata,soannchhata
suann-hiunn-înn,山香圓,16,soaⁿ-hiuⁿ-îⁿ,suann1hiunn1inn5,soann1hiunn1inn5,suannhiunninn,soannhiunninn
suann-bé-tê,山馬茶,16,soaⁿ-bé-tê,suann1be2te5,soann1be2te5,suannbete,soannbete
suann-bé-tê,山馬蹄,16,soaⁿ-bé-tê,suann1be2te5,soann1be2te5,suannbete,soannbete
suann-tsiáu-tsiunn,山鳥樟,16,soaⁿ-chiáu-chiuⁿ,suann1tsiau2tsiunn1,soann1chiau2chiunn1,suanntsiautsiunn,soannchiauchiunn
suann-iâm-tshinn,山鹽菁,16,soaⁿ-iâm-chhiⁿ,suann1iam5tshinn1,soann1iam5chhinn1,suanniamtshinn,soanniamchhinn
suann-iâm-sng,山鹽酸,16,soaⁿ-iâm-sng,suann1iam5sng1,soann1iam5sng1,suanniamsng,soanniamsng
suann-n̂g-ki,山黃枝,16,soaⁿ-n̂g-ki,suann1ng5ki1,soann1ng5ki1,suannngki,soannngki
suann-n̂g-kinn,山黃梔,16,soaⁿ-n̂g-kiⁿ,suann1ng5kinn1,soann1ng5kinn1,suannngkinn,soannngkinn
suann-iûnn-muâ,山黃麻,16,soaⁿ-iûⁿ-môa,suann1iunn5mua5,soann1iunn5moa5,suanniunnmua,soanniunnmoa
suann-gîng-gíng,山龍眼,16,soaⁿ-gêng-géng,suann1ging5ging2,soann1geng5geng2,suanngingging,soanngenggeng
pòo-pòo-oo,布布烏,16,pò͘-pò͘-o͘,poo3poo3oo1,poo3poo3oo1,poopoooo,poopoooo
pòo-kut-siau,布骨梢,16,pò͘-kut-siau,poo3kut1siau1,poo3kut1siau1,pookutsiau,pookutsiau
sai-kong-giang,師公銒,16,sai-kong-giang,sai1kong1giang1,sai1kong1giang1,saikonggiang,saikonggiang
siông-san-nî,常山尼,16,siông-san-nî,siong5san1ni5,siong5san1ni5,siongsanni,siongsanni
siông-san-tshiū,常山樹,16,siông-san-chhiū,siong5san1tshiu7,siong5san1chhiu7,siongsantshiu,siongsanchhiu
bō-á-tún,帽仔盾,16,bō-á-tún,bo7a2tun2,bo7a2tun2,boatun,boatun
liân-siau-kam,年宵柑,16,liân-siau-kam,lian5siau1kam1,lian5siau1kam1,liansiaukam,liansiaukam
kóng-hio̍h-sam,廣葉杉,16,kóng-hio̍h-sam,kong2hioh8sam1,kong2hioh8sam1,konghiohsam,konghiohsam
sim-kong-tsháu,心廣草,16,sim-kong-chháu,sim1kong1tshau2,sim1kong1chhau2,simkongtshau,simkongchhau
jím-tang-tîn,忍冬藤,16,jím-tang-tîn,jim2tang1tin5,jim2tang1tin5,jimtangtin,jimtangtin
ò-giô-tsí,愛玉子,16,ò-giô-chí,o3gio5tsi2,o3gio5chi2,ogiotsi,ogiochi
gōng-gōng-tsháu,戇戇草,16,gōng-gōng-chháu,gong7gong7tshau2,gong7gong7chhau2,gonggongtshau,gonggongchhau
phah-bóo-tshài,打妻菜,16,phah-bó͘-chhài,phah1boo2tshai3,phah1boo2chhai3,phahbootshai,phahboochhai
khînn-piah-tîn,扲壁藤,16,khîⁿ-piah-tîn,khinn5piah1tin5,khinn5piah1tin5,khinnpiahtin,khinnpiahtin
hû-song-hue,扶桑花,16,hû-song-hoe,hu5song1hue1,hu5song1hoe1,husonghue,husonghoe
liam-la̍t-á,拈力仔,16,liam-la̍t-á,liam1lat8a2,liam1lat8a2,liamlata,liamlata
tsńg-kah-hue,指甲花,16,chńg-kah-hoe,tsng2kah1hue1,chng2kah1hoe1,tsngkahhue,chngkahhoe
sàu-tshiú-tsháu,掃箒草,16,sàu-chhiú-chháu,sau3tshiu2tshau2,sau3chhiu2chhau2,sautshiutshau,sauchhiuchhau
tuah-phīnn-tsháu,掇鼻草,16,toah-phīⁿ-chháu,tuah1phinn7tshau2,toah1phinn7chhau2,tuahphinntshau,toahphinnchhau
tsiap-kut-tang,接骨筒,16,chiap-kut-tang,tsiap1kut1tang1,chiap1kut1tang1,tsiapkuttang,chiapkuttang
tsiap-kut-tsháu,接骨草,16,chiap-kut-chháu,tsiap1kut1tshau2,chiap1kut1chhau2,tsiapkuttshau,chiapkutchhau
tah-bah-tshì,搭肉刺,16,tah-bah-chhì,tah1bah1tshi3,tah1bah1chhi3,tahbahtshi,tahbahchhi
tshuah-phīnn-tsháu,擦鼻草,16,chhoah-phīⁿ-chháu,tshuah1phinn7tshau2,chhoah1phinn7chhau2,tshuahphinntshau,chhoahphinnchhau
bûn-tsu-lân,文珠蘭,16,bûn-chu-lân,bun5tsu1lan5,bun5chu1lan5,buntsulan,bunchulan
bûn-thâu-ké,文頭菓,16,bûn-thâu-ké,bun5thau5ke2,bun5thau5ke2,bunthauke,bunthauke
ji̍t-ji̍t-tshun,日日春,16,ji̍t-ji̍t-chhun,jit8jit8tshun1,jit8jit8chhun1,jitjittshun,jitjitchhun
tsá-liân-tsháu,早蓮草,16,chá-liân-chháu,tsa2lian5tshau2,cha2lian5chhau2,tsaliantshau,chalianchhau
ge̍h-lâi-hiong,月來香,16,ge̍h-lâi-hiong,geh8lai5hiong1,geh8lai5hiong1,gehlaihiong,gehlaihiong
ba̍k-lông-tshiū,木浪樹,16,ba̍k-lông-chhiū,bak8long5tshiu7,bak8long5chhiu7,baklongtshiu,baklongchhiu
bo̍k-tsi̍k-tsháu,木賊草,16,bo̍k-che̍k-chháu,bok8tsik8tshau2,bok8chek8chhau2,boktsiktshau,bokchekchhau
bo̍k-muâ-hông,木麻黃,16,bo̍k-môa-hông,bok8mua5hong5,bok8moa5hong5,bokmuahong,bokmoahong
bo̍k-pih-tsú,木鼈子,16,bo̍k-pih-chú,bok8pih1tsu2,bok8pih1chu2,bokpihtsu,bokpihchu
tsu-tsú-tsháu,朱子草,16,chu-chú-chháu,tsu1tsu2tshau2,chu1chu2chhau2,tsutsutshau,chuchuchhau
phoh-á-tsháu,朴仔草,16,phoh-á-chháu,phoh1a2tshau2,phoh1a2chhau2,phohatshau,phohachhau
kuann-á-phê,杆仔皮,16,koaⁿ-á-phê,kuann1a2phe5,koann1a2phe5,kuannaphe,koannaphe
tōo-bi̍t-tshiū,杜蜜樹,16,tō͘-bi̍t-chhiū,too7bit8tshiu7,too7bit8chhiu7,toobittshiu,toobitchhiu
siông-lô-tōo,松蘿杜,16,siông-lô-tō͘,siong5lo5too7,siong5lo5too7,sionglotoo,sionglotoo
nâ-tâu-koo,林投菰,16,nâ-tâu-ko͘,na5tau5koo1,na5tau5koo1,nataukoo,nataukoo
koo-lí-tin,枯里珍,16,ko͘-lí-tin,koo1li2tin1,koo1li2tin1,koolitin,koolitin
khīng-á-tshiū,柏仔樹,16,khēng-á-chhiū,khing7a2tshiu7,kheng7a2chhiu7,khingatshiu,khengachhiu
liú-á-hông,柳仔黃,16,liú-á-hông,liu2a2hong5,liu2a2hong5,liuahong,liuahong
liú-hio̍h-kiô,柳葉茄,16,liú-hio̍h-kiô,liu2hioh8kio5,liu2hioh8kio5,liuhiohkio,liuhiohkio
tshâ-tsńg-kah,柴指甲,16,chhâ-chńg-kah,tsha5tsng2kah1,chha5chng2kah1,tshatsngkah,chhachngkah
khī-kôo-bo̍k,柿糊木,16,khī-kô͘-bo̍k,khi7koo5bok8,khi7koo5bok8,khikoobok,khikoobok
tshe-thâu-hîng,栖頭恒,16,chhe-thâu-hêng,tshe1thau5hing5,chhe1thau5heng5,tshethauhing,chhethauheng
kuì-tik-á,桂竹仔,16,kùi-tek-á,kui3tik1a2,kui3tek1a2,kuitika,kuiteka
tông-tsi-tshiū,桐子樹,16,tông-chi-chhiū,tong5tsi1tshiu7,tong5chi1chhiu7,tongtsitshiu,tongchichhiu
tông-tsí-tshiū,桐子樹,16,tông-chí-chhiū,tong5tsi2tshiu7,tong5chi2chhiu7,tongtsitshiu,tongchichhiu
sng-tsâi-á,桑材仔,16,sng-châi-á,sng1tsai5a2,sng1chai5a2,sngtsaia,sngchaia
tháng-kau-tîn,桶鈎藤,16,tháng-kau-tîn,thang2kau1tin5,thang2kau1tin5,thangkautin,thangkautin
kak-á-tik,桷仔竹,16,kak-á-tek,kak1a2tik1,kak1a2tek1,kakatik,kakatek
iûnn-muî-thô,楊梅桃,16,iûⁿ-mûi-thô,iunn5mui5tho5,iunn5mui5tho5,iunnmuitho,iunnmuitho
se-tsí-á,樨枳仔,16,se-chí-á,se1tsi2a2,se1chi2a2,setsia,sechia
tshiū-tsí-á,樹子仔,16,chhiū-chí-á,tshiu7tsi2a2,chhiu7chi2a2,tshiutsia,chhiuchia
tshiū-tsháu-liân,樹草蓮,16,chhiū-chháu-liân,tshiu7tshau2lian5,chhiu7chhau2lian5,tshiutshaulian,chhiuchhaulian
lám-jîn-kū,欖仁舅,16,lám-jîn-kū,lam2jin5ku7,lam2jin5ku7,lamjinku,lamjinku
bú-hia-tîn,武靴藤,16,bú-hia-tîn,bu2hia1tin5,bu2hia1tin5,buhiatin,buhiatin
mn̂g-tsiong-kun,毛將軍,16,mn̂g-chiong-kun,mng5tsiong1kun1,mng5chiong1kun1,mngtsiongkun,mngchiongkun
mô-khī-keh,毛柿格,16,mô-khī-keh,mo5khi7keh1,mo5khi7keh1,mokhikeh,mokhikeh
tsuí-ting-hiunn,水丁香,16,chúi-teng-hiuⁿ,tsui2ting1hiunn1,chui2teng1hiunn1,tsuitinghiunn,chuitenghiunn
tsuí-ting-hông,水丁黃,16,chúi-teng-hông,tsui2ting1hong5,chui2teng1hong5,tsuitinghong,chuitenghong
tsuí-sian-hue,水仙花,16,chúi-sian-hoe,tsui2sian1hue1,chui2sian1hoe1,tsuisianhue,chuisianhoe
tsuí-tang-kue,水冬瓜,16,chúi-tang-koe,tsui2tang1kue1,chui2tang1koe1,tsuitangkue,chuitangkoe
tsuí-to-nî,水刀連,16,chúi-to-nî,tsui2to1ni5,chui2to1ni5,tsuitoni,chuitoni
tsuí-kho-á,水柯仔,16,chúi-kho-á,tsui2kho1a2,chui2kho1a2,tsuikhoa,chuikhoa
tsuí-liú-á,水柳仔,16,chúi-liú-á,tsui2liu2a2,chui2liu2a2,tsuiliua,chuiliua
tsuí-liú-kho,水柳柯,16,chúi-liú-kho,tsui2liu2kho1,chui2liu2kho1,tsuiliukho,chuiliukho
tsuí-kang-lîng,水江龍,16,chúi-kang-lêng,tsui2kang1ling5,chui2kang1leng5,tsuikangling,chuikangleng
tsuí-liû-kho,水流柯,16,chúi-liû-kho,tsui2liu5kho1,chui2liu5kho1,tsuiliukho,chuiliukho
tsuí-pit-á,水筆仔,16,chúi-pit-á,tsui2pit1a2,chui2pit1a2,tsuipita,chuipita
tsuí-kóng-sim,水管心,16,chúi-kóng-sim,tsui2kong2sim1,chui2kong2sim1,tsuikongsim,chuikongsim
tsuí-khûn-tshài,水芹菜,16,chúi-khûn-chhài,tsui2khun5tshai3,chui2khun5chhai3,tsuikhuntshai,chuikhunchhai
tsuí-khûn-tshái,水芹菜,16,chúi-khûn-chhái,tsui2khun5tshai2,chui2khun5chhai2,tsuikhuntshai,chuikhunchhai
tsuí-ka-tang,水茄苳,16,chúi-ka-tang,tsui2ka1tang1,chui2ka1tang1,tsuikatang,chuikatang
tsuí-láu-tsháu,水荖草,16,chúi-láu-chháu,tsui2lau2tshau2,chui2lau2chhau2,tsuilautshau,chuilauchhau
tsuí-liân-hue,水蓮花,16,chúi-liân-hoe,tsui2lian5hue1,chui2lian5hoe1,tsuilianhue,chuilianhoe
tsuí-lôo-tik,水蘆竹,16,chúi-lô͘-tek,tsui2loo5tik1,chui2loo5tek1,tsuilootik,chuilootek
tsuí-kòng-á,水貢仔,16,chúi-kòng-á,tsui2kong3a2,chui2kong3a2,tsuikonga,chuikonga
tsuí-tsha̍t-á,水賊仔,16,chúi-chha̍t-á,tsui2tshat8a2,chui2chhat8a2,tsuitshata,chuichhata
tsuí-kim-tiānn,水金定,16,chúi-kim-tiāⁿ,tsui2kim1tiann7,chui2kim1tiann7,tsuikimtiann,chuikimtiann
tsiú-gím-hue,水錦花,16,chiú-gím-hoe,tsiu2gim2hue1,chiu2gim2hoe1,tsiugimhue,chiugimhoe
tsuí-hûn-á,水魂仔,16,chúi-hûn-á,tsui2hun5a2,chui2hun5a2,tsuihuna,chuihuna
tsuí-kue-iû,水鷄油,16,chúi-koe-iû,tsui2kue1iu5,chui2koe1iu5,tsuikueiu,chuikoeiu
tsuí-iâm-sng,水鹽酸,16,chúi-iâm-sng,tsui2iam5sng1,chui2iam5sng1,tsuiiamsng,chuiiamsng
iû-tông-tshiū,油桐樹,16,iû-tông-chhiū,iu5tong5tshiu7,iu5tong5chhiu7,iutongtshiu,iutongchhiu
iû-tê-tshiū,油茶樹,16,iû-tê-chhiū,iu5te5tshiu7,iu5te5chhiu7,iutetshiu,iutechhiu
iû-hio̍h-lâm,油葉楠,16,iû-hio̍h-lâm,iu5hioh8lam5,iu5hioh8lam5,iuhiohlam,iuhiohlam
iû-hio̍h-tê,油葉茶,16,iû-hio̍h-tê,iu5hioh8te5,iu5hioh8te5,iuhiohte,iuhiohte
pho-lô-bi̍t,波羅蜜,16,pho-lô-bi̍t,pho1lo5bit8,pho1lo5bit8,pholobit,pholobit
hái-poo-kiunn,海埔姜,16,hái-po͘-kiuⁿ,hai2poo1kiunn1,hai2poo1kiunn1,haipookiunn,haipookiunn
hái-lâi-kam,海梨柑,16,hái-lâi-kam,hai2lai5kam1,hai2lai5kam1,hailaikam,hailaikam
hái-suāinn-á,海檨仔,16,hái-soāiⁿ-á,hai2suainn7a2,hai2soainn7a2,haisuainna,haisoainna
hái-iông-phoo,海洋波,16,hái-iông-pho͘,hai2iong5phoo1,hai2iong5phoo1,haiiongphoo,haiiongphoo
hái-ka-tang,海茄苳,16,hái-ka-tang,hai2ka1tang1,hai2ka1tang1,haikatang,haikatang
hái-ka-tîn,海茄藤,16,hái-ka-tîn,hai2ka1tin5,hai2ka1tin5,haikatin,haikatin
tshing-bîng-tsháu,清明草,16,chheng-bêng-chháu,tshing1bing5tshau2,chheng1beng5chhau2,tshingbingtshau,chhengbengchhau
un-tsiu-sam,溫州杉,16,un-chiu-sam,un1tsiu1sam1,un1chiu1sam1,untsiusam,unchiusam
muá-thian-sing,滿天星,16,móa-thian-seng,mua2thian1sing1,moa2thian1seng1,muathiansing,moathianseng
muá-suann-âng,滿山紅,16,móa-soaⁿ-âng,mua2suann1ang5,moa2soann1ang5,muasuannang,moasoannang
tshat-tshit-tshiū,漆七樹,16,chhat-chhit-chhiū,tshat1tshit1tshiu7,chhat1chhit1chhiu7,tshattshittshiu,chhatchhitchhiu
tsiunn-linn-á,漿乳仔,16,chiuⁿ-liⁿ-á,tsiunn1linn1a2,chiunn1linn1a2,tsiunnlinna,chiunnlinna
siap-á-tshiū,澁仔樹,16,siap-á-chhiū,siap1a2tshiu7,siap1a2chhiu7,siapatshiu,siapachhiu
te̍k-lân-tsháu,澤蘭草,16,te̍k-lân-chháu,tek8lan5tshau2,tek8lan5chhau2,teklantshau,teklanchhau
hé-sio-kua,火燒柯,16,hé-sio-koa,he2sio1kua1,he2sio1koa1,hesiokua,hesiokoa
hé-kn̂g-tik,火管竹,16,hé-kn̂g-tek,he2kng5tik1,he2kng5tek1,hekngtik,hekngtek
phàu-á-tsháu,炮仔草,16,phàu-á-chháu,phau3a2tshau2,phau3a2chhau2,phauatshau,phauachhau
uî-hōo-sian,為候仙,16,ûi-hō͘-sian,ui5hoo7sian1,ui5hoo7sian1,uihoosian,uihoosian
oo-á-tshài,烏仔菜,16,o͘-á-chhài,oo1a2tshai3,oo1a2chhai3,ooatshai,ooachhai
oo-tshì-á,烏刺仔,16,o͘-chhì-á,oo1tshi3a2,oo1chhi3a2,ootshia,oochhia
oo-tshì-kiô,烏刺茄,16,o͘-chhì-kiô,oo1tshi3kio5,oo1chhi3kio5,ootshikio,oochhikio
oo-tsí-kiô,烏子茄,16,o͘-chí-kiô,oo1tsi2kio5,oo1chi2kio5,ootsikio,oochikio
oo-sim-tsio̍h,烏心石,16,o͘-sim-chio̍h,oo1sim1tsioh8,oo1sim1chioh8,oosimtsioh,oosimchioh
oo-tshâi-á,烏材仔,16,o͘-chhâi-á,oo1tshai5a2,oo1chhai5a2,ootshaia,oochhaia
oo-tshâi-khī,烏材柿,16,o͘-chhâi-khī,oo1tshai5khi7,oo1chhai5khi7,ootshaikhi,oochhaikhi
oo-kam-á,烏柑仔,16,o͘-kam-á,oo1kam1a2,oo1kam1a2,ookama,ookama
oo-hun-hue,烏煙花,16,o͘-hun-hoe,oo1hun1hue1,oo1hun1hoe1,oohunhue,oohunhoe
oo-tinn-á,烏甜仔,16,o͘-tiⁿ-á,oo1tinn1a2,oo1tinn1a2,ootinna,ootinna
oo-tshân-oo,烏田烏,16,o͘-chhân-o͘,oo1tshan5oo1,oo1chhan5oo1,ootshanoo,oochhanoo
oo-phê-tê,烏皮茶,16,o͘-phê-tê,oo1phe5te5,oo1phe5te5,oophete,oophete
oo-tik-á,烏竹仔,16,o͘-tek-á,oo1tik1a2,oo1tek1a2,ootika,ooteka
oo-hio̍h-iū,烏葉柚,16,o͘-hio̍h-iū,oo1hioh8iu7,oo1hioh8iu7,oohiohiu,oohiohiu
oo-kue-bú,烏雞母,16,o͘-koe-bú,oo1kue1bu2,oo1koe1bu2,ookuebu,ookoebu
oo-bīn-bé,烏面馬,16,o͘-bīn-bé,oo1bin7be2,oo1bin7be2,oobinbe,oobinbe
oo-hî-hue,烏魚花,16,o͘-hî-hoe,oo1hi5hue1,oo1hi5hoe1,oohihue,oohihoe
oo-kue-kut,烏鷄骨,16,o͘-koe-kut,oo1kue1kut1,oo1koe1kut1,ookuekut,ookoekut
bô-kun-tsháu,無根草,16,bô-kun-chháu,bo5kun1tshau2,bo5kun1chhau2,bokuntshau,bokunchhau
bû-hua-kô,無花果,16,bû-hoa-kô,bu5hua1ko5,bu5hoa1ko5,buhuako,buhoako
bô-thâu-hiunn,無頭香,16,bô-thâu-hiuⁿ,bo5thau5hiunn1,bo5thau5hiunn1,bothauhiunn,bothauhiunn
ting-á-tsháu,燈仔草,16,teng-á-chháu,ting1a2tshau2,teng1a2chhau2,tingatshau,tengachhau
ting-sim-tsháu,燈心草,16,teng-sim-chháu,ting1sim1tshau2,teng1sim1chhau2,tingsimtshau,tengsimchhau
ting-phing-á,燈秤仔,16,teng-pheng-á,ting1phing1a2,teng1pheng1a2,tingphinga,tengphenga
ting-phîng-hue,燈秤花,16,teng-phêng-hoe,ting1phing5hue1,teng1pheng5hoe1,tingphinghue,tengphenghoe
ting-tshing-hue,燈稱花,16,teng-chheng-hoe,ting1tshing1hue1,teng1chheng1hoe1,tingtshinghue,tengchhenghoe
nuānn-sim-bo̍k,爛心木,16,nōaⁿ-sim-bo̍k,nuann7sim1bok8,noann7sim1bok8,nuannsimbok,noannsimbok
gû-lin-pông,牛乳房,16,gû-lin-pông,gu5lin1pong5,gu5lin1pong5,gulinpong,gulinpong
gû-lin-tshiū,牛乳樹,16,gû-lin-chhiū,gu5lin1tshiu7,gu5lin1chhiu7,gulintshiu,gulinchhiu
gû-sái-tê,牛屎茶,16,gû-sái-tê,gu5sai2te5,gu5sai2te5,gusaite,gusaite
giû-sim-lâi,牛心梨,16,giû-sim-lâi,giu5sim1lai5,giu5sim1lai5,giusimlai,giusimlai
gû-kak-uai,牛角歪,16,gû-kak-oai,gu5kak1uai1,gu5kak1oai1,gukakuai,gukakoai
gû-kak-hue,牛角花,16,gû-kak-hoe,gu5kak1hue1,gu5kak1hoe1,gukakhue,gukakhoe
gû-tùn-tsháu,牛頓草,16,gû-tùn-chháu,gu5tun3tshau2,gu5tun3chhau2,gutuntshau,gutunchhau
gû-kut-á,牛骨仔,16,gû-kut-á,gu5kut1a2,gu5kut1a2,gukuta,gukuta
gû-tsang-tshì,牛鬃刺,16,gû-chang-chhì,gu5tsang1tshi3,gu5chang1chhi3,gutsangtshi,guchangchhi
luê-piah-tshì,犁壁刺,16,lôe-piah-chhì,lue5piah1tshi3,loe5piah1chhi3,luepiahtshi,loepiahchhi
luê-piah-tsháu,犁壁草,16,lôe-piah-chháu,lue5piah1tshau2,loe5piah1chhau2,luepiahtshau,loepiahchhau
luê-piah-tîn,犁壁藤,16,lôe-piah-tîn,lue5piah1tin5,loe5piah1tin5,luepiahtin,loepiahtin
káu-bé-tsháu,狗尾草,16,káu-bé-chháu,kau2be2tshau2,kau2be2chhau2,kaubetshau,kaubechhau
káu-sái-kue,狗屎瓜,16,káu-sái-koe,kau2sai2kue1,kau2sai2koe1,kausaikue,kausaikoe
káu-lia̍p-bí,狗粒米,16,káu-lia̍p-bí,kau2liap8bi2,kau2liap8bi2,kauliapbi,kauliapbi
káu-kha-tuê,狗腳蹄,16,káu-kha-tôe,kau2kha1tue5,kau2kha1toe5,kaukhatue,kaukhatoe
káu-kut-á,狗骨仔,16,káu-kut-á,kau2kut1a2,kau2kut1a2,kaukuta,kaukuta
káu-kut-siau,狗骨消,16,káu-kut-siau,kau2kut1siau1,kau2kut1siau1,kaukutsiau,kaukutsiau
ti-bú-lin,猪母乳,16,ti-bú-lin,ti1bu2lin1,ti1bu2lin1,tibulin,tibulin
ti-bú-tsháu,猪母草,16,ti-bú-chháu,ti1bu2tshau2,ti1bu2chhau2,tibutshau,tibuchhau
ti-kha-lâm,猪脚楠,16,ti-kha-lâm,ti1kha1lam5,ti1kha1lam5,tikhalam,tikhalam
kâu-huann-hí,猴歡喜,16,kâu-hoaⁿ-hí,kau5huann1hi2,kau5hoann1hi2,kauhuannhi,kauhoannhi
ông-put-liû,王不留,16,ông-put-liû,ong5put1liu5,ong5put1liu5,ongputliu,ongputliu
tin-tiong-pit,珍中筆,16,tin-tiong-pit,tin1tiong1pit1,tin1tiong1pit1,tintiongpit,tintiongpit
tsu-á-tsháu,珠仔草,16,chu-á-chháu,tsu1a2tshau2,chu1a2chhau2,tsuatshau,chuachhau
pan-tsi-tshiū,班芝樹,16,pan-chi-chhiū,pan1tsi1tshiu7,pan1chi1chhiu7,pantsitshiu,panchichhiu
liû-kiû-tik,琉球竹,16,liû-kiû-tek,liu5kiu5tik1,liu5kiu5tek1,liukiutik,liukiutek
kue-tsi-tsháu,瓜子草,16,koe-chi-chháu,kue1tsi1tshau2,koe1chi1chhau2,kuetsitshau,koechichhau
ìng-tshài-hông,甕菜黃,16,èng-chhài-hông,ing3tshai3hong5,eng3chhai3hong5,ingtshaihong,engchhaihong
kam-a-bi̍t,甘仔蜜,16,kam-a-bi̍t,kam1a1bit8,kam1a1bit8,kamabit,kamabit
kam-á-bìt,甘仔蜜,16,kam-á-bìt,kam1a2bit3,kam1a2bit3,kamabit,kamabit
tinn-á-puânn,甜仔盤,16,tiⁿ-á-pôaⁿ,tinn1a2puann5,tinn1a2poann5,tinnapuann,tinnapoann
tshinn-to-tsháu,生刀草,16,chhiⁿ-to-chháu,tshinn1to1tshau2,chhinn1to1chhau2,tshinntotshau,chhinntochhau
tshinn-to-io̍h,生刀藥,16,chhiⁿ-to-io̍h,tshinn1to1ioh8,chhinn1to1ioh8,tshinntoioh,chhinntoioh
tshinn-ki-hiunn,生支香,16,chhiⁿ-ki-hiuⁿ,tshinn1ki1hiunn1,chhinn1ki1hiunn1,tshinnkihiunn,chhinnkihiunn
tshân-oo-tsháu,田烏草,16,chhân-o͘-chháu,tshan5oo1tshau2,chhan5oo1chhau2,tshanootshau,chhanoochhau
tshân-ōo-á,田芋仔,16,chhân-ō͘-á,tshan5oo7a2,chhan5oo7a2,tshanooa,chhanooa
tshân-pinn-tsháu,田邊草,16,chhân-piⁿ-chháu,tshan5pinn1tshau2,chhan5pinn1chhau2,tshanpinntshau,chhanpinnchhau
tshân-hiunn-tsháu,田香草,16,chhân-hiuⁿ-chháu,tshan5hiunn1tshau2,chhan5hiunn1chhau2,tshanhiunntshau,chhanhiunnchhau
ting-khiā-u,登竪杇,16,teng-khiā-u,ting1khia7u1,teng1khia7u1,tingkhiau,tengkhiau
ting-lông-tsháu,登郎草,16,teng-lông-chháu,ting1long5tshau2,teng1long5chhau2,tinglongtshau,tenglongchhau
pe̍h-kî-tshun,白其春,16,pe̍h-kî-chhun,peh8ki5tshun1,peh8ki5chhun1,pehkitshun,pehkichhun
pe̍h-pû-á,白匏仔,16,pe̍h-pû-á,peh8pu5a2,peh8pu5a2,pehpua,pehpua
pe̍h-kāu-phoh,白厚朴,16,pe̍h-kāu-phoh,peh8kau7phoh1,peh8kau7phoh1,pehkauphoh,pehkauphoh
pe̍h-poo-kiunn,白埔姜,16,pe̍h-po͘-kiuⁿ,peh8poo1kiunn1,peh8poo1kiunn1,pehpookiunn,pehpookiunn
pe̍h-khun-tsháu,白昆草,16,pe̍h-khun-chháu,peh8khun1tshau2,peh8khun1chhau2,pehkhuntshau,pehkhunchhau
pe̍h-tshîng-peh,白松柏,16,pe̍h-chhêng-peh,peh8tshing5peh1,peh8chheng5peh1,pehtshingpeh,pehchhengpeh
pe̍h-káu-tsan,白校櫕,16,pe̍h-káu-chan,peh8kau2tsan1,peh8kau2chan1,pehkautsan,pehkauchan
pe̍h-tshiū-á,白樹仔,16,pe̍h-chhiū-á,peh8tshiu7a2,peh8chhiu7a2,pehtshiua,pehchhiua
pe̍h-sia̍h-liû,白石榴,16,pe̍h-sia̍h-liû,peh8siah8liu5,peh8siah8liu5,pehsiahliu,pehsiahliu
pe̍h-tsí-soo,白紫蘇,16,pe̍h-chí-so͘,peh8tsi2soo1,peh8chi2soo1,pehtsisoo,pehchisoo
pe̍h-bah-iū,白肉柚,16,pe̍h-bah-iū,peh8bah1iu7,peh8bah1iu7,pehbahiu,pehbahiu
pe̍h-bah-tshîng,白肉榕,16,pe̍h-bah-chhêng,peh8bah1tshing5,peh8bah1chheng5,pehbahtshing,pehbahchheng
pe̍h-bah-tāu,白肉豆,16,pe̍h-bah-tāu,peh8bah1tau7,peh8bah1tau7,pehbahtau,pehbahtau
pe̍h-hue-tsháu,白花草,16,pe̍h-hoe-chháu,peh8hue1tshau2,peh8hoe1chhau2,pehhuetshau,pehhoechhau
pe̍h-khóo-thiāu,白苦柱,16,pe̍h-khó͘-thiāu,peh8khoo2thiau7,peh8khoo2thiau7,pehkhoothiau,pehkhoothiau
pe̍h-kiok-hue,白菊花,16,pe̍h-kiok-hoe,peh8kiok1hue1,peh8kiok1hoe1,pehkiokhue,pehkiokhoe
pe̍h-pi-sián,白萆蘚,16,pe̍h-pi-sián,peh8pi1sian2,peh8pi1sian2,pehpisian,pehpisian
pe̍h-hio̍h-ē,白葉下,16,pe̍h-hio̍h-ē,peh8hioh8e7,peh8hioh8e7,pehhiohe,pehhiohe
pe̍h-hio̍h-á,白葉仔,16,pe̍h-hio̍h-á,peh8hioh8a2,peh8hioh8a2,pehhioha,pehhioha
pe̍h-hio̍h-iū,白葉柚,16,pe̍h-hio̍h-iū,peh8hioh8iu7,peh8hioh8iu7,pehhiohiu,pehhiohiu
pe̍h-tsi̍t-lê,白蒺藜,16,pe̍h-chi̍t-lê,peh8tsit8le5,peh8chit8le5,pehtsitle,pehchitle
peh-tsû-nn̂g,白薯榔,16,peh-chû-nn̂g,peh1tsu5nng5,peh1chu5nng5,pehtsunng,pehchunng
pe̍h-hiong-hù,白香附,16,pe̍h-hiong-hù,peh8hiong1hu3,peh8hiong1hu3,pehhionghu,pehhionghu
pe̍h-bé-sái,白馬屎,16,pe̍h-bé-sái,peh8be2sai2,peh8be2sai2,pehbesai,pehbesai
pe̍h-hōng-tshài,白鳳菜,16,pe̍h-hōng-chhài,peh8hong7tshai3,peh8hong7chhai3,pehhongtshai,pehhongchhai
pe̍h-kue-kè,白鷄冠,16,pe̍h-koe-kè,peh8kue1ke3,peh8koe1ke3,pehkueke,pehkoeke
pe̍h-kue-iû,白鷄油,16,pe̍h-koe-iû,peh8kue1iu5,peh8koe1iu5,pehkueiu,pehkoeiu
pah-ji̍t-tsháu,百日草,16,pah-ji̍t-chháu,pah1jit8tshau2,pah1jit8chhau2,pahjittshau,pahjitchhau
pah-jit-tshinn,百日青,16,pah-jit-chhiⁿ,pah1jit1tshinn1,pah1jit1chhinn1,pahjittshinn,pahjitchhinn
hông-tè-tāu,皇帝豆,16,hông-tè-tāu,hong5te3tau7,hong5te3tau7,hongtetau,hongtetau
ah-bú-tsháu,益母草,16,ah-bú-chháu,ah1bu2tshau2,ah1bu2chhau2,ahbutshau,ahbuchhau
siunn-si-á,相思仔,16,siuⁿ-si-á,siunn1si1a2,siunn1si1a2,siunnsia,siunnsia
hiong-si-siū,相思樹,16,hiong-si-siū,hiong1si1siu7,hiong1si1siu7,hiongsisiu,hiongsisiu
siunn-su-tsháu,相思草,16,siuⁿ-su-chháu,siunn1su1tshau2,siunn1su1chhau2,siunnsutshau,siunnsuchhau
tsin-hong-tîn,真風藤,16,chin-hong-tîn,tsin1hong1tin5,chin1hong1tin5,tsinhongtin,chinhongtin
tsìnn-tik-á,矢竹仔,16,chìⁿ-tek-á,tsinn3tik1a2,chinn3tek1a2,tsinntika,chinnteka
tsio̍h-lîng-kū,石柃舅,16,chio̍h-lêng-kū,tsioh8ling5ku7,chioh8leng5ku7,tsiohlingku,chiohlengku
tsio̍h-tsu-á,石珠仔,16,chio̍h-chu-á,tsioh8tsu1a2,chioh8chu1a2,tsiohtsua,chiohchua
tsio̍h-tik-á,石竹仔,16,chio̍h-tek-á,tsioh8tik1a2,chioh8tek1a2,tsiohtika,chiohteka
tsio̍h-tshiong-pô,石菖蒲,16,chio̍h-chhiong-pô,tsioh8tshiong1po5,chioh8chhiong1po5,tsiohtshiongpo,chiohchhiongpo
tsio̍h-tshiong-pôo,石菖蒲,16,chio̍h-chhiong-pô͘,tsioh8tshiong1poo5,chioh8chhiong1poo5,tsiohtshiongpoo,chiohchhiongpoo
tsio̍h-thâu-iū,石頭柚,16,chio̍h-thâu-iū,tsioh8thau5iu7,chioh8thau5iu7,tsiohthauiu,chiohthauiu
phuà-pòo-tsí,破布子,16,phòa-pò͘-chí,phua3poo3tsi2,phoa3poo3chi2,phuapootsi,phoapoochi
phuà-pòo-bo̍k,破布木,16,phòa-pò͘-bo̍k,phua3poo3bok8,phoa3poo3bok8,phuapoobok,phoapoobok
uánn-kong-hue,碗公花,16,óaⁿ-kong-hoe,uann2kong1hue1,oann2kong1hoe1,uannkonghue,oannkonghoe
uánn-lîng-tshiū,碗龍樹,16,óaⁿ-lêng-chhiū,uann2ling5tshiu7,oann2leng5chhiu7,uannlingtshiu,oannlengchhiu
mn̂g-huē-bak,磅蟹目,16,mn̂g-hōe-bak,mng5hue7bak1,mng5hoe7bak1,mnghuebak,mnghoebak
mn̂g-huē-tsháu,磅蟹草,16,mn̂g-hōe-chháu,mng5hue7tshau2,mng5hoe7chhau2,mnghuetshau,mnghoechhau
bō-á-tsháu,磨仔草,16,bō-á-chháu,bo7a2tshau2,bo7a2chhau2,boatshau,boachhau
hok-tsiu-sam,福州杉,16,hok-chiu-sam,hok1tsiu1sam1,hok1chiu1sam1,hoktsiusam,hokchiusam
tsu̍t-bí-tsháu,秫米草,16,chu̍t-bí-chháu,tsut8bi2tshau2,chut8bi2chhau2,tsutbitshau,chutbichhau
hi-tshiam-tsháu,稀簽草,16,hi-chhiam-chháu,hi1tshiam1tshau2,hi1chhiam1chhau2,hitshiamtshau,hichhiamchhau
tshuan-san-liông,穿山龍,16,chhoan-san-liông,tshuan1san1liong5,chhoan1san1liong5,tshuansanliong,chhoansanliong
tik-á-tshài,竹仔菜,16,tek-á-chhài,tik1a2tshai3,tek1a2chhai3,tikatshai,tekachhai
tik-á-hio̍h,竹仔葉,16,tek-á-hio̍h,tik1a2hioh8,tek1a2hioh8,tikahioh,tekahioh
tik-tsat-hông,竹節黃,16,tek-chat-hông,tik1tsat1hong5,tek1chat1hong5,tiktsathong,tekchathong
tik-hio̍h-lâm,竹葉楠,16,tek-hio̍h-lâm,tik1hioh8lam5,tek1hioh8lam5,tikhiohlam,tekhiohlam
pit-á-tsháu,筆仔草,16,pit-á-chháu,pit1a2tshau2,pit1a2chhau2,pitatshau,pitachhau
pit-tâng-tshiū,筆筒樹,16,pit-tâng-chhiū,pit1tang5tshiu7,pit1tang5chhiu7,pittangtshiu,pittangchhiu
pit-lô-tsí,筆羅子,16,pit-lô-chí,pit1lo5tsi2,pit1lo5chi2,pitlotsi,pitlochi
kun-thâu-tik,筋頭竹,16,kun-thâu-tek,kun1thau5tik1,kun1thau5tek1,kunthautik,kunthautek
tsat-tsat-âng,節節紅,16,chat-chat-âng,tsat1tsat1ang5,chat1chat1ang5,tsattsatang,chatchatang
tsat-tsat-hue,節節花,16,chat-chat-hoe,tsat1tsat1hue1,chat1chat1hoe1,tsattsathue,chatchathoe
tîn-tik-á,籐竹仔,16,tîn-tek-á,tin5tik1a2,tin5tek1a2,tintika,tinteka
bí-nâ-tsháu,米籃草,16,bí-nâ-chháu,bi2na5tshau2,bi2na5chhau2,binatshau,binachhau
tshoo-khng-á,粗糠仔,16,chho͘-khng-á,tshoo1khng1a2,chhoo1khng1a2,tshookhnga,chhookhnga
tshoo-khng-kak,粗糠壳,16,chho͘-khng-kak,tshoo1khng1kak1,chhoo1khng1kak1,tshookhngkak,chhookhngkak
pùn-ki-tîn,糞箕藤,16,pùn-ki-tîn,pun3ki1tin5,pun3ki1tin5,punkitin,punkitin
âng-lin-tsháu,紅乳草,16,âng-lin-chháu,ang5lin1tshau2,ang5lin1chhau2,anglintshau,anglinchhau
âng-kāu-khak,紅厚殼,16,âng-kāu-khak,ang5kau7khak1,ang5kau7khak1,angkaukhak,angkaukhak
âng-tsí-á,紅子仔,16,âng-chí-á,ang5tsi2a2,ang5chi2a2,angtsia,angchia
âng-sim-á,紅心仔,16,âng-sim-á,ang5sim1a2,ang5sim1a2,angsima,angsima
âng-tshîng-peh,紅松柏,16,âng-chhêng-peh,ang5tshing5peh1,ang5chheng5peh1,angtshingpeh,angchhengpeh
âng-káu-tsan,紅校櫕,16,âng-káu-chan,ang5kau2tsan1,ang5kau2chan1,angkautsan,angkauchan
âng-mn̂g-tsháu,紅毛草,16,âng-mn̂g-chháu,ang5mng5tshau2,ang5mng5chhau2,angmngtshau,angmngchhau
âng-tām-pí,紅淡比,16,âng-tām-pí,ang5tam7pi2,ang5tam7pi2,angtampi,angtampi
âng-tsu-á,紅珠仔,16,âng-chu-á,ang5tsu1a2,ang5chu1a2,angtsua,angchua
âng-tsu-bo̍k,紅珠木,16,âng-chu-bo̍k,ang5tsu1bok8,ang5chu1bok8,angtsubok,angchubok
âng-tshân-oo,紅田烏,16,âng-chhân-o͘,ang5tshan5oo1,ang5chhan5oo1,angtshanoo,angchhanoo
âng-phê-kua,紅皮柯,16,âng-phê-koa,ang5phe5kua1,ang5phe5koa1,angphekua,angphekoa
âng-sia̍h-liû,紅石榴,16,âng-sia̍h-liû,ang5siah8liu5,ang5siah8liu5,angsiahliu,angsiahliu
âng-tsí-soo,紅紫蘇,16,âng-chí-so͘,ang5tsi2soo1,ang5chi2soo1,angtsisoo,angchisoo
âng-bah-tōo,紅肉杜,16,âng-bah-tō͘,ang5bah1too7,ang5bah1too7,angbahtoo,angbahtoo
âng-ka-tang,紅茄苳,16,âng-ka-tang,ang5ka1tang1,ang5ka1tang1,angkatang,angkatang
âng-tshài-thâu,紅菜頭,16,âng-chhài-thâu,ang5tshai3thau5,ang5chhai3thau5,angtshaithau,angchhaithau
âng-pi-muâ,紅蓖麻,16,âng-pi-môa,ang5pi1mua5,ang5pi1moa5,angpimua,angpimoa
âng-ì-á,紅薏仔,16,âng-ì-á,ang5i3a2,ang5i3a2,angia,angia
âng-bīn-huan,紅面番,16,âng-bīn-hoan,ang5bin7huan1,ang5bin7hoan1,angbinhuan,angbinhoan
âng-kut-tsuâ,紅骨蛇,16,âng-kut-chôa,ang5kut1tsua5,ang5kut1choa5,angkuttsua,angkutchoa
âng-hōng-tshài,紅鳳菜,16,âng-hōng-chhài,ang5hong7tshai3,ang5hong7chhai3,anghongtshai,anghongchhai
âng-kue-iû,紅鷄油,16,âng-koe-iû,ang5kue1iu5,ang5koe1iu5,angkueiu,angkoeiu
suè-hio̍h-lâm,細葉楠,16,sòe-hio̍h-lâm,sue3hioh8lam5,soe3hioh8lam5,suehiohlam,soehiohlam
sù-bî-tsháu,絮薇草,16,sù-bî-chháu,su3bi5tshau2,su3bi5chhau2,subitshau,subichhau
si-suànn-tsháu,絲線草,16,si-sòaⁿ-chháu,si1suann3tshau2,si1soann3chhau2,sisuanntshau,sisoannchhau
lik-san-ôo,綠珊瑚,16,lek-san-ô͘,lik1san1oo5,lek1san1oo5,liksanoo,leksanoo
tiû-tshun-hue,綢春花,16,tiû-chhun-hoe,tiu5tshun1hue1,tiu5chhun1hoe1,tiutshunhue,tiuchhunhoe
tàu-piah-hông,罩壁黃,16,tàu-piah-hông,tau3piah1hong5,tau3piah1hong5,taupiahhong,taupiahhong
iûnn-tài-lâi,羊帶來,16,iûⁿ-tài-lâi,iunn5tai3lai5,iunn5tai3lai5,iunntailai,iunntailai
iûnn-kang-tshì,羊牨刺,16,iûⁿ-kang-chhì,iunn5kang1tshi3,iunn5kang1chhi3,iunnkangtshi,iunnkangchhi
iûnn-kak-tāu,羊角豆,16,iûⁿ-kak-tāu,iunn5kak1tau7,iunn5kak1tau7,iunnkaktau,iunnkaktau
gī-nâ-puânn,義藍盤,16,gī-nâ-pôaⁿ,gi7na5puann5,gi7na5poann5,ginapuann,ginapoann
huan-hûn-tsháu,翻魂草,16,hoan-hûn-chháu,huan1hun5tshau2,hoan1hun5chhau2,huanhuntshau,hoanhunchhau
hī-kau-tsháu,耳鉤草,16,hī-kau-chháu,hi7kau1tshau2,hi7kau1chhau2,hikautshau,hikauchhau
ian-tsi-hue,胭脂花,16,ian-chi-hoe,ian1tsi1hue1,ian1chi1hoe1,iantsihue,ianchihoe
kha-bú-tsháu,脚母草,16,kha-bú-chháu,kha1bu2tshau2,kha1bu2chhau2,khabutshau,khabuchhau
kha-bak-tsháu,脚目草,16,kha-bak-chháu,kha1bak1tshau2,kha1bak1chhau2,khabaktshau,khabakchhau
kha-pe̍h-sún,腳白筍,16,kha-pe̍h-sún,kha1peh8sun2,kha1peh8sun2,khapehsun,khapehsun
sàn-huih-tsháu,臭天黃,16,sàn-huih-chháu,san3huih1tshau2,san3huih1chhau2,sanhuihtshau,sanhuihchhau
tshàu-sái-lâm,臭屎楠,16,chhàu-sái-lâm,tshau3sai2lam5,chhau3sai2lam5,tshausailam,chhausailam
tshàu-sái-kue,臭屎瓜,16,chhàu-sái-koe,tshau3sai2kue1,chhau3sai2koe1,tshausaikue,chhausaikoe
tshàu-tshuan-kiong,臭川芎,16,chhàu-chhoan-kiong,tshau3tshuan1kiong1,chhau3chhoan1kiong1,tshautshuankiong,chhauchhoankiong
tshàu-kám-tsháu,臭敢草,16,chhàu-kám-chháu,tshau3kam2tshau2,chhau3kam2chhau2,tshaukamtshau,chhaukamchhau
tshàu-khang-á,臭空仔,16,chhàu-khang-á,tshau3khang1a2,chhau3khang1a2,tshaukhanga,chhaukhanga
tshàu-tsho-tsháu,臭臊草,16,chhàu-chho-chháu,tshau3tsho1tshau2,chhau3chho1chhau2,tshautshotshau,chhauchhochhau
tshàu-phû-iông,臭芙蓉,16,chhàu-phû-iông,tshau3phu5iong5,chhau3phu5iong5,tshauphuiong,chhauphuiong
ōo-koo-tsháu,芋菰草,16,ō͘-ko͘-chháu,oo7koo1tshau2,oo7koo1chhau2,ookootshau,ookoochhau
khóo-līng-kang,苦楝江,16,khó͘-lēng-kang,khoo2ling7kang1,khoo2leng7kang1,khoolingkang,khoolengkang
khóo-līng-kū,苦楝舅,16,khó͘-lēng-kū,khoo2ling7ku7,khoo2leng7ku7,khoolingku,khoolengku
khóo-kue-tsháu,苦瓜草,16,khó͘-koe-chháu,khoo2kue1tshau2,khoo2koe1chhau2,khookuetshau,khookoechhau
khóo-nâ-puânn,苦藍盤,16,khó͘-nâ-pôaⁿ,khoo2na5puann5,khoo2na5poann5,khoonapuann,khoonapoann
ing-á-tsháu,英仔草,16,eng-á-chháu,ing1a2tshau2,eng1a2chhau2,ingatshau,engachhau
tang-e-tshài,苳萵菜,16,tang-e-chhài,tang1e1tshai3,tang1e1chhai3,tangetshai,tangechhai
hm̂-á-tsháu,茅仔草,16,hm̂-á-chháu,hm5a2tshau2,hm5a2chhau2,hmatshau,hmachhau
bâ-lî-tik,茅茹竹,16,bâ-lî-tek,ba5li5tik1,ba5li5tek1,balitik,balitek
ba̍k-nī-hue,茉莉花,16,ba̍k-nī-hoe,bak8ni7hue1,bak8ni7hoe1,baknihue,baknihoe
ka-pe̍h-sún,茭白筍,16,ka-pe̍h-sún,ka1peh8sun2,ka1peh8sun2,kapehsun,kapehsun
tê-sî-hông,茶匙黃,16,tê-sî-hông,te5si5hong5,te5si5hong5,tesihong,tesihong
tê-bí-tsháu,茶米草,16,tê-bí-chháu,te5bi2tshau2,te5bi2chhau2,tebitshau,tebichhau
tê-si-hông,茶絲黃,16,tê-si-hông,te5si1hong5,te5si1hong5,tesihong,tesihong
tâng-o-tshài,茼萵菜,16,tâng-o-chhài,tang5o1tshai3,tang5o1chhai3,tangotshai,tangochhai
hô-lân-tsû,荷蘭薯,16,hô-lân-chû,ho5lan5tsu5,ho5lan5chu5,holantsu,holanchu
ho-lin-tāu,荷蘭豆,16,ho-lin-tāu,ho1lin1tau7,ho1lin1tau7,holintau,holintau
tshinn-hong-tsháu,菁方草,16,chhiⁿ-hong-chháu,tshinn1hong1tshau2,chhinn1hong1chhau2,tshinnhongtshau,chhinnhongchhau
kiok-hue-bo̍k,菊花木,16,kiok-hoe-bo̍k,kiok1hue1bok8,kiok1hoe1bok8,kiokhuebok,kiokhoebok
tshài-to-tāu,菜刀豆,16,chhài-to-tāu,tshai3to1tau7,chhai3to1tau7,tshaitotau,chhaitotau
tshài-tsháu-thâu,菜草頭,16,chhài-chháu-thâu,tshai3tshau2thau5,chhai3chhau2thau5,tshaitshauthau,chhaichhauthau
bān-siū-kó,萬壽果,16,bān-siū-kó,ban7siu7ko2,ban7siu7ko2,bansiuko,bansiuko
bān-liân-siông,萬年松,16,bān-liân-siông,ban7lian5siong5,ban7lian5siong5,banliansiong,banliansiong
bān-kun-tsháu,萬斤草,16,bān-kun-chháu,ban7kun1tshau2,ban7kun1chhau2,bankuntshau,bankunchhau
bān-thô-hue,萬桃花,16,bān-thô-hoe,ban7tho5hue1,ban7tho5hoe1,banthohue,banthohoe
bān-tiám-kim,萬點金,16,bān-tiám-kim,ban7tiam2kim1,ban7tiam2kim1,bantiamkim,bantiamkim
e-á-tshài,萵仔菜,16,e-á-chhài,e1a2tshai3,e1a2chhai3,eatshai,eachhai
pián-thiok-tsháu,萹蓄草,16,pián-thiok-chháu,pian2thiok1tshau2,pian2thiok1chhau2,pianthioktshau,pianthiokchhau
lo̍h-khak-tsan,落殼櫕,16,lo̍h-khak-chan,loh8khak1tsan1,loh8khak1chan1,lohkhaktsan,lohkhakchan
hio̍h-ē-tsu,葉下珠,16,hio̍h-ē-chu,hioh8e7tsu1,hioh8e7chu1,hiohetsu,hiohechu
hio̍h-ē-pe̍h,葉下白,16,hio̍h-ē-pe̍h,hioh8e7peh8,hioh8e7peh8,hiohepeh,hiohepeh
hio̍h-ē-âng,葉下紅,16,hio̍h-ē-âng,hioh8e7ang5,hioh8e7ang5,hioheang,hioheang
kuah-tîn-tsháu,葛藤草,16,koah-tîn-chháu,kuah1tin5tshau2,koah1tin5chhau2,kuahtintshau,koahtinchhau
hô-lôo-pû,葫蘆匏,16,hô-lô͘-pû,ho5loo5pu5,ho5loo5pu5,holoopu,holoopu
pôo-kong-ing,蒲公英,16,pô͘-kong-eng,poo5kong1ing1,poo5kong1eng1,pookonging,pookongeng
kuà-tshiú-hiunn,蓋手香,16,kòa-chhiú-hiuⁿ,kua3tshiu2hiunn1,koa3chhiu2hiunn1,kuatshiuhiunn,koachhiuhiunn
pi-muâ-á,蓖麻仔,16,pi-môa-á,pi1mua5a2,pi1moa5a2,pimuaa,pimoaa
liân-tsiau-hue,蓮蕉花,16,liân-chiau-hoe,lian5tsiau1hue1,lian5chiau1hoe1,liantsiauhue,lianchiauhoe
tshuà-pán-tsháu,蔡板草,16,chhòa-pán-chháu,tshua3pan2tshau2,chhoa3pan2chhau2,tshuapantshau,chhoapanchhau
huan-á-tshì,蕃仔刺,16,hoan-á-chhì,huan1a2tshi3,hoan1a2chhi3,huanatshi,hoanachhi
huan-á-uan,蕃仔灣,16,hoan-á-oan,huan1a2uan1,hoan1a2oan1,huanauan,hoanaoan
huan-á-hue,蕃仔花,16,hoan-á-hoe,huan1a2hue1,hoan1a2hoe1,huanahue,hoanahoe
huan-á-tîn,蕃仔藤,16,hoan-á-tîn,huan1a2tin5,hoan1a2tin5,huanatin,hoanatin
huan-á-tāu,蕃仔豆,16,hoan-á-tāu,huan1a2tau7,hoan1a2tau7,huanatau,hoanatau
huan-tshì-á,蕃刺仔,16,hoan-chhì-á,huan1tshi3a2,hoan1chhi3a2,huantshia,hoanchhia
huan-pô-uân,蕃婆怨,16,hoan-pô-oân,huan1po5uan5,hoan1po5oan5,huanpouan,hoanpooan
huan-pô-tshiū,蕃婆樹,16,hoan-pô-chhiū,huan1po5tshiu7,hoan1po5chhiu7,huanpotshiu,hoanpochhiu
huan-pô-uan,蕃婆灣,16,hoan-pô-oan,huan1po5uan1,hoan1po5oan1,huanpouan,hoanpooan
han-tsû-kū,蕃薯舅,16,han-chû-kū,han1tsu5ku7,han1chu5ku7,hantsuku,hanchuku
keh-niau-tsháu,蕨猫草,16,keh-niau-chháu,keh1niau1tshau2,keh1niau1chhau2,kehniautshau,kehniauchhau
po̍h-kiunn-á,薄姜仔,16,po̍h-kiuⁿ-á,poh8kiunn1a2,poh8kiunn1a2,pohkiunna,pohkiunna
hóo-kā-hông,虎咬廣,16,hó͘-kā-hông,hoo2ka7hong5,hoo2ka7hong5,hookahong,hookahong
hóo-kā-hông,虎咬癀,16,hó͘-kā-hông,hoo2ka7hong5,hoo2ka7hong5,hookahong,hookahong
hóo-bé-lân,虎尾蘭,16,hó͘-bé-lân,hoo2be2lan5,hoo2be2lan5,hoobelan,hoobelan
hóo-m̂-tshì,虎梅刺,16,hó͘-m̂-chhì,hoo2m5tshi3,hoo2m5chhi3,hoomtshi,hoomchhi
hóo-jiáu-tāu,虎爪豆,16,hó͘-jiáu-tāu,hoo2jiau2tau7,hoo2jiau2tau7,hoojiautau,hoojiautau
hóo-phê-lâm,虎皮楠,16,hó͘-phê-lâm,hoo2phe5lam5,hoo2phe5lam5,hoophelam,hoophelam
hôo-hī-tsháu,虎耳草,16,hô͘-hī-chháu,hoo5hi7tshau2,hoo5hi7chhau2,hoohitshau,hoohichhau
hóo-thâu-kam,虎頭柑,16,hó͘-thâu-kam,hoo2thau5kam1,hoo2thau5kam1,hoothaukam,hoothaukam
sat-bú-tsí,虱母子,16,sat-bú-chí,sat1bu2tsi2,sat1bu2chi2,satbutsi,satbuchi
sat-bú-thâu,虱母頭,16,sat-bú-thâu,sat1bu2thau5,sat1bu2thau5,satbuthau,satbuthau
sat-pìn-tsháu,虱篦草,16,sat-pìn-chháu,sat1pin3tshau2,sat1pin3chhau2,satpintshau,satpinchhau
báng-á-hun,蚊仔煙,16,báng-á-hun,bang2a2hun1,bang2a2hun1,bangahun,bangahun
juā-á-tsháu,蚋仔草,16,jōa-á-chháu,jua7a2tshau2,joa7a2chhau2,juaatshau,joaachhau
juē-á-tsháu,蚋仔草,16,jōe-á-chháu,jue7a2tshau2,joe7a2chhau2,jueatshau,joeachhau
tsuâ-tsi̍h-hông,蛇舌黃,16,chôa-chi̍h-hông,tsua5tsih8hong5,choa5chih8hong5,tsuatsihhong,choachihhong
ngôo-bî-tāu,蛾眉豆,16,ngô͘-bî-tāu,ngoo5bi5tau7,ngoo5bi5tau7,ngoobitau,ngoobitau
giâ-kang-tsháu,蜈蚣草,16,giâ-kang-chháu,gia5kang1tshau2,gia5kang1chhau2,giakangtshau,giakangchhau
hê-kong-tshiu,蝦公鬚,16,hê-kong-chhiu,he5kong1tshiu1,he5kong1chhiu1,hekongtshiu,hekongchhiu
hê-koo-tsháu,蝦蛄草,16,hê-ko͘-chháu,he5koo1tshau2,he5koo1chhau2,hekootshau,hekoochhau
ôo-tia̍p-lân,蝴蝶蘭,16,ô͘-tia̍p-lân,oo5tiap8lan5,oo5tiap8lan5,ootiaplan,ootiaplan
hôo-sîn-si̍t,蝴蠅翼,16,hô͘-sîn-si̍t,hoo5sin5sit8,hoo5sin5sit8,hoosinsit,hoosinsit
ia̍h-á-tsháu,蝶仔草,16,ia̍h-á-chháu,iah8a2tshau2,iah8a2chhau2,iahatshau,iahachhau
tsîm-kóng-tshài,蟳管菜,16,chîm-kóng-chhài,tsim5kong2tshai3,chim5kong2chhai3,tsimkongtshai,chimkongchhai
sîn-si̍t-tsháu,蠅翼草,16,sîn-si̍t-chháu,sin5sit8tshau2,sin5sit8chhau2,sinsittshau,sinsitchhau
ô-khak-á,蠔殼仔,16,ô-khak-á,o5khak1a2,o5khak1a2,okhaka,okhaka
niû-á-tshiū,蠶仔樹,16,niû-á-chhiū,niu5a2tshiu7,niu5a2chhiu7,niuatshiu,niuachhiu
kiàn-hông-hông,見紅黃,16,kiàn-hông-hông,kian3hong5hong5,kian3hong5hong5,kianhonghong,kianhonghong
kuan-im-tik,觀音竹,16,koan-im-tek,kuan1im1tik1,koan1im1tek1,kuanimtik,koanimtek
piàn-tē-hut,變地忽,16,piàn-tē-hut,pian3te7hut1,pian3te7hut1,piantehut,piantehut
ti-sái-tshài,豬屎菜,16,ti-sái-chhài,ti1sai2tshai3,ti1sai2chhai3,tisaitshai,tisaichhai
ti-tshài-tsháu,豬菜草,16,ti-chhài-chháu,ti1tshai3tshau2,ti1chhai3chhau2,titshaitshau,tichhaichhau
niau-kong-tshi,貓公刺,16,niau-kong-chhi,niau1kong1tshi1,niau1kong1chhi1,niaukongtshi,niaukongchhi
tsha̍t-á-tshiū,賊仔樹,16,chha̍t-á-chhiū,tshat8a2tshiu7,chhat8a2chhiu7,tshatatshiu,chhatachhiu
sù-bí-tsháu,賜米草,16,sù-bí-chháu,su3bi2tshau2,su3bi2chhau2,subitshau,subichhau
tshiah-kun-tshài,赤根菜,16,chhiah-kun-chhài,tshiah1kun1tshai3,chhiah1kun1chhai3,tshiahkuntshai,chhiahkunchhai
tshiah-huih-á,赤血仔,16,chhiah-huih-á,tshiah1huih1a2,chhiah1huih1a2,tshiahhuiha,chhiahhuiha
tsáu-bé-thai,走馬胎,16,cháu-bé-thai,tsau2be2thai1,chau2be2thai1,tsaubethai,chaubethai
ku-tsiân-tsháu,車前草,16,ku-chiân-chháu,ku1tsian5tshau2,ku1chian5chhau2,kutsiantshau,kuchianchhau
kiō-kǹg-tik,轎槓竹,16,kiō-kǹg-tek,kio7kng3tik1,kio7kng3tek1,kiokngtik,kiokngtek
kè-suann-hiunn,過山香,16,kè-soaⁿ-hiuⁿ,ke3suann1hiunn1,ke3soann1hiunn1,kesuannhiunn,kesoannhiunn
kuè-suann-lîng,過山龍,16,kòe-soaⁿ-lêng,kue3suann1ling5,koe3soann1leng5,kuesuannling,koesoannleng
kè-kang-lîng,過江龍,16,kè-kang-lêng,ke3kang1ling5,ke3kang1leng5,kekangling,kekangleng
ké-kau-tshái,過溝菜,16,ké-kau-chhái,ke2kau1tshai2,ke2kau1chhai2,kekautshai,kekauchhai
kè-kau-lîng,過溝龍,16,kè-kau-lêng,ke3kau1ling5,ke3kau1leng5,kekauling,kekauleng
sik-kia-kó,釋迦果,16,sek-kia-kó,sik1kia1ko2,sek1kia1ko2,sikkiako,sekkiako
kim-put-huàn,金不換,16,kim-put-hoàn,kim1put1huan3,kim1put1hoan3,kimputhuan,kimputhoan
kim-tsài-kau,金再鈎,16,kim-chài-kau,kim1tsai3kau1,kim1chai3kau1,kimtsaikau,kimchaikau
kim-kiàm-tsháu,金劍草,16,kim-kiàm-chháu,kim1kiam3tshau2,kim1kiam3chhau2,kimkiamtshau,kimkiamchhau
kim-ha̍p-huan,金合歡,16,kim-ha̍p-hoan,kim1hap8huan1,kim1hap8hoan1,kimhaphuan,kimhaphoan
kim-siā-liû,金榭榴,16,kim-siā-liû,kim1sia7liu5,kim1sia7liu5,kimsialiu,kimsialiu
kim-tsio̍h-ha̍k,金石斛,16,kim-chio̍h-ha̍k,kim1tsioh8hak8,kim1chioh8hak8,kimtsiohhak,kimchiohhak
kim-sia̍h-liû,金石榴,16,kim-sia̍h-liû,kim1siah8liu5,kim1siah8liu5,kimsiahliu,kimsiahliu
kim-tsio̍h-uí,金石韋,16,kim-chio̍h-úi,kim1tsioh8ui2,kim1chioh8ui2,kimtsiohui,kimchiohui
kim-suànn-liân,金線蓮,16,kim-sòaⁿ-liân,kim1suann3lian5,kim1soann3lian5,kimsuannlian,kimsoannlian
kim-hī-tuī,金耳墜,16,kim-hī-tūi,kim1hi7tui7,kim1hi7tui7,kimhitui,kimhitui
kim-tsiam-tshài,金針菜,16,kim-chiam-chhài,kim1tsiam1tshai3,kim1chiam1chhai3,kimtsiamtshai,kimchiamchhai
kim-gûn-hue,金銀花,16,kim-gûn-hoe,kim1gun5hue1,kim1gun5hoe1,kimgunhue,kimgunhoe
kim-só-sî,金鎖匙,16,kim-só-sî,kim1so2si5,kim1so2si5,kimsosi,kimsosi
kim-hî-tsháu,金魚草,16,kim-hî-chháu,kim1hi5tshau2,kim1hi5chhau2,kimhitshau,kimhichhau
kim-ku-tshiū,金龜樹,16,kim-ku-chhiū,kim1ku1tshiu7,kim1ku1chhiu7,kimkutshiu,kimkuchhiu
liú-á-kiô,鈕仔茄,16,liú-á-kiô,liu2a2kio5,liu2a2kio5,liuakio,liuakio
tshìng-tshn̂g-lâm,銃床楠,16,chhèng-chhn̂g-lâm,tshing3tshng5lam5,chheng3chhng5lam5,tshingtshnglam,chhengchhnglam
kim-hī-tsháu,錦耳草,16,kim-hī-chháu,kim1hi7tshau2,kim1hi7chhau2,kimhitshau,kimhichhau
thih-sái-lâm,鐵屎楠,16,thih-sái-lâm,thih1sai2lam5,thih1sai2lam5,thihsailam,thihsailam
thih-kûn-thâu,鐵拳頭,16,thih-kûn-thâu,thih1kun5thau5,thih1kun5thau5,thihkunthau,thihkunthau
thih-bo̍k-kùn,鐵木棍,16,thih-bo̍k-kùn,thih1bok8kun3,thih1bok8kun3,thihbokkun,thihbokkun
thih-sik-tshiū,鐵色樹,16,thih-sek-chhiū,thih1sik1tshiu7,thih1sek1chhiu7,thihsiktshiu,thihsekchhiu
thih-tiò-kuann,鐵釣竿,16,thih-tiò-koaⁿ,thih1tio3kuann1,thih1tio3koann1,thihtiokuann,thihtiokoann
thih-kau-tsháu,鐵鉤草,16,thih-kau-chháu,thih1kau1tshau2,thih1kau1chhau2,thihkautshau,thihkauchhau
thih-hōo-suànn,鐵雨傘,16,thih-hō͘-sòaⁿ,thih1hoo7suann3,thih1hoo7soann3,thihhoosuann,thihhoosoann
thih-bí-pinn,鐵馬鞭,16,thih-bí-piⁿ,thih1bi2pinn1,thih1bi2pinn1,thihbipinn,thihbipinn
thih-kut-mn̂g,鐵骨毛,16,thih-kut-mn̂g,thih1kut1mng5,thih1kut1mng5,thihkutmng,thihkutmng
tn̂g-ki-á,長枝仔,16,tn̂g-ki-á,tng5ki1a2,tng5ki1a2,tngkia,tngkia
khui-pî-tsháu,開脾草,16,khui-pî-chháu,khui1pi5tshau2,khui1pi5chhau2,khuipitshau,khuipichhau
kuan-to-tāu,關刀豆,16,koan-to-tāu,kuan1to1tau7,koan1to1tau7,kuantotau,koantotau
a-lí-sim,阿里參,16,a-lí-sim,a1li2sim1,a1li2sim1,alisim,alisim
sang-bīn-tshì,雙面刺,16,sang-bīn-chhì,sang1bin7tshi3,sang1bin7chhi3,sangbintshi,sangbinchhi
hōo-suànn-á,雨傘仔,16,hō͘-sòaⁿ-á,hoo7suann3a2,hoo7soann3a2,hoosuanna,hoosoanna
hōo-suànn-á,雨傘子,16,hō͘-sòaⁿ-á,hoo7suann3a2,hoo7soann3a2,hoosuanna,hoosoanna
luî-kong-tshìng,雷公銃,16,lûi-kong-chhèng,lui5kong1tshing3,lui5kong1chheng3,luikongtshing,luikongchheng
tshinn-ba̍k-hiunn,青木香,16,chhiⁿ-ba̍k-hiuⁿ,tshinn1bak8hiunn1,chhinn1bak8hiunn1,tshinnbakhiunn,chhinnbakhiunn
tshinn-phê-tāu,青皮豆,16,chhiⁿ-phê-tāu,tshinn1phe5tau7,chhinn1phe5tau7,tshinnphetau,chhinnphetau
tshinn-o-tsháu,青萵草,16,chhiⁿ-o-chháu,tshinn1o1tshau2,chhinn1o1chhau2,tshinnotshau,chhinnochhau
bîn-thâu-ké,面頭菓,16,bîn-thâu-ké,bin5thau5ke2,bin5thau5ke2,binthauke,binthauke
bīn-thâu-ké,面頭菓,16,bīn-thâu-ké,bin7thau5ke2,bin7thau5ke2,binthauke,binthauke
ām-sê-tāu,頷垂豆,16,ām-sê-tāu,am7se5tau7,am7se5tau7,amsetau,amsetau
hong-put-tōng,風不動,16,hong-put-tōng,hong1put1tong7,hong1put1tong7,hongputtong,hongputtong
hong-thai-tsháu,風颱草,16,hong-thai-chháu,hong1thai1tshau2,hong1thai1chhau2,hongthaitshau,hongthaichhau
bé-kháu-tshiū,馬口樹,16,bé-kháu-chhiū,be2khau2tshiu7,be2khau2chhiu7,bekhautshiu,bekhauchhiu
bé-bé-si,馬尾絲,16,bé-bé-si,be2be2si1,be2be2si1,bebesi,bebesi
bé-tê-kim,馬蹄金,16,bé-tê-kim,be2te5kim1,be2te5kim1,betekim,betekim
bé-uann-tîn,馬鞍藤,16,bé-oaⁿ-tîn,be2uann1tin5,be2oann1tin5,beuanntin,beoanntin
bé-pinn-tsháu,馬鞭草,16,bé-piⁿ-chháu,be2pinn1tshau2,be2pinn1chhau2,bepinntshau,bepinnchhau
bé-khí-tāu,馬齒豆,16,bé-khí-tāu,be2khi2tau7,be2khi2tau7,bekhitau,bekhitau
kut-tshuì-pòo,骨碎補,16,kut-chhùi-pò͘,kut1tshui3poo3,kut1chhui3poo3,kuttshuipoo,kutchhuipoo
kuâinn-tshiûnn-iū,高墻柚,16,koâiⁿ-chhiûⁿ-iū,kuainn5tshiunn5iu7,koainn5chhiunn5iu7,kuainntshiunniu,koainnchhiunniu
ko-lê-tshài,高麗菜,16,ko-lê-chhài,ko1le5tshai3,ko1le5chhai3,koletshai,kolechhai
kuí-liú-kun,鬼柳根,16,kúi-liú-kun,kui2liu2kun1,kui2liu2kun1,kuiliukun,kuiliukun
hî-tsho-tsháu,魚臊草,16,hî-chho-chháu,hi5tsho1tshau2,hi5chho1chhau2,hitshotshau,hichhochhau
hî-tsiam-tsháu,魚針草,16,hî-chiam-chháu,hi5tsiam1tshau2,hi5chiam1chhau2,hitsiamtshau,hichiamchhau
hî-liu-tsháu,魚鰌草,16,hî-liu-chháu,hi5liu1tshau2,hi5liu1chhau2,hiliutshau,hiliuchhau
lóo-huà-tshiū,魯化樹,16,ló͘-hòa-chhiū,loo2hua3tshiu7,loo2hoa3chhiu7,loohuatshiu,loohoachhiu
tsit-á-tánn,鯽仔膽,16,chit-á-táⁿ,tsit1a2tann2,chit1a2tann2,tsitatann,chitatann
tsit-hî-tánn,鯽魚膽,16,chit-hî-táⁿ,tsit1hi5tann2,chit1hi5tann2,tsithitann,chithitann
hau-khak-tshì,鱟壳刺,16,hau-khak-chhì,hau1khak1tshi3,hau1khak1chhi3,haukhaktshi,haukhakchhi
hāu-khak-tshì,鱟壳刺,16,hāu-khak-chhì,hau7khak1tshi3,hau7khak1chhi3,haukhaktshi,haukhakchhi
hāu-khak-tîn,鱟壳藤,16,hāu-khak-tîn,hau7khak1tin5,hau7khak1tin5,haukhaktin,haukhaktin
tsiáu-á-hue,鳥仔花,16,chiáu-á-hoe,tsiau2a2hue1,chiau2a2hoe1,tsiauahue,chiauahoe
tsiáu-á-tāu,鳥仔豆,16,chiáu-á-tāu,tsiau2a2tau7,chiau2a2tau7,tsiauatau,chiauatau
tsiáu-sái-tshîng,鳥屎榕,16,chiáu-sái-chhêng,tsiau2sai2tshing5,chiau2sai2chheng5,tsiausaitshing,chiausaichheng
tsiáu-kiān-hue,鳥腱花,16,chiáu-kiān-hoe,tsiau2kian7hue1,chiau2kian7hoe1,tsiaukianhue,chiaukianhoe
tsiáu-ta̍h-tshì,鳥踏刺,16,chiáu-ta̍h-chhì,tsiau2tah8tshi3,chiau2tah8chhi3,tsiautahtshi,chiautahchhi
hōng-bé-tik,鳳尾竹,16,hōng-bé-tek,hong7be2tik1,hong7be2tek1,hongbetik,hongbetek
hōng-bé-pit,鳳尾筆,16,hōng-bé-pit,hong7be2pit1,hong7be2pit1,hongbepit,hongbepit
hōng-bé-tsháu,鳳尾草,16,hōng-bé-chháu,hong7be2tshau2,hong7be2chhau2,hongbetshau,hongbechhau
hōng-bé-hông,鳳尾黃,16,hōng-bé-hông,hong7be2hong5,hong7be2hong5,hongbehong,hongbehong
ah-tshuì-hông,鴨嘴黃,16,ah-chhùi-hông,ah1tshui3hong5,ah1chhui3hong5,ahtshuihong,ahchhuihong
ap-bú-tshiū,鴨母樹,16,ap-bú-chhiū,ap1bu2tshiu7,ap1bu2chhiu7,apbutshiu,apbuchhiu
ah-bú-tsu,鴨母珠,16,ah-bú-chu,ah1bu2tsu1,ah1bu2chu1,ahbutsu,ahbuchu
ah-bú-tsháu,鴨母草,16,ah-bú-chháu,ah1bu2tshau2,ah1bu2chhau2,ahbutshau,ahbuchhau
ah-kiān-tîn,鴨腱藤,16,ah-kiān-tîn,ah1kian7tin5,ah1kian7tin5,ahkiantin,ahkiantin
ah-kha-pê,鴨腳筢,16,ah-kha-pê,ah1kha1pe5,ah1kha1pe5,ahkhape,ahkhape
ah-kha-sué,鴨腳黍,16,ah-kha-sóe,ah1kha1sue2,ah1kha1soe2,ahkhasue,ahkhasoe
ah-tsi̍h-tsháu,鴨舌草,16,ah-chi̍h-chháu,ah1tsih8tshau2,ah1chih8chhau2,ahtsihtshau,ahchihchhau
ah-chi̍h-hông,鴨舌黃,16,ah-chi̍h-hông,ah1chih8hong5,ah1chih8hong5,ahchihhong,ahchihhong
ah-tsih-hông,鴨舌黃,16,ah-chih-hông,ah1tsih1hong5,ah1chih1hong5,ahtsihhong,ahchihhong
ah-tsi̍h-hông,鴨舌黃,16,ah-chi̍h-hông,ah1tsih8hong5,ah1chih8hong5,ahtsihhong,ahchihhong
ah-tuê-tsháu,鴨蹄草,16,ah-tôe-chháu,ah1tue5tshau2,ah1toe5chhau2,ahtuetshau,ahtoechhau
ap-mâ-kua̍t,鴨麻瓜,16,ap-mâ-koa̍t,ap1ma5kuat8,ap1ma5koat8,apmakuat,apmakoat
giâ-á-tsháu,鵞仔草,16,giâ-á-chháu,gia5a2tshau2,gia5a2chhau2,giaatshau,giaachhau
giâ-á-tshài,鵞仔菜,16,giâ-á-chhài,gia5a2tshai3,gia5a2chhai3,giaatshai,giaachhai
keh-tsiáu-hue,鵲鳥花,16,keh-chiáu-hoe,keh1tsiau2hue1,keh1chiau2hoe1,kehtsiauhue,kehchiauhoe
ing-jiáu-thô,鶯爪桃,16,eng-jiáu-thô,ing1jiau2tho5,eng1jiau2tho5,ingjiautho,engjiautho
kue-kè-hue,鷄冠花,16,koe-kè-hoe,kue1ke3hue1,koe1ke3hoe1,kuekehue,koekehoe
kue-sái-tîn,鷄屎藤,16,koe-sái-tîn,kue1sai2tin5,koe1sai2tin5,kuesaitin,koesaitin
kue-bú-tsú,鷄母子,16,koe-bú-chú,kue1bu2tsu2,koe1bu2chu2,kuebutsu,koebuchu
kue-bú-tsu,鷄母珠,16,koe-bú-chu,kue1bu2tsu1,koe1bu2chu1,kuebutsu,koebuchu
kue-jiáu-lân,鷄爪蘭,16,koe-jiáu-lân,kue1jiau2lan5,koe1jiau2lan5,kuejiaulan,koejiaulan
kue-kha-tsháu,鷄脚草,16,koe-kha-chháu,kue1kha1tshau2,koe1kha1chhau2,kuekhatshau,koekhachhau
kue-kha-lân,鷄脚蘭,16,koe-kha-lân,kue1kha1lan5,koe1kha1lan5,kuekhalan,koekhalan
kue-tn̂g-tsháu,鷄腸草,16,koe-tn̂g-chháu,kue1tng5tshau2,koe1tng5chhau2,kuetngtshau,koetngchhau
kue-tsih-hông,鷄舌黃,16,koe-chih-hông,kue1tsih1hong5,koe1chih1hong5,kuetsihhong,koechihhong
kue-tsi̍h-hông,鷄舌黃,16,koe-chi̍h-hông,kue1tsih8hong5,koe1chih8hong5,kuetsihhong,koechihhong
kue-phang-tîn,鷄香藤,16,koe-phang-tîn,kue1phang1tin5,koe1phang1tin5,kuephangtin,koephangtin
kue-kut-hông,鷄骨癀,16,koe-kut-hông,kue1kut1hong5,koe1kut1hong5,kuekuthong,koekuthong
kue-kak-kong,鷄鵤公,16,koe-kak-kong,kue1kak1kong1,koe1kak1kong1,kuekakkong,koekakkong
ing-hio̍h-tshì,鷹葉刺,16,eng-hio̍h-chhì,ing1hioh8tshi3,eng1hioh8chhi3,inghiohtshi,enghiohchhi
iâm-tang-hue,鹽東花,16,iâm-tang-hoe,iam5tang1hue1,iam5tang1hoe1,iamtanghue,iamtanghoe
iâm-sng-á,鹽桑仔,16,iâm-sng-á,iam5sng1a2,iam5sng1a2,iamsnga,iamsnga
iâm-sng-tsháu,鹽酸草,16,iâm-sng-chháu,iam5sng1tshau2,iam5sng1chhau2,iamsngtshau,iamsngchhau
lo̍k-á-tshiū,鹿仔樹,16,lo̍k-á-chhiū,lok8a2tshiu7,lok8a2chhiu7,lokatshiu,lokachhiu
lo̍k-á-tshài,鹿仔菜,16,lo̍k-á-chhài,lok8a2tshai3,lok8a2chhai3,lokatshai,lokachhai
lo̍k-jiông-tshàu,鹿茸草,16,lo̍k-jiông-chhàu,lok8jiong5tshau3,lok8jiong5chhau3,lokjiongtshau,lokjiongchhau
beh-suī-hong,麥穗黃,16,beh-sūi-hong,beh1sui7hong1,beh1sui7hong1,behsuihong,behsuihong
bi̍k-bûn-tong,麥門冬,16,be̍k-bûn-tong,bik8bun5tong1,bek8bun5tong1,bikbuntong,bekbuntong
n̂g-sim-á,黃心仔,16,n̂g-sim-á,ng5sim1a2,ng5sim1a2,ngsima,ngsima
n̂g-ki-hue,黃枝花,16,n̂g-ki-hoe,ng5ki1hue1,ng5ki1hoe1,ngkihue,ngkihoe
n̂g-tsuí-kiô,黃水茄,16,n̂g-chúi-kiô,ng5tsui2kio5,ng5chui2kio5,ngtsuikio,ngchuikio
n̂g-ba̍k-tsí,黃目子,16,n̂g-ba̍k-chí,ng5bak8tsi2,ng5bak8chi2,ngbaktsi,ngbakchi
n̂g-bah-tshiū,黃肉樹,16,n̂g-bah-chhiū,ng5bah1tshiu7,ng5bah1chhiu7,ngbahtshiu,ngbahchhiu
n̂g-ôo-ia̍p,黃蝴蝶,16,n̂g-ô͘-ia̍p,ng5oo5iap8,ng5oo5iap8,ngooiap,ngooiap
n̂g-kim-kuì,黃金桂,16,n̂g-kim-kùi,ng5kim1kui3,ng5kim1kui3,ngkimkui,ngkimkui
oo-ba̍k-á,黑目仔,16,o͘-ba̍k-á,oo1bak8a2,oo1bak8a2,oobaka,oobaka
pih-á-tsháu,鼈仔草,16,pih-á-chháu,pih1a2tshau2,pih1a2chhau2,pihatshau,pihachhau
tiann-tshuè-tîn,鼎刷藤,16,tiaⁿ-chhòe-tîn,tiann1tshue3tin5,tiann1chhoe3tin5,tianntshuetin,tiannchhoetin
tiann-tshe-tîn,鼎炊藤,16,tiaⁿ-chhe-tîn,tiann1tshe1tin5,tiann1chhe1tin5,tianntshetin,tiannchhetin
tshú-bé-hông,鼠尾紅,16,chhú-bé-hông,tshu2be2hong5,chhu2be2hong5,tshubehong,chhubehong
tsháu-bé-hông,鼠尾黃,16,chháu-bé-hông,tshau2be2hong5,chhau2be2hong5,tshaubehong,chhaubehong
tshú-bé-hông,鼠尾黃,16,chhú-bé-hông,tshu2be2hong5,chhu2be2hong5,tshubehong,chhubehong
tshú-kun-hông,鼠筋黃,16,chhú-kun-hông,tshu2kun1hong5,chhu2kun1hong5,tshukunhong,chhukunhong
tshú-khak-tsháu,鼠麴草,16,chhú-khak-chháu,tshu2khak1tshau2,chhu2khak1chhau2,tshukhaktshau,chhukhakchhau
lîng-thòo-tsu,龍吐珠,16,lêng-thò͘-chu,ling5thoo3tsu1,leng5thoo3chu1,lingthootsu,lengthoochu
lîng-tsi̍h-hông,龍舌黃,16,lêng-chi̍h-hông,ling5tsih8hong5,leng5chih8hong5,lingtsihhong,lengchihhong
lîng-tsûn-hue,龍船花,16,lêng-chûn-hoe,ling5tsun5hue1,leng5chun5hoe1,lingtsunhue,lengchunhoe
lîng-tshiu-tîn,龍鬚藤,16,lêng-chhiu-tîn,ling5tshiu1tin5,leng5chhiu1tin5,lingtshiutin,lengchhiutin
lîng-lân-tsháu,龍麟草,16,lêng-lân-chháu,ling5lan5tshau2,leng5lan5chhau2,linglantshau,lenglanchhau
tsu̍t-bí-tsháu,𥟇米草,16,chu̍t-bí-chháu,tsut8bi2tshau2,chut8bi2chhau2,tsutbitshau,chutbichhau
tāi-hî-lân,𩻸魚鱗,16,tāi-hî-lân,tai7hi5lan5,tai7hi5lan5,taihilan,taihilan
