漢字,異用字,TL
一,蜀,
一,壹,
一世人,一世儂,tsi̍t-sì-lâng
人,儂,
人人,儂儂,lâng-lâng
十二生相,十二生肖,tsa̍p-jī senn-siùnn/tsa̍p-lī sinn-siùnn
人工,儂工,lâng-kang
人才,儂才,lâng-tsâi
刁工,挑工,thiau-kang
八字跤,八字骹,pat-jī-kha/pat-lī-kha
八字跤,八字腳,pat-jī-kha/pat-lī-kha
二步七仔,二步拭仔,--jī-pōo-tshit-á/--lī-pōo-tshit-á
二步七仔,兩步拭仔,--jī-pōo-tshit-á/--lī-pōo-tshit-á
人客,儂客,lâng-kheh
刁故意,挑故意,tiau-kòo-ì
人面,儂面,lâng-bīn
入厝,入茨,ji̍p-tshù/li̍p-tshù
七娘媽生,七娘嬤生,Tshit-niû-má-senn/Tshit-niû-má-sinn
人家厝仔,人家茨仔,jîn-ke-tshù-á/lîn-ke-tshù-á
人參,人蔘,jîn-sim/lîn-sim
又閣,又更,iū-koh
又閣,又復,iū-koh
又閣,又擱,iū-koh
人影,儂影,lâng-iánn
人緣,儂緣,lâng-iân
人頭,儂頭,lâng-thâu
上,尚,
千,仟,
丈人,丈儂,tiūnn-lâng
土人,土儂,thóo-lâng
大人,大儂,
工人,工儂,kang-lâng
丈人公,丈儂公,tiūnn-lâng-kong
丈人爸,丈儂爸,tiūnn-lâng-pâ
丈人媽,丈儂媽,tiūnn-lâng-má
丈人媽,丈人嬤,tiūnn-lâng-má
丈人媽,丈儂嬤,tiūnn-lâng-má
上久,尚久,siōng-kú
上水,汲水,tshiūnn-tsuí
大心氣,大心喟,tuā-sim-khuì
大爿,大旁,tuā-pîng
上卌袂攝,上卌𣍐攝,tsiūnn-siap-bē-liap/tsiūnn-siap-buē-liap
大甲蓆,大甲𥱊,Tāi-kah-tshio̍h
大囝,大子,tuā-kiánn
小囝,小子,sió-kiánn
下早仔,今早仔,e-tsái-á
口灶,口竈,kháu-tsàu
小管仔,小卷仔,sió-kńg-á
大姊,大姐,tuā-tsí
大官,大倌,ta-kuann
下昏,兮昏,e-hng
下昏暗,兮昏暗,e-hng-àm
山苳蒿,山茼萵,suann-tang-o
乞食,乞噍,khit-tsia̍h
乞食,乞吃,khit-tsia̍h
乞食琴,乞噍琴,khit-tsia̍h-khîm
乞食琴,乞吃琴,khit-tsia̍h-khîm
大厝,大茨,tuā-tshù
低厝仔,低茨仔,kē-tshù-á
低厝仔,下茨仔,kē-tshù-á
低厝仔,下厝仔,kē-tshù-á
大家,乾家,ta-ke
大家官,大家倌,ta-ke-kuann
大氣,大喟,
大氣喘,大喟喘,tuā-khuì-tshuán
下晝,兮晝,ē-tàu
下晡,兮晡,ē-poo
三絃,三弦,sam-hiân
上殕,上醭,tshiūnn-phú
上殕,上䀟,tshiūnn-phú
大湧,大泳,tuā-íng
干焦,干但,kan-na
干焦,乾焦,kan-na
干焦,干單,kan-na
干焦,干乾,kan-na
凡勢,犯勢,huān-sè
下暗,兮暗,e-àm
下跤,下骹,ē-kha
下跤,下腳,ē-kha
山跤,山骹,suann-kha
山跤,山腳,suann-kha
下跤手人,下跤手儂,ē-kha-tshiú-lâng
下跤手人,下骹手儂,ē-kha-tshiú-lâng
下跤手人,下腳手儂,ē-kha-tshiú-lâng
大跤胴,大骹筒,tuā-kha-tâng
大跤胴,大腳筒,tuā-kha-tâng
三跤馬,三骹馬,sann-kha-bé
三跤馬,三腳馬,sann-kha-bé
三跤貓,三骹貓,sann-kha-niau
三跤貓,三腳貓,sann-kha-niau
山雺,山濛,suann-bông
山雺,山茫,suann-bông
大箍呆,大箍獃,tuā-khoo-tai
大廣絃,大廣弦,tuā-kóng-hiân
干樂,矸轆,kan-lo̍k
大範,大辨,tuā-pān
三輪車,三輾車,sann-lián-tshia
弓蕉,芎蕉,king-tsio
弓蕉,金蕉,king-tsio
弓蕉油,金蕉油,king-tsio-iû
弓蕉油,芎蕉油,king-tsio-iû
大頭拇,大頭母,tuā-thâu-bú
予,互,hōo
仇,讎,
今,旦,
內,裡,
勼,丩,kiu
中人,中儂,tiong-lâng
勻勻仔,緩緩仔,ûn-ûn-á
勻勻仔火,緩緩仔火,ûn-ûn-á-hué/ûn-ûn-á-hé
不止,不只,put-tsí
今仔日,今旦日,kin-á-ji̍t/kin-á-li̍t
勻仔是,緩仔是,ûn-á-sī
丹田,單田,tan-tiân
分伻,分平,pun-phenn
分伻,分偏,pun-phenn
冇炭,冇碳,phànn-thuànn
中晝,中罩,tiong-tàu
中晝頓,中罩頓,tiong-tàu-tǹg
內媽,內嬤,lāi-má
公媽,公嬤,kong-má
勼跤,勼骹,kiu-kha
勼跤,勼腳,kiu-kha
毋,不,m̄
毋,呣,m̄
毋,唔,m̄
歹人,歹儂,pháinn-lâng
月內風,月內瘋,gue̍h-lāi-hong/ge̍h-lāi-hong
木心枋,木心板,bo̍k-sim-pang
反爿,反旁,píng-pîng
歹代,歹事,pháinn-tāi
毋甘嫌,不甘嫌,m̄-kam hiâm
毋甘願,不甘願,m̄ kam-guān
歹囝,歹子,pháinn-kiánn
毋好,不好,m̄ hó
毋好勢,不好勢,m̄ hó-sè
毋成,不成,m̄-tsiânn
毋成人,毋成儂,m̄-tsiânn-lâng
毋成人,不成人,m̄-tsiânn-lâng
毋成人,不成儂,m̄-tsiânn-lâng
手扞仔,手捍仔,tshiú-huānn-á
手扞仔,手按仔,tshiú-huānn-á
毋成囝,不成囝,m̄-tsiânn-kiánn
毋成囝,毋成子,m̄-tsiânn-kiánn
毋成囝,不成子,m̄-tsiânn-kiánn
毋成物,不成物,m̄-tsiânn-mi̍h/m̄-tsiânn-mn̍gh
毋成猴,不成猴,m̄-tsiânn-kâu
毋成樣,不成樣,m̄-tsiânn-iūnn
毋但,不但,m̄-nā
毋但,不爾,m̄-nā
毋但,毋爾,m̄-nā
毋免,不免,m̄-bián
歹扭搦,歹扭搙,pháinn-liú-la̍k
心狂火著,心狂火𤏸,sim-kông-hué-to̍h/sim-kông-hé-to̍h
心肝仔囝,心肝仔子,sim-kuann-á-kiánn
歹命人,歹命儂,pháinn-miā-lâng
毋拄好,不拄好,m̄-tú-hó
歹空,歹孔,pháinn-khang
毋知,不知,m̄ tsai
毋知人,毋知儂,m̄-tsai-lâng
毋知人,不知人,m̄-tsai-lâng
毋知人,不知儂,m̄-tsai-lâng
毋知死,不知死,m̄-tsai-sí
毋知影,不知影,m̄ tsai-iánn
毋挃,不挃,m̄-ti̍h
毋是勢,不是勢,m̄-sī-sè
止枵,止飢,tsí-iau
止枵,止餓,tsí-iau
巴郎,巴攏,pa-lang
歹食,歹噍,pháinn-tsia̍h
歹食,歹吃,pháinn-tsia̍h
歹食,歹呷,pháinn-tsia̍h
毋捌,不捌,m̄ bat
止疼,止痛,tsí-thiànn
天秤,天平,thian-pîng
毋情願,不情願,m̄-tsîng-guān
手液,手𫟊,tshiú-sio̍h
歹喙,歹嘴,pháinn-tshuì
歹喙斗,歹嘴斗,pháinn-tshuì-táu
止喙焦,止嘴焦,tsí tshuì-ta
止喙焦,止喙乾,tsí tshuì-ta
止喙焦,止嘴乾,tsí tshuì-ta
毋敢,呣敢,m̄ kánn
毋敢,不敢,m̄ kánn
毋著,不著,m̄-tio̍h
毛跤,毛骹,mn̂g-kha
毛跤,毛腳,mn̂g-kha
毋過,毋閣,m̄-koh
毋過,不過,m̄-koh
水閘,水截,tsuí-tsa̍h
夭壽,殀壽,iáu-siū
夭壽仔,殀壽仔,iáu-siū-á
夭壽短命,殀壽短命,iáu-siū-té-miā
欠數,欠賬,khiàm-siàu
戶橂,戶定,hōo-tīng
戶橂,戶閬,hōo-tīng
允頭路,引頭路,ín-thâu-lōo/ún-thâu-lōo
天篷,天房,thian-pông
天篷,天棚,thian-pông
水觳仔,水殼仔,tsuí-khok-á
反輾轉,反輪轉,píng-liàn-tńg
反輾轉,扳輦轉,píng-liàn-tńg
水薰吹,水熏吹,tsuí-hun-tshue/tsuí-hun-tshe
水薰吹,水煙吹,tsuí-hun-tshue/tsuí-hun-tshe
水雞,水蛙,tsuí-ke/tsuí-kue
毋願,不願,m̄-guān
毋驚,不驚,m̄ kiann
爿,旁,pîng
牛𡳞脬檨,牛膦脬檨,gû-lān-pha-suāinn
爪仔,抓仔,jiáu-á/niáu-á
牛仔囝,牛仔子,gû-á-kiánn
牛奶,牛乳,gû-ling/gû-ni
牛奶色,牛乳色,gû-ling-sik/gû-ni-sik
牛奶喙仔,牛乳喙仔,gû-ling-tshuì-á/gû-ni-tshuì-á
牛奶喙仔,牛奶嘴仔,gû-ling-tshuì-á/gû-ni-tshuì-á
牛奶喙仔,牛乳嘴仔,gû-ling-tshuì-á/gû-ni-tshuì-á
牛奶糖,牛乳糖,gû-ling-thn̂g/gû-ni-thn̂g
牛牢,牛椆,gû-tiâu
牛牢,牛稠,gû-tiâu
火金蛄,火金姑,hué-kim-koo/hé-kim-koo
牛捽仔,牛摔仔,gû-sut-á
王梨,鳳萊,ông-lâi
牛喙罨,牛喙籠,gû-tshuì-am
牛喙罨,牛嘴罨,gû-tshuì-am
牛喙罨,牛嘴籠,gû-tshuì-am
牛犅,牛牨,gû-káng
火燒厝,火燒茨,hué-sio-tshù/hé-sio-tshù
火薰,火熏,hué-hun/hé-hun
火薰,火煙,hué-hun/hé-hun
仙,銑,
仝,同,kāng
仝,共,kāng
代,事,
主人,主儂,tsú-lâng
代先,事先,tāi-sing
兄弟姊妹,兄弟姐妹,hiann-tī-tsí-muē/hiann-tī-tsí-bē
仙拚仙,仙拼仙,sian-piànn-sian
仝爸各母,同爸各母,kāng-pē-koh-bú
世俗人,世俗儂,sè-sio̍k-lâng
仝款,同款,kāng-khuán
仝款,共款,kāng-khuán
世間人,世間儂,sè-kan-lâng
代誌,事志,tāi-tsì
凹,坳,
叨,嘮,lo
外人,外儂,guā-lâng
司公,師公,sai-kong
叫毋敢,叫不敢,kiò-m̄-kánn
北爿,北旁,pak-pîng
四爿,四旁,sì-pîng
半世人,半世儂,puànn-sì-lâng
加車,枷車,ka-tshia
出氣,出喟,tshut-khuì
半桶師仔,半桶司仔,puànn-tháng-sai-á
四淋垂,四湳垂,sì-lâm-suî
出喙,出嘴,tshut-tshuì
卯喙,卯嘴,mauh-tshuì
外媽,外嬤,guā-má
古意人,古意儂,kóo-ì-lâng
出業,卒業,tshut-gia̍p
半節,半截,puànn-tsat
四跤仔,四骹仔,sì-kha-á
四跤仔,四腳仔,sì-kha-á
四跤仔泅,四骹仔泅,sì-kha-á-siû
四跤仔泅,四腳仔泅,sì-kha-á-siû
四跤杜定,四骹杜定,sì-kha-tōo-tīng
四跤杜定,四腳杜定,sì-kha-tōo-tīng
半路師,半路司,puànn-lōo-sai
可憐代,可憐事,khó-liân-tāi
加擔,椵擔,ka-tann
加擔,枷擔,ka-tann
加薦仔,茭薦仔,ka-tsì-á/ka-tsù-á
召鏡,吊鏡,tiàu-kiànn
奶,乳,
扒,𢻷,
本人,本儂,pún-lâng
失人禮,失儂禮,sit-lâng-lé
尻川,腳倉,kha-tshng
尻川䫌,腳倉䫌,kha-tshng-phué
尻川口,腳倉口,kha-tshng-kháu
打扎,打紮,tánn-tsah
正手爿,正手旁,tsiànn-tshiú-pîng
正爿,正旁,tsiànn-pîng
母仔囝,母仔子,bú-á-kiánn
奶母,乳母,ling-bú/ni-bú
奶母車,乳母車,ling-bú-tshia/ni-bú-tshia
本份,本分,pún-hūn
幼囝,幼子,iù-kiánn
母囝椅,母子椅,bú-kiánn-í
奶帕仔,乳帕仔,ling-phè-á/ni-phè-á
尻脊,加脊,kha-tsiah
打馬膠路,點仔膠路,tá-má-ka-lōo
奶喙仔,乳喙仔,ling-tshuì-á/ni-tshuì-á
奶喙仔,奶嘴仔,ling-tshuì-á/ni-tshuì-á
奶喙仔,乳嘴仔,ling-tshuì-á/ni-tshuì-á
扒飯,𢻷飯,pe-pn̄g
失電,熄電,sit-tiān
布機,布規,pòo-kui
奶頭,乳頭,ling-thâu/ni-thâu
奶癌,乳癌,ling-gâm/ni-gâm
幼麵麵,幼咪咪,iù-mī-mī
生,青,
田,塍,
田,堘,
甲,𢓜,
甲,徦,
甲,到,
犯人,犯儂,huān-lâng
生仔,鍟仔,senn-á/sinn-á
生份,生分,senn-hūn/sinn-hūn
生份,青份,senn-hūn/sinn-hūn
生份,青分,senn-hūn/sinn-hūn
生份人,生份儂,senn-hūn-lâng/sinn-hūn-lâng
生份人,生分人,senn-hūn-lâng/sinn-hūn-lâng
生囝,生子,senn-kiánn/sinn-kiánn
生冷,青冷,tshenn-líng/tshinn-líng
白汫無味,白𩟗無味,pe̍h-tsiánn-bô-bī
生狂,青狂,tshenn-kông/tshinn-kông
石枋,石板,tsio̍h-pang
目空,目孔,ba̍k-khang
瓦厝,瓦茨,hiā-tshù
生疏,青疏,tshenn-soo/tshinn-soo
生理人,生理儂,sing-lí-lâng
生番,生蕃,tshenn-huan/tshinn-huan
生菇,生菰,senn-koo/sinn-koo
目睭,目珠,ba̍k-tsiu
目睭仁,目珠仁,ba̍k-tsiu-jîn/ba̍k-tsiu-lîn
目睭皮,目珠皮,ba̍k-tsiu-phuê/ba̍k-tsiu-phê
白跤蹄,白骹蹄,pe̍h-kha-tê
白跤蹄,白腳蹄,pe̍h-kha-tê
生鉎,生銹,senn-sian/sinn-sian
生鉎,生鏥,senn-sian/sinn-sian
石榴,榭榴,
瓦窯,瓦窰,hiā-iô
甲箬笠,甲笚笠,kah-ha̍h-le̍h
甲箬笠,甲籜笠,kah-ha̍h-le̍h
白頭鵠仔,白頭殼仔,pe̍h-thâu-khok-á
生鍋,鍟鍋,senn-ue/sinn-e
生鐵,鍟鐵,senn-thih/sinn-thih
生驚,青驚,tshenn-kiann/tshinn-kiann
白鑠鑠,白晰晰,pe̍h-siak-siak
交,加,
份,分,hūn
伨,媵,thīn
先生媽,先生嬤,sian-sinn-má
兇狂,凶狂,hiong-kông
交懍恂,加懍恂,ka-lún-sún
交懍恂,交懍損,ka-lún-sún
交懍恂,加懍損,ka-lún-sún
份額,分額,hūn-gia̍h
共,給,
囝,子,kiánn
各人,各儂,kok-lâng
在人,在儂,tsāi-lâng
吐大氣,吐大喟,thóo-tuā-khuì
囡仔,囝仔,gín-á
囡仔人,囡仔儂,gín-á-lâng
囡仔款,囝仔款,gín-á-khuán
在地人,在地儂,tsāi-tē-lâng/tsāi-tuē-lâng
吐肉箭,吐肉搢,thóo-bah-tsìnn
囝兒,子兒,kiánn-jî/kiánn-lî
囝孫,子孫,kiánn-sun
吐氣,吐喟,thóo-khuì
向望,映望,ǹg-bāng
合喙,合嘴,ha̍p-tshuì
囝婿,子婿,kiánn-sài
吐腸頭,凸腸頭,thóo-tn̂g-thâu
各馝,各鱉,kok-pih
回覆,回復,huê-hok/hê-hok
庄,莊,tsng
字爿,字旁,jī-pîng/lī-pîng
安份,安分,an-hūn
好囝,好子,hó-kiánn
好好人,好好儂,hó-hó-lâng
好佳哉,好嘉哉,hó-ka-tsài
好佳哉,好佳在,hó-ka-tsài
好空,好孔,hó-khang
好喙,好嘴,hó-tshuì
好喙斗,好嘴斗,hó-tshuì-táu
尖喙夾仔,尖嘴夾仔,tsiam-tshuì-ngeh-á
尖喙掘仔,尖嘴掘仔,tsiam-tshuì-ku̍t-á
奸詭,奸鬼,kan-kuí
庄跤,庄骹,tsng-kha
庄跤,庄腳,tsng-kha
尖跤幼手,尖骹幼手,tsiam-kha-iù-tshiú
尖跤幼手,尖腳幼手,tsiam-kha-iù-tshiú
好額人,好額儂,hó-gia̍h-lâng
扞,按,huānn
扞,捍,huānn
扦,䉔,tshuann
成人,成儂,
死人面,死儂面,sí-lâng-bīn
死人款,死儂款,sí-lâng-khuán
有人緣,有儂緣,ū-lâng-iân
死囡仔䖙,死囡仔撐,sí-gín-á-the
有耳無喙,有耳無嘴,ū-hīnn-bô-tshuì/ū-hī-bô-tshuì
死坐活食,死坐活噍,sí-tsē-ua̍h-tsia̍h
死坐活食,死坐活吃,sí-tsē-ua̍h-tsia̍h
有空無榫,有孔無榫,ū-khang-bô-sún
扞家,按家,huānn-ke
扞家,捍家,huānn-ke
收喙,收嘴,siu-tshuì
有閒,有閑,ū-îng
曲跤,蹺骹,khiau-kha
曲跤,蹺腳,khiau-kha
收跤洗手,收骹洗手,siu-kha-sé-tshiú/siu-kha-sué-tshiú
收跤洗手,收腳洗手,siu-kha-sé-tshiú/siu-kha-sué-tshiú
扞鼎灶,捍鼎灶,huānn-tiánn-tsàu
扞鼎灶,按鼎灶,huānn-tiánn-tsàu
扞數,捍數,huānn-siàu
扞數,扞賬,huānn-siàu
扞數,捍賬,huānn-siàu
收數,收賬,siu-siàu
扞盤,按盤,huānn-puânn
扞盤,捍盤,huānn-puânn
收擔,收担,siu-tànn
死賴人,死賴儂,sí-luā--lâng
有錢人,有錢儂,ū-tsînn-lâng
扞頭,按頭,huānn-thâu
扞頭,捍頭,huānn-thâu
收瀾,收涎,siu-nuā
竹䈄,竹筨,tik-ham
老人,老儂,lāu-lâng
老人目,老儂目,lāu-lâng-ba̍k
老人斑,老儂斑,lāu-lâng-pan
老大人,老大儂,lāu-tuā-lâng
米奶,米乳,bí-ling/bí-ni
百百空,百百孔,pah-pah-khang
竹披仔,竹批仔,tik-phi-á
老板,老闆,láu-pán
老爸,老父,lāu-pē
耳空,耳孔,hīnn-khang/hī-khang
耳空重,耳孔重,hīnn-khang-tāng/hī-khang-tāng
耳空鬼仔,耳孔鬼仔,hīnn-khang-kuí-á/hī-khang-kuí-á
耳空輕,耳孔輕,hīnn-khang-khin/hī-khang-khin
米芳,米香,bí-phang
肉乾,肉干,bah-kuann
竹棑,竹筏,tik-pâi
行棋,行碁,kiânn-kî
羊犅,羊牨,iûnn-káng
老番顛,老番癲,lāu-huan-tian
老硞硞,老痀痀,lāu-khok-khok
肉圓,肉丸,bah-uân
老歲仔,老伙仔,lāu-huè-á/lāu-hè-á
竹跤,竹骹,tik-kha
竹跤,竹腳,tik-kha
肉跤仔,肉骹仔,bah-kha-á
肉跤仔,肉腳仔,bah-kha-á
竹蓆,竹𥱊,tik-tshio̍h
米潘,米䊩,bí-phun
灰窯,灰窰,hue-iô
竹箬,竹籜,tik-ha̍h
竹箬,竹笚,tik-ha̍h
米蟲,米虫,bí-thâng
肉羹,肉焿,bah-kenn/bah-kinn
米攕,米扦,bí-tshiám
米粩,米荖,bí-láu
米粩,米佬,bí-láu
西爿,西旁,sai-pîng
西洋人,西洋儂,Se-iûnn-lâng
佈,布,pòo
佗,叼,
佗,搭,
佗,叼,
佗,搭,
你,汝,lí
伸勼,伸糾,tshun-kiu
作田,做田,tsoh-tshân
作田人,作田儂,tsoh-tshân-lâng
作田人,做田人,tsoh-tshân-lâng
作田人,做田儂,tsoh-tshân-lâng
佗位,叨位,tó-uī
伸跤,伸骹,tshun-kha
伸跤,伸腳,tshun-kha
作弊,做弊,tsok-pè
免數想,免賬想,bián siàu-siūnn
克虧,喫虧,khik-khui
串講,闖講,tshuàn-kóng
作穡,做穡,tsoh-sit
作穡人,作穡儂,tsoh-sit-lâng
作穡人,做穡人,tsoh-sit-lâng
作穡人,做穡儂,tsoh-sit-lâng
含,唅,
吵,訬,
吼,哮,háu
別人,別儂,pa̍t-lâng
吵抐,訬抐,tshá-lā
吵抐,訬撓,tshá-lā
吵家抐宅,訬家抐宅,tshá-ke-lā-the̍h
吵家抐計,訬家抐計,tshá-ke-lā-kè
吭跤翹,吭骹翹,khōng-kha-khiàu
吭跤翹,吭腳翹,khōng-kha-khiàu
吵鬧,訬鬧,tshá-nāu
呃,噎,eh
呆,獃,tai
囤,躉,tún
坑崁,坑坎,khenn-khàm/khinn-khàm
坉塗,坉土,thūn-thôo
坉塗,填土,thūn-thôo
坉塗,填塗,thūn-thôo
坐數,坐賬,tshē-siàu
妝,粧,
尪仔,翁仔,ang-á
尾仔囝,尾仔子,bué-á-kiánn/bé-á-kiánn
孝呆,孝獃,hàu-tai
尪架桌,紅架桌,ang-kè-toh
宋盼的,宋盻个,sòng-phàn--ê
尿苴仔,尿敷仔,jiō-tsū-á/liō-tsū-á
尿桸,尿杓,jiō-hia/liō-hia
尿桸,尿瓠,jiō-hia/liō-hia
尾脽,尾錐,bué-tsui/bé-tsui
尾蝶,尾蛾,bué-ia̍h/bé-ia̍h
尾蝶,美蝶,bué-ia̍h/bé-ia̍h
扶𡳞脬,扶膦脬,phôo-lān-pha
序大,視大,sī-tuā
序大人,序大儂,sī-tuā-lâng
序大人,視大人,sī-tuā-lâng
扴味,逆味,ke̍h-bī
扶挺,扶撑,phôo-thánn
忌喙,忌嘴,khī-tshuì
弄喙花,弄嘴花,lāng-tshuì-hue
扭搦,扭搙,liú-la̍k
抓,爪,jiàu/liàu
杓,桸,sia̍h
杙,楬,khi̍t
杓仔,勺仔,sia̍h-á
杜伯仔,土扒仔,tōo-peh-á
批桶,批筒,phue-tháng
改薰,戒薰,kái-hun
改薰,解薰,kái-hun
汫,𩟗,tsiánn
汰,汏,
沃,渥,ak
沕,密,bi̍t
沖,衝,
沙,砂,
灶,竈,
沐沐泅,沒沒囚,bo̍k-bo̍k-siû
沙挑,砂挑,sua-thio
沙埔,砂埔,sua-poo
沙茶,沙嗲,sa-te
灶跤,竈跤,tsàu-kha
灶跤,灶骹,tsàu-kha
灶跤,灶腳,tsàu-kha
步輦,步輾,pōo-lián
沃澹,沃霑,ak-tâm
灶頭,竈頭,tsàu-thâu
災,瘟,
災,𣩈,
牢,稠,
牢,椆,
牢,著,
肝𦟪,肝連,kuann-liân
育囝,育子,io-kiánn
私奇,私家,sai-khia
私奇,私敧,sai-khia
肚綰,肚捾,tóo-kuānn
豆奶,豆乳,tāu-ling/tāu-ni
見笑代,見笑事,kiàn-siàu-tāi
走袂開跤,走𣍐開腳,tsáu-bē-khui-kha/tsáu-buē-khui-kha
走袂開跤,走袂開骹,tsáu-bē-khui-kha/tsáu-buē-khui-kha
走袂離,走𣍐離,tsáu-bē-lī/tsáu-buē-lī
豆乾,豆干,tāu-kuann
豆乾糋,豆干糋,tāu-kuann-tsìnn
言詞,言辭,giân-sû
走傱,走蹤,tsáu-tsông
走傱,走撞,tsáu-tsông
赤跤,赤骹,tshiah-kha
赤跤,赤腳,tshiah-kha
赤跤仙仔,赤骹仙仔,tshiah-kha-sian-á
赤跤仙仔,赤腳仙仔,tshiah-kha-sian-á
赤跤仙仔,赤骹先仔,tshiah-kha-sian-á
赤跤仙仔,赤腳先仔,tshiah-kha-sian-á
芋粿,芋餜,ōo-kué/ōo-ké
豆箍,豆麩,tāu-khoo
芋粿曲,芋餜蹺,ōo-kué-khiau/ōo-ké-khiau
車輪,車輾,tshia-lián
車幫,車番,tshia-pang
豆簽,豆籤,tāu-tshiam
佮,及,
佮,甲,
佮,合,
佮,合,
佯毋知,殿不知,tènn-m̄-tsai/tìnn-m̄-tsai
佯毋知,盯毋知,tènn-m̄-tsai/tìnn-m̄-tsai
佯毋知,盯不知,tènn-m̄-tsai/tìnn-m̄-tsai
佬仔,老仔,láu-á
佯生,盯生,tènn-tshenn/tìnn-tshinn
佯生,盯青,tènn-tshenn/tìnn-tshinn
佳哉,嘉哉,ka-tsài
佮喙,合嘴,kah-tshuì
佮喙,合喙,kah-tshuì
佯痟,𩏠痟,tènn-siáu/tìnn-siáu
佮意,愜意,kah-ì
佮意,合意,kah-ì
佯顛佯戇,佯癲佯怣,tènn-tian-tènn-gōng/tìnn-tian-tìnn-gōng
佯戇,盯戇,tènn-gōng/tìnn-gōng
佯戇,佯怣,tènn-gōng/tìnn-gōng
佯戇,盯怣,tènn-gōng/tìnn-gōng
侗戇,侗怣,tòng-gōng
到,甲,
剁,斵,tok
刺毛蟲,蛓毛蟲,tshì-môo-thâng
刺波,刺藨,tshì-pho
到站,甲站,kàu-tsām
受債,受制,siū-tsè
受當袂起,受當𣍐起,siū-tong-bē-khí/siū-tong-buē-khí
刺繡,刺綉,tshiah-siù
坯,胚,phue/phe
坦直,侹直,thán-ti̍t
呵咾,阿咾,o-ló
呵咾,謳咾,o-ló
坦徛,坦企,thán-khiā
坦徛,挺徛,thán-khiā
坦徛,坦豎,thán-khiā
呼噓仔,呼㗭仔,khoo-si-á
呼噓仔,呼㗭也,khoo-si-á
呼噓仔,呼噓也,khoo-si-á
呸瀾,呸涎,phuì-nuā
姊,姐,
姊,姐,
姑不而將,姑不二將,koo-put-jî-tsiong/koo-put-lî-tsiong
姑不而將,姑不二終,koo-put-jî-tsiong/koo-put-lî-tsiong
姊夫,姐夫,tsí-hu
姊妹,姐妹,tsí-muē/tsí-bē
姑情,姑成,koo-tsiânn
底代,底事,tī-tāi
孤囝,孤子,koo-kiánn
定銀,訂銀,tiānn-gîn/tiānn-gûn
忝,悿,thiám
彼一日,迄一日,hit-tsi̍t-ji̍t/hit-tsi̍t-li̍t
怪人,怪儂,
怪人,怪儂,
彼爿,彼旁,hit pîng
彼爿,迄旁,hit pîng
彼爿,迄爿,hit pîng
戽杓,戽桸,hòo-sia̍h
念咒,唸咒,liām-tsiù
往往,永永,íng-íng
彼時,迄時,hit-sî
念珠,唸珠,liām-tsu
彼站,迄暫,hit-tsām
彼陣,彼瞬,hit-tsūn
彼陣,迄陣,hit-tsūn
彼陣,迄瞬,hit-tsūn
彼款,迄款,hit khuán
彼搭,迄搭,hit-tah
彼號,迄號,hit-lō
彼跡,迄跡,hit-jiah/hit-liah
往過,永過,íng-kuè/íng-kè
彼擺,迄擺,hit pái
往擺,永擺,íng-pái
披,帔,phi
抾,卻,khioh
抾,拾,khioh
抾,摭,khioh
抿,笢,bín
抿,刡,bín
拂,㧾,hut
拊,撫,hú
拍,打,
拍,扑,
拑,捦,khînn
拚,拼,piànn
拄才,拄則,tú-tsiah
拄才,拄即,tú-tsiah
拍手,打手,phah-tshiú
拍手,扑手,phah-tshiú
拍歹,打歹,phah-pháinn
拍歹,扑歹,phah-pháinn
拍毋見,打不見,phah-m̄-kìnn
拍毋見,拍不見,phah-m̄-kìnn
拍手銃,打手銃,phah-tshiú-tshìng
拍手銃,扑手銃,phah-tshiú-tshìng
披仔,批仔,phi-á
抿仔,刡仔,bín-á
拍尻川,打尻川,phah-kha-tshng
拍尻川,扑尻川,phah-kha-tshng
拍石,打石,phah-tsio̍h
拍石,扑石,phah-tsio̍h
拚生死,拼生死,piànn-senn-sí/piànn-sinn-sí
拍石師,打石師,phah-tsio̍h-sai
拍石師,扑石師,phah-tsio̍h-sai
拚生理,拼生理,piànn-sing-lí
拈田嬰,拈田𧉅,liam-tshân-enn/liam-tshân-inn
拍生驚,打青驚,phah-tshenn-kiann/phah-tshinn-kiann
拍生驚,扑生驚,phah-tshenn-kiann/phah-tshinn-kiann
拍交落,扑交落,phah-ka-la̍uh
拍交落,打交落,phah-ka-la̍uh
抾囡仔,扱囡仔,khioh-gín-á
抾囡仔,拾囝仔,khioh-gín-á
招囝婿,招子婿,tsio-kiánn-sài
拄好,抵好,tú-hó
拍字機,打字機,phah-jī-ki/phah-lī-ki
拍字機,扑字機,phah-jī-ki/phah-lī-ki
拍呃,拍嗝,phah-eh
拍呃,拍噎,phah-eh
拍呃,打呃,phah-eh
拍折,打折,phah-tsiat
拍折,扑折,phah-tsiat
拖沙,拖砂,thua-sua
拑牢牢,捦稠稠,khînn-tiâu-tiâu
拚命,拼命,piànn-miā
拍官司,打官司,phah-kuann-si
拍官司,扑官司,phah-kuann-si
拚性命,拼性命,piànn-sènn-miā/piànn-sìnn-miā
拍拍,打拍,phah-phik
拍拍,扑拍,phah-phik
拍拚,打拚,phah-piànn
拍拚,扑拼,phah-piànn
拍拚,扑拚,phah-piànn
拍抐涼,打納涼,phah-lā-liâng
拍抐涼,扑納涼,phah-lā-liâng
拍金仔,打金仔,phah kim-á
拍金仔,扑金仔,phah kim-á
拚俗,拼俗,piànn-sio̍k
拍咳啾,拍交嗆,phah-kha-tshiùnn
拍咳啾,打咳啾,phah-kha-tshiùnn
拍咳啾,扑咳啾,phah-kha-tshiùnn
拍咯雞,打咯雞,phah-ko̍k-ke
拍咯雞,扑咯雞,phah-ko̍k-ke
抾客,扱客,khioh-kheh
抾恨,扱恨,khioh-hīn/khioh-hūn
抾拾,扱拾,khioh-si̍p
拍某菜,打某菜,phah-bóo-tshài
拍某菜,扑姥菜,phah-bóo-tshài
拍某菜,拍姆菜,phah-bóo-tshài
拍派,打派,phah-phài
拍派,扑派,phah-phài
拆食落腹,拆噍落腹,thiah-tsia̍h-lo̍h-pak
拆食落腹,拆吃落腹,thiah-tsia̍h-lo̍h-pak
拍拳,扑拳,phah-kûn
拍拳,打拳,phah-kûn
拍拳頭,扑拳頭,phah kûn-thâu
抾捔,扱桷,khioh-ka̍k
抾捔,拾擱,khioh-ka̍k
抾捔,抾掬,khioh-ka̍k
抾捔,抾确,khioh-ka̍k
抾柴,扱柴,khioh-tshâ
抽疼,抽痛,thiu-thiànn
拍破,打破,phah-phuà
拍破,扑破,phah-phuà
抾骨,扱骨,khioh-kut
抾骨,拾骨,khioh-kut
拔桶,跋桶,pua̍h-tháng
拄欲,抵欲,tú beh/tú bueh
拄欲,拄要,tú beh/tú bueh
拄欲,抵要,tú beh/tú bueh
拍球,打球,phah-kiû
拍球,扑球,phah-kiû
拍通關,打通關,phah-thong-kuan
拍通關,扑通關,phah-thong-kuan
拍麻雀,打麻雀,phah-muâ-tshiok
拍麻雀,扑麻雀,phah-muâ-tshiok
拍喙鼓,打嘴鼓,phah-tshuì-kóo
拍喙鼓,扑喙鼓,phah-tshuì-kóo
拍喙鼓,拍嘴鼓,phah-tshuì-kóo
拍殕仔光,拍䀟仔光,phah-phú-á-kng
拍殕仔光,打殕仔光,phah-phú-á-kng
拍殕仔光,拍普仔光,phah-phú-á-kng
拍無去,打無去,phah-bô--khì
拍無去,扑無去,phah-bô--khì
抾稅,扱稅,khioh-suè/khioh-sè
拍結,打結,phah-kat
拍結,扑結,phah-kat
拍結毬,拍結球,phah-kat-kiû
拍結毬,打結球,phah-kat-kiû
抾著,扱著,khioh-tio̍h
拄著,抵著,tú-tio̍h
拚勢,拼勢,piànn-sè
拄搪,抵搪,tú-tn̄g
拍損,扑損,phah-sńg
拍損,打損,phah-sńg
拍損,打爽,phah-sńg
拗裒,拗紨,áu-pôo
拚暝工,拼暝工,piànn-mê-kang/piànn-mî-kang
拍種,扑種,phah-tsíng
拍種,打種,phah-tsíng
拍算,扑算,phah-sǹg
拍算,打算,phah-sǹg
拍算盤,打算盤,phah-sǹg-puânn
拍算盤,扑算盤,phah-sǹg-puânn
拍噗仔,打噗仔,phah-pho̍k-á
拍噗仔,扑噗仔,phah-pho̍k-á
拄數,抵賬,tú-siàu
拄數,抵數,tú-siàu
拄數,拄賬,tú-siàu
放數,放賬,pàng-siàu
拍賣,打賣,phah-bē/phah-buē
拍賣,扑賣,phah-bē/phah-buē
拍醒,打醒,phah-tshénn/phah-tshínn
拍醒,扑醒,phah-tshénn/phah-tshínn
拚輸贏,拼輸贏,piànn-su-iânn
抾錢,扱錢,khioh-tsînn
斧頭,釜頭,póo-thâu
拍斷,扑斷,phah-tn̄g
拍斷,打斷,phah-tn̄g
拍獵,打獵,phah-la̍h
拍獵,扑獵,phah-la̍h
拍翸,打翸,phah-phún
拍翸,扑翸,phah-phún
拌蠓仔,拌蚊仔,puānn báng-á
拍觸衰,扑觸衰,phah-tshik-sue
拍觸衰,打觸衰,phah-tshik-sue
拍鐵,打鐵,phah-thih
拍鐵,扑鐵,phah-thih
拍鐵仔師,打鐵仔師,phah-thih-á-sai
拍鐵仔師,扑鐵仔師,phah-thih-á-sai
拍鐵仔褲,打鐵仔褲,phah-thih-á-khòo
拍鐵仔褲,扑鐵仔褲,phah-thih-á-khòo
拍鱗,打麟,phah-lân
拍鱗,扑麟,phah-lân
拗鬱,拗熨,áu-ut
抾襇,扱襇,khioh-kíng
昏,暈,
枋,板,pang
東爿,東邊,tang-pîng
東爿,東旁,tang-pîng
枋仔,板仔,pang-á
明仔載,明仔再,bîn-á-tsài
明仔載,明仔哉,bîn-á-tsài
明仔載,明旦載,bîn-á-tsài
昏去,暈去,hūn--khì
林投姊仔,林投姐仔,Nâ-tâu-tsí--á
服侍,服祀,ho̍k-sāi
昏倒,暈倒,hūn--tó
昏迷,暈迷,hūn-bê
枋堵,板堵,pang-tóo
松梧,松羅,siông-ngôo
林菝仔,林拔仔,ná-pua̍t-á
枋模,板模,pang-bôo
沾,呫,tsam
沾,噆,tsam
沿,椽,iân
泏,注,
泏,𤁢,
泏,𤁢,
治枵,治飫,tī-iau
油炸粿,油車粿,iû-tsia̍h-kué/iû-tsia̍h-ké
油炸粿,油車餜,iû-tsia̍h-kué/iû-tsia̍h-ké
油炸粿,油炸餜,iû-tsia̍h-kué/iû-tsia̍h-ké
欣羨,歆羨,him-siān
油蔥粿,油蔥餜,iû-tshang-kué/iû-tshang-ké
炕,焢,khòng
爸,父,
注文,註文,tsù-bûn
爸母,父母,pē-bú
炕肉,焢肉,khòng-bah
爸老囝幼,父老子幼,pē-lāu-kiánn-iù
爸老囝幼,爸老子幼,pē-lāu-kiánn-iù
爸老囝幼,父老囝幼,pē-lāu-kiánn-iù
炕肉飯,焢肉飯,khòng-bah-pn̄g
狗岫,狗巢,káu-siū
狗空,狗孔,káu-khang
物食,物噍,mi̍h-tsia̍h/mn̍gh-tsia̍h
炕菜頭,焢菜頭,khòng-tshài-thâu
炊粿,炊餜,tshue kué/tshe ké
炕窯,焢窰,khòng-iô
狗蝨,狗虱,káu-sat
狗蟻,蚼蟻,káu-hiā
的,个,
祀,𫞼,
祀,在,
空,孔,
空厝間,空茨間,khang-tshù-king
空喙,空嘴,khang-tshuì
空喙,孔喙,khang-tshuì
空喙,孔嘴,khang-tshuì
空喙哺舌,空嘴哺舌,khang-tshuì-pōo-tsi̍h
空喙哺舌,空嘴薄舌,khang-tshuì-pōo-tsi̍h
空縫,孔縫,khang-phāng
糾,勼,kiù
芟,刪,
芡,焮,
芳,香,
芳水,香水,phang-tsuí
芳瓜,香瓜,phang-kue
芳味,香味,phang-bī
芡芳,芡香,khiàn-phang
芡芳,焮芳,khiàn-phang
花莓,花苺,hue-m̂
芳料,香料,phang-liāu
芳粉,香粉,phang-hún
花袂牢枝,花袂稠枝,hue-bē-tiâu-ki/hue-buē-tiâu-ki
花袂牢枝,花𣍐牢枝,hue-bē-tiâu-ki/hue-buē-tiâu-ki
花袂牢枝,花𣍐稠枝,hue-bē-tiâu-ki/hue-buē-tiâu-ki
糾帶,勼帶,kiù-tuà
糾筋,縮筋,kiù-kin/kiù-kun
糾筋,勼筋,kiù-kin/kiù-kun
虯,虬,khiû
虯,𧺤,khiû
虯毛,虬毛,khiû-mn̂g
虯毛,𧺤毛,khiû-mn̂g
長尻川,長尻瘡,tn̂g-kha-tshng
阿里不達,阿理不達,a-lí-put-ta̍t
表姊,表姐,piáu-tsí
阿姊,阿姐,a-tsí
青盲,青瞑,tshenn-mê/tshinn-mî
青盲牛,青瞑牛,tshenn-mê-gû/tshinn-mî-gû
阿舍囝,阿舍子,a-sià-kiánn
虯虯,虬虬,khiû-khiû
虯虯,𧺤𧺤,khiû-khiû
青恂恂,青損損,tshenn-sún-sún/tshinn-sún-sún
近倚,近偎,kīn-uá/kūn-uá
門圈,門鏲,mn̂g-khian
長短跤話,長短骹話,tn̂g-té-kha-uē
長短跤話,長短腳話,tn̂g-té-kha-uē
阿媽,俺媽,a-má
阿媽,阿嬤,a-má
阿媽,俺嬤,a-má
門跤口,門骹口,mn̂g-kha-kháu
門跤口,門腳口,mn̂g-kha-kháu
雨幔,雨𧜞,hōo-mua
青磅白磅,青碰白碰,tshenn-pōng-pe̍h-pōng/tshinn-pōng-pe̍h-pōng
亭仔跤,亭仔骹,tîng-á-kha
亭仔跤,亭仔腳,tîng-á-kha
便媒人,便媒儂,piān-muê-lâng
剉,剒,tshò
前人囝,前人子,tsîng-lâng-kiánn
前人囝,前儂子,tsîng-lâng-kiánn
前人囝,前儂囝,tsîng-lâng-kiánn
南爿,南旁,lâm-pîng
削削叫,嗄嗄叫,siah-siah-kiò
剉柴,剒柴,tshò-tshâ
咧,在,
咧,塊,
厚沙屑,厚砂屑,kāu-sua-sap
哈唏,哈肺,hah-hì
厚紙坯,厚紙胚,kāu-tsuá-phue/kāu-tsuá-phe
咧欲,在要,teh-beh/teh-bueh
咬喙,咬嘴,kā-tshuì
咬喙,齩喙,kā-tshuì
厚薰,厚熏,kāu-hun
厚薰,厚煙,kāu-hun
奕,弈,ī
姦,幹,
契兄,客兄,khè-hiann/khuè-hiann
姼仔,七仔,tshit-á
姼仔詼,七仔詼,tshit-á-khue
契囝,契子,khè-kiánn/khuè-kiánn
契爸,契父,khè-pē/khuè-pē
姦撟,幹譑,kàn-kiāu
峇,密,
客人,客儂,Kheh-lâng
幽幽仔疼,幽幽仔痛,iu-iu-á-thiànn
屎桮齒,屎篦齒,sái-pue-khí
封喙,封嘴,hong-tshuì
度晬,度歲,tōo-tsè
峇微,麻微,bâ-bui
拜公媽,拜公嬤,pài kong-má
後世人,後世儂,āu-sì-lâng
後坐,後座,āu-tsē
後岫,後受,āu-siū
後岫,後巢,āu-siū
後鈕,後紐,āu-liú
後跤,後骹,āu-kha
後跤,後腳,āu-kha
怨慼,怨切,uàn-tsheh/uàn-tshueh
後頭厝,後頭茨,āu-thâu-tshù
後擴,後売,āu-khok
挂,罣,kuì
挂,掛,kuì
曷,抑,a̍h
挑手爿,挑手旁,thio-tshiú-pîng
昨昏,昨方,tsa-hng
挖空,挖孔,óo-khang/ué-khang
按怎,安怎,án-tsuánn
按怎樣,安怎樣,án-tsuánn-iūnn
指指揬揬,指指突突,kí-kí-tu̍h-tu̍h
挖塗,挖土,óo-thôo/ué-thôo
指頭仔,掌頭仔,tsíng-thâu-á
枵,飢,iau
枵,餓,iau
枷,椵,
某,姥,bóo
柯,過,
柯,枯,
柳丁,柳橙,liú-ting
某乜人,某物人,bóo-mí-lâng
某乜人,某乜儂,bóo-mí-lâng
某乜人,某物儂,bóo-mí-lâng
柳丁汁,柳橙汁,liú-ting-tsiap
某大姊,某大姐,bóo-tuā-tsí
柱仔跤,柱仔骹,thiāu-á-kha
柱仔跤,柱仔腳,thiāu-á-kha
某囝,某子,bóo-kiánn
查某𡢃,查某嫺,tsa-bóo-kán
查某𡢃,查某嫻,tsa-bóo-kán
查某人,查某儂,tsa-bóo-lâng
查某囝,查某子,tsa-bóo-kiánn
查埔,查甫,tsa-poo
查埔,查夫,tsa-poo
查埔,諸夫,tsa-poo
查埔人,查甫人,tsa-poo-lâng
查埔人,查甫儂,tsa-poo-lâng
查埔人,查埔儂,tsa-poo-lâng
查埔囝,查甫囝,tsa-poo-kiánn
查埔囝,查甫子,tsa-poo-kiánn
查埔囝,查埔子,tsa-poo-kiánn
枵鬼,飢鬼,iau-kuí
枵鬼,餓鬼,iau-kuí
架跤,架骹,khuè kha/khè kha
架跤,架腳,khuè kha/khè kha
枵飽吵,飢飽吵,iau-pá-tshá
枵饞,飢饞,iau-sâi
枵饞,餓饞,iau-sâi
枵饞,枵豺,iau-sâi
洘旱,涸旱,khó-huānn
洗汰,洗汏,sé-thuā/sué-thuā
洗衫枋,洗衫板,sé-sann-pang/sué-sann-pang
歪喙,歪嘴,uai-tshuì
洗喙,洗嘴,sé-tshuì/sué-tshuì
炭,碳,thuànn
狡怪,狡獪,káu-kuài
炭空,碳空,thuànn-khang
炭空,炭孔,thuànn-khang
炭空,碳孔,thuànn-khang
炭屎,碳屎,thuànn-sái
活欲,活要,ua̍h-beh/ua̍h-bueh
流糍,流餈,lâu-tsî
流糍,流粢,lâu-tsî
流豬哥瀾,流豬哥涎,lâu-ti-ko-nuā/lâu-tu-ko-nuā
流瀾,流涎,lâu-nuā
炭礦,碳礦,thuànn-khòng
牲醴,牲禮,sing-lé
相𫝛,相像,sio-siāng
相仝,相共,sio-kāng
相佮,相合,sann-kap
相佮,相及,sann-kap
相卸代,相卸事,sio-sià-tāi
相拍,相打,sio-phah
相拍,相扑,sio-phah
相拍電,相打電,sio-phah-tiān
相拍電,相扑電,sio-phah-tiān
相拍雞仔,相打雞仔,sio-phah-ke-á/sio-phah-kue-á
相拍雞仔,相扑雞仔,sio-phah-ke-á/sio-phah-kue-á
相倚,相偎,sio-uá
相唚,相親,sio-tsim
相舂,相爭,sio-tsing
相舂,相衝,sio-tsing
相舂,相掙,sio-tsing
相連紲,相連續,sio-liân-suà
相楗,相拱,sio-kīng
相楗,相挭,sio-kīng
盹瞌睡,拄磕睡,tuh-ka-tsuē
相諍,相爭,sio-tsènn/sio-tsìnn
盹龜,拄龜,tuh-ku
盹龜,拄痀,tuh-ku
盹龜,盹眗,tuh-ku
看人無,看儂無,khuànn-lâng-bô
看袂起,看𣍐起,khuànn-bē-khí/khuànn-buē-khí
耍,爽,sńg
紅毛塗,紅毛土,âng-mn̂g-thôo
紅塗,紅土,âng-thôo
紅膏赤蠘,紅膏赤脂,âng-ko-tshiah-tshi̍h
紅龜粿,紅龜餜,âng-ku-kué/âng-ku-ké
胡蠅,葫蠅,hôo-sîn
胡蠅拍仔,胡蠅打仔,hôo-sîn-phah-á
胡蠅拍仔,胡蠅扑仔,hôo-sîn-phah-á
苛,科,
苳蒿,冬蒿,tang-o
苳蒿,苳萵,tang-o
苳蒿,茼萵,tang-o
苛頭,科頭,khô-thâu
虼蚻,虼蠽,ka-tsua̍h
虼蚻,虼蠘,ka-tsua̍h
虼蚻,加絕,ka-tsua̍h
重巡,重紃,tîng-sûn
重重疊疊,重重沓沓,tîng-tîng-tha̍h-tha̍h
重食,重噍,tiōng-tsia̍h
重食,重吃,tiōng-tsia̍h
迫倚,迫偎,pik-uá
訂婚,定婚,tīng-hun
重敧爿,重敧旁,tāng-khi-pîng
限數,限賬,ān-siàu
重擔,重担,tāng-tànn
食,噍,
食,吃,
食人,食儂,tsia̍h--lâng
食人,噍儂,tsia̍h--lâng
食人,吃人,tsia̍h--lâng
食力,噍力,tsia̍h-la̍t
食力,吃力,tsia̍h-la̍t
食外口,噍外口,tsia̍h-guā-kháu
食外口,吃外口,tsia̍h-guā-kháu
食名,噍名,tsia̍h-miâ
食名,吃名,tsia̍h-miâ
食老,噍老,tsia̍h-lāu
食老,吃老,tsia̍h-lāu
食色,噍色,tsia̍h-sik
食色,吃色,tsia̍h-sik
風吹輪,風吹輾,hong-tshue-lián/hong-tshe-lián
食命,噍命,tsia̍h-miā
食命,吃命,tsia̍h-miā
食物,噍物,si̍t-bu̍t
食物,吃物,si̍t-bu̍t
食穿,噍穿,tsia̍h-tshīng
食穿,吃穿,tsia̍h-tshīng
食苦,噍苦,tsia̍h-khóo
食苦,吃苦,tsia̍h-khóo
食食,噍食,tsia̍h-si̍t
食食,吃食,tsia̍h-si̍t
風飛沙,風飛砂,hong-pue-sua
食倯,噍倯,tsia̍h-sông
食倯,吃倯,tsia̍h-sông
食倯,噍傖,tsia̍h-sông
食桌,噍桌,tsia̍h-toh
食桌,吃桌,tsia̍h-toh
香烌,香灰,hiunn-hu
食祖,噍祖,tsia̍h-tsóo
食祖,吃祖,tsia̍h-tsóo
食秤頭,噍秤頭,tsia̍h-tshìn-thâu
食秤頭,吃秤頭,tsia̍h-tshìn-thâu
食晝,噍晝,tsia̍h-tàu
食晝,吃晝,tsia̍h-tàu
食晝,食罩,tsia̍h-tàu
食清領便,噍清領便,tsia̍h-tshing-niá-piān
食清領便,吃清領便,tsia̍h-tshing-niá-piān
食軟驚硬,噍軟驚硬,tsia̍h-nńg-kiann-ngē/tsia̍h-nńg-kiann-ngī
食軟驚硬,吃軟驚硬,tsia̍h-nńg-kiann-ngē/tsia̍h-nńg-kiann-ngī
風喙口,風嘴口,hong-tshuì-kháu
風湧,風泳,hong-íng
香港跤,香港骹,hiong-káng-kha
香港跤,香港腳,hiong-káng-kha
韭菜,韮菜,kú-tshài
食菜,噍菜,tsia̍h-tshài
食菜,吃菜,tsia̍h-tshài
韭菜花,韮菜花,kú-tshài-hue
食飯桌,噍飯桌,tsia̍h-pn̄g-toh
食飯桌,吃飯桌,tsia̍h-pn̄g-toh
食飯廳,噍飯廳,tsia̍h-pn̄g-thiann
食飯廳,吃飯廳,tsia̍h-pn̄g-thiann
食暗,噍暗,tsia̍h-àm
食暗,吃暗,tsia̍h-àm
食補,噍補,
食補,吃補,
食福,噍福,tsia̍h-hok
食福,吃福,tsia̍h-hok
食漿,噍漿,tsia̍h-tsiunn
食漿,吃漿,tsia̍h-tsiunn
食褒,噍褒,tsia̍h-po
食褒,吃褒,tsia̍h-po
食醋,噍醋,tsia̍h-tshòo
食醋,吃醋,tsia̍h-tshòo
食膨餅,噍膨餅,tsia̍h-phòng-piánn
食膨餅,吃凸餅,tsia̍h-phòng-piánn
食錢,噍錢,tsia̍h-tsînn
食錢,吃錢,tsia̍h-tsînn
食錢官,噍錢官,tsia̍h-tsînn-kuann
食錢官,吃錢官,tsia̍h-tsînn-kuann
食頭路,噍頭路,tsia̍h-thâu-lōo
食頭路,吃頭路,tsia̍h-thâu-lōo
風溼,風濕,hong-sip
食臊,噍臊,tsia̍h-tsho
食臊,吃臊,tsia̍h-tsho
食虧,噍虧,tsia̍h-khui
食虧,吃虧,tsia̍h-khui
食薰,噍薰,tsia̍h-hun
食薰,吃煙,tsia̍h-hun
倚,偎,
倯,傖,sông
借人,借儂,tsioh--lâng
冤仇人,冤仇儂,uan-siû-lâng
倒手爿,倒手旁,tò-tshiú-pîng
倒爿,倒旁,tò-pîng
倚年,偎年,uá-nî
倚近,偎近,uá-kīn/uá-kūn
倚晝,偎晝,uá-tàu
凍喙齒,凍嘴齒,tàng-tshuì-khí
倒數,倒賬,tó-siàu
倚靠,偎靠,uá-khò
倚壁,偎壁,uá-piah
倒擔,倒担,tó-tànn
倒轉,倒返,tò-tńg
厝,茨,tshù
厝,戍,tshù
哽,骾,kénn
哽,鯁,kénn
唉,哎,haih
唐山,長山,Tn̂g-suann
厝內,茨內,tshù-lāi
哪毋,哪不,ná m̄
厝主,茨主,tshù-tsú
厝瓦,茨瓦,tshù-hiā
厝地,茨地,tshù-tē/tshù-tuē
厝宅,茨宅,tshù-the̍h
厝角鳥仔,茨角鳥仔,tshù-kak-tsiáu-á
厝角頭,茨角頭,tshù-kak-thâu
厝契,茨契,tshù-khè/tshù-khuè
厝頂,茨頂,tshù-tíng
厝稅,茨稅,tshù-suè/tshù-sè
哪著,那著,ná-tio̍h
厝跤,茨骹,tshù-kha
厝跤,厝腳,tshù-kha
厝頭家,茨頭家,tshù-thâu-ke
厝邊,茨邊,tshù-pinn
厝邊頭尾,茨邊頭尾,tshù-pinn-thâu-bué/tshù-pinn-thâu-bé
埋,坮,
埕,庭,tiânn
娘𡢃,娘嫺,niû-kán
娘𡢃,娘嫻,niû-kán
娘嬭,娘奶,niû-lé
家己,家治,ka-kī
家己人,家治人,ka-kī-lâng
師仔,司仔,sai-á
家伙,家賄,ke-hué/ke-hé
屘囝,屘子,ban-kiánn
差教,差校,tshe-kà
師傅,師父,sai-hū
崁跤,崁骹,khàm-kha
崁跤,崁腳,khàm-kha
展翼,展翅,thián-si̍t
害蟲,害虫,hāi-thâng
挐,茹,jû/lû
挩,脫,thuah
挩枋,挩板,thuah-pang
挩門,拖門,thuah-mn̂g
挩門,屜門,thuah-mn̂g
挩門,抴門,thuah-mn̂g
挨絃仔,挨弦仔,e hiân-á
挩窗,脫窗,thuah-thang
挨粿,挨餜,e-kué/e-ké
挐氅氅,茹氅氅,jû-tsháng-tsháng/lû-tsháng-tsháng
拳頭拇,拳頭母,kûn-thâu-bú
挵,撞,lòng
挼,揉,juê/lê
捅,統,thóng
捒,搡,sak
揤,捏,tshi̍h
捌字,識字,bat-jī/bat-lī
敆作,合作,kap-tsoh
捒走,搡走,sak-tsáu
捙拚,捙拼,tshia-piànn
捙拚,車拚,tshia-piànn
挵門,撞門,lòng mn̂g
捙畚斗,捙糞斗,tshia-pùn-táu
挵破,撞破,lòng-phuà
振動,震動,tín-tāng
挽喙齒,挽嘴齒,bán tshuì-khí
料想袂到,料想𣍐到,liāu-sióng-bē-kàu/liāu-sióng-buē-kàu
挵鼓,撞鼓,lòng kóo
捅頭,統頭,thóng-thâu
挵鐘,撞鐘,lòng tsing
根底,根柢,kin-té/kun-tué
桌崁,桌蓋,toh-khàm
桌跤,桌骹,toh-kha
桌跤,桌腳,toh-kha
柴頭尪仔,柴頭翁仔,tshâ-thâu-ang-á
欱,哈,hap
氣力,喟力,khuì-la̍t
氣口,喟口,khuì-kháu
海沙埔,海砂埔,hái-sua-poo
海虼蚻,海虼蠽,hái-ka-tsua̍h
海虼蚻,海虼蠘,hái-ka-tsua̍h
海虼蚻,海加絕,hái-ka-tsua̍h
泰國菝仔,泰國芭樂,Thài-kok-pua̍t-á
海湧,海泳,hái-íng
烌,灰,hu
烏人,烏儂,oo-lâng
烏枋,烏板,oo-pang
烏枋拭仔,烏板拭仔,oo-pang-tshit-á
烏真珠,烏珍珠,oo-tsin-tsu
烏喙筆仔,烏嘴筆仔,oo-tshuì-pit-á
狸猫,貍貓,lî-bâ
烏焦瘦,烏乾瘦,oo-ta-sán
烏焦瘦,烏乾㾪,oo-ta-sán
烏焦瘦,烏焦㾪,oo-ta-sán
消瘦落肉,消㾪落肉,siau-sán-lo̍h-bah
烏蝛,烏微,oo-bui
烏魯木齊,烏魯沐債,oo-lóo-bo̍k-tsè
烏魯木齊,烏漉沐漬,oo-lóo-bo̍k-tsè
烏鴉喙,烏鴉嘴,oo-a-tshuì
烏糖粿,烏糖餜,oo-thn̂g-kué/oo-thn̂g-ké
烏貓姊仔,烏貓姐仔,oo-niau-tsí--á
泄,疶,
疶,泄,tshuah
疼,痛,thiànn
病人,病儂,pēnn-lâng/pīnn-lâng
畚斗,糞斗,pùn-táu
泄尿,疶尿,tshuā-jiō/tshuā-liō
疶屎,泄屎,tshuah-sái
疼某菜,痛某菜,thiànn-bóo-tshài
病疼,病痛,pēnn-thiànn/pīnn-thiànn
疼惜,痛惜,thiànn-sioh
疼痛,痛疼,thiànn-thàng
畚箕,糞箕,pùn-ki
破空,破孔,phuà-khang
祖厝,祖茨,tsóo-tshù
破柴,剖柴,phuà tshâ
破格喙,破格嘴,phuà-keh-tshuì
真珠,珍珠,tsin-tsu
祖媽,祖嬤,tsóo-má
秤仔,稱仔,tshìn-á
笑咍咍,笑咳咳,tshiò-hai-hai
租厝,租茨,tsoo-tshù
笑桮,笑杯,tshiò-pue
罟,罛,koo
罟仔,罛仔,koo-á
胳下空,胳下孔,koh-ē-khang
紙坯,紙胚,tsuá-phue/tsuá-phe
紙枋,紙板,tsuá-pang
缺喙,缺嘴,khih-tshuì
翁婿,尪婿,ang-sài
紙橐仔,紙簏仔,tsuá-lok-á
茈,芓,tsínn
茈,嫩,tsínn
茫,濛,
臭人,臭儂,tshàu-lâng
草人,草儂,tsháu-lâng
臭火焦,臭火凋,tshàu-hué-ta/tshàu-hé-ta
臭火焦,臭火礁,tshàu-hué-ta/tshàu-hé-ta
臭火薰,臭火熏,tshàu-hué-hun/tshàu-hé-hun
臭火薰,臭火煙,tshàu-hué-hun/tshàu-hé-hun
臭奶呆,臭奶獃,tshàu-ling-tai/tshàu-ni-tai
臭奶呆,臭乳呆,tshàu-ling-tai/tshàu-ni-tai
臭奶呆,臭乳獃,tshàu-ling-tai/tshàu-ni-tai
茭白筍,加白筍,kha-pe̍h-sún
草地人,草地儂,tsháu-tē-lâng/tsháu-tuē-lâng
臭尿薟,臭尿辛,tshàu-jiō-hiam/tshàu-liō-hiam
草厝仔,草茨仔,tsháu-tshù-á
臭喙角,臭嘴角,tshàu-tshuì-kak
臭殕,臭醭,tshàu-phú
臭焦,臭乾,tshàu-ta
臭塗味,臭土味,tshàu-thôo-bī
臭腥,臭青,tshàu-tshènn/tshàu-tshìnn
臭腥公,臭青公,tshàu-tshenn-kong/tshàu-tshinn-kong
臭跤液,臭跤餿,tshàu-kha-sio̍h
臭跤液,臭骹液,tshàu-kha-sio̍h
臭跤液,臭腳液,tshàu-kha-sio̍h
茶鈷,茶𥑮,tê-kóo
草蓆,草𥱊,tsháu-tshio̍h
茶甌,茶𥕥,tê-au
袂,𣍐,bē/buē
袂用得,𣍐用得,bē-īng-tit/buē-īng-tit
袂合,𣍐合,bē ha̍h/buē ha̍h
袂收山,𣍐收山,bē-siu-suann/buē-siu-suann
荏身,弱身,lám-sin
袂見笑,𣍐見笑,bē-kiàn-siàu/buē-kiàn-siàu
袂使,𣍐使,bē-sái/buē-sái
袂使得,𣍐使得,bē-sái-tit/buē-sái-tit
袂和,𣍐和,bē-hô/buē-hô
袂直,𣍐直,bē-ti̍t/buē-ti̍t
袂按算,𣍐按算,bē àn-sǹg/buē àn-sǹg
袂赴,𣍐赴,bē-hù/buē-hù
袂食袂睏,𣍐食𣍐睏,bē-tsia̍h-bē-khùn/buē-tsia̍h-buē-khùn
袂食袂睏,袂噍𣍐睏,bē-tsia̍h-bē-khùn/buē-tsia̍h-buē-khùn
袂食袂睏,袂吃袂睏,bē-tsia̍h-bē-khùn/buē-tsia̍h-buē-khùn
袂記得,𣍐記得,bē-kì-tit/buē-kì-tit
袂得過,𣍐得過,bē-tit kuè/buē-tit kè
袂堪得,𣍐堪得,bē-kham-tit/buē-kham-tit
袂當,袂凍,bē-tàng/buē-tàng
袂輸,𣍐輸,bē-su/buē-su
袂輸講,𣍐輸講,bē-su-kóng/buē-su-kóng
袂講得,𣍐講得,bē-kóng-tit/buē-kóng-tit
荏懶,荏爛,lám-nuā
貢丸,摃丸,kòng-uân
討皮疼,討皮痛,thó-phuê-thiànn/thó-phê-thiànn
退色,褪色,thè-sik
討契兄,討客兄,thó-khè-hiann/thó-khuè-hiann
討海人,討海儂,thó-hái-lâng
起無空,起無孔,khí-bô-khang
起痟,起𤞚,khí-siáu
討趁,討賺,thó-thàn
起雄,起兇,khí-hiông
討債囝,討債子,thó-tsè-kiánn
起跤動手,起骹動手,khí-kha-tāng-tshiú
起跤動手,起腳動手,khí-kha-tāng-tshiú
迵過,通過,thàng--kuè/thàng--kè
討數,討賬,thó-siàu
鬥,湊,
骨力,搰力,kut-la̍t
鬥句,湊句,tàu-kù
針灸,鍼灸,tsiam-kù
酒杯,酒桮,tsiú-pue
鬥空,湊空,tàu-khang
鬥空,湊孔,tàu-khang
鬥空,鬥孔,tàu-khang
鬥股,湊股,tàu-kóo
鬥相共,湊相共,tàu-sann-kāng
骨烌,骨灰,kut-hu
陣疼,陣痛,tsūn-thiànn
飢荒,饑荒,ki-hng
鬥陣,湊陣,tàu-tīn
鬥做伙,湊做伙,tàu-tsò-hué/tàu-tsuè-hé
鬥無閒,湊無閒,tàu-bô-îng
鬥無閒,鬥無閑,tàu-bô-îng
鬥無閒,逗無閒,tàu-bô-îng
針黹,針指,tsiam-tsí
鬥跤手,鬥骹手,tàu-kha-tshiú
鬥跤手,鬥腳手,tàu-kha-tshiú
鬥跤手,湊腳手,tàu-kha-tshiú
鬥夥計,搭夥計,tàu-hué-kì/tàu-hé-kì
鬥夥計,湊夥計,tàu-hué-kì/tàu-hé-kì
鬥榫頭,湊榫頭,tàu-sún-thâu
鬥鬧熱,湊鬧熱,tàu-lāu-jia̍t/tàu-lāu-lia̍t
鬥鬧熱,逗鬧熱,tàu-lāu-jia̍t/tàu-lāu-lia̍t
閃爍,閃熾,siám-sih
閃爍,閃熠,siám-sih
高麗參,高麗蔘,ko-lê-sim
偌,若,guā
偌,外,guā
假𠢕,假賢,ké-gâu
做人,做儂,
做人,做儂,
假仙假觸,假仙假𧰵,ké-sian-ké-tak
做司公,做師公,tsò-sai-kong/tsuè-sai-kong
偷拈,偷捻,thau ni
偷食,偷噍,thau tsia̍h
偷食,偷吃,thau tsia̍h
偷食步,偷噍步,thau-tsia̍h-pōo
偷食步,偷吃步,thau-tsia̍h-pōo
做臭人,做臭儂,tsò-tshàu-lâng/tsuè-tshàu-lâng
假喙齒,假嘴齒,ké-tshuì-khí
偷提,偷摕,thau-the̍h
假痟,假𤞚,ké-siáu
停跤,停骹,thîng-kha
停跤,停腳,thîng-kha
剪綹仔,剪紐仔,tsián-liú-á
剪綹仔,剪鈕仔,tsián-liú-á
做瘦氣,做㾪氣,tsò-sán-khuì/tsuè-sán-khuì
做瘦氣,做散喟,tsò-sán-khuì/tsuè-sán-khuì
做議量,做藝量,tsò-gī-niū/tsuè-gī-niū
唬,虎,hóo
唸,念,liām
啉,飲,lim
啖,嘗,
唌人,唌儂,siânn--lâng
唬人,虎人,hóo--lâng
啉水,飲水,lim tsuí
參仔,蔘仔,sim-á
啉茶,飲茶,lim tê
啉酒,飲酒,lim tsiú
匏桸,匏杓,pû-hia
匏桸,匏瓠,pû-hia
啖糝,啖點,tām-sám
啖糝,啗嘇,tām-sám
啖糝,啖嘇,tām-sám
唱聲,嗆聲,tshiàng-siann
唱聲,倡聲,tshiàng-siann
埤,陂,pi
啥人,甚人,siánn-lâng
啥人,甚儂,siánn-lâng
啥人,啥儂,siánn-lâng
堅巴,堅粑,kian-pa
啥物,啥乜,siánn-mih
啥物,啥麼,siánn-mih
夠氣,夠喟,kàu-khuì
堅乾,堅干,kian-kuann
啥貨,甚貨,siánn-huè/siánn-hè
娶新娘,𤆬新娘,tshuā-sin-niû
啥潲,啥韶,siánn-siâu
婦人人,婦人儂,hū-jîn-lâng/hū-lîn-lâng
寄生蟲,寄生虫,kià-senn-thâng/kià-sinn-thâng
婊囝,婊子,piáu-kiánn
得人疼,得人痛,tit-lâng-thiànn
得人惜,得儂惜,tit-lâng-sioh
強欲,強要,kiōng-beh/kiōng-bueh
張鳥鼠,張老鼠,tng niáu-tshí/tng niáu-tshú
徛,企,khiā
挲,搓,so
挲,搔,so
捥,抁,ńg
徛名,企名,khiā-miâ
徛名,豎名,khiā-miâ
徛泅,企泅,khiā-siû
徛泅,豎泅,khiā-siû
徛屏,企屏,khiā-pîn
徛屏,豎屏,khiā-pîn
徛眉,企眉,khiā-bâi
徛眉,豎眉,khiā-bâi
徛家,豎家,khiā-ke
徛家,企家,khiā-ke
挲草,搓草,so-tsháu
挲草,搔草,so-tsháu
徛起,企起,khiā-khí
徛起,豎起,khiā-khí
徛票,企票,khiā-phiò
徛票,豎票,khiā-phiò
徛黃,企黃,khiā-n̂g
徛黃,豎黃,khiā-n̂g
挲圓,搓圓,so-înn
悾歁,悾憨,khong-khám
徙跤,徙骹,suá-kha
徙跤,徙腳,suá-kha
徙鋪,徙舖,suá-phoo
徛燈篙,豎燈篙,khiā-ting-ko
徛頭,企頭,khiā-thâu
徛頭,豎頭,khiā-thâu
徛靈,企靈,khiā-lîng
徛靈,豎靈,khiā-lîng
挲鹽,搓鹽,so-iâm
捽,摔,sut
掂,敁,tìm
掂,鈂,tìm
掜,㨮,tau
掩,抰,
掮,肩,khainn
救人,救儂,kiù-lâng
捽仔,摔仔,sut-á
捽目尾,摔目尾,sut-ba̍k-bué/sut-ba̍k-bé
敏豆,閔豆,bín-tāu
掃帚,掃箒,sàu-tshiú
掃帚星,掃箒星,sàu-tshiú-tshenn/sàu-tshiú-tshinn
掩崁,掩蓋,am-khàm
接喙,接嘴,tsiap-tshuì
掃塗跤,掃土腳,sàu thôo-kha
掃塗跤,掃塗骹,sàu thôo-kha
掃塗跤,掃塗腳,sàu thôo-kha
接跤,接骹,tsiap-kha
接跤,接腳,tsiap-kha
掠龜走鱉,掠龜走鼈,lia̍h-ku-tsáu-pih
捲薰,捲熏,kńg-hun
捲薰,捲煙,kńg-hun
晝,罩,
桮,𤖯,pue
桸,杓,hia
桸,瓠,hia
梁柱,樑柱,niû-thiāu
欲,要,
欲,卜,
欶,𠲿,suh
欶,嗍,suh
欸,呃,--eh
欸,吓,--eh
液,𫟊,
欶水,吸水,suh tsuí
欶水,嗍水,suh tsuí
欶奶,吸奶,suh ling/suh ni
欶奶,嗍奶,suh ling/suh ni
欲死欲活,要死要活,beh-sí-beh-ua̍h/bueh-sí-bueh-ua̍h
欲呢,要呢,beh-nî/bueh-nî
欲知,要知,beh-tsai/bueh-tsai
涵空,涵孔,âm-khang
欲暗仔,要暗仔,beh-àm-á/bueh-àm-á
欶管,吸管,suh-kóng
欶管,嗍管,suh-kóng
梢聲,莦聲,sau-siann
梢聲,嗽聲,sau-siann
梢聲,酥聲,sau-siann
淋,湳,
淋水,湳水,lâm-tsuí
清芳,清香,tshing-phang
添粧,添妝,thiam-tsng
清閒,清閑,tshing-îng
清數,清賬,tshing-siàu
牽抾,牽扱,khan-khioh
現流仔,現撈仔,hiān-lâu-á
牽罟,牽罛,khan-koo
球桮,球篦,kiû-pue
球箠,球棰,kiû-tshuê/kiû-tshê
瓷,磁,huî
眯,瞇,bî
眵,覻,tshuh
眾人,眾儂,tsìng-lâng
瓷仔,磁仔,huî-á
瓷仔店,磁仔店,huî-á-tiàm
眵目,覻目,tshuh-ba̍k
眵眵,覻覻,tshuh-tshuh
甜粿,甜餜,tinn-kué/tinn-ké
窒倒街,塞倒街,that-tó-ke/that-tó-kue
窒倒街,踢倒街,that-tó-ke/that-tó-kue
窒喙空,窒嘴空,that-tshuì-khang
窒喙空,窒嘴孔,that-tshuì-khang
窒喙空,窒喙孔,that-tshuì-khang
紲,續,suà
粗人,粗儂,tshoo-lâng
紲手,續手,suà-tshiú
絃仔,弦仔,hiân-á
細囝,細子,sè-kiánn/suè-kiánn
粗坯,粗胚,tshoo-phue/tshoo-phe
紲拍,續拍,suà-phah
紲拍,煞拍,suà-phah
紲拍,續扑,suà-phah
細粒子,小粒子,sè-lia̍p-tsí/suè-lia̍p-tsí
紲喙,續喙,suà-tshuì
紲落去,續落去,suà--lo̍h-khì
脫,突,
脯脯,痡痡,póo-póo
脫箠,突棰,thut-tshuê/thut-tshê
莫,勿,
蚵,蠔,ô
蚵仔,蠔仔,ô-á
蚵仔煎,蠔仔煎,ô-á-tsian
處份,處分,tshú-hūn
蚵炱,蚵嗲,ô-te
蚵炱,蠔炱,ô-te
袚,佩,phua̍h
規,歸,kui
規个,歸个,kui-ê
規爿,規旁,kui-pîng
規世人,歸世儂,kui-sì-lâng
規氣,歸氣,kui-khì
規陣,歸陣,kui-tīn
設緣投,設嫣頭,siat-iân-tâu
鴟鴞,覓鷂,bā-hio̍h
鴟鴞,覓鴞,bā-hio̍h
袚鍊,珮鏈,phua̍h-liān
袚鍊,斾鍊,phua̍h-liān
逐,迮,
這,今,
這,即,
這,今,
這,即,
透世人,透世儂,thàu-sì-lâng
這世人,這世儂,tsit-sì-lâng
軟汫,軟孱,nńg-tsiánn
貪食,貪噍,tham-tsia̍h
貪食,貪吃,tham-tsia̍h
販厝,販茨,huàn-tshù
這站,即暫,tsit-tsām
這陣,即陣,tsit-tsūn
這馬,即馬,tsit-má
這馬,這碼,tsit-má
這馬,職馬,tsit-má
這馬,這嘛,tsit-má
連紲,連續,liân-suà
貧惰,貧憚,pîn-tuānn
貧惰骨,貧憚骨,pîn-tuānn-kut
軟塗深掘,軟土深掘,nńg-thôo-tshim-ku̍t
這搭,即搭,tsit-tah
跂跤,跂骹,kué kha/ké kha
跂跤,跂腳,kué kha/ké kha
軟跤,軟骹,nńg-kha
軟跤,軟腳,nńg-kha
軟跤蝦,軟腳蝦,nńg-kha-hê
這過,即過,tsit-kuè/tsit-kè
這點仔,即點仔,tsit-tiám-á
連鞭,臨邊,liâm-mi
部份,部分,pōo-hūn
頂世人,頂世儂,tíng-sì-lâng
閉思,秘四,pì-sù
陰桮,陰杯,im-pue
陰鴆,陰沉,im-thim
頂懸,頂高,tíng-kuân
麻痺,痲痺,bâ-pì
鳥鼠擗仔,老鼠擗仔,niáu-tshí-phia̍k-á/niáu-tshú-phia̍k-á
鳥鼠觸仔,老鼠觸仔,niáu-tshí-tak-á/niáu-tshú-tak-á
麻糍,麻粢,muâ-tsî
麻糍,麻餈,muâ-tsî
麻醉,痲醉,bâ-tsuì
麻藥,痲藥,bâ-io̍h
喙,嘴,tshuì
喙䫌,嘴䫌,tshuì-phué
勞力,擼力,
勞力,努力,
喙口,嘴口,tshuì-kháu
喙下斗,嘴下斗,tshuì-ē-táu
喘大氣,喘大喟,tshuán-tuā-khuì
喙斗,嘴斗,tshuì-táu
喙水,嘴水,tshuì-suí
割包,刈包,kuah-pau
割肉,刈肉,kuah-bah
喙舌,嘴舌,tshuì-tsi̍h
喙尾,嘴尾,tshuì-bué/tshuì-bé
喙角,嘴角,tshuì-kak
創空,創孔,tshòng-khang
喙空,喙孔,tshuì-khang
喙空,嘴空,tshuì-khang
喙空,嘴孔,tshuì-khang
割金,刈金,kuah-kim
喝玲瑯,喝玲瓏,huah-lin-long
割香,葛香,kuah-hiunn
喘氣,喘喟,tshuán-khuì
喙臭,嘴臭,tshuì-tshàu
喙脣,嘴脣,tshuì-tûn
喙脣皮,嘴唇皮,tshuì-tûn-phuê/tshuì-tûn-phê
喙殘,嘴殘,tshuì-tsuânn
喉滇,喉淀,âu-tīnn
喙罨,嘴罨,tshuì-am
喙箍,嘴箍,tshuì-khoo
喙齒,嘴齒,tshuì-khí
喙齒根,嘴齒根,tshuì-khí-kin/tshuì-khí-kun
喙瀾,嘴涎,tshuì-nuā
圍棋,圍碁,uî-kî
單跤手,單骹手,tuann-kha-tshiú
單跤手,單腳手,tuann-kha-tshiú
報數,報賬,pò-siàu
媠,美,suí
寒,凝,
媒人,媒儂,muê-lâng/hm̂-lâng
寒人,寒儂,kuânn--lâng
媒人公,媒儂公,muê-lâng-kong/hm̂-lâng-kong
媒人婆,媒儂婆,muê-lâng-pô/hm̂-lâng-pô
媒人喙,媒儂喙,muê-lâng-tshuì/hm̂-lâng-tshuì
媒人喙,媒儂嘴,muê-lâng-tshuì/hm̂-lâng-tshuì
媒人禮,媒儂禮,muê-lâng-lé/hm̂-lâng-lé
媌仔,貓仔,bâ-á
媠色,美色,suí-sik
媠氣,美氣,suí-khuì
媠氣,媠喟,suí-khuì
媠氣,美喟,suí-khuì
媠噹噹,美噹噹,suí-tang-tang
媠噹噹,媠璫璫,suí-tang-tang
媠噹噹,美璫璫,suí-tang-tang
循,順,
復原,復元,ho̍k-guân
復習,複習,ho̍k-si̍p
愖,侺,sīm
掔,摼,khian
掰,㧳,pué
揈,封,hong
揌,腮,sai
惡人,惡儂,ok-lâng
掰手面,擘手面,pué-tshiú-bīn
掰手面,撥手面,pué-tshiú-bīn
插代誌,插代志,tshap tāi-tsì
插代誌,插事志,tshap tāi-tsì
揀食,揀噍,kíng-tsia̍h
揀食,揀吃,kíng-tsia̍h
插喙,插嘴,tshap-tshuì
插喙插舌,插嘴插舌,tshap-tshuì-tshap-tsi̍h
掰開,撥開,pué-khui
掰開,掊開,pué-khui
掰開,擘開,pué-khui
敨,㪗,tháu
散凶,散鄉,sàn-hiong
散凶人,散凶儂,sàn-hiong-lâng
敨中氣,㪗中氣,tháu tiong-khuì
敨中氣,敨中喟,tháu tiong-khuì
敨中氣,㪗中喟,tháu tiong-khuì
散形,散雄,suànn-hîng
敢若,假若,kánn-ná
敢若,假那,kánn-ná
散食人,散赤人,sàn-tsia̍h-lâng
散食人,窮赤人,sàn-tsia̍h-lâng
敨氣,敨喟,tháu-khuì
敨氣,㪗喟,tháu-khuì
敨氣,㪗氣,tháu-khuì
普渡,普度,phóo-tōo
敨開,㪗開,tháu--khui
斑鴿,斑甲,pan-kah
棋,碁,kî
棋子,碁子,kî-jí/kî-lí
棉紗,綿紗,mî-se
棉裘,綿裘,mî-hiû
棕蓑,棕簑,tsang-sui
棋盤,碁盤,kî-puânn
棕鑢仔,棕攎仔,tsang-lù-á
殕,䀟,phú
殕,醭,phú
殼仔絃,殼仔弦,khak-á-hiân
殕色,䀟色,phú-sik
殕色,醭色,phú-sik
椪柑,凸柑,phòng-kam
殕殕,䀟䀟,phú-phú
殕殕,醭醭,phú-phú
湧,泳,
湳,坔,làm
湳田,坔田,làm-tshân
焦,乾,
焦,凋,
焦,礁,
牚,撐,thènn
無人緣,無儂緣,bô-lâng-iân
猴山仔,猴猻仔,kâu-san--á
無心情,無心成,bô-sim-tsîng
無毋著,無不對,bô m̄-tio̍h
猶毋過,抑毋擱,iáu-m̄-koh
猶毋過,猶不過,iáu-m̄-koh
猶毋過,抑不過,iáu-m̄-koh
無代無誌,無事無志,bô-tāi-bô-tsì
焦洗,乾洗,ta-sé/ta-sué
焦洗,凋洗,ta-sé/ta-sué
煮食,煮噍,tsú-tsia̍h
煮食,煮吃,tsú-tsia̍h
煮食裙仔,煮噍裙仔,tsú-tsia̍h-kûn-á
煮食裙仔,煮吃裙仔,tsú-tsia̍h-kûn-á
焦料,乾料,ta-liāu
無氣,無喟,bô-khuì
無啥物,無啥乜,bô-siánn-mih
無啥物,無啥麼,bô-siánn-mih
無彩,無采,bô-tshái
無彩工,無采工,bô-tshái-kang
無張持,無張除,bô-tiunn-tî
無閒,無閑,bô-îng
無較縒,無較差,bô-khah-tsua̍h
牚腿,撐腿,thènn-thuí/thìnn-thuí
猶閣,猶擱,iáu-koh
猶閣,猶甲,iáu-koh
猶閣咧,抑更咧,iáu-koh teh
猶閣咧,抑甲咧,iáu-koh teh
猶閣咧,猶擱咧,iáu-koh teh
無影無跡,無影無迹,bô-iánn-bô-tsiah
牚頭,撐頭,thènn-thâu
焦燥,乾燥,ta-sò
焦鬆,乾鬆,ta-sang
焦鬆,礁鬆,ta-sang
牚懸,牚高,thènn-kuân
牚懸,撐懸,thènn-kuân
牚懸,撐高,thènn-kuân
無議量,無藝量,bô-gī-niū
番,蕃,
痟,𤞚,
痟人,𤞚人,siáu-lâng
痟人,𤞚儂,siáu-lâng
痟人,痟儂,siáu-lâng
番仔幔,蕃仔幔,huan-á-mua
番仔幔,番仔𧜞,huan-á-mua
番仔幔,蕃仔𧜞,huan-á-mua
畫巡,畫紃,uē-sûn
痚呴嗽,蝦龜嗽,he-ku-sàu
痠抽疼,痠抽痛,sng-thiu-thiànn
痟狗,𤞚狗,siáu-káu
痟狗湧,𤞚狗湧,siáu-káu-íng
番社,蕃社,huan-siā
痟的,𤞚的,siáu--ê
痠疼,痠痛,sng-thiànn
痟貪,𤞚貪,siáu-tham
痟話,𤞚話,siáu uē
發粿,發餜,huat-kué/huat-ké
番薯,番藷,han-tsî/han-tsû
番薯,蕃薯,han-tsî/han-tsû
番薯,蕃藷,han-tsî/han-tsû
番薯箍,蕃薯箍,han-tsî-khoo/han-tsû-khoo
番薯簽,蕃薯簽,han-tsî-tshiam/han-tsû-tshiam
番薯簽,蕃薯籤,han-tsî-tshiam/han-tsû-tshiam
番薯簽,番薯籤,han-tsî-tshiam/han-tsû-tshiam
番顛,蕃顛,huan-tian
硩,矺,teh
稅厝,稅茨,suè-tshù/sè-tshù
睏晝,睏罩,khùn-tàu
筊,儌,kiáu
筊,徼,kiáu
粞,𥽕,tshè/tshuè
粧,妝,
絚,拫,ân
筊仙,筊先,kiáu-sian
筊岫,筊巢,kiáu-siū
絕氣,絕喟,tsua̍t-khuì
筍乾,筍干,sún-kuann
答喙鼓,答嘴鼓,tap-tshuì-kóo
筆跡,筆蹟,pit-tsik
筊跤,儌跤,kiáu-kha
筊跤,賭腳,kiáu-kha
結數,結賬,kiat-siàu
翕,熻,hip
舒,敷,
翕相,翕像,hip-siòng
翕相機,翕像機,hip-siòng-ki
翕相館,翕像館,hip-siòng-kuán
舒被,敷被,tshu-phuē/tshu-phē
菅蓁,菅榛,kuann-tsin
腌臢,阿渣,a-tsa
萎,虧,
菝仔票,芭仔票,pa̍t-á-phiò
菠薐仔,飛薐仔,pue-lîng-á/pe-lîng-á
菜擴,菜觳,tshài-khok
菜櫥,菜廚,tshài-tû
菜礤,菜擦,tshài-tshuah
著,𤏸,
裂,撕,
覕,匿,bih
覕,宓,bih
著火,𤏸火,to̍h-hué/to̍h-hé
著生驚,著青驚,tio̍h-tshenn-kiann/tio̍h-tshinn-kiann
覕雨,匿雨,bih-hōo
覕相揣,覕相找,bih-sio-tshuē/bih-sio-tshē
覕相揣,匿相揣,bih-sio-tshuē/bih-sio-tshē
覕相揣,匿相找,bih-sio-tshuē/bih-sio-tshē
覕喙,匿嘴,bih-tshuì
覕喙,匿喙,bih-tshuì
覕喙,覕嘴,bih-tshuì
著蟲,著虫,tio̍h-thâng
趁,賺,thàn
越,斡,ua̍t
貼人食,貼儂食,thiap-lâng-tsia̍h
貼人食,貼人噍,thiap-lâng-tsia̍h
貼人食,貼儂吃,thiap-lâng-tsia̍h
貿工,𢯾工,bāu-kang
貼心,搭心,tah-sim
註死,注死,tsù-sí
註定,注定,tsù-tiānn
貼底,搭底,tah-té/tah-tué
趁流水,賺流水,thàn-lâu-tsuí
趁食,賺食,thàn-tsia̍h
趁食人,賺食人,thàn-tsia̍h-lâng
趁食人,賺吃人,thàn-tsia̍h-lâng
趁食人,趁噍儂,thàn-tsia̍h-lâng
趁食查某,趁吃查某,thàn-tsia̍h-tsa-bóo
趁食查某,賺食查某,thàn-tsia̍h-tsa-bóo
趁食查某,賺噍查某,thàn-tsia̍h-tsa-bóo
貴參參,貴蔘蔘,kuì-som-som
象桮,象杯,siūnn-pue
象桮,聖杯,siūnn-pue
象棋,象碁,tshiūnn-kî
註解,注解,tsù-kái
註銷,註消,tsù-siau
趁錢,賺錢,thàn-tsînn
越頭,斡頭,ua̍t-thâu
跍,竘,khû
跔,痀,ku
跋桮,跋杯,pua̍h-pue
跋牌仔,博牌仔,pua̍h-pâi-á
跋筊,跋繳,pua̍h-kiáu
跋筊,博筊,pua̍h-kiáu
跋筊,博徼,pua̍h-kiáu
跛跤,跛骹,pái-kha
跛跤,跛腳,pái-kha
鈕,紐,liú
閒,閑,
閒人,閑人,îng-lâng
閒人,閑儂,îng-lâng
閒人,閒儂,îng-lâng
閒工,閑工,îng-kang
鈕仔,紐仔,liú-á
閒仙仙,閑仙仙,îng-sian-sian
鈕仔空,紐仔空,liú-á-khang
鈕仔空,鈕仔孔,liú-á-khang
鈕仔空,紐仔孔,liú-á-khang
閒仔話,閑仔話,îng-á-uē
開喙,開嘴,khui-tshuì
閒間,閑間,îng-king
鈕鈕仔,紐紐仔,liú liú-á
鈕鈕仔,紐鈕仔,liú liú-á
鈕鈕仔,鈕紐仔,liú liú-á
開跤褲,開腳褲,khui-kha-khòo
開跤褲,開骹褲,khui-kha-khòo
開銷,開消,khai-siau
閒錢,閑錢,îng-tsînn
飯坩,飯硿,pn̄g-khann
飯匙銃,飯匙倩,pn̄g-sî-tshìng
順紲,順續,sūn-suà
飫喙,飫嘴,uì-tshuì
黃酸,黃痠,n̂g-sng
黃錦錦,黃扲扲,n̂g-gìm-gìm
傱,蹌,tsông
剾刀,刨刀,khau-to
剾刀,摳刀,khau-to
剾刀花,刨刀花,khau-to-hue
剾刀花,摳刀花,khau-to-hue
剾仔,刨仔,khau-á
剾仔,摳仔,khau-á
剾皮,刨皮,khau phuê/khau phê
剾皮,摳皮,khau phuê/khau phê
剾削,刨削,khau-siah
剾削,摳削,khau-siah
剾洗,刨洗,khau-sé/khau-sué
剾洗,刮洗,khau-sé/khau-sué
剾風,刨風,khau-hong
傷跡,傷迹,siong-jiah/siong-liah
勥跤,勥骹,khiàng-kha
勥跤,勥腳,khiàng-kha
亂操操,亂吵吵,luān-tshau-tshau
傱錢,蹌錢,tsông-tsînn
嗚,嗡,
塗,土,
塗水,土水,thôo-tsuí
塗水師,土水師,thôo-tsuí-sai
圓仔粞,圓仔𥽕,înn-á-tshè/înn-á-tshuè
塌本,凹本,thap-pún
塗色,土色,thôo-sik
塗尪仔,土尪仔,thôo-ang-á
塗沙,土沙,thôo-sua
塗沙,土砂,thôo-sua
塗豆,土豆,thôo-tāu
塗豆仁,土豆仁,thôo-tāu-jîn/thôo-tāu-lîn
塗豆油,土豆油,thôo-tāu-iû
塗豆糖,土豆糖,thôo-tāu-thn̂g
塌空,塌孔,thap-khang
塗虱,土虱,thôo-sat
塗炭,土炭,thôo-thuànn
塗炭,土碳,thôo-thuànn
塗炭,塗碳,thôo-thuànn
塗墼,土埆,thôo-kat
塗墼,塗埆,thôo-kat
塗墼厝,土埆厝,thôo-kat-tshù
塗墼厝,土埆茨,thôo-kat-tshù
塗墼厝,塗埆茨,thôo-kat-tshù
塗捀,土捧,thôo-phâng
圓栱門,圓光門,uân-kong-mn̂g
塗粉,土粉,thôo-hún
塌跤,搨骹,thap-kha
塌跤,搨腳,thap-kha
塗跤,土骹,thôo-kha
塗跤,土腳,thôo-kha
塗魠,土魠,thôo-thoh
塗魠,土鮀,thôo-thoh
塗魠,塗鮀,thôo-thoh
塌錢,凹錢,thap-tsînn
塗龍,土龍,thôo-liông
塗礱,土礱,thôo-lâng
媽,嬤,
嫁查某囝,嫁查某子,kè tsa-bóo-kiánn
媽祖,嬤祖,Má-tsóo
嫁翁,嫁尪,kè-ang
揫,揪,tshiû
惹代誌,惹事志,jiá-tāi-tsì/liá-tāi-tsì
想空想縫,想孔想縫,siūnn-khang-siūnn-phāng
愛媠,愛美,ài-suí
慄慄掣,搦搦掣,la̍k-la̍k-tshuah
搜,抄,
搝,扭,khiú
搟,撼,hián
浞,踿,tshio̍k
搦,搙,la̍k
斟,漛,
新人,新儂,sin-lâng
搤空,挖空,iah-khang
搤空,挖孔,iah-khang
搤空,搤孔,iah-khang
搢風,戰風,tsìnn-hong
搬厝,搬茨,puann-tshù
斟茶,漛茶,thîn tê
斟酒,漛酒,thîn tsiú
搧喙䫌,搧嘴䫌,siàn-tshuì-phué
搝搝搦搦,扭扭搙搙,khiú-khiú-la̍k-la̍k
搬話,盤話,puann-uē
損蕩,損盪,sńg-tn̄g
搦權,搙權,la̍k-khuân
楔,揳,seh
楔,塞,seh
楗,拱,kīng
楗,挭,kīng
楔手縫,揳手縫,seh-tshiú-phāng
楔空,塞孔,seh-khang
楔空,揳空,seh-khang
楔空,揳孔,seh-khang
楔後手,揳後手,seh-āu-tshiú
會當,會凍,ē-tàng
暗暝,暗冥,àm-mê/àm-mî
楔縫,揳縫,seh-phāng
溢奶,呃奶,ik-ling/ik-ni
溢奶,溢乳,ik-ling/ik-ni
溢奶,呃乳,ik-ling/ik-ni
歇睏,歇困,hioh-khùn
歁歁,憨憨,khám-khám
滇,淀,
煏桌,爆桌,piak-toh
照起工,照紀綱,tsiàu-khí-kang
矮人,矮儂,é-lâng/ué-lâng
痱仔,疿仔,puì-á
當時,東時,
痰瀾,痰涎,thâm-nuā
碗公,碗疆,uánn-kong
禁氣,禁喟,kìm-khuì
碰釘,掽丁,phòng-ting
禁喙,禁嘴,kìm-tshuì
碗粿,碗餜,uánn-kué/uánn-ké
碰壁,磅壁,pōng-piah
筧,梘,
罨,掩,am
經跤經手,經骹經手,kenn-kha-kenn-tshiú/kinn-kha-kinn-tshiú
經跤經手,經腳經手,kenn-kha-kenn-tshiú/kinn-kha-kinn-tshiú
罩雺,罩濛,tà-bông
罩雺,罩茫,tà-bông
腡,螺,lê
落勾,落交,làu-kau
腸仔𣻸,腸仔瘍,tn̂g-á-siûnn
落杓,漏桸,làu-sia̍h
腹肚枵,腹肚飢,pak-tóo-iau
腹肚枵,腹肚餓,pak-tóo-iau
聖拄聖,聖抵聖,siànn-tú-siànn
落屎,漏屎,làu-sái
落屎星,漏屎星,làu-sái-tshenn/làu-sái-tshinn
落屎馬,漏屎馬,làu-sái-bé
落氣,漏喟,làu-khuì
落湳,落坔,lo̍h-làm
落塗,落土,lo̍h-thôo
落跤氣,落骹氣,lo̍h-kha-khì
落跤氣,落腳氣,lo̍h-kha-khì
腥臊,青臊,tshenn-tshau/tshe-tshau
落翼仔,落翅仔,làu-si̍t-á
裒,紨,pôo
蛾仔,蝶仔,ia̍h-á
蜂岫,蜂巢,phang-siū
試看覓,試看昧,tshì khuànn-māi
補喙齒,補嘴齒,póo tshuì-khí
裝痟的,莊孝維,tsng-siáu--ê
試鹹汫,試鹹𩟗,tshì kiâm-tsiánn
跤,腳,kha
跤,骹,kha
跤刀,骹刀,kha-to
跤刀,腳刀,kha-to
跤手,骹手,kha-tshiú
跤手,腳手,kha-tshiú
跤斗,骹斗,kha-táu
跤斗,腳斗,kha-táu
跤仔,骹仔,kha-á
跤仔,腳仔,kha-á
跤目,骹目,kha-ba̍k
跤目,腳目,kha-ba̍k
跤尖手幼,骹尖手幼,kha-tsiam-tshiú-iù
跤尖手幼,腳尖手幼,kha-tsiam-tshiú-iù
跤尾,骹尾,kha-bué/kha-bé
跤尾,腳尾,kha-bué/kha-bé
跤尾飯,骹尾飯,kha-bué-pn̄g/kha-bé-pn̄g
跤尾飯,腳尾飯,kha-bué-pn̄g/kha-bé-pn̄g
跤步,骹步,kha-pōo
跤步,腳步,kha-pōo
跤肚,骹肚,kha-tóo
跤肚,腳肚,kha-tóo
跤來手來,骹來手來,kha-lâi-tshiú-lâi
跤來手來,腳來手來,kha-lâi-tshiú-lâi
跤帛,跤白,kha-pe̍h
跤帛,骹帛,kha-pe̍h
跤帛,腳帛,kha-pe̍h
跤底,骹底,kha-té/kha-tué
跤底,腳底,kha-té/kha-tué
畫虎𡳞,話虎膦,uē-hóo-lān
跤後肚,骹後肚,kha-āu-tóo
跤後肚,腳後肚,kha-āu-tóo
跤後蹬,骹後𩨑,kha-āu-tenn
跤後蹬,腳後𩨑,kha-āu-tenn
跤指頭仔,腳指頭仔,kha-tsíng-thâu-á
跤指頭仔,骹指頭仔,kha-tsíng-thâu-á
跤枷,骹椵,kha-kê
跤枷,腳椵,kha-kê
跤骨,骹骨,kha-kut
跤骨,腳骨,kha-kut
跤兜,骹兜,kha-tau
跤兜,腳兜,kha-tau
跤兜,腳都,kha-tau
跤桶,骹桶,kha-tháng
跤桶,腳桶,kha-tháng
跤梢,骹騷,kha-sau
跤梢,腳騷,kha-sau
跤液,跤𫟊,kha-sio̍h
跤液,骹液,kha-sio̍h
跤液,腳𫟊,kha-sio̍h
跤梢間仔,骹踃間仔,kha-sau-king-á
跤梢間仔,腳踃間仔,kha-sau-king-á
跤球,骹球,kha-kiû
跤球,腳球,kha-kiû
跤筋,骹筋,kha-kin/kha-kun
跤筋,腳筋,kha-kin/kha-kun
跤跡,跤迹,kha-jiah/kha-liah
跤跡,骹跡,kha-jiah/kha-liah
跤跡,腳跡,kha-jiah/kha-liah
趒跤頓蹄,投骹蹔蹄,tiô-kha-tǹg-tê
趒跤頓蹄,投腳蹔蹄,tiô-kha-tǹg-tê
跤腿,骹腿,kha-thuí
跤腿,腳腿,kha-thuí
跤鼻臁,骹鼻臁,kha-phīnn-liâm
跤鼻臁,腳鼻臁,kha-phīnn-liâm
跤數,骹數,kha-siàu
跤數,腳色,kha-siàu
跤數,腳賬,kha-siàu
跤模,腳模,kha-bôo
跤模手印,骹模手印,kha-bôo-tshiú-ìn
跤模手印,腳模手印,kha-bôo-tshiú-ìn
跤盤,骹盤,kha-puânn
跤盤,腳盤,kha-puânn
跤踏仔,骹踏仔,kha-ta̍h-á
跤踏仔,腳踏仔,kha-ta̍h-á
跤擋,骹擋,kha-tòng
跤擋,腳擋,kha-tòng
跤頭趺,骹頭窩,kha-thâu-u
跤頭趺,腳頭窩,kha-thâu-u
跤縫,骹縫,kha-phāng
跤縫,腳縫,kha-phāng
較,校,
較,卡,
遏,折,at
遐,許,
遐,赫,
遏手把,遏手霸,at-tshiú-pà
遏手把,折手把,at-tshiú-pà
遏手把,折手霸,at-tshiú-pà
路沖,路衝,lōo-tshiong
遏泔,閼泔,at-ám
過氣,過喟,kuè-khuì/kè-khuì
較停仔,卡停仔,khah-thîng-á
運動埕,運動庭,ūn-tōng-tiânn
運途,運圖,ūn-tôo
過喙,過嘴,kuè-tshuì/kè-tshuì
遐爾,許呢,hiah-nī
遐爾,赫爾,hiah-nī
遐爾,遐呢,hiah-nī
遐爾仔,遐呢仔,hiah-nī-á
過數,過賬,kuè-siàu/kè-siàu
過謙,顧謙,kòo-khiam
過謙,故謙,kòo-khiam
路邊擔仔,路邊担仔,lōo-pinn-tànn-á
鉎,鏥,sian
閘,截,tsa̍h
閘日,截日,tsa̍h ji̍t/tsa̍h li̍t
閘光,截光,tsa̍h kng
閘車,截車,tsa̍h tshia
銃空,銃孔,tshìng-khang
閘屏,柵屏,tsa̍h-pîn
閘屏,截屏,tsa̍h-pîn
閘風,截風,tsa̍h hong
閘路,截路,tsa̍h-lōo
雺,濛,bông
雺,茫,bông
頓印,擲印,tǹg-ìn
飽呃,飽噎,pá-eh
電塗,電土,tiān-thôo
飽滇,飽淀,pá-tīnn
雺霧,濛霧,bông-bū
雺霧,茫霧,bông-bū
鼎,鐤,
鼓井,古井,kóo-tsénn/kóo-tsínn
鼎疕,鼎糒,tiánn-phí
鼠麴粿,鼠殼粿,tshí-khak-kué/tshú-khak-ké
鼠麴粿,鼠殼餜,tshí-khak-kué/tshú-khak-ké
鼠麴粿,鼠麴餜,tshí-khak-kué/tshú-khak-ké
厭,饜,
厭𤺪,饜𤺪,ià-siān
僥倖錢,嬈倖錢,hiau-hīng-tsînn
厭氣,嚥氣,iàn-khì
厭氣,燕氣,iàn-khì
嘛欲,嘛要,mā beh/mā bueh
僭話,搢話,tsiàm-uē
嘛嘛吼,嗎嗎哭,mà-mà-háu
孵,伏,
孵,菢,
幔,𧜞,mua
孵岫,孵巢,pū-siū
對喙,對嘴,tuì-tshuì
實腹,塞腹,tsa̍t-pak
實鼻,寔鼻,tsa̍t-phīnn
對數,對賬,tuì-siàu
實櫼,塞櫼,tsa̍t-tsinn
摠頭,總頭,tsáng-thâu
摻,攙,
敲油,扣油,khà-iû
榫空,榫孔,sún-khang
槌,鎚,thuî
槌,椎,thuî
滷,魯,lóo
滷肉飯,魯肉飯,lóo-bah-pn̄g
漉喙,摝喙,lo̍k-tshuì
漉糊糜,路糊糜,lo̍k-kôo-muê/lo̍k-kôo-bê
漲懸價,漲高價,tiùnn-kuân-kè
熔,鎔,
爾爾,耳耳,niā-niā
箅,箄,pín
箅仔,箄仔,pín-á
粿仔,餜仔,kué-á/ké-á
粿印,餜印,kué-ìn/ké-ìn
種作,種做,tsìng-tsoh
精牲,牲生,tsing-senn/tsing-sinn
精差,爭差,tsing-tsha
算袂和,算𣍐和,sǹg-bē-hô/sǹg-buē-hô
粿粞,餜粞,kué-tshè/ké-tshuè
粿粞,粿𥽕,kué-tshè/ké-tshuè
粿粞,餜𥽕,kué-tshè/ké-tshuè
算數,算賬,sǹg-siàu
管數,管賬,kuán-siàu
粽箬,粽笚,tsàng-ha̍h
粽箬,粽籜,tsàng-ha̍h
綴人走,綴儂走,tuè-lâng-tsáu/tè-lâng-tsáu
罰徛,罰企,hua̍t-khiā
罰徛,罰豎,hua̍t-khiā
膎,鮭,kê/kuê
蓆,𥱊,tshio̍h
蓄厝,蓄茨,hak-tshù
賒數,賒賬,sia-siàu
鉸刀爿,鉸刀旁,ka-to-pîng
閣,擱,koh
閣,故,koh
閣再,擱再,koh-tsài
閣較,更較,koh-khah
閣較,甲較,koh-khah
閣較,閣卡,koh-khah
閣較,擱較,koh-khah
鼻目喙,鼻目嘴,phīnn-ba̍k-tshuì
鼻空,鼻孔,phīnn-khang
鼻空風,鼻孔風,phīnn-khang-hong
鼻芳,鼻香,phīnn-phang
鼻翼,鼻翅,phīnn-si̍t
劌,刲,kuì
劍竹,箭竹,kiàm-tik
劍筍,箭筍,kiàm-sún
價數,價賬,kè-siàu
噗,烞,
噗,泡,
墜跤氣,墜腳氣,tuī-kha-khì
噗薰,烞薰,pok-hun
屧,塞,siap
屧手縫,塞手縫,siap-tshiú-phāng
嬈花,嬲花,hiâu-hue
廟埕,廟庭,biō-tiânn
屧貼,塞貼,siap-thiap
撆,襒,pih
撆,彆,pih
撆手䘼,襒手䘼,pih-tshiú-ńg
戮空,戮孔,lak-khang
撆紮,襒紮,pih-tsah
撆褲跤,撇褲骹,pih-khòo-kha
撆褲跤,撇褲腳,pih-khòo-kha
撆褲跤,襒褲骹,pih-khòo-kha
撆褲跤,襒褲腳,pih-khòo-kha
撚寶,捻寶,lián-pó
撚鑽,捻鑽,lián-tsǹg
數,賬,
數目,賬目,siàu-ba̍k
數念,賬念,siàu-liām
數房,賬房,siàu-pâng
數單,賬單,siàu-tuann
數想,賬想,siàu-siūnn
暴穎,爆穎,pok-ínn
暴穎,暴芽,pok-ínn
數櫃,賬櫃,siàu-kuī
數額,帳額,siàu-gia̍h
數簿,賬簿,siàu-phōo
樓仔厝,樓仔茨,lâu-á-tshù
標致,標緻,phiau-tì
樓跤,樓骹,lâu-kha
樓跤,樓腳,lâu-kha
潲,韶,siâu
潲,精,siâu
熟似,熟姒,si̍k-sāi
熟似,熟視,si̍k-sāi
熟似人,熟似儂,si̍k-sāi-lâng
瘦,㾪,
盤,蹣,
熱人,熱儂,jua̍h--lâng/lua̍h--lâng
瘦田,㾪田,sán tshân
瘦肉,㾪肉,sán-bah
瘦卑巴,㾪豍羓,sán-pi-pa
瘦抽,㾪抽,sán-thiu
盤喙錦,盤嘴錦,puânn-tshuì-gím
瘦猴,㾪猴,sán-kâu
盤撋,蹣撋,puânn-nuá
盤數,盤賬,puânn-siàu
稻,粙,
窯,窰,iô
箠,棰,
箬,笚,ha̍h
窮分,傾分,khîng-hun
磅米芳,磅米香,pōng-bí-phang
磅空,磅孔,pōng-khang
稻草人,稻草儂,tiū-tsháu-lâng
緣投,嫣頭,iân-tâu
緣投,嫣投,iân-tâu
練痟話,練𤞚話,liān-siáu-uē
膣屄,之屄,tsi-bai
蓬鬆,膨鬆,phōng-song
蓬鬆,唪鬆,phōng-song
蝨母,虱母,sat-bó
蝦蛄擗仔,蝦蛄拍仔,hê-koo-phia̍k-á
蔗箬,蔗笚,tsià-ha̍h
蔗箬,蔗籜,tsià-ha̍h
蝨篦,虱篦,sat-pìn
衝碰,沖碰,tshóng-pōng
踢,躂,
請人客,請儂客,tshiánn-lâng-kheh
豬仔囝,豬仔子,ti-á-kiánn/tu-á-kiánn
豬母奶仔,豬母乳仔,ti-bó-ling-á/tu-bó-ni-á
豬灶,豬竈,ti-tsàu/tu-tsàu
豬牢,豬椆,ti-tiâu/tu-tiâu
豬牢,豬稠,ti-tiâu/tu-tiâu
踏枋,踏板,ta̍h-pang
豬狗精牲,豬狗牲生,ti-káu-tsing-senn/tu-káu-tsing-sinn
踢被,躂被,that phuē/that phē
諍喙,諍嘴,tsènn-tshuì/tsìnn-tshuì
踢毽子,躂毽子,that-kiàn-tsí
豬跤,豬骹,ti-kha/tu-kha
豬跤,豬腳,ti-kha/tu-kha
豬跤箍,豬骹箍,ti-kha-khoo/tu-kha-khoo
豬跤箍,豬腳箍,ti-kha-khoo/tu-kha-khoo
豬跤麵線,豬骹麵線,ti-kha-mī-suànn/tu-kha-mī-suànn
豬跤麵線,豬腳麵線,ti-kha-mī-suànn/tu-kha-mī-suànn
豬頭爿,豬頭旁,ti-thâu-pîng/tu-thâu-pîng
賤蟲,賤虫,tsiān-thâng
輪,碾,
輪,輾,
輪,輦,
遮,這,
遮,即,
輪仔,輾仔,lián-á
輪框,輾框,lián-khing
踩街,彩街,tshái-ke/tshái-kue
遮閘,遮截,jia-tsa̍h/lia-tsa̍h
遮爾,即爾,tsiah-nī
遮爾,則尼,tsiah-nī
遮爾,者爾,tsiah-nī
遮爾,遮呢,tsiah-nī
遮爾,這呢,tsiah-nī
遮爾仔,遮尼仔,tsiah-nī-á
遮爾仔,這爾仔,tsiah-nī-á
遮爾仔,即尼仔,tsiah-nī-á
閬,曠,
閬工,曠工,làng-kang
閬月,曠月,làng-gue̍h/làng-ge̍h
閬縫,曠縫,làng-phāng
霆,陳,
駐,住,
霆水螺,陳水螺,tân-tsuí-lê
鞋抿仔,鞋笢仔,ê-bín-á/uê-bín-á
鞋抿仔,鞋刡仔,ê-bín-á/uê-bín-á
霆雷公,陳雷公,tân-luî-kong
齒抿仔,齒刡仔,khí-bín-á
齒觳仔,齒殼仔,khí-khok-á
齒戳仔,齒拓仔,khí-thok-á
噤喙,噤嘴,khiūnn-tshuì
學人,學儂,o̍h--lâng
壅田,壅塍,ìng tshân
壁空,壁孔,piah-khang
噷噷,默默,hm̍h-hm̍h
擔,担,
擔仔麵,担仔麵,tànn-á-mī
橐,簏,
橐仔,簏仔,lok-á
樹奶,樹乳,tshiū-ling/tshiū-ni
樹奶糖,樹乳糖,tshiū-ling-thn̂g/tshiū-ni-thn̂g
橐袋仔,簏袋仔,lak-tē-á
歕,噴,pûn
澹,霑,tâm
濁,醪,
歕火,噴火,pûn-hué/pûn-hé
歕風,噴風,pûn-hong
澹漉漉,霑漉漉,tâm-lok-lok
澹糊糊,霑糊糊,tâm-kôo-kôo
歕觱仔,歕嗶仔,pûn pi-á
歕雞胿,噴雞胿,pûn-ke-kui/pûn-kue-kui
燃,烆,
燃火,烆火,hiânn-hué/hiânn-hé
燃柴,烆柴,hiânn-tshâ
燒烙,燒暖,sio-lō
燖鍋,燖鍡,tīm-ue/tīm-e
瘸跤,瘸骹,khuê-kha/khê-kha
瘸跤,瘸腳,khuê-kha/khê-kha
窸倏,迅速,sī-suā
窸倏,彳亍,sī-suā
縛跤,縛骹,pa̍k-kha
縛跤,縛腳,pa̍k-kha
膨,胖,phòng
膨疱,肨泡,phòng-phā
膨椅,肨椅,phòng-í
褫,展,thí
褪赤跤,褪赤骹,thǹg-tshiah-kha
褪赤跤,脫赤腳,thǹg-tshiah-kha
褲跤,褲骹,khòo-kha
褲跤,褲腳,khòo-kha
褪褲𡳞,褪褲膦,thǹg-khòo-lān
蕨貓,過貓,kueh-niau
賰,偆,tshun
賰,伸,tshun
親人,親儂,tshin-lâng
貓兒竹,麻兒竹,bâ-jî-tik/bâ-lî-tik
貓兒竹,貓猊竹,bâ-jî-tik/bâ-lî-tik
親情,親成,
雕,彫,tiau
錢鼠,氈鼠,tsînn-tshí/tsînn-tshú
頭人,頭儂,thâu-lâng
骿支骨,骿肢骨,phiann-ki-kut
頭帛,頭白,thâu-pe̍h
頭拄仔,頭抵仔,thâu-tú-á
頭疼,頭痛,thâu-thiànn
頭眩目暗,頭暈目暗,thâu-hîn-ba̍k-àm
頭路,投路,thâu-lōo
頭麩,頭粕,thâu-phoo
骿條,骿膫,phiann-liâu
頷頸,頷䫀,ām-kún
頭鬃尾,頭㨑尾,thâu-tsang-bué/thâu-tsang-bé
鴨仔囝,鴨仔子,ah-á-kiánn
鴨母喙,鴨母嘴,ah-bó-tshuì
鴨咪仔,鴨微仔,ah-bî-á
龜祟,龜綏,ku-sui
龜跤,龜骹,ku-kha
龜跤,龜腳,ku-kha
鴨鵤,鴨角,ah-kak
鴨鵤,鴨公,ah-kak
鴨鯗,鴨賞,ah-siúnn
嚓嚓趒,雀雀趒,tshia̍k-tshia̍k-tiô
壓味,押味,ah-bī
應喙,應嘴,ìn-tshuì
應喙應舌,應嘴應舌,ìn-tshuì-ìn-tsi̍h
擤鼻,凊鼻,tshìng-phīnn
壓霸,惡霸,ah-pà
檢采,檢採,kiám-tshái
檢采,檢彩,kiám-tshái
溼,濕,sip
濫使,亂使,lām-sú
溼溼,濕濕,sip-sip
濫糝,濫摻,lām-sám
瞪力,殿力,tènn-la̍t/tìnn-la̍t
瞪屎,殿屎,tènn-sái/tìnn-sái
瞪屎,脹屎,tènn-sái/tìnn-sái
糞口蟲,糞口虫,pùn-kháu-thâng
糝粉,摻粉,sám-hún
糞埽市場,畚埽市場,pùn-sò-tshī-tiûnn
糞埽車,畚埽車,pùn-sò-tshia
糞埽桶,畚掃桶,pùn-sò-tháng
糞埽籠,畚掃籠,pùn-sò-láng
篾蓆,篾𥱊,bi̍h-tshio̍h
總鋪,總舖,tsóng-phoo
翼,翅,
薅,摳,khau
翼股,翅股,si̍t-kóo
艱苦人,艱苦儂,kan-khóo-lâng
薅草,摳草,khau tsháu
蕗蕎,蕗藠,lōo-giō
薟,馦,hiam
螿蜍,螿蠩,tsiunn-tsî
薟薑仔,辛薑仔,hiam-kiunn-á
趨,趄,tshu
賺食,賺噍,tsuán-tsia̍h
賺食,賺吃,tsuán-tsia̍h
蹌跤雞,蹌骹雞,tshiáng-kha-ke/tshiáng-kha-kue
蹌跤雞,蹌腳雞,tshiáng-kha-ke/tshiáng-kha-kue
講嘐潲話,講嘐韶話,kóng hau-siâu-uē
講親情,講親成,kóng-tshin-tsiânn
還數,還賬,hîng siàu
輾轉,輪轉,liàn-tńg
隱,煴,ún
隱弓蕉,隱金蕉,ún-king-tsio
隱弓蕉,隱芎蕉,ún-king-tsio
隱痀,隱龜,ún-ku
鮮沢,鮮尺,tshinn-tshioh
黜,托,
黜,拓,
黜仔,托仔,thuh-á
黜仔,拓仔,thuh-á
黏塗,粘土,liâm-thôo
黏塗,粘塗,liâm-thôo
黜塗機,拓土機,thuh-thôo-ki
嚙,囓,gè
擲,掞,tàn
擽,搔,ngiau
擲㧒捔,掞㧒捔,tàn-hiat-ka̍k
檫仔,擦仔,tshat-á
檫仔,𢄧仔,tshat-á
斷奶,斷乳,tn̄g-ling/tn̄g-ni
攄塗機,攄土機,lu-thôo-ki
擴頭,凸頭,khok-thâu
擴頭,廓頭,khok-thâu
爁日,爍日,nah-ji̍t/nah-li̍t
癗,瘤,luî
繡,綉,siù
薰吹,熏吹,hun-tshue/hun-tshe
薰吹,煙吹,hun-tshue/hun-tshe
薰屎,熏屎,hun-sái
薰屎,煙屎,hun-sái
薰頭,熏頭,hun-thâu
薰頭,煙頭,hun-thâu
蟲,虫,
蟯桮,蟯篦,giô-pue
蟲豸,虫豸,thâng-thuā
藃蟶,僥蟶,hiauh-than
藃蟶,翹坦,hiauh-than
蹛,帶,tuà
蹛,滯,tuà
軁,鑽,
轉,返,
轉外家,返外家,tńg guā-ke
豐沛,豐派,phong-phài
軁狗空仔,軁狗孔仔,nǹg-káu-khang-á
轉後頭,返後頭,tńg āu-thâu
轉喙,轉嘴,tńg-tshuì
蹔跤步,蹔骹步,tsàm-kha-pōo
蹔跤步,蹔腳步,tsàm-kha-pōo
軁錢空,趡錢孔,nǹg-tsînn-khang
轉臍,斷臍,tńg-tsâi
雙爿,雙旁,siang-pîng
雞仔囝,雞仔子,ke-á-kiánn/kue-á-kiánn
雞母蟲,雞母虫,ke-bó-thâng/kue-bó-thâng
雞牢,雞椆,ke-tiâu/kue-tiâu
雞牢,雞稠,ke-tiâu/kue-tiâu
雞卷,雞𩜇,ke-kńg/kue-kńg
雜唸,雜念,tsa̍p-liām
雞跤爪,雞腳爪,ke-kha-jiáu/kue-kha-niáu
離離落落,哩哩落落,li-li-lak-lak
雞鵤,雞角,ke-kak/kue-kak
餾粿,餾餜,liū-kué/liū-ké
題緣,題捐,tê-iân/tuê-iân
鯊魚,沙魚,sua-hî/sua-hû
嚨喉空,嚨喉孔,nâ-âu-khang
櫥仔,廚仔,tû-á
寵倖,寵盛,thíng-sīng
爍爁,爍乍,sih-nah
爍爁,熠爁,sih-nah
爍爁,熾爁,sih-nah
爍爁,熠乍,sih-nah
羹,焿,
蠍仔,蝎仔,giat-á
譀,䫲,hàm
譀,幻,hàm
譀,泛,hàm
贊助,贈助,tsàn-tsōo
譀浡,泛浮,hàm-phu̍h
譀浡,䫲浡,hàm-phu̍h
譀鏡,泛鏡,hàm-kiànn
鏨,斬,tsām
鏨頭,斬頭,tsām-thâu
騙囡仔,騙囝仔,phiàn-gín-á
麴,麯,khak
懸,峘,
懸,高,
瀾,涎,
懸低,高低,kuân-kē
懸低,懸下,kuân-kē
懸低,高下,kuân-kē
懸山,高山,kuân suann
瀾垂,涎垂,nuā-sê
懸度,高度,kuân-tōo
懸價,高價,kuân kè
攕擔,攕担,tshiam-tann
礤,攃,tshuah
礤冰,攃冰,tshuah-ping
礤簽,攃簽,tshuah-tshiam
蠓,蚊,báng
蠓仔,蚊仔,báng-á
蠓仔水,蚊仔水,báng-á-tsuí
蠓仔香,蚊仔香,báng-á-hiunn
蘋果,蓬果,phông-kó
蠓捽仔,蚊捽仔,báng-sut-á
蠓捽仔,蠓摔仔,báng-sut-á
蠓捽仔,蚊摔仔,báng-sut-á
蠓罩,蚊罩,báng-tà
蠓蟲,蚊蟲,báng-thâng
蠓蟲,蠓虫,báng-thâng
蠓蟲,蚊虫,báng-thâng
鰇魚,柔魚,jiû-hî/liû-hû
鰇魚,魷魚,jiû-hî/liû-hû
鰇魚羹,魷魚焿,jiû-hî-kenn/liû-hû-kinn
鰇魚羹,鰇魚焿,jiû-hî-kenn/liû-hû-kinn
鹹汫,鹹𩟗,kiâm-tsiánn
攑,揭,gia̍h
攑,舉,gia̍h
攑,擧,gia̍h
櫼,掙,tsinn
癩𰣻,癩哥,thái-ko
癩𰣻鬼,癩哥鬼,thái-ko-kuí
癩𰣻爛癆,癩哥爛癆,thái-ko-nuā-lô
攑手,舉手,gia̍h-tshiú
攑手,擧手,gia̍h-tshiú
攝屎,懾屎,liap-sái
囂俳,嬈俳,hiau-pai
爛塗,爛土,nuā-thôo
爛塗糜,爛土糜,nuā-thôo-muê/nuā-thôo-bê
攑箸,舉箸,gia̍h tī/gia̍h tū
攑箸,擧箸,gia̍h tī/gia̍h tū
攑頭,舉頭,gia̍h-thâu
攑頭,擧頭,gia̍h-thâu
攑懸,舉懸,gia̍h-kuân
攑懸,擧懸,gia̍h-kuân
襪仔,袜仔,bue̍h-á
纏跤絆手,纏腳絆手,tînn-kha-puànn-tshiú
纏跤絆手,纏骹絆手,tînn-kha-puànn-tshiú
纏綴,纏跟,tînn-tuè/tînn-tè
纏綴,纏隨,tînn-tuè/tînn-tè
鐵人,鐵儂,thih-lâng
鐵枋,鐵板,thih-pang
鐵鉎,鐵鏥,thih-sian
魔神仔,墓神仔,môo-sîn-á
齧,囓,khè/khuè
攢,僎,tshuân
欉,叢,tsâng
彎來斡去,彎來拐去,uan-lâi-uat-khì
彎彎斡斡,彎彎拐拐,uan-uan-uat-uat
疊,沓,
籗仔,筁仔,khah-á
讀冊人,讀冊儂,tha̍k-tsheh-lâng
聽喙,聽嘴,thiann-tshuì
鱉,鼈,
纓纏,絪纏,inn-tînn
纓纏,縈纏,inn-tînn
驚人,驚儂,
驚人,驚儂,
顯目,炫目,hiánn-ba̍k
驚生份,驚青份,kiann-senn-hūn/kiann-sinn-hūn
驚生份,驚生分,kiann-senn-hūn/kiann-sinn-hūn
驚生份,驚青分,kiann-senn-hūn/kiann-sinn-hūn
驚死人,驚死儂,kiann-sí-lâng
箅仔骨,骿仔骨,pín-á-kut
靈厝,靈茨,lîng-tshù
鱟𣁳仔,鱟戛仔,hāu-khat-á
鱟桸,鱟杓,hāu-hia
鱟桸,鱟瓠,hāu-hia
鬢跤,鬢骹,pìn-kha
鬢跤,鬢腳,pìn-kha
躡,企,neh/nih
蠻皮,慢皮,bân-phuê/bân-phê
饞食,饞噍,sâi-tsia̍h
饞食,饞吃,sâi-tsia̍h
饞食,豺食,sâi-tsia̍h
戇,怣,gōng
戇人,戇儂,gōng-lâng
戇人,怣儂,gōng-lâng
戇人,怣人,gōng-lâng
戇大呆,怣大呆,gōng-tuā-tai
戇大呆,戇大獃,gōng-tuā-tai
戇大呆,怣大獃,gōng-tuā-tai
戇呆,戇獃,gōng-tai
戇呆,怣獃,gōng-tai
戇呆,怣呆,gōng-tai
戇直,怣直,gōng-ti̍t
戇神,怣神,gōng-sîn
戇想,怣想,gōng-siūnn
戇話,怣話,gōng-uē
戇頭戇面,怣頭怣面,gōng-thâu-gōng-bīn
戇膽,怣膽,gōng-tánn
戇戇,怣怣,gōng-gōng
鬱傷,屈傷,ut-siong
鬱歲,屈歲,ut-huè/ut-hè
砛,岒,gîm
砛,岑,gîm
砛,坅,gîm
砛仔,岒仔,gîm-á
砛仔,岑仔,gîm-á
砛仔,坅仔,gîm-á
砛簷,岑簷,gîm-tsînn
砛簷,岒簷,gîm-tsînn
砛簷,坅簷,gîm-tsînn
硓𥑮石,咾咕石,lóo-kóo-tsio̍h
襇,襉,kíng
躼,軂,lò
躼跤仔,躼骹仔,lò-kha-á
躼跤仔,躼腳仔,lò-kha-á
𠯗一下,咠一下,tsi̍p--tsi̍t-ē
𠢕,賢,gâu
𠢕,爻,gâu
𠢕人,𠢕儂,gâu-lâng
𠢕人,賢儂,gâu-lâng
𠢕人,賢人,gâu-lâng
𠢕早,賢早,gâu-tsá
𢲸,櫓,lōo
𡳞,膦,lān
𡳞𦉎,膦綏,lān-sui
𡳞𦉎,膦嘴,lān-sui
𡳞核,膦核,lān-hu̍t
𡳞核,卵核,lān-hu̍t
𡳞神,膦神,lān-sîn
𡳞脬,膦脬,lān-pha
𡳞脬,卵葩,lān-pha
𡳞鳥,膦屌,lān-tsiáu
𡳞鳥,膦鳥,lān-tsiáu
𩵱仔,午仔,ngóo-á
𡢃,嫺,kán
𡢃,嫻,kán
𥰔仔,品仔,phín-á
䆀才,鄙才,bái-tsâi
䆀才,僫材,bái-tsâi
䆀才,孬材,bái-tsâi
䆀手,僫手,bái-tshiú
𨑨迌,彳亍,tshit-thô
𨑨迌,佚陶,tshit-thô
𨑨迌,得桃,tshit-thô
𨑨迌,敕桃,tshit-thô
𨑨迌人,𨑨迌儂,tshit-thô-lâng
𨑨迌查某,佚陶查某,tshit-thô-tsa-bóo
𥍉目,瞬目,nih-ba̍k
𤉙,焄,kûn
㨑,鬃,tsang
𣛮籃,盛籃,siānn-nâ
𣛮籃,墭籃,siānn-nâ
𤲍,擠,kheh/khueh
㴘,泡,bāu
𣁳,戛,khat
必,𤿎,pit
必叉,𤿎叉,pit-tshe
必痕,𤿎痕,pit-hûn
必開,𤿎開,pit--khui
𪜶,怹,in
𠕇,橂,tīng
𠕇,𠕆,tīng
𠕇硞硞,𠕆硞硞,tīng-khok-khok
𠕇硞硞,碇硞硞,tīng-khok-khok
𤺪,僐,siān
𤺪,倦,siān
𫞼,在,tshāi
𬦰懸𬦰低,𬦰高𬦰下,peh-kuân-peh-kē
腥,青,
跤,奇,kha
一口灶,一口竈,tsi̍t kháu tsàu
小食,小噍,sió-tsia̍h
小食,小吃,sió-tsia̍h
內籬仔,裡籬仔,lāi-lî-á
勼跤勼手,丩跤丩手,kiu-kha-kiu-tshiú
心內話,心裡話,sim-lāi-uē
手梳攑懸,手梳揭峘,tshiú-se-gia̍h-kuân
毋是款,不是款,m̄-sī-khuán
毋是款,呣是款,m̄-sī-khuán
毋是款,唔是款,m̄-sī-khuán
必巡,𤿎巡,pit-sûn
伨頭,媵頭,thīn-thâu
牢鼎,椆鼎,tiâu-tiánn
牢鼎,稠鼎,tiâu-tiánn
抾丁錢,卻丁錢,khioh-ting-tsînn
抾丁錢,拾丁錢,khioh-ting-tsînn
抾丁錢,摭丁錢,khioh-ting-tsînn
厝邊兜,茨邊兜,tshù-pinn-tau
厝邊兜,戍邊兜,tshù-pinn-tau
厝邊隔壁,茨邊隔壁,tshù-pinn-keh-piah
疼心,痛心,thiànn-sim
疼命命,痛命命,thiànn-miā-miā
袂赴市,𣍐赴市,bē-hù-tshī/buē-hù-tshī
啉酒醉,飲酒醉,lim-tsiú-tsuì
徛台,企台,khiā-tâi
捽繩,摔繩,sut-tsîn
深山林內,深山林裡,tshim-suann-nâ-lāi
媠面,美面,suí-bīn
跤後曲,腳後曲,kha-āu-khiau
跤後曲,骹後曲,kha-āu-khiau
跤捗,腳捗,kha-pôo
跤捗,骹捗,kha-pôo
跤麻手痺,腳麻手痺,kha-bâ-tshiú-pì
跤麻手痺,骹麻手痺,kha-bâ-tshiú-pì
滾耍笑,滾爽笑,kún-sńg-tshiò
擔仔,担仔,tànn-á
頭轉客,頭返客,thâu-tńg-kheh
離跤手,離骹手,lī-kha-tshiú
離跤手,離腳手,lī-kha-tshiú
攑頭香,揭頭香,gia̍h-thâu-hiunn
攑頭香,舉頭香,gia̍h-thâu-hiunn
攑頭香,擧頭香,gia̍h-thâu-hiunn
上尾,尚尾,siōng-bué/siōng-bé
上無,尚無,siōng-bô
大灶,大竈,tuā-tsàu
大漢囝,大漢子,tuā-hàn-kiánn
大嚨喉空,大嚨喉孔,tuā-nâ-âu-khang
毋成囡仔,不成囡仔,m̄-tsiânn-gín-á
王梨酥,鳳萊酥,ông-lâi-soo
仝心,同心,kāng-sim
仝心,共心,kāng-sim
仝沿,同沿,kāng-iân
仝沿,共沿,kāng-iân
平洋,平陽,pênn-iûnn/pînn-iûnn
生真,生瞋,tshenn-tsin/tshinn-tsin
目空赤,目孔赤,ba̍k-khang-tshiah
石降,石蝀,tsio̍h-kàng
交落身,交落娠,ka-la̍uh-sin
在欉的,在叢的,tsāi-tsâng--ê
好死毋死,好死不死,hó-sí-m̄-sí
好唯是,好惟是,hó-bî-sī
好唯是,好未是,hó-bî-sī
好唯是,好味是,hó-bî-sī
字勻,字巡,jī-ûn/lī-ûn
竹田嬰,竹塍蠳,tik-tshân-enn/tik-tshân-inn
行袂開跤,行𣍐開腳,kiânn-bē-khui-kha/kiânn-buē-khui-kha
行袂開跤,行𣍐開骹,kiânn-bē-khui-kha/kiânn-buē-khui-kha
行跤花,行腳花,kiânn-kha-hue
行跤花,行骹花,kiânn-kha-hue
佗落,叨落,tó-lo̍h/tá-lo̍h
佗落,搭落,tó-lo̍h/tá-lo̍h
坐毋著,坐不著,tshē-m̄-tio̍h
孝尾囝,孝尾子,hà-bué-kiánn/hà-bé-kiánn
走標,走飆,tsáu-pio
到手芳,倒手芳,tò-tshiú-phang
孤跤手,孤腳手,koo-kha-tshiú
孤跤手,孤骹手,koo-kha-tshiú
抽懸,抽峘,thiu-kuân
抽懸,抽高,thiu-kuân
拍火,打火,phah-hué/phah-hé
拍火,扑火,phah-hué/phah-hé
拍鳥帽,打鳥帽,phah-tsiáu-bō
拍鳥帽,扑鳥帽,phah-tsiáu-bō
門口埕,門口庭,mn̂g-kháu-tiânn
文光尺,門公尺,bûn-kong-tshioh
封頭壁,風頭壁,hong-thâu-piah
枵飢失頓,餓飢失頓,iau-ki-sit-tǹg
枵過飢,餓過飢,iau-kuè-ki
枵燥,餓燥,iau-sò
相伨,相媵,sio-thīn
看破跤手,看破骹手,khuànn-phuà-kha-tshiú
看破跤手,看破腳手,khuànn-phuà-kha-tshiú
看袂上目,看𣍐上目,khuànn-bē-tsiūnn-ba̍k/khuànn-buē-tsiūnn-ba̍k
美國塗豆,美國土豆,Bí-kok-thôo-tāu
食人夠夠,吃人夠夠,tsia̍h-lâng-kàu-kàu
食老出癖,吃老出癖,tsia̍h-lāu-tshut-phia̍h
食風,吃風,tsia̍h-hong
食茶,吃茶,tsia̍h-tê
食罪,吃罪,tsia̍h-tsuē
食認,吃認,tsia̍h-jīn/tsia̍h-līn
食銅食鐵,吃銅吃鐵,tsia̍h-tâng-tsia̍h-thih
食餐廳,吃餐廳,tsia̍h-tshan-thiann
食聲,吃聲,tsia̍h-siann
香櫞瓜,香圓瓜,hiunn-înn-kue
倒轉去,倒返去,tò-tńg--khì
倚意,偎意,uá-ì
倚蹛,倚帶,uá-tuà
倚蹛,偎蹛,uá-tuà
梳妝打扮,梳粧打扮,se-tsng-tánn-pān/sue-tsng-tánn-pān
烏鉎,烏鏥,oo-sian
病囝,病子,pēnn-kiánn/pīnn-kiánn
破鼎,破鐤,phuà-tiánn
袂磕得,𣍐磕得,bē-kha̍p--tit/buē-kha̍p--tit
袂曉衰,𣍐曉衰,bē-hiáu-sue/buē-hiáu-sue
貢糖,摃糖,kòng-thn̂g
寄跤,寄腳,kià-kha
寄跤,寄骹,kià-kha
徛秋,企秋,khiā-tshiu
推捒,推搡,the-sak
涵空龜,涵孔龜,âm-khang-ku
牽龜落湳,牽龜落坔,khan-ku-lo̍h-làm
紲落來,續落來,suà--lo̍h-lâi
規工,歸工,kui-kang
喙笑目笑,嘴笑目笑,tshuì-tshiò-ba̍k-tshiò
喙桮,嘴桮,tshuì-pue
喙齒縫,嘴齒縫,tshuì-khí-phāng
報鳥鼠仔冤,報老鼠仔冤,pò-niáu-tshí-á-uan/pò-niáu-tshú-á-uan
提囡仔,摕囡仔,the̍h-gín-á
敨放,㪗放,tháu-pàng
湳仔地,坔仔地,làm-á-tē
湳塗,湳土,làm-thôo
湳塗,坔塗,làm-thôo
湳塗,坔土,làm-thôo
番薯仔囝,番薯仔子,han-tsî-á-kiánn/han-tsû-á-kiánn
痟狗病,𤞚狗病,siáu-káu-pēnn/siáu-káu-pīnn
硩番薯,硩番藷,teh han-tsî/teh han-tsû
硩番薯,硩蕃薯,teh han-tsî/teh han-tsû
硩番薯,硩蕃藷,teh han-tsî/teh han-tsû
硩番薯,矺番藷,teh han-tsî/teh han-tsû
硩番薯,矺蕃薯,teh han-tsî/teh han-tsû
硩番薯,矺蕃藷,teh han-tsî/teh han-tsû
菜宅,菜垞,tshài-the̍h
跙流籠,趨流籠,tshū-liû-lông
塗石流,土石流,thôo-tsio̍h-lâu
倚山食山,倚山吃山,uá-suann-tsia̍h-suann
頓蹬,頓𩨑,tùn-tenn/tùn-tinn
步頻,暴憑,pōo-pîn
燃水,烆水,hiânn-tsuí
磚仔窯,磚仔窰,tsng-á-iô
縛跤縛手,縛骹縛手,pa̍k-kha-pa̍k-tshiú
縛跤縛手,縛腳縛手,pa̍k-kha-pa̍k-tshiú
頷頸珠,頷䫀珠,ām-kún-tsu
龜龜鱉鱉,龜龜鼈鼈,ku-ku-pih-pih
臨時臨曜,臨時臨要,lîm-sî-lîm-iāu
隱痀橋,隱龜橋,ún-ku-kiô
懸頂,峘頂,kuân-tíng
懸頂,高頂,kuân-tíng
鹹酸苦汫,鹹酸苦𩟗,kiâm-sng-khóo-tsiánn
攑旗軍仔,揭旗軍仔,gia̍h-kî-kun-á
攑旗軍仔,舉旗軍仔,gia̍h-kî-kun-á
攑旗軍仔,擧旗軍仔,gia̍h-kî-kun-á
夭,殀,iáu
屯,囤,tūn
司,師,
兇,凶,hiong
岩,巖,
拇,母,bú
芟,刪,
虱,蝨,sat
枷,椵,
庭,埕,
浡,浮,
參,蔘,
連,蓮,
晬,歲,tsè
番,蕃,
碇,矴,
腥,青,
遍,片,
臺,台,tâi
寬,緩,
撫,拊,
縒,轍,tsua̍h
頸,䫀,
夭壽骨,殀壽骨,iáu-siū-kut
生猴,青猴,tshenn-kâu/tshinn-kâu
花彔彔,花菉菉,hue-lok-lok
疶屎星,泄屎星,tshuah-sái-tshenn/tshuah-sái-tshinn
庄跤人,庄跤儂,tsng-kha-lâng
幔被仔,幪被仔,mua-phuē-á/mua-phē-á
幔被仔,𧜞被仔,mua-phuē-á/mua-phē-á
轉成,長成,tńg-tsiânn
襟胸,禽胸,khim-hing
鈍跤鈍手,鈍腳鈍手,tūn-kha-tūn-tshiú
鈍跤鈍手,鈍骹鈍手,tūn-kha-tūn-tshiú
變無撚,變無捻,piàn-bô-lián
桑椹,桑葚,sng-suî
水筧,水梘,tsuí-kíng
石距,石鮔,tsio̍h-kī/tsio̍h-kū
規半晡,歸半晡,kui-puànn-poo
規半晡,歸半埔,kui-puànn-poo
拍莓,拍苺,phah-m̂
末趁,沒趁,bua̍t-thàn
四伨,四媵,sì-thīn
躼跤蠓,軂腳蚊,lò-kha-báng
光爍爍,光熠熠,kng-sih-sih
光爍爍,光熾熾,kng-sih-sih
出代誌,出事志,tshut-tāi-tsì
塗窯,土窯,thôo-iô
塗窯,土窰,thôo-iô
牛奶粉,牛乳粉,gû-ling-hún/gû-ni-hún
掠枵,掠飢,lia̍h-iau
掠枵,掠餓,lia̍h-iau
止飢,止饑,tsí-ki
摒盪,摒蕩,piànn-tn̄g
跤尾錢,腳尾錢,kha-bué-tsînn/kha-bé-tsînn
香跤,香腳,hiunn-kha
尻川後話,尻倉後話,kha-tshng-āu-uē
尻川後話,腳倉后話,kha-tshng-āu-uē
芳貢貢,香烘烘,phang-kòng-kòng
芳貢貢,芳絳絳,phang-kòng-kòng
相疼痛,相痛疼,sio-thiànn-thàng
變撚,變捻,piàn-lián
規山坪,歸山坪,kui-suann-phiânn
貫捾,貫綰,kǹg-kuānn
貫捾,絭捾,kǹg-kuānn
青苔仔,青笛仔,tshenn-tî-á/tshinn-tî-á
青苔仔,青池仔,tshenn-tî-á/tshinn-tî-á
青苔仔,青啼仔,tshenn-tî-á/tshinn-tî-á
青苔仔,青絲仔,tshenn-tî-á/tshinn-tî-á
頭喙,頭嘴,thâu-tshuì
相疊,相沓,sio-tha̍h
僭權,佔權,tsiàm-khuân
相袚,相旆,sio-phua̍h
㾀屎,怯屎,khiap-sái
跋歹筊,跋歹徼,pua̍h-pháinn-kiáu
跋歹筊,跋歹儌,pua̍h-pháinn-kiáu
跋歹筊,博歹徼,pua̍h-pháinn-kiáu
跋歹筊,博歹儌,pua̍h-pháinn-kiáu
跋歹筊,博歹筊,pua̍h-pháinn-kiáu
剪筊,剪儌,tsián-kiáu
剪筊,剪徼,tsián-kiáu
整筊,整儌,tsíng-kiáu
整筊,整徼,tsíng-kiáu
食清,噍清,tsia̍h-tshing
食清,吃清,tsia̍h-tshing
烏昏,烏荒,oo-hng
纘袂牢,贊袂牢,tsàn-bē-tiâu/tsàn-buē-tiâu
纘袂牢,贈袂牢,tsàn-bē-tiâu/tsàn-buē-tiâu
雞喙變鴨喙,雞嘴變鴨嘴,ke-tshuì piàn ah-tshuì/kue-tshuì piàn ah-tshuì
喙凊,嘴凊,tshuì-tshìn
掂篤,敁篤,tìm-táu
掂篤,鈂篤,tìm-táu
掂篤,敁斗,tìm-táu
掂篤,鈂斗,tìm-táu
掂篤,掂斗,tìm-táu
偷走厝,偷走茨,thau-tsáu-tshù
錦痀,顉痀,gìm-ku
錦痀,趛痀,gìm-ku
閬站,曠站,làng-tsām
體剔,體托,thé-thak/thué-thak
卜面,博面,poh-bīn
抾骨頭,拾骨頭,khioh-kut-thâu
抾骨頭,扱骨頭,khioh-kut-thâu
抾骨頭,卻骨頭,khioh-kut-thâu
抾骨頭,摭骨頭,khioh-kut-thâu
𫞼諍王,在諍王,tshāi-tsènn-ông/tshāi-tsìnn-ông
結果擲捒,結果擲搡,kiat-kó-tàn-sak
結果擲捒,結果掞捒,kiat-kó-tàn-sak
結果擲捒,結果掞搡,kiat-kó-tàn-sak
懊嘟面,懊盹面,àu-tū-bīn
懊嘟面,懊揬面,àu-tū-bīn
憶著,亄著,it-tio̍h
起跤,起骹,khí-kha
起跤,起腳,khí-kha
恐喝,恐嚇,khióng-hat
門喙,門嘴,mn̂g-tshuì
卵蛋,卵端,nn̄g-tuann
掰會,㧳會,pué-huē/pé-hē
𢯾鼻,抈鼻,mooh-phīnn
𢯾鼻,瘼鼻,mooh-phīnn
食鹼,食羹,tsia̍h-kinn
呔討,汰討,thài-thó
拚硬仔,拼硬仔,piànn-ngē-á/piànn-ngī-á
顫悶,顫璺,tsùn-būn
顫悶,戰悶,tsùn-būn
花血,花纈,hue-hiat
老頹,老傫,lāu-thē/lāu-thuē
老頹,老俀,lāu-thē/lāu-thuē
攔孤爿,掗孤爿,ânn-koo-pîng
牽磕,牽卡,khan-kha̍p
牽磕,牽闔,khan-kha̍p
牽闔,牽卡,khan-kha̍h
暗殕,暗䀟,àm-phú
暗殕,暗醭,àm-phú
焦蔫,乾蔫,ta-lian
焦蔫,凋蔫,ta-lian
焦蔫,礁蔫,ta-lian
枯焦,枯憔,koo-ta
銅仙,銅銑,tâng-sián
紲話,續話,suà-uē
起挐,起茹,khí-jû/khí-lû
無時閒,無時閑,bô-sî-îng
敆爐,合爐,kap-lôo
茈鳥仔,芓鳥仔,tsínn-tsiáu-á
茈鳥仔,嫩鳥仔,tsínn-tsiáu-á
硬喙,硬嘴,ngē-tshuì/ngī-tshuì
粗跤重蹄,粗骹重蹄,tshoo-kha-tāng-tê/tshoo-kha-tāng-tuê
粗跤重蹄,粗腳重蹄,tshoo-kha-tāng-tê/tshoo-kha-tāng-tuê
大厝起,大茨起,tuā-tshù-khí
緊跤,緊腳,kín-kha
緊跤,緊骹,kín-kha
鋏仔,夾仔,giap-á
換喙,換嘴,uānn-tshuì
落妝,落粧,lo̍h-tsng
欹,迦,khia
耳空吼,耳孔吼,hīnn-khang-háu/hī-khang-háu
耳空吼,耳空哮,hīnn-khang-háu/hī-khang-háu
這氣,今氣,tsit-khuì
這氣,即氣,tsit-khuì
拍層,打層,phah-tsân
拍層,扑層,phah-tsân
欲哭欲𥍉,要哭要𥍉,beh-khàu-beh-nih/bueh-khàu-bueh-nih
欲哭欲𥍉,卜哭卜𥍉,beh-khàu-beh-nih/bueh-khàu-bueh-nih
使喙,使嘴,sái-tshuì
敲虎𡳞,敲虎膦,khà-hóo-lān
甲是,𢓜是,kah-sī
甲是,徦是,kah-sī
甲是,到是,kah-sī
喙扁,嘴扁,tshuì-pínn
翻轉年,返當年,huan-tńg-nî
見天,頏天,khiàn-thian
講仙古,講僊古,kóng-sian-kóo
總根頭,摠根頭,tsóng-kin-thâu/tsóng-kun-thâu
紲攤,續攤,suà-thuann
