scope,area,status,slice_or_release,platform,native_path,native_symbol,rust_crate,rust_path,entity_type,entity_name,description_zh_tw,migration_notes
file,_meta,rust_shipped,n/a,n/a,,,,,readme,SNAPSHOT,"快照日期 2026-05-05（Phase IV-B 收工：v3.5.7 EnabledDictionaries slice 合併 + 9 筆 native_pending 重分類為 native_keep — autocomplete glue × 3 + EngineSettings/Provider protocols × 4 + InputMode/ToneToggles 值型別 × 2 = thin shells / interfaces / display enums，無剩餘演算法可遷移。所有跨平台演算法皆在 Rust）。schema 與 Codex 共同議定：scope/area/status/slice_or_release/platform/native_path/native_symbol/rust_crate/rust_path/entity_type/entity_name/description_zh_tw/migration_notes。status 五階：rust_shipped / rust_partial / native_pending / native_keep / wont_migrate。",請於每次 slice 合併後手動更新此檔；shared-core-readiness.md 為歷史候選 doc，已 outdated（多數候選檔案隨 Path G 政策已從 iOS/Android 刪除），以本檔為準。
module,phonetics,rust_shipped,v3.5.1-D9.4-Phonetics,rust_only,,,phonetics,engine/phonetics/src/lib.rs,crate,phonetics,「跨平台拼音核心：POJ/TL/TPS 的解析、聲調轉換、normalize、display 互轉、case-transform。整個 crate 為純邏輯（forbid unsafe_code），對外經 dispatch::handle 提供 proto 介面，亦透過 lib re-export 給 in-process Rust 呼叫。」,iOS/Android 對應原始檔已隨 PR #186 + PR #205 全數刪除（Path G）。
function,phonetics,rust_shipped,v3.5.1-D9.4-Phonetics,rust_only,,,phonetics,engine/phonetics/src/api.rs,function,parse_input_mode,「將 AppConfig.input_mode 字串（poj/tl/english/...）轉為強型別 InputMode；未知值預設為 Tl。」,
function,phonetics,rust_shipped,v3.5.1-D9.4-Phonetics,rust_only,,,phonetics,engine/phonetics/src/api.rs,function,preprocess_for_normalize_tone,「POJ 雙擊預處理：依 AppConfig 旗標將 oo→o͘、nn→鼻音記號 ⁿ；非 POJ 模式直接回傳。」,
function,phonetics,rust_shipped,v3.5.1-D9.4-Phonetics,rust_only,,,phonetics,engine/phonetics/src/api.rs,function,normalize_tone,「完整聲調流程：parse mode → POJ 雙擊預處理 → 套用聲調符號 → 鼻音記號大小寫修正。由 composing::derived 在 process 內呼叫（NormalizeTone op 無 production caller，已於 2026-09-25 移除）。」,
function,phonetics,rust_shipped,v3.5.1-D9.4-Phonetics,rust_only,,,phonetics,engine/phonetics/src/api.rs,function,contains_tps,「判斷字串是否含 TPS（注音符號）。Composing 衍生顯示用來略過 POJ/TL 聲調轉換。」,
function,phonetics,rust_shipped,v3.5.1-D9.4-Phonetics,rust_only,,,phonetics,engine/phonetics/src/api.rs,function,to_tone_marks,「將以連字號分隔的拼音音節（含數字聲調）轉成帶聲調符號字串；TL/POJ 由模式決定排版規則，數字 1、4 維持不變。」,
function,phonetics,rust_shipped,v3.5.1-D9.4-Phonetics,rust_only,,,phonetics,engine/phonetics/src/api.rs,function,to_tone_number,「將帶聲調符號字串轉回以阿拉伯數字標示聲調的形式（依 NFD 解構掃描音節邊界）。」,
function,phonetics,rust_shipped,v3.5.1-D9.4-Phonetics,rust_only,,,phonetics,engine/phonetics/src/api.rs,function,poj_display_to_tl_display,「POJ 顯示字串 → TL 顯示字串轉換（保留聲調記號），逐音節重排版。」,
function,phonetics,rust_shipped,v3.5.1-D9.4-Phonetics,rust_only,,,phonetics,engine/phonetics/src/api.rs,function,tl_display_to_poj_display,「TL 顯示字串 → POJ 顯示字串轉換，逐音節重排版。」,
function,phonetics,rust_shipped,v3.5.1-D9.4-Phonetics,rust_only,,,phonetics,engine/phonetics/src/normalization.rs,function,normalize_input,"「Method::NormalizeInput 完整管線：TPS preprocess → 小寫 → 偵測聲調記號 → 切割音節 → 鼻音/o͘ 預處理 + 萃取數字聲調 + checked-ending 推論。產出 trie-query key。」",
function,phonetics,rust_shipped,v3.5.1-D9.4-Phonetics,rust_only,,,phonetics,engine/phonetics/src/normalization.rs,function,has_tone_marks,「判斷字串（NFD 後）是否含任一可辨識的聲調 combining mark。」,FFI 表面 2026-05-04 retired；Rust 內部使用保留。
function,phonetics,rust_shipped,v3.5.3-cleanup,rust_only,,,phonetics,engine/phonetics/src/normalization.rs,function,taigi_unicode_base_form,「外部辭典查詢與 ranking 比較基準用：鼻音記號 ⁿ/ᴺ→nn、NFD 解構、獨立 \\u{0358}→o（讓 o͘ 最終變成 oo）。」,iOS Lexicon/Utils/TaigiUnicode.swift 已隨 PR #192 刪除。
function,phonetics,rust_shipped,v3.5.1-D9.4-Phonetics,rust_only,,,phonetics,engine/phonetics/src/syllable.rs,function,strip_tone_mark,"「剝離音節聲調 combining mark，回傳 (bare, tone)；無聲調時 tone 為空字串。」",
function,phonetics,rust_shipped,v3.5.1-D9.4-Phonetics,rust_only,,,phonetics,engine/phonetics/src/syllable.rs,function,normalize_to_tl,「將輸入規範化為 TL 拼寫形式（POJ 拼法→TL 拼法）以便後續解析。」,
function,phonetics,rust_shipped,v3.5.1-D9.4-Phonetics,rust_only,,,phonetics,engine/phonetics/src/poj.rs,function,to_poj,"「給定 (initial, final, tone) 組裝 POJ 顯示字串（套用 POJ 聲調記號排版規則）。」",
function,phonetics,rust_shipped,v3.5.1-D9.4-Phonetics,rust_only,,,phonetics,engine/phonetics/src/tl.rs,function,to_tl,"「給定 (initial, final, tone) 組裝 TL 顯示字串（套用 TL 聲調記號排版規則）。」",
function,phonetics,rust_shipped,v3.5.1-D9.4-Phonetics,rust_only,,,phonetics,engine/phonetics/src/tps.rs,function,from_zhuyin,「TPS（注音）字串 → TL 數字聲調字串。re-export 為 tps_to_tl。」,FFI 表面 2026-05-04 retired；Rust 內部使用保留。
function,phonetics,rust_shipped,case-transform-2026-05-04,rust_only,,,phonetics,engine/phonetics/src/case_transform.rs,function,uppercase_tone_char,「依模式查 POJ/TL 聲調對照表將單字元（含 combining mark）轉大寫；多字元僅將首字大寫。」,
function,phonetics,rust_shipped,case-transform-2026-05-04,rust_only,,,phonetics,engine/phonetics/src/case_transform.rs,function,full_uppercase_tone_string,「整字串全部依模式聲調表轉大寫，CapsLock 路徑使用。」,
function,phonetics,rust_shipped,case-transform-2026-05-04,rust_only,,,phonetics,engine/phonetics/src/case_transform.rs,function,lowercase_tone_char,「依模式查聲調對照表將單字元轉小寫；含 ᴺ→ⁿ 鼻音記號 shortcut。」,
function,phonetics,rust_shipped,case-transform-2026-05-04,rust_only,,,phonetics,engine/phonetics/src/case_transform.rs,function,transform_input_case,「依 LetterCase（Lowercased/Uppercased/CapsLocked）對輸入字串套用大小寫；對應 iOS CaseTransformer.transformForInput 與 Android KeyLabelCaseCache 路徑。」,
function,phonetics,rust_shipped,case-transform-2026-05-04,rust_only,,,phonetics,engine/phonetics/src/case_transform.rs,function,transform_suggestion,「Suggestion 級的逐 word 大小寫轉換：CapsLock → 全大寫；其他依 composing 已輸入字數切成 typed-portion（matchCase）+ remaining-portion（首字 upper / 全 lower），最後跑 adjust_nasal_marker_case。」,SuggestionCaseTransformer thin wrapper 在 iOS + Android 平台側仍保留以執行平台特定 skip rules（iOS additionalInfo 標記 / Android id 標記）。
function,phonetics,rust_shipped,case-transform-2026-05-04,rust_only,,,phonetics,engine/phonetics/src/case_transform.rs,function,adjust_nasal_marker_case,「將鼻音記號 ⁿ/ᴺ 大小寫對齊到前一個字母的大小寫；數字、標點不重設累積狀態。api::normalize_tone 與 transform_suggestion 後處理皆呼叫。」,
function,phonetics,rust_shipped,case-transform-2026-05-04,rust_only,,,phonetics,engine/phonetics/src/case_transform.rs,enum,LetterCase,"「三態大小寫指示：Lowercased / Uppercased / CapsLocked。對應 iOS LetterCase enum 與 Android (caps, capsLock) 對的橋接層。」",
enum,phonetics,rust_shipped,v3.5.1-D9.4-Phonetics,rust_only,,,phonetics,engine/phonetics/src/api.rs,enum,InputMode,「Tl / Poj / English；engine 內部使用的拼音模式。Tps 在 lexicon 端另以 SearchInputMode 處理。」,
enum,phonetics,rust_shipped,v3.5.1-D9.4-Phonetics,rust_only,,,phonetics,engine/phonetics/src/api.rs,enum,System,「拼音系統列舉 Tl / Poj / Tps，給 display 互轉用。」,
enum,phonetics,rust_shipped,v3.5.1-D9.4-Phonetics,rust_only,,,phonetics,engine/phonetics/src/api.rs,enum,PhoneticsError,「Phonetics 子系統錯誤；目前只有 UnsupportedOp（method 為 None）。dispatch 邊界轉換為 ErrorCode::FailInvariant。」,
function,phonetics,rust_shipped,v3.5.1-D9.4-Phonetics,rust_only,,,phonetics,engine/phonetics/src/dispatch.rs,function,handle,「PhoneticsRequest method 派發器：把 StripTone/PojToTl/... 等 14 個 op 各自呼叫到 api/normalization/tps_adjust；op 皆為純函式，不讀 AppConfig。」,
module,composing,rust_shipped,v3.5.4-Composing-D9.3,rust_only,,,composing,engine/composing/src/lib.rs,crate,composing,「跨平台 Composing slice：Intent → Effect 狀態機；Phase = Idle / Composing / Continuous。Engine 由 Mutex 保護放在 FFI 層的 OnceCell。」,iOS ComposingState.swift / ComposingTransition.swift 已隨 PR #197 刪除；ComposingManager / ComposingDelegate 為平台 wrapper 仍在。
struct,composing,rust_shipped,v3.5.4-Composing-D9.3,rust_only,,,composing,engine/composing/src/api.rs,struct,Engine,「Composing 狀態機本體。snapshot 為純讀；apply 套用 Intent 並回傳 ComposingResponse（preedit + 有序 effects + 新 index + is_composing）。」,
struct,composing,rust_shipped,v3.5.4-Composing-D9.3,rust_only,,,composing,engine/composing/src/api.rs,struct,EngineState,「phase 的純值；平台不再 shadow（selected_candidate_index 已於 2026-09-25 移除）。」,
enum,composing,rust_shipped,v3.5.4-Composing-D9.3,rust_only,,,composing,engine/composing/src/api.rs,enum,Phase,「Idle 或 Composing { raw }；raw 為 numeric-tone ASCII 預編輯字串。」,
enum,composing,rust_shipped,v3.5.4-Composing-D9.3,rust_only,,,composing,engine/composing/src/api.rs,enum,Intent,"「輸入意圖：10 種文字輸入（Start/Append/AppendHyphen/ReplaceLast/DeleteBackward/CommitDerived/CommitRaw/SelectSuggestion/CommitPreeditThenInsertExternal/Reset，1:1 對應 iOS/Android 既有 ComposingState.Intent）+ 4 種連續輸入（EnterContinuous/FetchAtPos/CommitContinuous/ResetContinuous）+ 2 種桌面編輯鍵（TelexKey/MoveCaret）。SetSelectedCandidateIndex/QueryState 無 production caller，2026-09-25 移除。」",
struct,composing,rust_shipped,v3.5.4-Composing-D9.3,rust_only,,,composing,engine/composing/src/handle.rs,struct,EngineHandle,「FFI 邊界 singleton：OnceCell<Mutex<Engine>>，封裝 generation 一致性檢查 + drop 重置策略。」,
enum,composing,rust_shipped,v3.5.4-Composing-D9.3,rust_only,,,composing,engine/composing/src/api.rs,enum,ComposingError,「目前只有 MissingMethod；dispatch 邊界轉為 ErrorCode::FailInvariant。」,
module,nextword,rust_shipped,v3.5.5-NextWord,rust_only,,,nextword,engine/nextword/src/lib.rs,crate,nextword,「跨平台 NextWord 預測引擎：管理 last_selected_word/roman + last_selection_time_ms + is_showing + current_generation。decide/filter/scorer 子模組為純邏輯（booster 無 production caller，2026-09-25 移除）。」,iOS EnginePrediction/NextWordEngine/NextWordOutcome/NextWordScorer/AutocompleteContextBooster/RawNextWordPrediction.swift 已隨 PR #198 刪除。
struct,nextword,rust_shipped,v3.5.5-NextWord,rust_only,,,nextword,engine/nextword/src/api.rs,struct,Engine,「NextWord 狀態機；apply 套 Intent 回 DecideResult；filter 對 raw 預測做 score+merge+sort+limit 並做 generation-mismatch 偵測。」,
struct,nextword,rust_shipped,v3.5.5-NextWord,rust_only,,,nextword,engine/nextword/src/api.rs,struct,PersistedState,"「last_selected_word/roman、last_selection_time_ms、is_showing、current_generation。current_generation 用 wrapping_add，u64::MAX+1=0 不視為 reset。」",
enum,nextword,rust_shipped,v3.5.5-NextWord,rust_only,,,nextword,engine/nextword/src/api.rs,enum,Intent,"「7 種意圖：WordSelected/Backspace/ContextTimeoutFired/ClearForNewComposing/ResetFull/UpdateLastSelectedWord（Android Space-path 限定）/SetIsShowing。」",
struct,nextword,rust_shipped,v3.5.5-NextWord,rust_only,,,nextword,engine/nextword/src/handle.rs,struct,EngineHandle,「FFI 邊界 singleton；保有 envelope-mismatch（IME-session ID 變動）的 reset 策略：歸零但 current_generation +1。」,
enum,nextword,rust_shipped,v3.5.5-NextWord,rust_only,,,nextword,engine/nextword/src/api.rs,enum,NextWordError,「MissingMethod / MissingDecisionInput / InvalidSource / InvalidPlatform；統一在 dispatch 轉 ErrorCode::FailInvariant。」,
module,ranking,rust_shipped,v3.5.2-ranking,rust_only,,,ranking,engine/ranking/src/lib.rs,crate,ranking,「Lexicon 候選排序：dedup → score → sort，純 CPU、stateless RPC，不做 I/O；對應原 iOS CandidateProcessor 的 score/sort/dedupe 部分。」,score 公式常數釘在 engine/ranking/src/score.rs；iOS/Android JVM unit-tests 仍保留鏡像（已隨 v3.5.3 follow-up #192 刪除 Rust 鏡像，僅保留平台側必要部分）。
module,lexicon,rust_shipped,v3.5.6-lexicon-read-path,rust_only,,,lexicon,engine/lexicon/src/lib.rs,crate,lexicon,「Lexicon 讀路徑：fst prefix index + 兩個 mmap 二進位 reader（dictionary.bin + association.bin）+ search 編排。供 IME autocomplete、Tab3 字典查詢、NextWord bigram lookup。整 crate forbid unsafe_code，mmap 例外集中在 mmap-host crate。」,iOS Lexicon/Trie/InputNormalizer.swift + TrieService.swift + marisa_bridge.cpp/.h 已隨 PR #199 全數刪除。
function,lexicon,rust_shipped,v3.5.6-lexicon-read-path,rust_only,,,lexicon,engine/lexicon/src/api.rs,function,install,「初始化 EngineHandle：驗證 trie/dictionary/association 路徑，建立 PrefixIndex + DictionaryReader + AssociationReader，回傳 dictionary_record_count + prefix_index_entry_count。」,
function,lexicon,rust_shipped,v3.5.6-lexicon-read-path,rust_only,,,lexicon,engine/lexicon/src/api.rs,function,search,「依 SearchRequest（input + input_type + input_mode + limit + tps_or_mapped_to_er + enabled_sources_bitmask）查詢字典，回傳 TaigiWord 清單。」,
function,lexicon,rust_shipped,v3.5.6-lexicon-read-path,rust_only,,,lexicon,engine/lexicon/src/api.rs,function,search_with_sources,「附帶 source_bitmask 的 search 變體；總是以 RomanWithTone 解析 input_type（即聲調式查詢）。」,
function,lexicon,rust_shipped,v3.5.6-lexicon-read-path,rust_only,,,lexicon,engine/lexicon/src/api.rs,function,search_by_hanzi,「以漢字字面查詢，回傳對應的 TaigiWord 清單；用於 Tab3 字典查詢的漢字短路徑。」,
function,lexicon,rust_shipped,v3.5.6-lexicon-read-path,rust_only,,,lexicon,engine/lexicon/src/api.rs,function,assoc_lookup,「給定上一個詞，查 association.bin 中的 bigram 後續候選；NextWord 引擎用來生 raw 預測。」,
function,lexicon,rust_shipped,v3.5.7-classification,rust_only,,,lexicon,engine/lexicon/src/api.rs,function,is_hanzi,「Tab3 搜尋 short-circuit：判斷字串是否含 CJK Unified（含 Ext A–E）。修正 Android Char.code 16-bit 漏判 Ext B/C/D/E 的舊 bug。」,Ext F/G/H/I/J 故意排除以維持 v3.5.7 修正範圍。
function,lexicon,rust_shipped,v3.5.6-lexicon-read-path,rust_only,,,lexicon,engine/lexicon/src/key_normalizer.rs,function,build,「組 trie 查詢 key：依 input_type 決定 prefix 家族（tl: / poj: / hanzi:）；羅馬路徑經 phonetics::normalize_input。」,
struct,lexicon,rust_shipped,v3.5.6-lexicon-read-path,rust_only,,,lexicon,engine/lexicon/src/handle.rs,struct,EngineHandle,「Lexicon 全域 singleton；with_state 借 prefix_index/dictionary/association reader 給 search/assoc_lookup 使用。」,
struct,lexicon,rust_shipped,v3.5.6-lexicon-read-path,rust_only,,,lexicon,engine/lexicon/src/dictionary_reader.rs,struct,DictionaryReader,「mmap dictionary.bin 的 reader；解析 DictionaryRecord（含 source_bitmask、length_score）。」,
struct,lexicon,rust_shipped,v3.5.6-lexicon-read-path,rust_only,,,lexicon,engine/lexicon/src/association_reader.rs,struct,AssociationReader,「mmap association.bin 的 reader；提供以前綴詞做 lookup 的 bigram entry 集合。」,
struct,lexicon,rust_shipped,v3.5.6-lexicon-read-path,rust_only,,,lexicon,engine/lexicon/src/prefix_index.rs,struct,PrefixIndex,「fst-based prefix index（Burntsushi fst crate）；replace 之前的 marisa-trie。」,
const,lexicon,rust_shipped,v3.5.6-lexicon-read-path,rust_only,,,lexicon,engine/lexicon/src/association_reader.rs,const,KHIIN_BIT/VARIANT_BIT,"「source_bitmask 高位旗標（位 9/12;位 10 dev 由 enabled_mask 過濾,常數已於 2026-09-05 移除），跨平台必須與 dictionary.bin 編碼對齊。」",
enum,lexicon,rust_shipped,v3.5.6-lexicon-read-path,rust_only,,,lexicon,engine/lexicon/src/error.rs,enum,LexiconError,「FailParse / FailInternal / FailIo / FailInvariant 對應的 lexicon 錯誤類型。as_proto_error_code 提供唯一的數字代碼來源。」,
struct,lexicon,rust_shipped,v3.5.6-lexicon-read-path,rust_only,,,lexicon,engine/lexicon/src/paths.rs,struct,LexiconPaths,「驗證 trie/dictionary/association 三檔路徑與 dictionary_version 的型別包裝；install 進入點。」,
module,infra,rust_shipped,v3.5.4-Composing-D9.3,rust_only,,,dispatch,engine/dispatch/src/lib.rs,crate,dispatch,「FFI 頂層派發：bytes-in / bytes-out 單一進入 process_request；以 catch_unwind 包覆解碼→派發→編碼，panic 統一回 FailInternal。MAX_REQUEST_BYTES=2MB。」,
function,infra,rust_shipped,v3.5.4-Composing-D9.3,rust_only,,,dispatch,engine/dispatch/src/lib.rs,function,process_request,「FFI 唯一 entrypoint：解 Request proto → 依 payload oneof 派發到 phonetics/composing/lexicon/nextword/case_transform → 編碼 Response 回傳。永不跨 FFI 傳 panic。」,
const,infra,rust_shipped,v3.5.4-Composing-D9.3,rust_only,,,dispatch,engine/dispatch/src/lib.rs,const,MAX_REQUEST_BYTES,「2 MiB 上限；swift-ffi 與 android-jni 在 copy 前先檢查長度，超出回 FailInvariant 不分配。」,
module,infra,rust_shipped,v3.5.1-D9.4-Phonetics,rust_only,,,swift-ffi,engine/swift-ffi/src/lib.rs,crate,swift-ffi,「iOS / macOS swift-bridge 入口：薄包覆 dispatch::process_request + Swift 端 logger sink 註冊。catch_unwind ×2（FFI + dispatch）；長度上限早 reject。」,
function,infra,rust_shipped,v3.5.1-D9.4-Phonetics,ios,ios/Sources/TaigiKeyboard/Engine/Generated/,SwiftBridgeCore,swift-ffi,engine/swift-ffi/src/lib.rs,function,process_request_bytes,「Swift 端可呼叫的單一 FFI 函式：bytes-in / bytes-out。」,
function,infra,rust_shipped,v3.5.1-D9.4-Phonetics,ios,,,swift-ffi,engine/swift-ffi/src/lib.rs,function,install_logger_sink,「冪等註冊 SwiftLoggerSink；DEBUG 時 set_log_level(4) 解放 Rust log 至 Debug。」,
function,infra,rust_shipped,v3.5.1-D9.4-Phonetics,ios,,,swift-ffi,engine/swift-ffi/src/lib.rs,function,set_log_level,「執行期切換 Rust log::max_level；0=Off … 5=Trace。」,
function,infra,rust_shipped,v3.5.1-D9.4-Phonetics,ios,,,swift-ffi,engine/swift-ffi/src/lib.rs,function,panic_for_test,「T1 panic injector：dev xcframework（feature=panic-injector）會真的 panic；release xcframework no-op 回 FailInvariant。」,
module,infra,rust_shipped,v3.5.1-D9.4-Phonetics,rust_only,,,android-jni,engine/android-jni/src/lib.rs,crate,android-jni,「Android JNI 入口：薄包覆 dispatch::process_request + JVM logger callback。每個 extern fn 體都 catch_unwind；length-check 早於 jbyteArray 拷貝。」,
function,infra,rust_shipped,v3.5.1-D9.4-Phonetics,android,android/.../engine/RustEngineBridge.kt,processRequestBytes,android-jni,engine/android-jni/src/lib.rs,function,Java_..._processRequestBytes,「JNI export：對應 RustEngineBridge.processRequestBytes(ByteArray): ByteArray。」,
function,infra,rust_shipped,v3.5.1-D9.4-Phonetics,android,android/.../engine/RustEngineBridge.kt,registerLogger,android-jni,engine/android-jni/src/lib.rs,function,Java_..._registerLogger,「快取 JavaVM + GlobalRef + dispatchLog method id；安裝 Rust log adapter，預設 Warn。」,
function,infra,rust_shipped,v3.5.1-D9.4-Phonetics,android,android/.../engine/RustEngineBridge.kt,setLogLevel,android-jni,engine/android-jni/src/lib.rs,function,Java_..._setLogLevel,「執行期切換 Rust log::max_level；BuildConfig.DEBUG=true 時 Kotlin 端呼 setLogLevel(4)。」,
function,infra,rust_shipped,v3.5.1-D9.4-Phonetics,android,,,android-jni,engine/android-jni/src/lib.rs,function,Java_..._panicForTest,「T1 panic injector（feature=panic-injector，僅 dev .so）；release build 由 build-android-libs.sh 用 nm 驗證符號不存在。」,
module,infra,rust_shipped,v3.5.6-lexicon-read-path,rust_only,,,mmap-host,engine/mmap-host/src/lib.rs,crate,mmap-host,「集中 mmap unsafe 載入碼的 host crate；其他 crate 全部 forbid unsafe_code。」,
struct,infra,rust_shipped,v3.5.6-lexicon-read-path,rust_only,,,mmap-host,engine/mmap-host/src/lib.rs,struct,MmapHandle,「memmap2 開檔 + 安全包覆 &[u8] slice 給 lexicon 讀路徑用。」,
enum,infra,rust_shipped,v3.5.6-lexicon-read-path,rust_only,,,mmap-host,engine/mmap-host/src/lib.rs,enum,MmapError,「mmap 開檔/版本驗證錯誤。」,
module,infra,rust_shipped,v3.5.4-Composing-D9.3,rust_only,,,protos,engine/protos/src/lib.rs,crate,protos,「prost-build 產出的 engine 訊息結構共用 crate。proto 來源於 engine/protos/proto/*.proto。」,平台 .pb.swift / .java 為 checked-in（engine/scripts/gen-platform-protos.sh + engine/protos/build.rs 維護）。
file,infra,rust_shipped,v3.5.6-lexicon-read-path,rust_only,,,build-helpers/fst-builder,engine/build-helpers/fst-builder/src/main.rs,binary,fst-builder,「離線工具：把 dictionary 來源編成 fst prefix index 與 dictionary.bin / association.bin。」,
module,userdata,rust_shipped,user-data-engine-P1..P9c,rust_only,,,userdata,engine/userdata/src/lib.rs,crate,userdata,"「Engine-owned user data: user_frequency.db, user_association.db, custom_dictionary.db, learned_phrases.db — schemas, shape-detecting takeover of every released platform shape (<file>.pre-engine copy), custom-dictionary search-key derivation, capacity policy, CSV codec, .taigi backup codec.」","Replaces the iOS / Android / macOS SQLite stores and desktop taigi-desktop-storage stores (all platforms switched, P5–P8b). Stores behind the default sqlite feature (roadmap U11). Plan: docs/architecture/user-data-engine-roadmap.md."
file,infra,rust_shipped,user-data-engine-P3a..P9c,rust_only,,,dispatch,engine/dispatch/src/user_data.rs,file,user_data.rs,"「UserDataRequest ops (Open, Reset, RecordUsage, List / Save / Delete / Import / ExportCustomCsv, SearchCustomEntries, Export / ImportBackup); FetchAtPos reads custom / learned / frequency rows (composing::UserRows); PredictNext reads user_association.db; learned phrases and next-word bigrams persisted by the engine.」","Platforms call it through UserDataClient (pages), UsageRecorder (picks) and NextWordPort (desktop + macOS handshakes). Retired wire reserved in P9c: FetchAtPos 2/4/7, PredictNext.user_rows, Effect.PhraseLearned, NextWordEffect RecordAssociation / RecordCompoundAssociations."
file,phonetics,rust_shipped,v3.5.1-D9.4-Phonetics,ios,ios/Sources/TaigiKeyboard/Engine/RustEngineBridge.swift,RustEngineBridge,swift-ffi,engine/swift-ffi/src/lib.rs,bridge,RustEngineBridge.swift,「iOS 17 個 phonetics op + 12 個 composing op 的 Swift 包覆；本身為 Path G「保留」的橋接層，內部所有 op 已全在 Rust。包含 ToneVariations 快取、診斷 ring buffer、generation 管理。」,屬於 cross-platform 必要橋接，非候選遷移目標。
file,phonetics,rust_shipped,v3.5.1-D9.4-Phonetics,android,android/app/src/main/java/com/siansiansu/taigikeyboard/engine/RustEngineBridge.kt,RustEngineBridge,android-jni,engine/android-jni/src/lib.rs,bridge,RustEngineBridge.kt,「Android JNI 對應 RustEngineBridge.swift 的 Kotlin 等價物。」,屬於 cross-platform 必要橋接。
file,lexicon,rust_shipped,v3.5.6-lexicon-read-path,ios,ios/Sources/TaigiKeyboard/Engine/RustEngineBridge+Lexicon.swift,RustEngineBridge.lexicon*,lexicon,engine/lexicon/src/api.rs,bridge,RustEngineBridge+Lexicon.swift,「Lexicon op 的 Swift 包覆：install / search / searchWithSources / searchByHanzi / isHanzi / dictionaryFilters。」,屬於 cross-platform 必要橋接。
file,lexicon,rust_shipped,v3.5.6-lexicon-read-path,android,android/.../engine/LexiconBridge.kt,LexiconBridge,lexicon,engine/lexicon/src/api.rs,bridge,LexiconBridge.kt,「Lexicon op 的 Kotlin 包覆。」,屬於 cross-platform 必要橋接。
file,nextword,rust_shipped,v3.5.5-NextWord,ios,ios/Sources/TaigiKeyboard/Engine/RustEngineBridge+NextWord.swift,RustEngineBridge.nextWord*,nextword,engine/nextword/src/api.rs,bridge,RustEngineBridge+NextWord.swift,「NextWord 7 個 Intent + 視窗 setIsShowing 的 Swift 包覆。」,屬於 cross-platform 必要橋接。
file,phonetics,rust_shipped,case-transform-2026-05-04,ios,ios/Sources/TaigiKeyboard/Engine/RustEngineBridge+CaseTransform.swift,RustEngineBridge.case*,phonetics,engine/phonetics/src/case_transform.rs,bridge,RustEngineBridge+CaseTransform.swift,「Case-transform 5 個 op 的 Swift 包覆：transformInputCase / transformSuggestionCase / uppercaseToneChar / fullUppercaseToneString / lowercaseToneChar。」,屬於 cross-platform 必要橋接。
file,phonetics,rust_shipped,case-transform-2026-05-04,android,android/.../engine/CaseTransformBridge.kt,CaseTransformBridge,phonetics,engine/phonetics/src/case_transform.rs,bridge,CaseTransformBridge.kt,「Case-transform 對應 Kotlin 包覆。」,屬於 cross-platform 必要橋接。
file,phonetics,rust_partial,case-transform-2026-05-04,ios,ios/Sources/TaigiKeyboard/Input/CharacterInputPipeline.swift,CharacterInputPipeline,phonetics,engine/phonetics/src/api.rs,file,CharacterInputPipeline.swift,「鍵入 → 規範化音節 pipeline 的薄殼：所有 normalize/case 都已委派 Rust，本檔僅留協調用 51 LOC。」,候選但仍在 — 多為 Foundation-only 的協調碼，可考慮在後續 polish 階段一併刪除或轉成單一 Rust call。
file,lexicon,rust_shipped,v3.5.8-Item13,ios,(deleted),(deleted),ranking,(deleted),file,CandidateProcessor.swift,「歷史 267 LOC 的候選處理器（已刪）；score/sort/dedupe 移入 ranking crate 後隨 ProcessCandidates 一併刪除（2026-09-25）；capitalize/classify 曾移入 Rust，後因無 production caller 亦於 2026-09-25 移除。」,v3.5.8 Item 13：唯一 consumer（iOS LexiconService）退役後零 consumer → 整檔刪 (Path G)；Android 對應已隨 PR #192 刪除。
file,lexicon,rust_shipped,v3.5.1-D9.4-Phonetics,cross_platform,(deleted),(deleted),phonetics,engine/phonetics/src/custom_search.rs,file,CustomDictionaryDerivation.swift/.kt,「Custom-dictionary search-key derivation (notone / abbrev / roman_num) on write; the algorithm is phonetics::derivation behind phonetics::api::derive_custom_search_keys.」,"Platform thin bridges deleted in the user-data engine switch (iOS P7b #233, Android P8b #231). engine/userdata derives the keys itself on save / import and re-derives on open (engine/userdata/src/user_data_stores.rs derive_custom_search_keys + derive_custom_query_key; CustomDictionaryStore::rederive_search_keys_if_needed); the query-side prefix strategy is the engine's SearchCustomEntries op."
file,autocomplete,rust_shipped,v3.5.8-Item13,ios,(deleted),(deleted),lexicon,engine/lexicon/src/classification.rs,file,AutocompleteInputClassifier.swift,「iOS 端 RustEngineBridge.classifyInput 的薄殼包覆 + 平台特定快取/觀察邏輯。」,核心 classify 已在 Rust（v3.5.7）。v3.5.8 Item 13：平台 lexicon fallback 退役，此殼層唯一 consumer 消失 → 整檔刪 (Path G)；engine ClassifyInput RPC 無 caller，已於 2026-09-25 移除。
file,autocomplete,rust_shipped,v3.5.8-Item13,android,(deleted),(deleted),lexicon,engine/lexicon/src/classification.rs,file,AutocompleteInputClassifier.kt,「Android 端 LexiconBridge.classifyInput 的薄殼包覆。」,同 iOS：v3.5.8 Item 13 平台 lexicon fallback 退役 → 整檔刪 (Path G)；engine ClassifyInput RPC 已於 2026-09-25 移除。
file,autocomplete,native_keep,n/a,ios,ios/Sources/TaigiKeyboard/Autocomplete/Services/AutocompleteProviders.swift,AutocompleteProviders,,,file,AutocompleteProviders.swift,「ComposingStateProvider / SelectionContextProvider / AutocompleteContextUpdater protocols。」,純抽象介面（26 LOC）；platform DI 介面層保留為 native by design。Phase IV-B 收工 (v3.5.7)。
file,settings,native_keep,n/a,ios,ios/Sources/TaigiKeyboard/Settings/EngineSettings.swift,EngineSettings,,,file,EngineSettings.swift,「engine 用的 read-only Settings protocol。」,純 protocol（33 LOC），platform live-read 介面；保留為 native by design。Phase IV-B 收工 (v3.5.7)。
file,settings,native_keep,n/a,android,android/.../ime/core/settings/EngineSettings.kt,EngineSettings,,,file,EngineSettings.kt,「Kotlin 對應 EngineSettings interface。」,同 iOS：platform DI 介面保留 native。Phase IV-B 收工 (v3.5.7)。
file,settings,native_keep,n/a,ios,ios/Sources/TaigiKeyboard/Settings/EngineSettingsProvider.swift,EngineSettingsProvider,,,file,EngineSettingsProvider.swift,「current accessor（live-read 不快照）。」,Platform live-read accessor，保留 native。Phase IV-B 收工 (v3.5.7)。
file,settings,native_keep,n/a,android,android/.../ime/core/settings/EngineSettingsProvider.kt,EngineSettingsProvider,,,file,EngineSettingsProvider.kt,「Kotlin 對應 provider。」,同 iOS：保留 native。Phase IV-B 收工 (v3.5.7)。
file,settings,native_keep,n/a,cross_platform,ios/Sources/TaigiKeyboard/Settings/InputMode.swift + android/.../ime/core/settings/InputMode.kt,InputMode,phonetics,engine/phonetics/src/api.rs,file,InputMode.swift/.kt,「iOS/Android 顯示用 .poj/.tl/.english/.tps；Rust 已有強型別 InputMode（不含 .tps）。」,平台側 displayName 在 Settings/SettingsModels.swift 做本地化；platform display enum 保留以對接 UI 字串。Phase IV-B 收工 (v3.5.7)。
file,settings,native_keep,n/a,cross_platform,ios/Sources/TaigiKeyboard/Settings/ToneToggles.swift + android/.../ime/core/settings/ToneToggles.kt,ToneToggles,protos,engine/protos/proto/envelope.proto AppConfig,file,ToneToggles.swift/.kt,「POJ 預處理 toggles 值型別；橋接時直接展開到 AppConfig.oo_doubletap_enabled / nn_doubletap_enabled。」,無實質邏輯（21 LOC）；值型別保留 native。Phase IV-B 收工 (v3.5.7)。
file,common,native_keep,n/a,cross_platform,ios/Sources/TaigiKeyboard/Logging/LoggerBackend.swift + android/.../ime/core/logging/LoggerBackend.kt,LoggerBackend,,,file,LoggerBackend.swift/.kt,「LoggerBackend protocol + LoggerFactory 抽象 + iOS DebugLogger / Android AndroidLoggerBackend。Rust log crate 透過 SwiftLoggerSink/JNI 反向呼叫此層。」,平台特定 logger 端點 — 由設計保留為 native（os.Logger / android.util.Log 端點 + 反向 sink）；不會遷移。
file,lexicon,native_keep,n/a,cross_platform,ios/Sources/TaigiKeyboard/Lexicon/Models/TaigiWord.swift + android/.../TaigiWord.kt,TaigiWord,,,file,TaigiWord.swift/.kt,「value type 候選；Rust 端有對應 protos::TaigiWord 但平台 DTO 仍保留以避免每次橋接都重建（19 LOC）。」,
file,lexicon,native_keep,n/a,cross_platform,ios/Sources/TaigiKeyboard/Lexicon/Models/DictionarySource.swift + android/.../DictionarySource.kt,DictionarySource,,,file,DictionarySource.swift/.kt,「字典來源 enum；ordering 為 source_bitmask 編碼權威，不可重排。」,bitmask 對齊由 docs/engine/binary-format.md 釘住。
file,lexicon,native_keep,user-data-engine-P7b,ios,ios/Sources/TaigiKeyboard/Lexicon/Models/CustomDictionaryEntry.swift,CustomDictionaryEntry,protos,engine/protos/proto/user_data.proto CustomDictionaryEntry,file,CustomDictionaryEntry.swift,「Custom Dictionary page view model (id / roman / hanzi) of one engine entry; the engine owns the stored shape and stamps the times.」,Page DTO only: rows reach it through UserDataClient (engine ops); stored columns are engine/userdata/src/custom_dictionary.rs CustomDictionaryRow. Android uses the generated proto class directly (no Kotlin entry model).
file,lexicon,rust_shipped,user-data-engine-P7b+P8b,cross_platform,(deleted),(deleted),userdata,engine/userdata/src/types.rs,file,FrequencyData.swift/.kt,"「Per-word usage snapshot (count + last used); now the store row userdata::FrequencyRow, turned into ranking::FrequencyData / FrequencyMap inside dispatch.」","Deleted with the platform SQLite stores (iOS P7b #233, Android P8b #231). FetchAtPos reads user_frequency.db itself (engine/dispatch/src/user_data.rs builds the FrequencyMap from the store rows); wire FrequencyEntry message removed and FetchAtPos fields reserved (P9c)."
file,lexicon,native_keep,n/a,cross_platform,ios/Sources/TaigiKeyboard/Lexicon/Models/LexiconConstants.swift + android/.../DictionaryConstants.kt,LexiconConstants,,,file,LexiconConstants.swift/Constants.kt,「平台 logging subsystem 名稱等常數；iOS bundle 名稱平台相關。」,
file,lexicon,native_keep,n/a,android,android/.../ime/dictionary/DictionaryError.kt,DictionaryError,lexicon,engine/lexicon/src/error.rs,file,DictionaryError.kt,「Platform-side localized error wrapper alongside the Rust LexiconError; localized messages are platform-specific.」,iOS LexiconError.swift deleted in user-data engine P7b #233 (its only users were the Swift SQLite stores); Android DictionaryError.kt remains.
file,lexicon,rust_shipped,v3.5.7,cross_platform,(deleted),(deleted),lexicon,engine/lexicon/src/dictionary_filters.rs,file,dictionary_filters.rs,「使用者啟用字典清單 + bitmask 編碼（dictionaryFilterBitmask/assocLookupBitmask/enabledSources）；綁定 dictionary.bin 二進位佈局。」,v3.5.7 EnabledDictionaries slice — proto tag 18 DictionaryFiltersRequest/Response + DictionarySourceCode wire-stable enum；compute_filters 純邏輯 ~120 LOC + 6 inline golden tests；assoc_lookup_bitmask 內含 u32::MAX sentinel 保留 lexicon.proto:166-173 行為。iOS/Android EnabledDictionaries.swift/.kt 已刪 (Path G)。
file,lexicon,wont_migrate,n/a,cross_platform,ios/Sources/TaigiKeyboard/Lexicon/Models/DictionarySearchResult.swift + android/.../DictionarySearchResult.kt,DictionarySearchResult,,,file,DictionarySearchResult.swift/.kt,「為 Tab3 結果組裝 chhoe.taigi.info / sutian.moe.edu.tw 查詢 URL。」,App 特定 URL 構造；屬 UI 層，不適合進 shared-core。
file,lexicon,wont_migrate,n/a,cross_platform,ios/Sources/TaigiKeyboard/Lexicon/Utils/ExternalLookupURLBuilder.swift + android/.../ExternalLookupURLBuilder.kt,ExternalLookupURLBuilder,,,file,ExternalLookupURLBuilder.swift/.kt,「外部字典查詢 URL 組裝器；URL hostname 與路徑 app 特定。」,呼叫 RustEngineBridge.nfdPreprocessForLookup + stripTone 拿到 phonetic prep 結果，但 URL 組裝平台側。
file,lexicon_user,rust_shipped,user-data-engine-P7b,ios,(deleted),(deleted),userdata,engine/userdata/src/custom_dictionary.rs,file,CustomDictionaryRepository.swift,「Custom dictionary CRUD over custom_dictionary.db; now userdata::CustomDictionaryStore.」,Deleted in user-data engine P7b #233. Engine ops ListCustomEntries / SaveCustomEntry / DeleteCustomEntry / SearchCustomEntries (engine/dispatch/src/user_data.rs); the page calls them through UserDataClient.
file,lexicon_user,rust_shipped,user-data-engine-P7b,ios,(deleted),(deleted),userdata,engine/userdata/src/custom_dictionary.rs,file,CustomDictionarySchema.swift,「custom_dictionary.db schema; now owned by userdata::CustomDictionaryStore.」,"Deleted in user-data engine P7b #233. Every released iOS / Android / macOS shape is taken over by shape detection, keeping a <file>.pre-engine copy (engine/userdata/src/database.rs; fixtures engine/userdata/tests/takeover.rs)."
file,lexicon_user,rust_shipped,user-data-engine-P7b,ios,(deleted),(deleted),userdata,engine/userdata/src/custom_dictionary.rs,file,CustomDictionaryCapacityPolicy.swift,「Custom dictionary capacity limit; now CustomDictionaryStore::MAX_ENTRIES.」,Deleted in user-data engine P7b #233. Over-limit saves / imports answer CustomDictionaryRefusal from the engine; learning-store trimming is engine/userdata/src/capacity.rs LearningCapacity.
file,lexicon_user,rust_shipped,user-data-engine-P7b,ios,(deleted),(deleted),userdata,engine/userdata/src/custom_dictionary.rs,file,CustomDictionaryMigrator.swift,「Custom dictionary schema migration; now the engine's shape-detecting takeover.」,"Deleted in user-data engine P7b #233. Migration by shape, not user_version (roadmap U7); pre-takeover copy <file>.pre-engine (engine/userdata/src/database.rs); fixtures engine/userdata/tests/takeover.rs."
file,lexicon_user,rust_shipped,user-data-engine-P7b,ios,(deleted),(deleted),userdata,engine/userdata/src/frequency.rs,file,UserFrequencyRepository.swift,「user_frequency.db CRUD; now userdata::UserFrequencyStore.」,Deleted in user-data engine P7b #233. Picks go through UsageRecorder → UserDataRequest.RecordUsage; FetchAtPos reads the rows engine-side.
file,lexicon_user,rust_shipped,user-data-engine-P7b,ios,(deleted),(deleted),userdata,engine/userdata/src/frequency.rs,file,UserFrequencySchema.swift,「user_frequency.db schema; now owned by userdata::UserFrequencyStore.」,"Deleted in user-data engine P7b #233. Shape-gated migration to the (word, tl) pair key (frequency.rs migrate_to_pair_key_if_needed); takeover per roadmap U7."
file,lexicon_user,rust_shipped,user-data-engine-P7b,ios,(deleted),(deleted),userdata,engine/userdata/src/capacity.rs,file,UserFrequencyPruner.swift,「user_frequency.db stale-entry pruning; now userdata LearningCapacity.」,"Deleted in user-data engine P7b #233. Capacity enforced by the engine's serial learning writer, also after a .taigi import."
file,lexicon_user,rust_shipped,user-data-engine-P7b,ios,(deleted),(deleted),userdata,engine/userdata/src/database.rs,file,SQLiteConnectionManager.swift,「SQLite connection management; now userdata::UserDataDatabase (rusqlite bundled).」,"Deleted in user-data engine P7b #233. Journal mode is the platform's OpenUserData parameter (iOS DELETE, App Group); serial writer + busy_timeout in the engine (roadmap U2–U4)."
file,lexicon_user,rust_shipped,user-data-engine-P7b,ios,(deleted),(deleted),userdata,engine/userdata/src/database.rs,file,SQLiteBindingHelpers.swift,「sqlite3_bind_* wrappers; replaced by rusqlite in engine/userdata.」,Deleted in user-data engine P7b #233. No sqlite3 C API calls remain on iOS.
file,lexicon_user,rust_shipped,user-data-engine-P7b,ios,(deleted),(deleted),userdata,engine/userdata/src/paths.rs,file,SharedDatabasePath.swift,「Shared DB path resolution; file names now userdata::UserDataPaths.」,Deleted in user-data engine P7b #233. The platform hands only the App Group directory to OpenUserData (ios/Sources/TaigiKeyboard/Engine/UserDataOpening.swift); the engine applies the shared file names.
file,lexicon_user,wont_migrate,v3.5.8-Item13,ios,(deleted),(deleted),,,service,LexiconService.swift,「iOS 端 lexicon 服務協調器（已刪）。」,v3.5.8 Item 13：iOS LexiconService 100% autocomplete-owned（Tab3 走獨立 DictionarySearchService），平台 lexicon fallback 退役 → 整檔刪 (Path G) + CompositionRoot.lexiconService 移除。
file,lexicon_user,rust_shipped,user-data-engine-P7b,ios,(deleted),(deleted),dispatch,engine/dispatch/src/user_data.rs,service,CustomDictionaryService.swift,「Custom dictionary read/write service; now engine UserDataRequest ops.」,Deleted in user-data engine P7b #233. Replaced by UserDataClient (ios/Sources/TaigiKeyboard/Lexicon/Services/UserDataClient.swift) over ListCustomEntries / SaveCustomEntry / DeleteCustomEntry / ImportCustomCsv / ExportCustomCsv; CSV codec is engine/userdata/src/csv.rs.
file,lexicon_user,rust_shipped,user-data-engine-P7b,ios,(deleted),(deleted),dispatch,engine/dispatch/src/user_data.rs,service,UserFrequencyService.swift,「User frequency service; FetchAtPos now reads user_frequency.db engine-side.」,Deleted in user-data engine P7b #233. Writes: UsageRecorder / EngineUsageRecorder (ios/Sources/TaigiKeyboard/Actions/UsageRecorder.swift) → RecordUsage; reads: composing::UserRows built in dispatch. Wire FrequencyEntry removed (P9c).
file,lexicon_user,rust_shipped,user-data-engine-P7b,ios,(deleted),(deleted),userdata,engine/userdata/src/backup.rs,service,BackupService.swift,「.taigi backup / restore; now the engine's .taigi v2 codec.」,Deleted in user-data engine P7b #233. ExportBackup / ImportBackup ops through UserDataClient; file pickers / share sheet stay on the platform (roadmap U10).
file,lexicon_user,wont_migrate,n/a,ios,ios/Sources/TaigiKeyboard/Lexicon/Services/DictionarySearchService.swift,DictionarySearchService,,,service,DictionarySearchService.swift,「Tab3 字典查詢服務；組合 Rust search/searchByHanzi + URL 構造 + DTO。」,"Platform glue kept; custom-dictionary matches come from the engine's SearchCustomEntries op via UserDataClient (user-data engine P7b #233), no SQLite on iOS."
file,lexicon_user,wont_migrate,v3.5.8-Item13,android,android/.../ime/dictionary/LexiconService.kt,LexiconService,,,service,LexiconService.kt,「Android Tab3 字典探索查詢服務（searchWithSources/searchByHanzi）。」,v3.5.8 Item 13：autocomplete `search()`+lookupCustomDictionary/querySystemDictionaries/processCandidates 刪除（平台 lexicon fallback 退役），class 保留供 Tab3；ctor slim 掉 customDict/userFreq。
file,lexicon_user,rust_shipped,user-data-engine-P8b,android,(deleted),(deleted),dispatch,engine/dispatch/src/user_data.rs,service,CustomDictionaryService.kt,「Android custom dictionary service; now engine UserDataRequest ops over userdata::CustomDictionaryStore.」,Deleted in user-data engine P8b #231. Replaced by UserDataClient (android/.../ime/dictionary/UserDataClient.kt) on Dispatchers.IO; CSV codec is engine/userdata/src/csv.rs; store is engine/userdata/src/custom_dictionary.rs.
file,lexicon_user,rust_shipped,user-data-engine-P8b,android,(deleted),(deleted),dispatch,engine/dispatch/src/user_data.rs,service,UserFrequencyService.kt,「Android user frequency service; FetchAtPos now reads user_frequency.db engine-side.」,Deleted in user-data engine P8b #231. Writes: UsageRecorder (android/.../ime/text/composing/UsageRecorder.kt) → RecordUsage; store is engine/userdata/src/frequency.rs.
file,lexicon_user,rust_shipped,user-data-engine-P8b,android,(deleted),(deleted),userdata,engine/userdata/src/backup.rs,service,BackupService.kt,「Android .taigi backup service; now the engine's .taigi v2 codec.」,Deleted in user-data engine P8b #231. ExportBackup / ImportBackup ops through UserDataClient; file picker stays on the platform.
file,nextword,wont_migrate,n/a,ios,ios/Sources/TaigiKeyboard/NextWord/NextWordController.swift,NextWordController,,,file,NextWordController.swift,「iOS NextWord 平台執行器：Timer / DispatchQueue.main / @MainActor；呼叫 Rust nextword.apply 處理 Intent。」,
file,nextword,rust_shipped,user-data-engine-P7b,ios,(deleted),(deleted),userdata,engine/userdata/src/association.rs,service,NextWordService.swift,「iOS user-association service; PredictNext now reads user_association.db engine-side.」,"Deleted in user-data engine P7b #233. Bundled bigrams: lexicon::assoc_lookup; user rows: dispatch PredictNext (engine/dispatch/src/user_data.rs, userdata UserAssociationStore::rows_following); bigrams recorded by the engine, wire RecordAssociation / RecordCompoundAssociations removed (P9b/P9c)."
file,nextword,rust_shipped,user-data-engine-P7b,ios,(deleted),(deleted),userdata,engine/userdata/src/association.rs,file,NextWordRepository.swift,「user_association.db repo; now userdata::UserAssociationStore.」,Deleted in user-data engine P7b #233. Released iOS shapes (v4 with idx_user_prev_word) taken over by the engine (P7a).
file,nextword,rust_shipped,user-data-engine-P7b,ios,(deleted),(deleted),userdata,engine/userdata/src/association.rs,file,NextWordSchema.swift,「user_association.db schema; now owned by userdata::UserAssociationStore.」,Deleted in user-data engine P7b #233. Shape-detecting migration + <file>.pre-engine copy (roadmap U7).
file,nextword,rust_shipped,user-data-engine-P8b,android,(deleted),(deleted),userdata,engine/userdata/src/association.rs,service,NextWordService.kt,「Android user-association service; PredictNext now reads user_association.db engine-side.」,Deleted in user-data engine P8b #231. Platform executor is android/.../ime/text/smartbar/NextWordController.kt; bigrams recorded by the engine (filesDir/user_association.db path passed to OpenUserData).
file,composing,wont_migrate,n/a,ios,ios/Sources/TaigiKeyboard/Input/Composing/ComposingManager.swift,ComposingManager,,,file,ComposingManager.swift,「iOS composing 包覆器：Combine / @Published / ObservableObject / delegate / context-sink wiring；G4-impl 後 ~150 LOC。」,將 Rust Engine 的 effect 對接到 KeyboardKit context。
file,composing,wont_migrate,n/a,ios,ios/Sources/TaigiKeyboard/Input/Composing/ComposingDelegate.swift,ComposingDelegate,,,file,ComposingDelegate.swift,「Effect interpreter（execute(_:)）：將 Rust 端 Effect enum 換成 UITextDocumentProxy 操作。」,Android 對應 ComposingDelegate.kt。
file,composing,wont_migrate,n/a,android,android/.../ime/text/composing/ComposingManager.kt,ComposingManager,,,file,ComposingManager.kt,「Android composing 包覆器。」,
file,composing,wont_migrate,n/a,android,android/.../ime/text/composing/ComposingDelegate.kt,ComposingDelegate,,,file,ComposingDelegate.kt,「Android Effect interpreter（對 InputConnection）。」,
file,composing,wont_migrate,n/a,android,android/.../ime/text/composing/EnglishAutocompleteService.kt,EnglishAutocompleteService,,,service,EnglishAutocompleteService.kt,「英文 autocomplete 服務；非 Taigi 路徑。」,
file,composing,wont_migrate,n/a,android,android/.../ime/text/composing/TaigiAutocompleteService.kt,TaigiAutocompleteService,,,service,TaigiAutocompleteService.kt,「台語 autocomplete 服務協調器：呼 Rust lexicon search + ranking process_candidates。」,
file,phonetics,wont_migrate,n/a,ios,ios/Sources/TaigiKeyboard/Autocomplete/Services/SuggestionCaseTransformer.swift,SuggestionCaseTransformer,phonetics,engine/phonetics/src/case_transform.rs,file,SuggestionCaseTransformer.swift,「Path G 後 thin wrapper：呼 RustEngineBridge.transformSuggestionCase；保留 platform-side skip rules（additionalInfo 標記過濾）。」,核心邏輯已在 Rust transform_suggestion；iOS 殼層保留。
file,phonetics,wont_migrate,n/a,android,android/.../ime/dictionary/SuggestionCaseTransformer.kt,SuggestionCaseTransformer,phonetics,engine/phonetics/src/case_transform.rs,file,SuggestionCaseTransformer.kt,「Path G 後 thin wrapper：呼 RustEngineBridge.transformSuggestion；保留 platform-side skip rules（id 標記過濾）。」,核心邏輯已在 Rust transform_suggestion；Android 殼層保留。
file,ime,wont_migrate,n/a,android,android/.../ime/text/CharacterInputPipeline.kt,CharacterInputPipeline,,,file,CharacterInputPipeline.kt,「Android 鍵入 → 規範化音節協調器；對齊 iOS CharacterInputPipeline.swift。」,平台薄殼，與 Rust 對接 normalize_input。
file,ime,wont_migrate,n/a,android,android/.../ime/text/CapsStateManager.kt,CapsStateManager,phonetics,engine/phonetics/src/case_transform.rs,file,CapsStateManager.kt,「caps/capsLock 狀態機（鍵盤 shift 鍵）；轉換邏輯已在 Rust case_transform。」,
file,ime,wont_migrate,n/a,android,android/.../ime/text/key/KeyLabelCaseCache.kt,KeyLabelCaseCache,phonetics,engine/phonetics/src/case_transform.rs,file,KeyLabelCaseCache.kt,「鍵盤鍵面 label 大小寫快取，呼叫 Rust transformInputCase 後做 batch cache。」,
file,ime,wont_migrate,n/a,ios,ios/Sources/TaigiKeyboard/KeyboardExtension/...,（多檔）,,,file,KeyboardExtension/*,「KeyboardKit 整合層：CalloutView / CandidateView / KeyboardController 等。」,UI / KeyboardKit 綁定，不適合 shared-core。
file,ui,wont_migrate,n/a,cross_platform,ios/Sources/TaigiKeyboard/App/* + android/.../ui/*,App tabs / settings UI,,,ui,App tabs / Settings UI,「Tab1 / Tab2 / Tab3 / Tab4 + 設定畫面（SwiftUI / Compose）。」,UI 層從不進 Rust。
file,_unused,wont_migrate,n/a,n/a,kesi/ (deprecated build pipeline),,,,file,kesi/,「舊字典產生工具，已 deprecated 並由 dictionary/ + scripts/ pipeline 取代。」,memory project_kesi_deprecated.md。
