hanzi,tl,frequency,poj,tl_num,poj_num,tl_notone,poj_notone,tl_abbrev,poj_abbrev,kungge,is_variant
邊,pinn,5350,piⁿ,pinn1,pinn1,pinn,pinn,,,True,False
畫,uē,2560,ōe,ue7,oe7,ue,oe,,,True,False
龜,ku,2000,ku,ku1,ku1,ku,ku,,,True,False
刻,khik,1154,khek,khik4,khek4,khik,khek,,,True,False
黏,liâm,969,liâm,liam5,liam5,liam,liam,,,True,False
鏡,kiànn,750,kiàⁿ,kiann3,kiann3,kiann,kiann,,,True,False
割,kuah,700,koah,kuah4,koah4,kuah,koah,,,True,False
剪,tsián,400,chián,tsian2,chian2,tsian,chian,,,True,False
尺,tshioh,400,chhioh,tshioh4,chhioh4,tshioh,chhioh,,,True,False
毛,moo,384,mo͘,moo1,moo1,moo,moo,,,True,False
堆,tui,350,tui,tui1,tui1,tui,tui,,,True,False
塑,sok,300,sok,sok4,sok4,sok,sok,,,True,False
摃,kòng,300,kòng,kong3,kong3,kong,kong,,,True,True
貼,tah,300,tah,tah4,tah4,tah,tah,,,True,False
敲,khà,200,khà,kha3,kha3,kha,kha,,,True,False
疊,tha̍h,200,tha̍h,thah8,thah8,thah,thah,,,True,False
設計,siat-kè,101,siat-kè,siat4ke3,siat4ke3,siatke,siatke,sk,sk,True,False
鶴,ho̍h,100,ho̍h,hoh8,hoh8,hoh,hoh,,,True,False
捏,liap,50,liap,liap4,liap4,liap,liap,,,True,False
繞,liáu,50,liáu,liau2,liau2,liau,liau,,,True,False
iōng碗,iōng-uánn,25,iōng-óaⁿ,iong7uann2,iong7oann2,ionguann,iongoann,iu,io,True,False
,khò-té,25,khò-té,kho3te2,kho3te2,khote,khote,kt,kt,True,False
一吞,tsi̍t-thun,25,chi̍t-thun,tsit8thun1,chit8thun1,tsitthun,chitthun,tt,ct,True,False
三花,sam-hue,25,sam-hoe,sam1hue1,sam1hoe1,samhue,samhoe,sh,sh,True,False
九層,káu-tsan,25,káu-chan,kau2tsan1,kau2chan1,kautsan,kauchan,kt,kc,True,False
令旗,līng-kî,25,lēng-kî,ling7ki5,leng7ki5,lingki,lengki,lk,lk,True,False
作椅,tsoh-í,25,choh-í,tsoh4i2,choh4i2,tsohi,chohi,ti,ci,True,False
保青,pó-tshenn,25,pó-chheⁿ,po2tshenn1,po2chhenn1,potshenn,pochhenn,pt,pc,True,False
修光,siu-kng,25,siu-kng,siu1kng1,siu1kng1,siukng,siukng,sk,sk,True,False
倒角,tò-kak,25,tò-kak,to3kak4,to3kak4,tokak,tokak,tk,tk,True,False
傍仔,png-á,25,png-á,png1a2,png1a2,pnga,pnga,pa,pa,True,False
冷盤,líng-puânn,25,léng-pôaⁿ,ling2puann5,leng2poann5,lingpuann,lengpoann,lp,lp,True,False
凹剾,nah-khau,25,nah-khau,nah4khau1,nah4khau1,nahkhau,nahkhau,nk,nk,True,False
出芽,tshut-gê,25,chhut-gê,tshut4ge5,chhut4ge5,tshutge,chhutge,tg,cg,True,False
分座,hun-tsō,25,hun-chō,hun1tso7,hun1cho7,huntso,huncho,ht,hc,True,False
分線,pun-suànn,25,pun-sòaⁿ,pun1suann3,pun1soann3,punsuann,punsoann,ps,ps,True,False
切仔,tshiat-á,25,chhiat-á,tshiat4a2,chhiat4a2,tshiata,chhiata,ta,ca,True,False
切檯,tshiat-tâi,25,chhiat-tâi,tshiat4tai5,chhiat4tai5,tshiattai,chhiattai,tt,ct,True,False
切針,tshiat-tsiam,25,chhiat-chiam,tshiat4tsiam1,chhiat4chiam1,tshiattsiam,chhiatchiam,tt,cc,True,False
刮刀,kueh-to,25,koeh-to,kueh4to1,koeh4to1,kuehto,koehto,kt,kt,True,False
刮青,kueh-tshenn,25,koeh-chheⁿ,kueh4tshenn1,koeh4chhenn1,kuehtshenn,koehchhenn,kt,kc,True,False
刻字,khik-jī,25,khek-jī,khik4ji7,khek4ji7,khikji,khekji,kj,kj,True,False
刻花,khik-hue,25,khek-hoe,khik4hue1,khek4hoe1,khikhue,khekhoe,kh,kh,True,False
剪仔,tsián-á,25,chián-á,tsian2a2,chian2a2,tsiana,chiana,ta,ca,True,False
剪黏,tsián-liâm,25,chián-liâm,tsian2liam5,chian2liam5,tsianliam,chianliam,tl,cl,True,False
剾刀,khau-to,25,khau-to,khau1to1,khau1to1,khauto,khauto,kt,kt,True,False
剾枋,khau-pang,25,khau-pang,khau1pang1,khau1pang1,khaupang,khaupang,kp,kp,True,False
劍指,kiàm-kí,25,kiàm-kí,kiam3ki2,kiam3ki2,kiamki,kiamki,kk,kk,True,False
劍獅,kiàm-sai,25,kiàm-sai,kiam3sai1,kiam3sai1,kiamsai,kiamsai,ks,ks,True,False
包布,pau-pòo,25,pau-pò͘,pau1poo3,pau1poo3,paupoo,paupoo,pp,pp,True,False
包管,pau-kóng,25,pau-kóng,pau1kong2,pau1kong2,paukong,paukong,pk,pk,True,False
化色,huà-sik,25,hòa-sek,hua3sik4,hoa3sek4,huasik,hoasek,hs,hs,True,False
北式,pak-sik,25,pak-sek,pak4sik4,pak4sek4,paksik,paksek,ps,ps,True,False
南式,lâm-sik,25,lâm-sek,lam5sik4,lam5sek4,lamsik,lamsek,ls,ls,True,False
博古,phok-kóo,25,phok-kó͘,phok4koo2,phok4koo2,phokkoo,phokkoo,pk,pk,True,False
印台,ìn-tâi,25,ìn-tâi,in3tai5,in3tai5,intai,intai,it,it,True,False
印花,ìn-hue,25,ìn-hoe,in3hue1,in3hoe1,inhue,inhoe,ih,ih,True,False
卵殼,nn̄g-khak,25,nn̄g-khak,nng7khak4,nng7khak4,nngkhak,nngkhak,nk,nk,True,False
古錢,kóo-tsînn,25,kó͘-chîⁿ,koo2tsinn5,koo2chinn5,kootsinn,koochinn,kt,kc,True,False
吊夾,tiàu-ngeh,25,tiàu-ngeh,tiau3ngeh4,tiau3ngeh4,tiaungeh,tiaungeh,tn,tn,True,True
吊花,tiàu-hue,25,tiàu-hoe,tiau3hue1,tiau3hoe1,tiauhue,tiauhoe,th,th,True,True
吊鑽,tiàu-tsǹg,25,tiàu-chǹg,tiau3tsng3,tiau3chng3,tiautsng,tiauchng,tt,tc,True,True
名牌,bîng-pâi,25,bêng-pâi,bing5pai5,beng5pai5,bingpai,bengpai,bp,bp,True,False
吟龍,gîm-lîng,25,gîm-lêng,gim5ling5,gim5leng5,gimling,gimleng,gl,gl,True,False
喙舌,tshuì-tsi̍h,25,chhùi-chi̍h,tshui3tsih8,chhui3chih8,tshuitsih,chhuichih,tt,cc,True,False
噴漆,phùn-tshat,25,phùn-chhat,phun3tshat4,phun3chhat4,phuntshat,phunchhat,pt,pc,True,False
噴膠,phùn-ka,25,phùn-ka,phun3ka1,phun3ka1,phunka,phunka,pk,pk,True,False
噴銃,phùn-tshìng,25,phùn-chhèng,phun3tshing3,phun3chheng3,phuntshing,phunchheng,pt,pc,True,False
圍巾,uî-kin,25,ûi-kin,ui5kin1,ui5kin1,uikin,uikin,uk,uk,True,False
圓桶,înn-táng,25,îⁿ-táng,inn5tang2,inn5tang2,inntang,inntang,it,it,True,False
圓目,înn-ba̍k,25,îⁿ-ba̍k,inn5bak8,inn5bak8,innbak,innbak,ib,ib,True,False
地磅,tē-pōng,25,tē-pōng,te7pong7,te7pong7,tepong,tepong,tp,tp,True,False
坐五,tsē-gōo,25,chē-gō͘,tse7goo7,che7goo7,tsegoo,chegoo,tg,cg,True,False
堆的,tui-ê,25,tui-ê,tui1e5,tui1e5,tuie,tuie,te,te,True,False
堵頭,tóo-thâu,25,tó͘-thâu,too2thau5,too2thau5,toothau,toothau,tt,tt,True,False
塔啾,tah-tshiu,25,tah-chhiu,tah4tshiu1,tah4chhiu1,tahtshiu,tahchhiu,tt,tc,True,False
塔梯,thah-thui,25,thah-thui,thah4thui1,thah4thui1,thahthui,thahthui,tt,tt,True,False
塔舌,thah-tsi̍h,25,thah-chi̍h,thah4tsih8,thah4chih8,thahtsih,thahchih,tt,tc,True,False
塗捀,thôo-phâng,25,thô͘-phâng,thoo5phang5,thoo5phang5,thoophang,thoophang,tp,tp,True,False
塗朱,thôo-tsu,25,thô͘-chu,thoo5tsu1,thoo5chu1,thootsu,thoochu,tt,tc,True,False
塗紙,thôo-tsuá,25,thô͘-chóa,thoo5tsua2,thoo5choa2,thootsua,thoochoa,tt,tc,True,False
塗胚,thôo-phue,25,thô͘-phoe,thoo5phue1,thoo5phoe1,thoophue,thoophoe,tp,tp,True,True
塭仔,un-á,25,un-á,un1a2,un1a2,una,una,ua,ua,True,False
墜仔,tuī-á,25,tūi-á,tui7a2,tui7a2,tuia,tuia,ta,ta,True,False
墨斗,ba̍k-táu,25,ba̍k-táu,bak8tau2,bak8tau2,baktau,baktau,bt,bt,True,False
壁堵,piah-tóo,25,piah-tó͘,piah4too2,piah4too2,piahtoo,piahtoo,pt,pt,True,False
壓扒,ah-pe,25,ah-pe,ah4pe1,ah4pe1,ahpe,ahpe,ap,ap,True,False
大破,tuā-phuà,25,tōa-phòa,tua7phua3,toa7phoa3,tuaphua,toaphoa,tp,tp,True,False
大菁,tuā-tshinn,25,tōa-chhiⁿ,tua7tshinn1,toa7chhinn1,tuatshinn,toachhinn,tt,tc,True,False
大鏨,tuā-tsām,25,tōa-chām,tua7tsam7,toa7cham7,tuatsam,toacham,tt,tc,True,False
夾仔,ngeh-á,25,ngeh-á,ngeh4a2,ngeh4a2,ngeha,ngeha,na,na,True,False
夾枋,kiap-pang,25,kiap-pang,kiap4pang1,kiap4pang1,kiappang,kiappang,kp,kp,True,False
如意,jû-ì,25,jû-ì,ju5i3,ju5i3,jui,jui,ji,ji,True,False
定kô,tīng-kô,25,tēng-kô,ting7ko5,teng7ko5,tingko,tengko,tk,tk,True,False
定闊,tīng-khuah,25,tēng-khoah,ting7khuah4,teng7khoah4,tingkhuah,tengkhoah,tk,tk,True,False
寄線,kià-suànn,25,kià-sòaⁿ,kia3suann3,kia3soann3,kiasuann,kiasoann,ks,ks,True,False
寶扇,pó-sìnn,25,pó-sìⁿ,po2sinn3,po2sinn3,posinn,posinn,ps,ps,True,False
封帽,hong-bō,25,hong-bō,hong1bo7,hong1bo7,hongbo,hongbo,hb,hb,True,False
對破,tuì-phuà,25,tùi-phòa,tui3phua3,tui3phoa3,tuiphua,tuiphoa,tp,tp,True,False
小旦,sió-tuànn,25,sió-tòaⁿ,sio2tuann3,sio2toann3,siotuann,siotoann,st,st,True,False
小生,sió-sing,25,sió-seng,sio2sing1,sio2seng1,siosing,sioseng,ss,ss,True,False
小菁,sió-tshinn,25,sió-chhiⁿ,sio2tshinn1,sio2chhinn1,siotshinn,siochhinn,st,sc,True,False
尺鎚,tshioh-thuî,25,chhioh-thûi,tshioh4thui5,chhioh4thui5,tshiohthui,chhiohthui,tt,ct,True,True
屏風,pîn-hong,25,pîn-hong,pin5hong1,pin5hong1,pinhong,pinhong,ph,ph,True,False
巧雕,khá-tiau,25,khá-tiau,kha2tiau1,kha2tiau1,khatiau,khatiau,kt,kt,True,False
布枋,pòo-pang,25,pò͘-pang,poo3pang1,poo3pang1,poopang,poopang,pp,pp,True,False
布碖,pòo-lún,25,pò͘-lún,poo3lun2,poo3lun2,poolun,poolun,pl,pl,True,False
帶鋸,tuà-kù,25,tòa-kù,tua3ku3,toa3ku3,tuaku,toaku,tk,tk,True,False
帶騎,tài-khiâ,25,tài-khiâ,tai3khia5,tai3khia5,taikhia,taikhia,tk,tk,True,False
平尺,phînn-tshioh,25,phîⁿ-chhioh,phinn5tshioh4,phinn5chhioh4,phinntshioh,phinnchhioh,pt,pc,True,False
平枋,pênn-pang,25,pêⁿ-pang,penn5pang1,penn5pang1,pennpang,pennpang,pp,pp,True,False
幼破,iù-phuà,25,iù-phòa,iu3phua3,iu3phoa3,iuphua,iuphoa,ip,ip,True,False
幼胚,iù-phue,25,iù-phoe,iu3phue1,iu3phoe1,iuphue,iuphoe,ip,ip,True,True
幼蔥,iù-tshong,25,iù-chhong,iu3tshong1,iu3chhong1,iutshong,iuchhong,it,ic,True,False
幼針,iù-tsiam,25,iù-chiam,iu3tsiam1,iu3chiam1,iutsiam,iuchiam,it,ic,True,False
度針,tōo-tsiam,25,tō͘-chiam,too7tsiam1,too7chiam1,tootsiam,toochiam,tt,tc,True,False
弓仔,king-á,25,keng-á,king1a2,keng1a2,kinga,kenga,ka,ka,True,False
弓枋,king-pang,25,keng-pang,king1pang1,keng1pang1,kingpang,kengpang,kp,kp,True,False
彎剾,uân-khau,25,oân-khau,uan5khau1,oan5khau1,uankhau,oankhau,uk,ok,True,False
彩繪,tshái-uē,25,chhái-ōe,tshai2ue7,chhai2oe7,tshaiue,chhaioe,tu,co,True,False
徛七,khiā-tshit,25,khiā-chhit,khia7tshit4,khia7chhit4,khiatshit,khiachhit,kt,kc,True,False
徛心,khiā-sim,25,khiā-sim,khia7sim1,khia7sim1,khiasim,khiasim,ks,ks,True,False
徛柱,khiā-thiāu,25,khiā-thiāu,khia7thiau7,khia7thiau7,khiathiau,khiathiau,kt,kt,True,False
徛鏡,khiā-kiànn,25,khiā-kiàⁿ,khia7kiann3,khia7kiann3,khiakiann,khiakiann,kk,kk,True,False
戕仔,tshiâng-á,25,chhiâng-á,tshiang5a2,chhiang5a2,tshianga,chhianga,ta,ca,True,False
戰甲,tsiàn-kah,25,chiàn-kah,tsian3kah4,chian3kah4,tsiankah,chiankah,tk,ck,True,False
扁擔,pún-tann,25,pún-taⁿ,pun2tann1,pun2tann1,puntann,puntann,pt,pt,True,False
手包,tshiú-pau,25,chhiú-pau,tshiu2pau1,chhiu2pau1,tshiupau,chhiupau,tp,cp,True,False
手裒,tshiú-pôo,25,chhiú-pô͘,tshiu2poo5,chhiu2poo5,tshiupoo,chhiupoo,tp,cp,True,False
手銬,tshiú-khàu,25,chhiú-khàu,tshiu2khau3,chhiu2khau3,tshiukhau,chhiukhau,tk,ck,True,False
托燈,thuh-ting,25,thuh-teng,thuh4ting1,thuh4teng1,thuhting,thuhteng,tt,tt,True,True
批塗,phi-thôo,25,phi-thô͘,phi1thoo5,phi1thoo5,phithoo,phithoo,pt,pt,True,True
披土,phi-thôo,25,phi-thô͘,phi1thoo5,phi1thoo5,phithoo,phithoo,pt,pt,True,True
抹刀,buah-to,25,boah-to,buah4to1,boah4to1,buahto,boahto,bt,bt,True,False
抾板,khioh-pán,25,khioh-pán,khioh4pan2,khioh4pan2,khiohpan,khiohpan,kp,kp,True,False
抾蒼,khioh-tshong,25,khioh-chhong,khioh4tshong1,khioh4chhong1,khiohtshong,khiohchhong,kt,kc,True,False
拆線,thiah-suànn,25,thiah-sòaⁿ,thiah4suann3,thiah4soann3,thiahsuann,thiahsoann,ts,ts,True,False
拍漿,phah-tsiunn,25,phah-chiuⁿ,phah4tsiunn1,phah4chiunn1,phahtsiunn,phahchiunn,pt,pc,True,False
拍空,phah-khang,25,phah-khang,phah4khang1,phah4khang1,phahkhang,phahkhang,pk,pk,True,False
拍箍,phah-khoo,25,phah-kho͘,phah4khoo1,phah4khoo1,phahkhoo,phahkhoo,pk,pk,True,False
拍胚,phah-phue,25,phah-phoe,phah4phue1,phah4phoe1,phahphue,phahphoe,pp,pp,True,True
拔花,puēh-hue,25,poēh-hoe,pueh7hue1,poeh7hoe1,puehhue,poehhoe,ph,ph,True,False
拗彎,áu-uan,25,áu-oan,au2uan1,au2oan1,auuan,auoan,au,ao,True,False
挖空,ué-khang,25,óe-khang,ue2khang1,oe2khang1,uekhang,oekhang,uk,ok,True,False
挲線,so-suànn,25,so-sòaⁿ,so1suann3,so1soann3,sosuann,sosoann,ss,ss,True,False
捀盤,phâng-puânn,25,phâng-pôaⁿ,phang5puann5,phang5poann5,phangpuann,phangpoann,pp,pp,True,False
捆絃,khún-hiân,25,khún-hiân,khun2hian5,khun2hian5,khunhian,khunhian,kh,kh,True,False
捏頭,lia̍p-thâu,25,lia̍p-thâu,liap8thau5,liap8thau5,liapthau,liapthau,lt,lt,True,False
捲枋,kńg-pang,25,kńg-pang,kng2pang1,kng2pang1,kngpang,kngpang,kp,kp,True,False
掃枋,sàu-pang,25,sàu-pang,sau3pang1,sau3pang1,saupang,saupang,sp,sp,True,False
掠花,lia̍h-hue,25,lia̍h-hoe,liah8hue1,liah8hoe1,liahhue,liahhoe,lh,lh,True,False
接剾,tsiap-khau,25,chiap-khau,tsiap4khau1,chiap4khau1,tsiapkhau,chiapkhau,tk,ck,True,False
接線,tsiap-suànn,25,chiap-sòaⁿ,tsiap4suann3,chiap4soann3,tsiapsuann,chiapsoann,ts,cs,True,False
摃空,kòng-khang,25,kòng-khang,kong3khang1,kong3khang1,kongkhang,kongkhang,kk,kk,True,True
撋塗,nuá-thôo,25,nóa-thô͘,nua2thoo5,noa2thoo5,nuathoo,noathoo,nt,nt,True,False
擠金,tsik-kim,25,chek-kim,tsik4kim1,chek4kim1,tsikkim,chekkim,tk,ck,True,False
攕草,tshiám-tshó,25,chhiám-chhó,tshiam2tsho2,chhiam2chho2,tshiamtsho,chhiamchho,tt,cc,True,False
放枋,pàng-pang,25,pàng-pang,pang3pang1,pang3pang1,pangpang,pangpang,pp,pp,True,False
敲仔,khà-á,25,khà-á,kha3a2,kha3a2,khaa,khaa,ka,ka,True,False
敲槌,khà-thuî,25,khà-thûi,kha3thui5,kha3thui5,khathui,khathui,kt,kt,True,False
文目,bûn-ba̍k,25,bûn-ba̍k,bun5bak8,bun5bak8,bunbak,bunbak,bb,bb,True,False
文肚,bûn-tōo,25,bûn-tō͘,bun5too7,bun5too7,buntoo,buntoo,bt,bt,True,False
文袍,bûn-phâu,25,bûn-phâu,bun5phau5,bun5phau5,bunphau,bunphau,bp,bp,True,False
文轎,bûn-kiō,25,bûn-kiō,bun5kio7,bun5kio7,bunkio,bunkio,bk,bk,True,False
旗頭,kî-thâu,25,kî-thâu,ki5thau5,ki5thau5,kithau,kithau,kt,kt,True,False
晟手,tshiânn-tshiú,25,chhiâⁿ-chhiú,tshiann5tshiu2,chhiann5chhiu2,tshianntshiu,chhiannchhiu,tt,cc,True,False
月桃,ge̍h-thô,25,ge̍h-thô,geh8tho5,geh8tho5,gehtho,gehtho,gt,gt,True,True
朝天,tiâu-thian,25,tiâu-thian,tiau5thian1,tiau5thian1,tiauthian,tiauthian,tt,tt,True,False
木尺,bo̍k-tshioh,25,bo̍k-chhioh,bok8tshioh4,bok8chhioh4,boktshioh,bokchhioh,bt,bc,True,False
本尊,pún-tsun,25,pún-chun,pun2tsun1,pun2chun1,puntsun,punchun,pt,pc,True,False
杜英,tōo-ing,25,tō͘-eng,too7ing1,too7eng1,tooing,tooeng,ti,te,True,False
束冠,sok-kuan,25,sok-koan,sok4kuan1,sok4koan1,sokkuan,sokkoan,sk,sk,True,False
松膠,siông-ka,25,siông-ka,siong5ka1,siong5ka1,siongka,siongka,sk,sk,True,False
染料,ní-liāu,25,ní-liāu,ni2liau7,ni2liau7,niliau,niliau,nl,nl,True,False
染桶,ní-tháng,25,ní-tháng,ni2thang2,ni2thang2,nithang,nithang,nt,nt,True,False
染色,ní-tsik,25,ní-chek,ni2tsik4,ni2chek4,nitsik,nichek,nt,nc,True,False
柱珠,thiāu-tsu,25,thiāu-chu,thiau7tsu1,thiau7chu1,thiautsu,thiauchu,tt,tc,True,False
柴砧,tshâ-tiam,25,chhâ-tiam,tsha5tiam1,chha5tiam1,tshatiam,chhatiam,tt,ct,True,False
柴窯,tshâ-iô,25,chhâ-iô,tsha5io5,chha5io5,tshaio,chhaio,ti,ci,True,False
柴胎,tshâ-thai,25,chhâ-thai,tsha5thai1,chha5thai1,tshathai,chhathai,tt,ct,True,False
桌崁,toh-khàm,25,toh-khàm,toh4kham3,toh4kham3,tohkham,tohkham,tk,tk,True,False
桌裙,toh-kûn,25,toh-kûn,toh4kun5,toh4kun5,tohkun,tohkun,tk,tk,True,False
桶梯,tháng-thui,25,tháng-thui,thang2thui1,thang2thui1,thangthui,thangthui,tt,tt,True,False
梅花,muî-hue,25,mûi-hoe,mui5hue1,mui5hoe1,muihue,muihoe,mh,mh,True,False
梳仔,se-á,25,se-á,se1a2,se1a2,sea,sea,sa,sa,True,False
棉布,mî-pòo,25,mî-pò͘,mi5poo3,mi5poo3,mipoo,mipoo,mp,mp,True,False
棉線,mî-suànn,25,mî-sòaⁿ,mi5suann3,mi5soann3,misuann,misoann,ms,ms,True,False
棕蓑,tsang-sui,25,chang-sui,tsang1sui1,chang1sui1,tsangsui,changsui,ts,cs,True,False
植眉,ti̍t-bâi,25,ti̍t-bâi,tit8bai5,tit8bai5,titbai,titbai,tb,tb,True,False
槐花,huâi-hue,25,hoâi-hoe,huai5hue1,hoai5hoe1,huaihue,hoaihoe,hh,hh,True,False
樹木,tshiū-bo̍k,25,chhiū-bo̍k,tshiu7bok8,chhiu7bok8,tshiubok,chhiubok,tb,cb,True,False
橫頭,huâinn-thâu,25,hoâiⁿ-thâu,huainn5thau5,hoainn5thau5,huainnthau,hoainnthau,ht,ht,True,False
武將,bú-tsiòng,25,bú-chiòng,bu2tsiong3,bu2chiong3,butsiong,buchiong,bt,bc,True,False
武胸,bú-hing,25,bú-heng,bu2hing1,bu2heng1,buhing,buheng,bh,bh,True,False
武轎,bú-kiō,25,bú-kiō,bu2kio7,bu2kio7,bukio,bukio,bk,bk,True,False
比仔,pí-á,25,pí-á,pi2a2,pi2a2,pia,pia,pa,pa,True,False
毡仔,tsám-á,25,chám-á,tsam2a2,cham2a2,tsama,chama,ta,ca,True,False
水油,tsuí-iû,25,chúi-iû,tsui2iu5,chui2iu5,tsuiiu,chuiiu,ti,ci,True,False
水波,tsuí-pho,25,chúi-pho,tsui2pho1,chui2pho1,tsuipho,chuipho,tp,cp,True,False
水秤,tsuí-tshìn,25,chúi-chhìn,tsui2tshin3,chui2chhin3,tsuitshin,chuichhin,tt,cc,True,False
水管,tsuí-kóng,25,chúi-kóng,tsui2kong2,chui2kong2,tsuikong,chuikong,tk,ck,True,False
水膠,tsuí-ka,25,chúi-ka,tsui2ka1,chui2ka1,tsuika,chuika,tk,ck,True,False
沖仔,tshong-á,25,chhong-á,tshong1a2,chhong1a2,tshonga,chhonga,ta,ca,True,False
油桶,iû-tháng,25,iû-tháng,iu5thang2,iu5thang2,iuthang,iuthang,it,it,True,False
油燈,iû-ting,25,iû-teng,iu5ting1,iu5teng1,iuting,iuteng,it,it,True,False
洋漆,iûnn-tshat,25,iûⁿ-chhat,iunn5tshat4,iunn5chhat4,iunntshat,iunnchhat,it,ic,True,False
浮花,phû-hue,25,phû-hoe,phu5hue1,phu5hoe1,phuhue,phuhoe,ph,ph,True,False
涼傘,niû-suànn,25,niû-sòaⁿ,niu5suann3,niu5soann3,niusuann,niusoann,ns,ns,True,False
淋搪,lâm-thn̄g,25,lâm-thn̄g,lam5thng7,lam5thng7,lamthng,lamthng,lt,lt,True,False
深刻,tshim-khik,25,chhim-khek,tshim1khik4,chhim1khek4,tshimkhik,chhimkhek,tk,ck,True,False
滾桶,kún-tháng,25,kún-tháng,kun2thang2,kun2thang2,kunthang,kunthang,kt,kt,True,False
滾花,kún-hue,25,kún-hoe,kun2hue1,kun2hoe1,kunhue,kunhoe,kh,kh,True,False
滾邊,kún-pinn,25,kún-piⁿ,kun2pinn1,kun2pinn1,kunpinn,kunpinn,kp,kp,True,False
漆畫,tshat-uē,25,chhat-ōe,tshat4ue7,chhat4oe7,tshatue,chhatoe,tu,co,True,False
漆盤,tshat-puânn,25,chhat-pôaⁿ,tshat4puann5,chhat4poann5,tshatpuann,chhatpoann,tp,cp,True,False
漆碗,tshat-uánn,25,chhat-óaⁿ,tshat4uann2,chhat4oann2,tshatuann,chhatoann,tu,co,True,False
漆筅,tshat-tshíng,25,chhat-chhéng,tshat4tshing2,chhat4chheng2,tshattshing,chhatchheng,tt,cc,True,False
灌漿,kuàn-tsiunn,25,koàn-chiuⁿ,kuan3tsiunn1,koan3chiunn1,kuantsiunn,koanchiunn,kt,kc,True,False
火喙,hué-tshuì,25,hóe-chhùi,hue2tshui3,hoe2chhui3,huetshui,hoechhui,ht,hc,True,False
火焰,hué-iām,25,hóe-iām,hue2iam7,hoe2iam7,hueiam,hoeiam,hi,hi,True,False
火爐,hué-lôo,25,hóe-lô͘,hue2loo5,hoe2loo5,hueloo,hoeloo,hl,hl,True,False
火籠,hué-lang,25,hóe-lang,hue2lang1,hoe2lang1,huelang,hoelang,hl,hl,True,False
火銃,hué-tshìng,25,hóe-chhèng,hue2tshing3,hoe2chheng3,huetshing,hoechheng,ht,hc,True,False
炊仔,tshue-á,25,chhoe-á,tshue1a2,chhoe1a2,tshuea,chhoea,ta,ca,True,False
炭枋,thuànn-pang,25,thòaⁿ-pang,thuann3pang1,thoann3pang1,thuannpang,thoannpang,tp,tp,True,False
烏漆,oo-tshat,25,o͘-chhat,oo1tshat4,oo1chhat4,ootshat,oochhat,ot,oc,True,False
煎匙,tsian-sî,25,chian-sî,tsian1si5,chian1si5,tsiansi,chiansi,ts,cs,True,False
煏蔥,piak-tshong,25,piak-chhong,piak4tshong1,piak4chhong1,piaktshong,piakchhong,pt,pc,True,False
熟皮,si̍k-phuê,25,se̍k-phôe,sik8phue5,sek8phoe5,sikphue,sekphoe,sp,sp,True,False
燭台,tsik-tâi,25,chek-tâi,tsik4tai5,chek4tai5,tsiktai,chektai,tt,ct,True,False
牛樟,gû-tsiunn,25,gû-chiuⁿ,gu5tsiunn1,gu5chiunn1,gutsiunn,guchiunn,gt,gc,True,False
牛角,gû-kak,25,gû-kak,gu5kak4,gu5kak4,gukak,gukak,gk,gk,True,False
獅頭,sai-thâu,25,sai-thâu,sai1thau5,sai1thau5,saithau,saithau,st,st,True,False
琥珀,hóo-phik,25,hó͘-phek,hoo2phik4,hoo2phek4,hoophik,hoophek,hp,hp,True,False
瑪瑙,bé-ló,25,bé-ló,be2lo2,be2lo2,belo,belo,bl,bl,True,False
璇石,suān-tsio̍h,25,soān-chio̍h,suan7tsioh8,soan7chioh8,suantsioh,soanchioh,st,sc,True,False
璇筆,suān-pit,25,soān-pit,suan7pit4,soan7pit4,suanpit,soanpit,sp,sp,True,False
璇針,suān-tsiam,25,soān-chiam,suan7tsiam1,soan7chiam1,suantsiam,soanchiam,st,sc,True,False
生坯,tshenn-phue,25,chheⁿ-phoe,tshenn1phue1,chhenn1phoe1,tshennphue,chhennphoe,tp,cp,True,False
生漆,tshenn-tshat,25,chheⁿ-chhat,tshenn1tshat4,chhenn1chhat4,tshenntshat,chhennchhat,tt,cc,True,False
生皮,tshenn-phuê,25,chheⁿ-phôe,tshenn1phue5,chhenn1phoe5,tshennphue,chhennphoe,tp,cp,True,False
甲毛,kah-moo,25,kah-mo͘,kah4moo1,kah4moo1,kahmoo,kahmoo,km,km,True,False
畚箕,pùn-ki,25,pùn-ki,pun3ki1,pun3ki1,punki,punki,pk,pk,True,False
畫稿,uē-kó,25,ōe-kó,ue7ko2,oe7ko2,ueko,oeko,uk,ok,True,False
畫筆,uē-pit,25,ōe-pit,ue7pit4,oe7pit4,uepit,oepit,up,op,True,False
畫線,uē-suànn,25,ōe-sòaⁿ,ue7suann3,oe7soann3,uesuann,oesoann,us,os,True,False
畫金,uē-kim,25,ōe-kim,ue7kim1,oe7kim1,uekim,oekim,uk,ok,True,False
疊色,thia̍p-sik,25,thia̍p-sek,thiap8sik4,thiap8sek4,thiapsik,thiapsek,ts,ts,True,False
白膠,pe̍h-ka,25,pe̍h-ka,peh8ka1,peh8ka1,pehka,pehka,pk,pk,True,False
白身,pe̍h-sin,25,pe̍h-sin,peh8sin1,peh8sin1,pehsin,pehsin,ps,ps,True,False
皮仔,phuê-á,25,phôe-á,phue5a2,phoe5a2,phuea,phoea,pa,pa,True,False
皮包,phuê-pau,25,phôe-pau,phue5pau1,phoe5pau1,phuepau,phoepau,pp,pp,True,False
皮花,phuê-hue,25,phôe-hoe,phue5hue1,phoe5hoe1,phuehue,phoehoe,ph,ph,True,False
直支,ti̍t-ki,25,ti̍t-ki,tit8ki1,tit8ki1,titki,titki,tk,tk,True,False
石錘,tsio̍h-thuî,25,chio̍h-thûi,tsioh8thui5,chioh8thui5,tsiohthui,chiohthui,tt,ct,True,False
石鎖,tsio̍h-só,25,chio̍h-só,tsioh8so2,chioh8so2,tsiohso,chiohso,ts,cs,True,False
石鼓,tsio̍h-kóo,25,chio̍h-kó͘,tsioh8koo2,chioh8koo2,tsiohkoo,chiohkoo,tk,ck,True,False
砂碖,sua-lún,25,soa-lún,sua1lun2,soa1lun2,sualun,soalun,sl,sl,True,True
砂紙,sua-tsuá,25,soa-chóa,sua1tsua2,soa1choa2,suatsua,soachoa,st,sc,True,True
硩ㄧ,teh-it,25,teh-it,teh4it4,teh4it4,tehit,tehit,ti,ti,True,False
硩三,teh-sann,25,teh-saⁿ,teh4sann1,teh4sann1,tehsann,tehsann,ts,ts,True,False
硩二,teh-jī,25,teh-jī,teh4ji7,teh4ji7,tehji,tehji,tj,tj,True,False
硬斜,ngē-tshiâ,25,ngē-chhiâ,nge7tshia5,nge7chhia5,ngetshia,ngechhia,nt,nc,True,False
磅仔,pōng-á,25,pōng-á,pong7a2,pong7a2,ponga,ponga,pa,pa,True,False
磅戕,pōng-tshiâng,25,pōng-chhiâng,pong7tshiang5,pong7chhiang5,pongtshiang,pongchhiang,pt,pc,True,False
磨台,buâ-tâi,25,bôa-tâi,bua5tai5,boa5tai5,buatai,boatai,bt,bt,True,False
磨坩,buâ-khann,25,bôa-khaⁿ,bua5khann1,boa5khann1,buakhann,boakhann,bk,bk,True,False
神椅,sîn-í,25,sîn-í,sin5i2,sin5i2,sini,sini,si,si,True,False
穗花,sūi-hue,25,sūi-hoe,sui7hue1,sui7hoe1,suihue,suihoe,sh,sh,True,False
空透,khang-thàu,25,khang-thàu,khang1thau3,khang1thau3,khangthau,khangthau,kt,kt,True,False
窯釘,iô-ting,25,iô-teng,io5ting1,io5teng1,ioting,ioteng,it,it,True,False
立板,li̍p-pán,25,li̍p-pán,lip8pan2,lip8pan2,lippan,lippan,lp,lp,True,False
立體,li̍p-thé,25,li̍p-thé,lip8the2,lip8the2,lipthe,lipthe,lt,lt,True,False
童子,tông-tsú,25,tông-chú,tong5tsu2,tong5chu2,tongtsu,tongchu,tt,tc,True,False
竹尺,tik-tshioh,25,tek-chhioh,tik4tshioh4,tek4chhioh4,tiktshioh,tekchhioh,tt,tc,True,False
竹扇,tik-sìnn,25,tek-sìⁿ,tik4sinn3,tek4sinn3,tiksinn,teksinn,ts,ts,True,False
竹根,tik-kin,25,tek-kin,tik4kin1,tek4kin1,tikkin,tekkin,tk,tk,True,False
竹桮,tik-pue,25,tek-poe,tik4pue1,tek4poe1,tikpue,tekpoe,tp,tp,True,False
竹梳,tik-se,25,tek-se,tik4se1,tek4se1,tikse,tekse,ts,ts,True,False
竹籠,tik-láng,25,tek-láng,tik4lang2,tek4lang2,tiklang,teklang,tl,tl,True,False
竹編,tik-pinn,25,tek-piⁿ,tik4pinn1,tek4pinn1,tikpinn,tekpinn,tp,tp,True,False
竹胎,tik-thai,25,tek-thai,tik4thai1,tek4thai1,tikthai,tekthai,tt,tt,True,False
竹雕,tik-tiau,25,tek-tiau,tik4tiau1,tek4tiau1,tiktiau,tektiau,tt,tt,True,False
笑鳳,tshiò-hōng,25,chhiò-hōng,tshio3hong7,chhio3hong7,tshiohong,chhiohong,th,ch,True,False
筅仔,tshíng-á,25,chhéng-á,tshing2a2,chheng2a2,tshinga,chhenga,ta,ca,True,False
筆刀,pit-to,25,pit-to,pit4to1,pit4to1,pitto,pitto,pt,pt,True,False
筆插,pit-tshah,25,pit-chhah,pit4tshah4,pit4chhah4,pittshah,pitchhah,pt,pc,True,False
筆架,pit-kè,25,pit-kè,pit4ke3,pit4ke3,pitke,pitke,pk,pk,True,False
筆桶,pit-tháng,25,pit-tháng,pit4thang2,pit4thang2,pitthang,pitthang,pt,pt,True,False
筆筒,pit-tâng,25,pit-tâng,pit4tang5,pit4tang5,pittang,pittang,pt,pt,True,True
管頭,kóng-thâu,25,kóng-thâu,kong2thau5,kong2thau5,kongthau,kongthau,kt,kt,True,False
箸籠,tī-lāng,25,tī-lāng,ti7lang7,ti7lang7,tilang,tilang,tl,tl,True,False
簽仔,tshiam-á,25,chhiam-á,tshiam1a2,chhiam1a2,tshiama,chhiama,ta,ca,True,False
籤筒,tshiam-tâng,25,chhiam-tâng,tshiam1tang5,chhiam1tang5,tshiamtang,chhiamtang,tt,ct,True,True
米紙,bí-tsuá,25,bí-chóa,bi2tsua2,bi2choa2,bitsua,bichoa,bt,bc,True,False
粉筒,hún-tâng,25,hún-tâng,hun2tang5,hun2tang5,huntang,huntang,ht,ht,True,True
粉面,hún-bīn,25,hún-bīn,hun2bin7,hun2bin7,hunbin,hunbin,hb,hb,True,False
粗剾,tshoo-khau,25,chho͘-khau,tshoo1khau1,chhoo1khau1,tshookhau,chhookhau,tk,ck,True,False
粗胚,tshoo-phue,25,chho͘-phoe,tshoo1phue1,chhoo1phoe1,tshoophue,chhoophoe,tp,cp,True,True
粗針,tshoo-tsiam,25,chho͘-chiam,tshoo1tsiam1,chhoo1chiam1,tshootsiam,chhoochiam,tt,cc,True,False
粟耙,tshik-pê,25,chhek-pê,tshik4pe5,chhek4pe5,tshikpe,chhekpe,tp,cp,True,False
粿印,kué-ìn,25,kóe-ìn,kue2in3,koe2in3,kuein,koein,ki,ki,True,False
紅花,âng-hue,25,âng-hoe,ang5hue1,ang5hoe1,anghue,anghoe,ah,ah,True,False
紙喙,tsuá-tshuì,25,chóa-chhùi,tsua2tshui3,choa2chhui3,tsuatshui,choachhui,tt,cc,True,False
紙尺,tsuá-tshioh,25,chóa-chhioh,tsua2tshioh4,choa2chhioh4,tsuatshioh,choachhioh,tt,cc,True,False
紙枋,tsuá-pang,25,chóa-pang,tsua2pang1,choa2pang1,tsuapang,choapang,tp,cp,True,False
素坯,sòo-phue,25,sò͘-phoe,soo3phue1,soo3phoe1,soophue,soophoe,sp,sp,True,False
紩線,thīnn-suànn,25,thīⁿ-sòaⁿ,thinn7suann3,thinn7soann3,thinnsuann,thinnsoann,ts,ts,True,False
紩蒼,thīnn-tshong,25,thīⁿ-chhong,thinn7tshong1,thinn7chhong1,thinntshong,thinnchhong,tt,tc,True,False
絞車,ká-tshia,25,ká-chhia,ka2tshia1,ka2chhia1,katshia,kachhia,kt,kc,True,False
絳衣,kàng-i,25,kàng-i,kang3i1,kang3i1,kangi,kangi,ki,ki,True,False
線屎,suànn-sái,25,sòaⁿ-sái,suann3sai2,soann3sai2,suannsai,soannsai,ss,ss,True,False
線板,suànn-pán,25,sòaⁿ-pán,suann3pan2,soann3pan2,suannpan,soannpan,sp,sp,True,False
線眼,suànn-gán,25,sòaⁿ-gán,suann3gan2,soann3gan2,suanngan,soanngan,sg,sg,True,False
線車,suànn-tshia,25,sòaⁿ-chhia,suann3tshia1,soann3chhia1,suanntshia,soannchhia,st,sc,True,False
線鋸,suànn-kù,25,sòaⁿ-kù,suann3ku3,soann3ku3,suannku,soannku,sk,sk,True,False
緞仔,tuān-á,25,toān-á,tuan7a2,toan7a2,tuana,toana,ta,ta,True,False
繡剪,siù-tsián,25,siù-chián,siu3tsian2,siu3chian2,siutsian,siuchian,st,sc,True,False
繡花,siù-hue,25,siù-hoe,siu3hue1,siu3hoe1,siuhue,siuhoe,sh,sh,True,False
繡規,siù-kui,25,siù-kui,siu3kui1,siu3kui1,siukui,siukui,sk,sk,True,False
羊皮,iûnn-phuê,25,iûⁿ-phôe,iunn5phue5,iunn5phoe5,iunnphue,iunnphoe,ip,ip,True,False
翡翠,huí-tshuì,25,húi-chhùi,hui2tshui3,hui2chhui3,huitshui,huichhui,ht,hc,True,False
老生,lāu-sing,25,lāu-seng,lau7sing1,lau7seng1,lausing,lauseng,ls,ls,True,False
耳鉤,hīnn-kau,25,hīⁿ-kau,hinn7kau1,hinn7kau1,hinnkau,hinnkau,hk,hk,True,False
肖楠,siau-lâm,25,siau-lâm,siau1lam5,siau1lam5,siaulam,siaulam,sl,sl,True,False
股線,kóo-suànn,25,kó͘-sòaⁿ,koo2suann3,koo2soann3,koosuann,koosoann,ks,ks,True,False
脫模,thuat-bôo,25,thoat-bô͘,thuat4boo5,thoat4boo5,thuatboo,thoatboo,tb,tb,True,False
腰帶,io-tuà,25,io-tòa,io1tua3,io1toa3,iotua,iotoa,it,it,True,False
腰裒,io-pôo,25,io-pô͘,io1poo5,io1poo5,iopoo,iopoo,ip,ip,True,False
膨剾,phòng-khau,25,phòng-khau,phong3khau1,phong3khau1,phongkhau,phongkhau,pk,pk,True,False
色漆,sik-tshat,25,sek-chhat,sik4tshat4,sek4chhat4,siktshat,sekchhat,st,sc,True,False
色粉,sik-hún,25,sek-hún,sik4hun2,sek4hun2,sikhun,sekhun,sh,sh,True,False
花心,hue-sim,25,hoe-sim,hue1sim1,hoe1sim1,huesim,hoesim,hs,hs,True,False
花板,hue-pán,25,hoe-pán,hue1pan2,hoe1pan2,huepan,hoepan,hp,hp,True,False
花鳥,hue-tsiáu,25,hoe-chiáu,hue1tsiau2,hoe1chiau2,huetsiau,hoechiau,ht,hc,True,False
荖安,láu-an,25,láu-an,lau2an1,lau2an1,lauan,lauan,la,la,True,True
菘藍,siông-nâ,25,siông-nâ,siong5na5,siong5na5,siongna,siongna,sn,sn,True,False
菜砧,tshài-tiam,25,chhài-tiam,tshai3tiam1,chhai3tiam1,tshaitiam,chhaitiam,tt,ct,True,False
蒼布,tshong-pòo,25,chhong-pò͘,tshong1poo3,chhong1poo3,tshongpoo,chhongpoo,tp,cp,True,False
蓮葉,liân-hio̍h,25,liân-hio̍h,lian5hioh8,lian5hioh8,lianhioh,lianhioh,lh,lh,True,False
蓮蓬,liân-phōng,25,liân-phōng,lian5phong7,lian5phong7,lianphong,lianphong,lp,lp,True,False
蓼藍,liau-nâ,25,liau-nâ,liau1na5,liau1na5,liauna,liauna,ln,ln,True,False
蔥線,tshong-suànn,25,chhong-sòaⁿ,tshong1suann3,chhong1soann3,tshongsuann,chhongsoann,ts,cs,True,False
藥鉸,io̍h-ka,25,io̍h-ka,ioh8ka1,ioh8ka1,iohka,iohka,ik,ik,True,False
藩尺,huan-tshioh,25,hoan-chhioh,huan1tshioh4,hoan1chhioh4,huantshioh,hoanchhioh,ht,hc,True,False
蘇式,soo-sik,25,so͘-sek,soo1sik4,soo1sek4,soosik,soosek,ss,ss,True,False
蘇木,soo-bo̍k,25,so͘-bo̍k,soo1bok8,soo1bok8,soobok,soobok,sb,sb,True,False
虎杖,hóo-tiōng,25,hó͘-tiōng,hoo2tiong7,hoo2tiong7,hootiong,hootiong,ht,ht,True,False
虹仔,khîng-á,25,khêng-á,khing5a2,kheng5a2,khinga,khenga,ka,ka,True,False
衣脊,i-tsit,25,i-chit,i1tsit4,i1chit4,itsit,ichit,it,ic,True,False
裁紙,tshâi-tsuá,25,chhâi-chóa,tshai5tsua2,chhai5choa2,tshaitsua,chhaichoa,tt,cc,True,False
補刀,póo-to,25,pó͘-to,poo2to1,poo2to1,pooto,pooto,pt,pt,True,False
補塗,póo-thôo,25,pó͘-thô͘,poo2thoo5,poo2thoo5,poothoo,poothoo,pt,pt,True,False
裝飾,tsong-sik,25,chong-sek,tsong1sik4,chong1sek4,tsongsik,chongsek,ts,cs,True,False
角坩,kak-khann,25,kak-khaⁿ,kak4khann1,kak4khann1,kakkhann,kakkhann,kk,kk,True,False
角尺,kak-tshioh,25,kak-chhioh,kak4tshioh4,kak4chhioh4,kaktshioh,kakchhioh,kt,kc,True,False
角環,kak-khuân,25,kak-khoân,kak4khuan5,kak4khoan5,kakkhuan,kakkhoan,kk,kk,True,False
角甪,kah-lut,25,kah-lut,kah4lut4,kah4lut4,kahlut,kahlut,kl,kl,True,False
調脊,tiâu-tsit,25,tiâu-chit,tiau5tsit4,tiau5chit4,tiautsit,tiauchit,tt,tc,True,False
豆器,tāu-khì,25,tāu-khì,tau7khi3,tau7khi3,taukhi,taukhi,tk,tk,True,False
豬槽,ti-tsô,25,ti-chô,ti1tso5,ti1cho5,titso,ticho,tt,tc,True,False
豬皮,ti-phuê,25,ti-phôe,ti1phue5,ti1phoe5,tiphue,tiphoe,tp,tp,True,False
走獸,tsáu-siù,25,cháu-siù,tsau2siu3,chau2siu3,tsausiu,chausiu,ts,cs,True,False
起針,khí-tsiam,25,khí-chiam,khi2tsiam1,khi2chiam1,khitsiam,khichiam,kt,kc,True,False
跋桮,pua̍h-pue,25,poa̍h-poe,puah8pue1,poah8poe1,puahpue,poahpoe,pp,pp,True,False
跤徛,kha-khiā,25,kha-khiā,kha1khia7,kha1khia7,khakhia,khakhia,kk,kk,True,False
跤裒,kha-pôo,25,kha-pô͘,kha1poo5,kha1poo5,khapoo,khapoo,kp,kp,True,False
跨台,khuà-tâi,25,khòa-tâi,khua3tai5,khoa3tai5,khuatai,khoatai,kt,kt,True,False
跳刀,thiàu-to,25,thiàu-to,thiau3to1,thiau3to1,thiauto,thiauto,tt,tt,True,False
跳空,thiàu-khang,25,thiàu-khang,thiau3khang1,thiau3khang1,thiaukhang,thiaukhang,tk,tk,True,False
跳紗,thiàu-se,25,thiàu-se,thiau3se1,thiau3se1,thiause,thiause,ts,ts,True,False
踅檯,se̍h-tâi,25,se̍h-tâi,seh8tai5,seh8tai5,sehtai,sehtai,st,st,True,False
車台,tshia-tâi,25,chhia-tâi,tshia1tai5,chhia1tai5,tshiatai,chhiatai,tt,ct,True,False
軟斜,nńg-tshiâ,25,nńg-chhiâ,nng2tshia5,nng2chhia5,nngtshia,nngchhia,nt,nc,True,False
軟身,nńg-sin,25,nńg-sin,nng2sin1,nng2sin1,nngsin,nngsin,ns,ns,True,False
軟鉛,nńg-iân,25,nńg-iân,nng2ian5,nng2ian5,nngian,nngian,ni,ni,True,False
轆斗,lo̍k-táu,25,lo̍k-táu,lok8tau2,lok8tau2,loktau,loktau,lt,lt,True,True
轆空,lak-khang,25,lak-khang,lak4khang1,lak4khang1,lakkhang,lakkhang,lk,lk,True,False
轆管,lak-kóng,25,lak-kóng,lak4kong2,lak4kong2,lakkong,lakkong,lk,lk,True,False
轎堵,kiō-tóo,25,kiō-tó͘,kio7too2,kio7too2,kiotoo,kiotoo,kt,kt,True,False
轎底,kiō-té,25,kiō-té,kio7te2,kio7te2,kiote,kiote,kt,kt,True,False
透弄,thàu-lāng,25,thàu-lāng,thau3lang7,thau3lang7,thaulang,thaulang,tl,tl,True,False
逝板,tsuā-pán,25,chōa-pán,tsua7pan2,choa7pan2,tsuapan,choapan,tp,cp,True,False
過轎,kuè-kiō,25,kòe-kiō,kue3kio7,koe3kio7,kuekio,koekio,kk,kk,True,False
醃缸,am-kng,25,am-kng,am1kng1,am1kng1,amkng,amkng,ak,ak,True,False
野桐,iá-tông,25,iá-tông,ia2tong5,ia2tong5,iatong,iatong,it,it,True,False
量尺,niû-tshioh,25,niû-chhioh,niu5tshioh4,niu5chhioh4,niutshioh,niuchhioh,nt,nc,True,False
針空,tsiam-khang,25,chiam-khang,tsiam1khang1,chiam1khang1,tsiamkhang,chiamkhang,tk,ck,True,False
針跤,tsiam-kha,25,chiam-kha,tsiam1kha1,chiam1kha1,tsiamkha,chiamkha,tk,ck,True,False
鉛模,iân-bôo,25,iân-bô͘,ian5boo5,ian5boo5,ianboo,ianboo,ib,ib,True,False
鉛筆,iân-pit,25,iân-pit,ian5pit4,ian5pit4,ianpit,ianpit,ip,ip,True,False
鉸紙,ka-tsuá,25,ka-chóa,ka1tsua2,ka1choa2,katsua,kachoa,kt,kc,True,False
銅管,tâng-kóng,25,tâng-kóng,tang5kong2,tang5kong2,tangkong,tangkong,tk,tk,True,False
銅針,tâng-tsiam,25,tâng-chiam,tang5tsiam1,tang5chiam1,tangtsiam,tangchiam,tt,tc,True,False
鋪面,phoo-bīn,25,pho͘-bīn,phoo1bin7,phoo1bin7,phoobin,phoobin,pb,pb,True,False
鋸弓,kì-king,25,kì-keng,ki3king1,ki3keng1,kiking,kikeng,kk,kk,True,False
鋸片,kì-phìnn,25,kì-phìⁿ,ki3phinn3,ki3phinn3,kiphinn,kiphinn,kp,kp,True,False
鋼刀,kǹg-to,25,kǹg-to,kng3to1,kng3to1,kngto,kngto,kt,kt,True,False
鋼板,kǹg-pán,25,kǹg-pán,kng3pan2,kng3pan2,kngpan,kngpan,kp,kp,True,False
錢櫃,tsînn-kuī,25,chîⁿ-kūi,tsinn5kui7,chinn5kui7,tsinnkui,chinnkui,tk,ck,True,False
錦甲,gím-kah,25,gím-kah,gim2kah4,gim2kah4,gimkah,gimkah,gk,gk,True,False
錦花,gím-hue,25,gím-hoe,gim2hue1,gim2hoe1,gimhue,gimhoe,gh,gh,True,False
鎖頭,só-thâu,25,só-thâu,so2thau5,so2thau5,sothau,sothau,st,st,True,False
鎮針,tìn-tsiam,25,tìn-chiam,tin3tsiam1,tin3chiam1,tintsiam,tinchiam,tt,tc,True,False
鏡仔,kiànn-á,25,kiàⁿ-á,kiann3a2,kiann3a2,kianna,kianna,ka,ka,True,False
鏡套,kiànn-thò,25,kiàⁿ-thò,kiann3tho3,kiann3tho3,kianntho,kianntho,kt,kt,True,False
鏨仔,tsām-á,25,chām-á,tsam7a2,cham7a2,tsama,chama,ta,ca,True,False
鐵槽,thih-tsô,25,thih-chô,thih4tso5,thih4cho5,thihtso,thihcho,tt,tc,True,False
鐵砧,thih-tiam,25,thih-tiam,thih4tiam1,thih4tiam1,thihtiam,thihtiam,tt,tt,True,False
鐵筆,thih-pit,25,thih-pit,thih4pit4,thih4pit4,thihpit,thihpit,tp,tp,True,False
鑢仔,lē-á,25,lē-á,le7a2,le7a2,lea,lea,la,la,True,False
鑽仔,tsǹg-á,25,chǹg-á,tsng3a2,chng3a2,tsnga,chnga,ta,ca,True,False
鑽尾,tsńg-bué,25,chńg-bóe,tsng2bue2,chng2boe2,tsngbue,chngboe,tb,cb,True,False
鑿仔,tsha̍k-á,25,chha̍k-á,tshak8a2,chhak8a2,tshaka,chhaka,ta,ca,True,False
鑿空,tsha̍k-khang,25,chha̍k-khang,tshak8khang1,chhak8khang1,tshakkhang,chhakkhang,tk,ck,True,False
門眉,mn̂g-bâi,25,mn̂g-bâi,mng5bai5,mng5bai5,mngbai,mngbai,mb,mb,True,False
門簾,mn̂g-liâm,25,mn̂g-liâm,mng5liam5,mng5liam5,mngliam,mngliam,ml,ml,True,False
開板,khui-pán,25,khui-pán,khui1pan2,khui1pan2,khuipan,khuipan,kp,kp,True,False
開繩,khui-tsìn,25,khui-chìn,khui1tsin3,khui1chin3,khuitsin,khuichin,kt,kc,True,False
開面,khui-bīn,25,khui-bīn,khui1bin7,khui1bin7,khuibin,khuibin,kb,kb,True,False
隔金,keh-kim,25,keh-kim,keh4kim1,keh4kim1,kehkim,kehkim,kk,kk,True,False
隔間,keh-king,25,keh-keng,keh4king1,keh4keng1,kehking,kehkeng,kk,kk,True,False
雲彩,hûn-tshái,25,hûn-chhái,hun5tshai2,hun5chhai2,huntshai,hunchhai,ht,hc,True,False
雲染,hûn-ní,25,hûn-ní,hun5ni2,hun5ni2,hunni,hunni,hn,hn,True,False
電窯,tiān-iô,25,tiān-iô,tian7io5,tian7io5,tianio,tianio,ti,ti,True,False
電鑽,tiān-tsńg,25,tiān-chńg,tian7tsng2,tian7chng2,tiantsng,tianchng,tt,tc,True,False
電鑽,tiān-tsǹg,25,tiān-chǹg,tian7tsng3,tian7chng3,tiantsng,tianchng,tt,tc,True,False
面金,bīn-kim,25,bīn-kim,bin7kim1,bin7kim1,binkim,binkim,bk,bk,True,False
靴管,hia-kóng,25,hia-kóng,hia1kong2,hia1kong2,hiakong,hiakong,hk,hk,True,False
頭手,thâu-tshiú,25,thâu-chhiú,thau5tshiu2,thau5chhiu2,thautshiu,thauchhiu,tt,tc,True,False
風琴,hong-khîm,25,hong-khîm,hong1khim5,hong1khim5,hongkhim,hongkhim,hk,hk,True,False
風車,hong-tshia,25,hong-chhia,hong1tshia1,hong1chhia1,hongtshia,hongchhia,ht,hc,True,False
風鼓,hong-kóo,25,hong-kó͘,hong1koo2,hong1koo2,hongkoo,hongkoo,hk,hk,True,False
食漿,tsia̍h-tsiunn,25,chia̍h-chiuⁿ,tsiah8tsiunn1,chiah8chiunn1,tsiahtsiunn,chiahchiunn,tt,cc,True,False
食色,tsia̍h-sik,25,chia̍h-sek,tsiah8sik4,chiah8sek4,tsiahsik,chiahsek,ts,cs,True,False
飯坩,pn̄g-khann,25,pn̄g-khaⁿ,png7khann1,png7khann1,pngkhann,pngkhann,pk,pk,True,False
飯擔,pn̄g-tann,25,pn̄g-taⁿ,png7tann1,png7tann1,pngtann,pngtann,pt,pt,True,False
餅模,piánn-bôo,25,piáⁿ-bô͘,piann2boo5,piann2boo5,piannboo,piannboo,pb,pb,True,False
香爐,hiunn-lôo,25,hiuⁿ-lô͘,hiunn1loo5,hiunn1loo5,hiunnloo,hiunnloo,hl,hl,True,False
香筒,hiunn-tâng,25,hiuⁿ-tâng,hiunn1tang5,hiunn1tang5,hiunntang,hiunntang,ht,ht,True,True
馬椅,bé-í,25,bé-í,be2i2,be2i2,bei,bei,bi,bi,True,False
鬚仔,tshiu-á,25,chhiu-á,tshiu1a2,chhiu1a2,tshiua,chhiua,ta,ca,True,False
鳳眼,hōng-gán,25,hōng-gán,hong7gan2,hong7gan2,honggan,honggan,hg,hg,True,False
黜底,thuh-té,25,thuh-té,thuh4te2,thuh4te2,thuhte,thuhte,tt,tt,True,False
鼓椅,kóo-í,25,kó͘-í,koo2i2,koo2i2,kooi,kooi,ki,ki,True,False
鼓槌,kóo-thuî,25,kó͘-thûi,koo2thui5,koo2thui5,koothui,koothui,kt,kt,True,False
鼓燈,kóo-ting,25,kó͘-teng,koo2ting1,koo2teng1,kooting,kooteng,kt,kt,True,False
齒戳,khí-thok,25,khí-thok,khi2thok4,khi2thok4,khithok,khithok,kt,kt,True,False
龍旗,lîng-kî,25,lêng-kî,ling5ki5,leng5ki5,lingki,lengki,lk,lk,True,False
龍柱,lîng-thiāu,25,lêng-thiāu,ling5thiau7,leng5thiau7,lingthiau,lengthiau,lt,lt,True,False
龍珠,liông-tsu,25,liông-chu,liong5tsu1,liong5chu1,liongtsu,liongchu,lt,lc,True,False
龍罐,liông-kuàn,25,liông-koàn,liong5kuan3,liong5koan3,liongkuan,liongkoan,lk,lk,True,False
龍罐,lîng-kuàn,25,lêng-koàn,ling5kuan3,leng5koan3,lingkuan,lengkoan,lk,lk,True,False
龍袍,liông-phâu,25,liông-phâu,liong5phau5,liong5phau5,liongphau,liongphau,lp,lp,True,False
龍鱗,lîng-lân,25,lêng-lân,ling5lan5,leng5lan5,linglan,lenglan,ll,ll,True,False
龜骿,ku-phiann,25,ku-phiaⁿ,ku1phiann1,ku1phiann1,kuphiann,kuphiann,kp,kp,True,False
𣛮籃,siā-nâ,25,siā-nâ,sia7na5,sia7na5,siana,siana,sn,sn,True,False
𥰔仔,phín-á,25,phín-á,phin2a2,phin2a2,phina,phina,pa,pa,True,False
buân白胚,buân-pe̍h-phue,16,boân-pe̍h-phoe,buan5peh8phue1,boan5peh8phoe1,buanpehphue,boanpehphoe,bpp,bpp,True,False
gá-suh窯,gá-suh-iô,16,gá-suh-iô,ga2suh4io5,ga2suh4io5,gasuhio,gasuhio,gsi,gsi,True,False
hì-tah線,hì-tah-suànn,16,hì-tah-sòaⁿ,hi3tah4suann3,hi3tah4soann3,hitahsuann,hitahsoann,hts,hts,True,False
,mi-ni-khih,16,mi-ni-khih,mi1ni1khih4,mi1ni1khih4,minikhih,minikhih,mnk,mnk,True,False
,the̍h-hó-sì,16,the̍h-hó-sì,theh8ho2si3,theh8ho2si3,thehhosi,thehhosi,ths,ths,True,False
七里香,tshit-lí-hiong,16,chhit-lí-hiong,tshit4li2hiong1,chhit4li2hiong1,tshitlihiong,chhitlihiong,tlh,clh,True,False
三分目,sann-hun-ba̍k,16,saⁿ-hun-ba̍k,sann1hun1bak8,sann1hun1bak8,sannhunbak,sannhunbak,shb,shb,True,False
三分眼,sann-hun-gán,16,saⁿ-hun-gán,sann1hun1gan2,sann1hun1gan2,sannhungan,sannhungan,shg,shg,True,False
三角鱗,sann-kak-lân,16,saⁿ-kak-lân,sann1kak4lan5,sann1kak4lan5,sannkaklan,sannkaklan,skl,skl,True,False
三輪車,sann-lián-tshia,16,saⁿ-lián-chhia,sann1lian2tshia1,sann1lian2chhia1,sannliantshia,sannlianchhia,slt,slc,True,False
三轉型,sam-tsuān-hîng,16,sam-choān-hêng,sam1tsuan7hing5,sam1choan7heng5,samtsuanhing,samchoanheng,sth,sch,True,False
丹迪紙,tan-tik-tsuá,16,tan-tek-chóa,tan1tik4tsua2,tan1tek4choa2,tantiktsua,tantekchoa,ttt,ttc,True,False
九芎仔,kiú-kiong-á,16,kiú-kiong-á,kiu2kiong1a2,kiu2kiong1a2,kiukionga,kiukionga,kka,kka,True,False
乾漆粉,kan-tshat-hún,16,kan-chhat-hún,kan1tshat4hun2,kan1chhat4hun2,kantshathun,kanchhathun,kth,kch,True,True
二層座,jī-tsàn-tsō,16,jī-chàn-chō,ji7tsan3tso7,ji7chan3cho7,jitsantso,jichancho,jtt,jcc,True,False
二次胚,jī-tshù-phue,16,jī-chhù-phoe,ji7tshu3phue1,ji7chhu3phoe1,jitshuphue,jichhuphoe,jtp,jcp,True,True
五倍子,ngóo-puē-tsí,16,ngó͘-pōe-chí,ngoo2pue7tsi2,ngoo2poe7chi2,ngoopuetsi,ngoopoechi,npt,npc,True,False
五福花,ngóo-hok-hue,16,ngó͘-hok-hoe,ngoo2hok4hue1,ngoo2hok4hoe1,ngoohokhue,ngoohokhoe,nhh,nhh,True,False
交趾釉,kau-tsí-iu,16,kau-chí-iu,kau1tsi2iu1,kau1chi2iu1,kautsiiu,kauchiiu,kti,kci,True,True
亭仔景,tîng-á-kíng,16,têng-á-kéng,ting5a2king2,teng5a2keng2,tingaking,tengakeng,tak,tak,True,False
人物堵,jîn-bu̍t-tóo,16,jîn-bu̍t-tó͘,jin5but8too2,jin5but8too2,jinbuttoo,jinbuttoo,jbt,jbt,True,False
人物旗,jîn-bu̍t-kî,16,jîn-bu̍t-kî,jin5but8ki5,jin5but8ki5,jinbutki,jinbutki,jbk,jbk,True,False
人面竹,lâng-bīn-tik,16,lâng-bīn-tek,lang5bin7tik4,lang5bin7tek4,langbintik,langbintek,lbt,lbt,True,False
保溫棉,pó-un-mî,16,pó-un-mî,po2un1mi5,po2un1mi5,pounmi,pounmi,pum,pum,True,False
保溫磚,pó-un-tsng,16,pó-un-chng,po2un1tsng1,po2un1chng1,pountsng,pounchng,put,puc,True,False
倒吊獅,tò-tiàu-sai,16,tò-tiàu-sai,to3tiau3sai1,to3tiau3sai1,totiausai,totiausai,tts,tts,True,True
倒角仔,tò-kak-á,16,tò-kak-á,to3kak4a2,to3kak4a2,tokaka,tokaka,tka,tka,True,False
備零件,pī-lîng-kiānn,16,pī-lêng-kiāⁿ,pi7ling5kiann7,pi7leng5kiann7,pilingkiann,pilengkiann,plk,plk,True,False
八仙綵,pat-sian-tshái,16,pat-sian-chhái,pat4sian1tshai2,pat4sian1chhai2,patsiantshai,patsianchhai,pst,psc,True,False
八卦窗,pat-kuà-thang,16,pat-kòa-thang,pat4kua3thang1,pat4koa3thang1,patkuathang,patkoathang,pkt,pkt,True,False
八字彈,peh-jī-tân,16,peh-jī-tân,peh4ji7tan5,peh4ji7tan5,pehjitan,pehjitan,pjt,pjt,True,False
八獅座,pat-sai-tsō,16,pat-sai-chō,pat4sai1tso7,pat4sai1cho7,patsaitso,patsaicho,pst,psc,True,False
公婆椅,kong-pô-í,16,kong-pô-í,kong1po5i2,kong1po5i2,kongpoi,kongpoi,kpi,kpi,True,False
公母榫,kang-bú-sún,16,kang-bú-sún,kang1bu2sun2,kang1bu2sun2,kangbusun,kangbusun,kbs,kbs,True,False
切割墊,tshiat-kuah-tiām,16,chhiat-koah-tiām,tshiat4kuah4tiam7,chhiat4koah4tiam7,tshiatkuahtiam,chhiatkoahtiam,tkt,ckt,True,False
切管頭,tshiat-kóng-thâu,16,chhiat-kóng-thâu,tshiat4kong2thau5,chhiat4kong2thau5,tshiatkongthau,chhiatkongthau,tkt,ckt,True,False
切紙枋,tshiat-tsuá-pang,16,chhiat-chóa-pang,tshiat4tsua2pang1,chhiat4choa2pang1,tshiattsuapang,chhiatchoapang,ttp,ccp,True,False
利利安,li-li-an,16,li-li-an,li1li1an1,li1li1an1,lilian,lilian,lla,lla,True,False
割紙刀,kuah-tsuá-to,16,koah-chóa-to,kuah4tsua2to1,koah4choa2to1,kuahtsuato,koahchoato,ktt,kct,True,False
包喙口,pau-tshuì-kháu,16,pau-chhùi-kháu,pau1tshui3khau2,pau1chhui3khau2,pautshuikhau,pauchhuikhau,ptk,pck,True,False
包蒼布,pau-tshong-pòo,16,pau-chhong-pò͘,pau1tshong1poo3,pau1chhong1poo3,pautshongpoo,pauchhongpoo,ptp,pcp,True,False
包頭巾,pau-thâu-kin,16,pau-thâu-kin,pau1thau5kin1,pau1thau5kin1,pauthaukin,pauthaukin,ptk,ptk,True,False
半堆剪,puànn-tui-tsián,16,pòaⁿ-tui-chián,puann3tui1tsian2,poann3tui1chian2,puanntuitsian,poanntuichian,ptt,ptc,True,False
半浮堵,puànn-phû-tóo,16,pòaⁿ-phû-tó͘,puann3phu5too2,poann3phu5too2,puannphutoo,poannphutoo,ppt,ppt,True,False
半金彩,puànn-kim-tshái,16,pòaⁿ-kim-chhái,puann3kim1tshai2,poann3kim1chhai2,puannkimtshai,poannkimchhai,pkt,pkc,True,False
厚殼仔,kāu-khak-á,16,kāu-khak-á,kau7khak4a2,kau7khak4a2,kaukhaka,kaukhaka,kka,kka,True,False
反手體,huán-tshiú-thé,16,hoán-chhiú-thé,huan2tshiu2the2,hoan2chhiu2the2,huantshiuthe,hoanchhiuthe,htt,hct,True,False
古錢甲,kóo-tsînn-kah,16,kó͘-chîⁿ-kah,koo2tsinn5kah4,koo2chinn5kah4,kootsinnkah,koochinnkah,ktk,kck,True,False
古體鱗,kóo-thé-lân,16,kó͘-thé-lân,koo2the2lan5,koo2the2lan5,koothelan,koothelan,ktl,ktl,True,False
和尚頭,huê-siūnn-thâu,16,hôe-siūⁿ-thâu,hue5siunn7thau5,hoe5siunn7thau5,huesiunnthau,hoesiunnthau,hst,hst,True,False
咸豐草,hâm-hong-tsháu,16,hâm-hong-chháu,ham5hong1tshau2,ham5hong1chhau2,hamhongtshau,hamhongchhau,hht,hhc,True,False
四方竹,sù-hong-tik,16,sù-hong-tek,su3hong1tik4,su3hong1tek4,suhongtik,suhongtek,sht,sht,True,True
四點金,sì-tiám-kim,16,sì-tiám-kim,si3tiam2kim1,si3tiam2kim1,sitiamkim,sitiamkim,stk,stk,True,False
圓仔花,înn-á-hue,16,îⁿ-á-hoe,inn5a2hue1,inn5a2hoe1,innahue,innahoe,iah,iah,True,False
圓鑿仔,înn-tsha̍k-á,16,îⁿ-chha̍k-á,inn5tshak8a2,inn5chhak8a2,inntshaka,innchhaka,ita,ica,True,False
圓黜仔,înn-thuh-á,16,îⁿ-thuh-á,inn5thuh4a2,inn5thuh4a2,innthuha,innthuha,ita,ita,True,False
坐禪椅,tsē-siâm-í,16,chē-siâm-í,tse7siam5i2,che7siam5i2,tsesiami,chesiami,tsi,csi,True,False
塑膠枋,sok-ka-pang,16,sok-ka-pang,sok4ka1pang1,sok4ka1pang1,sokkapang,sokkapang,skp,skp,True,False
塑膠𧉟,sok-ka-tâi,16,sok-ka-tâi,sok4ka1tai5,sok4ka1tai5,sokkatai,sokkatai,skt,skt,True,False
塔簽仔,thah-tshiam-á,16,thah-chhiam-á,thah4tshiam1a2,thah4chhiam1a2,thahtshiama,thahchhiama,tta,tca,True,False
塗剾仔,thôo-khau-á,16,thô͘-khau-á,thoo5khau1a2,thoo5khau1a2,thookhaua,thookhaua,tka,tka,True,False
塗抓仔,thôo-jiàu-á,16,thô͘-jiàu-á,thoo5jiau3a2,thoo5jiau3a2,thoojiaua,thoojiaua,tja,tja,True,False
塭仔砧,un-á-tiam,16,un-á-tiam,un1a2tiam1,un1a2tiam1,unatiam,unatiam,uat,uat,True,False
墜仔模,tuī-á-bôo,16,tūi-á-bô͘,tui7a2boo5,tui7a2boo5,tuiaboo,tuiaboo,tab,tab,True,False
壓枋染,ah-pang-ní,16,ah-pang-ní,ah4pang1ni2,ah4pang1ni2,ahpangni,ahpangni,apn,apn,True,False
壓頭仔,ah-thâu-á,16,ah-thâu-á,ah4thau5a2,ah4thau5a2,ahthaua,ahthaua,ata,ata,True,False
大木作,tuā-ba̍k-tsok,16,tōa-ba̍k-chok,tua7bak8tsok4,toa7bak8chok4,tuabaktsok,toabakchok,tbt,tbc,True,False
大白釉,tuā-pe̍h-iu,16,tōa-pe̍h-iu,tua7peh8iu1,toa7peh8iu1,tuapehiu,toapehiu,tpi,tpi,True,False
大菁粉,tuā-tshinn-hún,16,tōa-chhiⁿ-hún,tua7tshinn1hun2,toa7chhinn1hun2,tuatshinnhun,toachhinnhun,tth,tch,True,False
太魯刀,thài-lù-to,16,thài-lù-to,thai3lu3to1,thai3lu3to1,thailuto,thailuto,tlt,tlt,True,False
如意手,jû-ì-tshiú,16,jû-ì-chhiú,ju5i3tshiu2,ju5i3chhiu2,juitshiu,juichhiu,jit,jic,True,False
如意花,jû-ì-hue,16,jû-ì-hoe,ju5i3hue1,ju5i3hoe1,juihue,juihoe,jih,jih,True,False
娘絲布,niû-si-pòo,16,niû-si-pò͘,niu5si1poo3,niu5si1poo3,niusipoo,niusipoo,nsp,nsp,True,False
安金漆,an-kim-tshat,16,an-kim-chhat,an1kim1tshat4,an1kim1chhat4,ankimtshat,ankimchhat,akt,akc,True,False
實腹管,tsa̍t-pak-kóng,16,cha̍t-pak-kóng,tsat8pak4kong2,chat8pak4kong2,tsatpakkong,chatpakkong,tpk,cpk,True,False
寶石碭,pó-tsio̍h-thn̄g,16,pó-chio̍h-thn̄g,po2tsioh8thng7,po2chioh8thng7,potsiohthng,pochiohthng,ptt,pct,True,False
小冊櫃,sió-tsheh-kuì,16,sió-chheh-kùi,sio2tsheh4kui3,sio2chheh4kui3,siotshehkui,siochhehkui,stk,sck,True,False
小葉桑,sió-hio̍h-song,16,sió-hio̍h-song,sio2hioh8song1,sio2hioh8song1,siohiohsong,siohiohsong,shs,shs,True,False
尤加利,iu-kha-lih,16,iu-kha-lih,iu1kha1lih4,iu1kha1lih4,iukhalih,iukhalih,ikl,ikl,True,True
尪仔頭,ang-á-thâu,16,ang-á-thâu,ang1a2thau5,ang1a2thau5,angathau,angathau,aat,aat,True,False
山棧花,suann-tsàn-hue,16,soaⁿ-chàn-hoe,suann1tsan3hue1,soann1chan3hoe1,suanntsanhue,soannchanhoe,sth,sch,True,False
山石仔,suann-tsio̍h-á,16,soaⁿ-chio̍h-á,suann1tsioh8a2,soann1chioh8a2,suanntsioha,soannchioha,sta,sca,True,False
工作台,kang-tsok-tâi,16,kang-chok-tâi,kang1tsok4tai5,kang1chok4tai5,kangtsoktai,kangchoktai,ktt,kct,True,False
工作椅,kang-tsok-í,16,kang-chok-í,kang1tsok4i2,kang1chok4i2,kangtsoki,kangchoki,kti,kci,True,False
布輪機,pòo-lûn-ki,16,pò͘-lûn-ki,poo3lun5ki1,poo3lun5ki1,poolunki,poolunki,plk,plk,True,False
平剾仔,phînn-khau-á,16,phîⁿ-khau-á,phinn5khau1a2,phinn5khau1a2,phinnkhaua,phinnkhaua,pka,pka,True,False
平剾仔,pêng-khau-á,16,pêng-khau-á,peng5khau1a2,peng5khau1a2,pengkhaua,pengkhaua,pka,pka,True,False
平鑿仔,phînn-tsha̍k-á,16,phîⁿ-chha̍k-á,phinn5tshak8a2,phinn5chhak8a2,phinntshaka,phinnchhaka,pta,pca,True,False
幼工棒,iù-kang-pāng,16,iù-kang-pāng,iu3kang1pang7,iu3kang1pang7,iukangpang,iukangpang,ikp,ikp,True,False
廟尪仔,biō-ang-á,16,biō-ang-á,bio7ang1a2,bio7ang1a2,bioanga,bioanga,baa,baa,True,False
弓中錘,king-tiong-tshuê,16,keng-tiong-chhôe,king1tiong1tshue5,keng1tiong1chhoe5,kingtiongtshue,kengtiongchhoe,ktt,ktc,True,False
彎仔鋸,uan-á-kì,16,oan-á-kì,uan1a2ki3,oan1a2ki3,uanaki,oanaki,uak,oak,True,False
戮空的,lak-khang-ê,16,lak-khang-ê,lak4khang1e5,lak4khang1e5,lakkhange,lakkhange,lke,lke,True,False
扁鋏仔,pínn-giap-á,16,píⁿ-giap-á,pinn2giap4a2,pinn2giap4a2,pinngiapa,pinngiapa,pga,pga,True,False
手指圍,tshiú-tsí-uî,16,chhiú-chí-ûi,tshiu2tsi2ui5,chhiu2chi2ui5,tshiutsiui,chhiuchiui,ttu,ccu,True,True
手指條,tshiú-tsí-tiâu,16,chhiú-chí-tiâu,tshiu2tsi2tiau5,chhiu2chi2tiau5,tshiutsitiau,chhiuchitiau,ttt,cct,True,True
手指通,tshiú-tsí-thong,16,chhiú-chí-thong,tshiu2tsi2thong1,chhiu2chi2thong1,tshiutsithong,chhiuchithong,ttt,cct,True,True
手搖鈴,tshiú-iô-lîng,16,chhiú-iô-lêng,tshiu2io5ling5,chhiu2io5leng5,tshiuioling,chhiuioleng,til,cil,True,False
手環箸,tshiú-khuân-tī,16,chhiú-khoân-tī,tshiu2khuan5ti7,chhiu2khoan5ti7,tshiukhuanti,chhiukhoanti,tkt,ckt,True,False
抓耙仔,jiàu-pê-á,16,jiàu-pê-á,jiau3pe5a2,jiau3pe5a2,jiaupea,jiaupea,jpa,jpa,True,False
折刀器,tsiat-to-khì,16,chiat-to-khì,tsiat4to1khi3,chiat4to1khi3,tsiattokhi,chiattokhi,ttk,ctk,True,False
拍初胚,phah-tshoo-phue,16,phah-chho͘-phoe,phah4tshoo1phue1,phah4chhoo1phoe1,phahtshoophue,phahchhoophoe,ptp,pcp,True,True
拍剁仔,phah-tok-a,16,phah-tok-a,phah4tok4a1,phah4tok4a1,phahtoka,phahtoka,pta,pta,True,False
拍粗胚,phah-tshoo-phue,16,phah-chho͘-phoe,phah4tshoo1phue1,phah4chhoo1phoe1,phahtshoophue,phahchhoophoe,ptp,pcp,True,True
拍糊仔,phah-kôo-á,16,phah-kô͘-á,phah4koo5a2,phah4koo5a2,phahkooa,phahkooa,pka,pka,True,False
拍花面,phah-hue-bīn,16,phah-hoe-bīn,phah4hue1bin7,phah4hoe1bin7,phahhuebin,phahhoebin,phb,phb,True,False
拖空墘,thua-khang-kînn,16,thoa-khang-kîⁿ,thua1khang1kinn5,thoa1khang1kinn5,thuakhangkinn,thoakhangkinn,tkk,tkk,True,False
挲密刀,so-ba̍t-to,16,so-ba̍t-to,so1bat8to1,so1bat8to1,sobatto,sobatto,sbt,sbt,True,False
挲玻璃,so-po-lê,16,so-po-lê,so1po1le5,so1po1le5,sopole,sopole,spl,spl,True,False
捏版仔,lia̍p-pán-á,16,lia̍p-pán-á,liap8pan2a2,liap8pan2a2,liappana,liappana,lpa,lpa,True,False
捶篾仔,tuî-bi̍h-á,16,tûi-bi̍h-á,tui5bih8a2,tui5bih8a2,tuibiha,tuibiha,tba,tba,True,False
捻塔啾,liàn-thah-tshiu,16,liàn-thah-chhiu,lian3thah4tshiu1,lian3thah4chhiu1,lianthahtshiu,lianthahchhiu,ltt,ltc,True,False
控制錶,khòng-tsè-pió,16,khòng-chè-pió,khong3tse3pio2,khong3che3pio2,khongtsepio,khongchepio,ktp,kcp,True,True
掰糊仔,pué-kôo-á,16,póe-kô͘-á,pue2koo5a2,poe2koo5a2,puekooa,poekooa,pka,pka,True,False
描圖紙,biô-tôo-tsuá,16,biô-tô͘-chóa,bio5too5tsua2,bio5too5choa2,biotootsua,biotoochoa,btt,btc,True,True
搝厚薄,giú-kāu-po̍h,16,giú-kāu-po̍h,giu2kau7poh8,giu2kau7poh8,giukaupoh,giukaupoh,gkp,gkp,True,False
撞璇仔,tōng-suān-á,16,tōng-soān-á,tong7suan7a2,tong7soan7a2,tongsuana,tongsoana,tsa,tsa,True,False
擠浮線,tsik-phû-suànn,16,chek-phû-sòaⁿ,tsik4phu5suann3,chek4phu5soann3,tsikphusuann,chekphusoann,tps,cps,True,False
敆內裡,kap-lāi-lí,16,kap-lāi-lí,kap4lai7li2,kap4lai7li2,kaplaili,kaplaili,kll,kll,True,False
敲薰屎,khà hun-sái,16,khà hun-sái,kha3hun1sai2,kha3hun1sai2,khahunsai,khahunsai,khs,khs,True,False
文公尺,bûn-kong-tshioh,16,bûn-kong-chhioh,bun5kong1tshioh4,bun5kong1chhioh4,bunkongtshioh,bunkongchhioh,bkt,bkc,True,False
文武甲,bûn-bú-kah,16,bûn-bú-kah,bun5bu2kah4,bun5bu2kah4,bunbukah,bunbukah,bbk,bbk,True,False
文武跤,bûn-bú-kha,16,bûn-bú-kha,bun5bu2kha1,bun5bu2kha1,bunbukha,bunbukha,bbk,bbk,True,False
文轎蓋,bûn-kiō-kuà,16,bûn-kiō-kòa,bun5kio7kua3,bun5kio7koa3,bunkiokua,bunkiokoa,bkk,bkk,True,False
曝日頭,pha̍k-ji̍t-thâu,16,pha̍k-ji̍t-thâu,phak8jit8thau5,phak8jit8thau5,phakjitthau,phakjitthau,pjt,pjt,True,False
月眉鱗,gua̍t-bâi-lân,16,goa̍t-bâi-lân,guat8bai5lan5,goat8bai5lan5,guatbailan,goatbailan,gbl,gbl,True,False
木桮刀,bo̍k-pue-to,16,bo̍k-poe-to,bok8pue1to1,bok8poe1to1,bokpueto,bokpoeto,bpt,bpt,True,False
木版畫,bo̍k-pán-uē,16,bo̍k-pán-ōe,bok8pan2ue7,bok8pan2oe7,bokpanue,bokpanoe,bpu,bpo,True,False
木麻黃,bo̍k-muâ-hông,16,bo̍k-môa-hông,bok8mua5hong5,bok8moa5hong5,bokmuahong,bokmoahong,bmh,bmh,True,False
松節油,siông-tsiat-iû,16,siông-chiat-iû,siong5tsiat4iu5,siong5chiat4iu5,siongtsiatiu,siongchiatiu,sti,sci,True,False
松膠碗,siông-ka-uánn,16,siông-ka-óaⁿ,siong5ka1uann2,siong5ka1oann2,siongkauann,siongkaoann,sku,sko,True,False
架索仔,khuè-soh-á,16,khòe-soh-á,khue3soh4a2,khoe3soh4a2,khuesoha,khoesoha,ksa,ksa,True,False
柏青哥,pha-tsìn-kòo,16,pha-chìn-kò͘,pha1tsin3koo3,pha1chin3koo3,phatsinkoo,phachinkoo,ptk,pck,True,False
染料劑,ní-liāu-tse,16,ní-liāu-che,ni2liau7tse1,ni2liau7che1,niliautse,niliauche,nlt,nlc,True,False
柳葉眉,liú-hio̍h-bâi,16,liú-hio̍h-bâi,liu2hioh8bai5,liu2hioh8bai5,liuhiohbai,liuhiohbai,lhb,lhb,True,False
柴抹刀,tshâ-buah-to,16,chhâ-boah-to,tsha5buah4to1,chha5boah4to1,tshabuahto,chhaboahto,tbt,cbt,True,False
柴桮仔,tshâ-pue-á,16,chhâ-poe-á,tsha5pue1a2,chha5poe1a2,tshapuea,chhapoea,tpa,cpa,True,False
柴槌仔,tshâ-thuî-á,16,chhâ-thûi-á,tsha5thui5a2,chha5thui5a2,tshathuia,chhathuia,tta,cta,True,False
柿仔汁,khī-á-tsiap,16,khī-á-chiap,khi7a2tsiap4,khi7a2chiap4,khiatsiap,khiachiap,kat,kac,True,False
栗子殼,la̍t-tsí-khak,16,la̍t-chí-khak,lat8tsi2khak4,lat8chi2khak4,lattsikhak,latchikhak,ltk,lck,True,False
格仔尺,keh-á-tshioh,16,keh-á-chhioh,keh4a2tshioh4,keh4a2chhioh4,kehatshioh,kehachhioh,kat,kac,True,False
栽喙鬚,tsai-tshuì-tshiu,16,chai-chhùi-chhiu,tsai1tshui3tshiu1,chai1chhui3chhiu1,tsaitshuitshiu,chaichhuichhiu,ttt,ccc,True,False
栽喙齒,tsai-tshuì-khí,16,chai-chhùi-khí,tsai1tshui3khi2,chai1chhui3khi2,tsaitshuikhi,chaichhuikhi,ttk,cck,True,False
栽目睭,tsai-ba̍k-tsiu,16,chai-ba̍k-chiu,tsai1bak8tsiu1,chai1bak8chiu1,tsaibaktsiu,chaibakchiu,tbt,cbc,True,False
栽馬啾,tsai-bé-tshiu,16,chai-bé-chhiu,tsai1be2tshiu1,chai1be2chhiu1,tsaibetshiu,chaibechhiu,tbt,cbc,True,False
桂花甲,kuì-hue-kah,16,kùi-hoe-kah,kui3hue1kah4,kui3hoe1kah4,kuihuekah,kuihoekah,khk,khk,True,False
梳妝台,se-tsong-tâi,16,se-chong-tâi,se1tsong1tai5,se1chong1tai5,setsongtai,sechongtai,stt,sct,True,False
椅頭仔,í-thâu-á,16,í-thâu-á,i2thau5a2,i2thau5a2,ithaua,ithaua,ita,ita,True,False
椅馬仔,í-bé-á,16,í-bé-á,i2be2a2,i2be2a2,ibea,ibea,iba,iba,True,False
樟腦沙,tsiunn-ló-sua,16,chiuⁿ-ló-soa,tsiunn1lo2sua1,chiunn1lo2soa1,tsiunnlosua,chiunnlosoa,tls,cls,True,False
樟腦油,tsiunn-ló-iû,16,chiuⁿ-ló-iû,tsiunn1lo2iu5,chiunn1lo2iu5,tsiunnloiu,chiunnloiu,tli,cli,True,False
樹奶模,tshiū-ni-bôo,16,chhiū-ni-bô͘,tshiu7ni1boo5,chhiu7ni1boo5,tshiuniboo,chhiuniboo,tnb,cnb,True,False
橫杆仔,huâinn-kuainn-á,16,hoâiⁿ-koaiⁿ-á,huainn5kuainn1a2,hoainn5koainn1a2,huainnkuainna,hoainnkoainna,hka,hka,True,False
檳榔子,pin-nn̂g-tsí,16,pin-nn̂g-chí,pin1nng5tsi2,pin1nng5chi2,pinnngtsi,pinnngchi,pnt,pnc,True,False
櫃仔面,kuī-á-bīn,16,kūi-á-bīn,kui7a2bin7,kui7a2bin7,kuiabin,kuiabin,kab,kab,True,False
毛鋏仔,moo-giap-á,16,mo͘-giap-á,moo1giap4a2,moo1giap4a2,moogiapa,moogiapa,mga,mga,True,False
氣死貓,khì-sí-niau,16,khì-sí-niau,khi3si2niau1,khi3si2niau1,khisiniau,khisiniau,ksn,ksn,True,False
水粗紙,tsuí-tshoo-tsuá,16,chúi-chho͘-chóa,tsui2tshoo1tsua2,chui2chhoo1choa2,tsuitshootsua,chuichhoochoa,ttt,ccc,True,False
水茄苳,tsuí-ka-tang,16,chúi-ka-tang,tsui2ka1tang1,chui2ka1tang1,tsuikatang,chuikatang,tkt,ckt,True,False
水觳仔,tsuí-khok-á,16,chúi-khok-á,tsui2khok4a2,chui2khok4a2,tsuikhoka,chuikhoka,tka,cka,True,False
水車堵,tsuí-tshia-tóo,16,chúi-chhia-tó͘,tsui2tshia1too2,chui2chhia1too2,tsuitshiatoo,chuichhiatoo,ttt,cct,True,False
水𣁳仔,tsuí-khat-á,16,chúi-khat-á,tsui2khat4a2,chui2khat4a2,tsuikhata,chuikhata,tka,cka,True,False
沙拉油,sa-lá-iû,16,sa-lá-iû,sa1la2iu5,sa1la2iu5,salaiu,salaiu,sli,sli,True,False
油壓模,iû-ap-bôo,16,iû-ap-bô͘,iu5ap4boo5,iu5ap4boo5,iuapboo,iuapboo,iab,iab,True,False
油漏仔,iû-lāu-á,16,iû-lāu-á,iu5lau7a2,iu5lau7a2,iulaua,iulaua,ila,ila,True,False
油燈罩,iû-ting-tà,16,iû-teng-tà,iu5ting1ta3,iu5teng1ta3,iutingta,iutengta,itt,itt,True,False
油筒仔,iû-tâng-á,16,iû-tâng-á,iu5tang5a2,iu5tang5a2,iutanga,iutanga,ita,ita,True,True
泉州派,tsuân-tsiu-phài,16,choân-chiu-phài,tsuan5tsiu1phai3,choan5chiu1phai3,tsuantsiuphai,choanchiuphai,ttp,ccp,True,False
注蠟機,tsù-la̍h-ki,16,chù-la̍h-ki,tsu3lah8ki1,chu3lah8ki1,tsulahki,chulahki,tlk,clk,True,False
洋蔥皮,iûnn-tshang-phuê,16,iûⁿ-chhang-phôe,iunn5tshang1phue5,iunn5chhang1phoe5,iunntshangphue,iunnchhangphoe,itp,icp,True,False
浮綿仔,phoo-mî-a,16,pho͘-mî-a,phoo1mi5a1,phoo1mi5a1,phoomia,phoomia,pma,pma,True,True
浮雕堵,phû-tiau-tóo,16,phû-tiau-tó͘,phu5tiau1too2,phu5tiau1too2,phutiautoo,phutiautoo,ptt,ptt,True,False
淋碭釉,lâm-thn̄g-iu,16,lâm-thn̄g-iu,lam5thng7iu1,lam5thng7iu1,lamthngiu,lamthngiu,lti,lti,True,False
深篩仔,tshim-thai-á,16,chhim-thai-á,tshim1thai1a2,chhim1thai1a2,tshimthaia,chhimthaia,tta,cta,True,False
溫度針,un-tōo-tsiam,16,un-tō͘-chiam,un1too7tsiam1,un1too7chiam1,untootsiam,untoochiam,utt,utc,True,False
漆線塗,tshat-suànn-thôo,16,chhat-sòaⁿ-thô͘,tshat4suann3thoo5,chhat4soann3thoo5,tshatsuannthoo,chhatsoannthoo,tst,cst,True,False
漆線油,tshat-suànn-iû,16,chhat-sòaⁿ-iû,tshat4suann3iu5,chhat4soann3iu5,tshatsuanniu,chhatsoanniu,tsi,csi,True,False
漆線龍,tshat-suànn-liông,16,chhat-sòaⁿ-liông,tshat4suann3liong5,chhat4soann3liong5,tshatsuannliong,chhatsoannliong,tsl,csl,True,False
火勾仔,hué-kau-á,16,hóe-kau-á,hue2kau1a2,hoe2kau1a2,huekaua,hoekaua,hka,hka,True,False
火耙仔,hué-pê-á,16,hóe-pê-á,hue2pe5a2,hoe2pe5a2,huepea,hoepea,hpa,hpa,True,False
火鉗仔,hué-khînn-á,16,hóe-khîⁿ-á,hue2khinn5a2,hoe2khinn5a2,huekhinna,hoekhinna,hka,hka,True,False
火鍋爐,hué-ko-lôo,16,hóe-ko-lô͘,hue2ko1loo5,hoe2ko1loo5,huekoloo,hoekoloo,hkl,hkl,True,False
灰匙仔,hue-sî-á,16,hoe-sî-á,hue1si5a2,hoe1si5a2,huesia,hoesia,hsa,hsa,True,False
烏心石,oo-sim-tsio̍h,16,o͘-sim-chio̍h,oo1sim1tsioh8,oo1sim1chioh8,oosimtsioh,oosimchioh,ost,osc,True,False
熟桐油,si̍k-tâng-iû,16,se̍k-tâng-iû,sik8tang5iu5,sek8tang5iu5,siktangiu,sektangiu,sti,sti,True,False
燈火罩,ting-hué-tà,16,teng-hóe-tà,ting1hue2ta3,teng1hoe2ta3,tinghueta,tenghoeta,tht,tht,True,False
燖筒仔,tīm-tâng-á,16,tīm-tâng-á,tim7tang5a2,tim7tang5a2,timtanga,timtanga,tta,tta,True,True
牛喙罨,gû-tshuì-am,16,gû-chhùi-am,gu5tshui3am1,gu5chhui3am1,gutshuiam,guchhuiam,gta,gca,True,False
牛鈴仔,gû-lîng-á,16,gû-lêng-á,gu5ling5a2,gu5leng5a2,gulinga,gulenga,gla,gla,True,False
牽漆線,khan-tshat-suànn,16,khan-chhat-sòaⁿ,khan1tshat4suann3,khan1chhat4soann3,khantshatsuann,khanchhatsoann,kts,kcs,True,False
獅仔跤,sai-á-kha,16,sai-á-kha,sai1a2kha1,sai1a2kha1,saiakha,saiakha,sak,sak,True,False
珊瑚樹,suan-ôo-tshiū,16,soan-ô͘-chhiū,suan1oo5tshiu7,soan1oo5chhiu7,suanootshiu,soanoochhiu,sot,soc,True,False
珠仔台,tsu-á-tâi,16,chu-á-tâi,tsu1a2tai5,chu1a2tai5,tsuatai,chuatai,tat,cat,True,False
瑪瑙刀,bé-ló-to,16,bé-ló-to,be2lo2to1,be2lo2to1,beloto,beloto,blt,blt,True,False
璇石膏,suān-tsio̍h-ko,16,soān-chio̍h-ko,suan7tsioh8ko1,soan7chioh8ko1,suantsiohko,soanchiohko,stk,sck,True,False
璇石花,suān-tsio̍h-hue,16,soān-chio̍h-hoe,suan7tsioh8hue1,soan7chioh8hoe1,suantsiohhue,soanchiohhoe,sth,sch,True,False
瓜笠仔,kue-le̍h-á,16,koe-le̍h-á,kue1leh8a2,koe1leh8a2,kueleha,koeleha,kla,kla,True,False
瓷仔枋,huî-á-pang,16,hûi-á-pang,hui5a2pang1,hui5a2pang1,huiapang,huiapang,hap,hap,True,False
瓷仔車,huî-á-tshia,16,hûi-á-chhia,hui5a2tshia1,hui5a2chhia1,huiatshia,huiachhia,hat,hac,True,False
畫板仔,uē-pán-á,16,ōe-pán-á,ue7pan2a2,oe7pan2a2,uepana,oepana,upa,opa,True,False
畫活眼,uē-ua̍h-gán,16,ōe-oa̍h-gán,ue7uah8gan2,oe7oah8gan2,ueuahgan,oeoahgan,uug,oog,True,False
畫石頭,uē-tsio̍h-thâu,16,ōe-chio̍h-thâu,ue7tsioh8thau5,oe7chioh8thau5,uetsiohthau,oechiohthau,utt,oct,True,False
白匏仔,pe̍h-pû-á,16,pe̍h-pû-á,peh8pu5a2,peh8pu5a2,pehpua,pehpua,ppa,ppa,True,False
白玉仔,pe̍h-gi̍k-á,16,pe̍h-ge̍k-á,peh8gik8a2,peh8gek8a2,pehgika,pehgeka,pga,pga,True,False
白糊仔,pe̍h-kôo-á,16,pe̍h-kô͘-á,peh8koo5a2,peh8koo5a2,pehkooa,pehkooa,pka,pka,True,False
白胚紙,pe̍h-phue-tsuá,16,pe̍h-phoe-chóa,peh8phue1tsua2,peh8phoe1choa2,pehphuetsua,pehphoechoa,ppt,ppc,True,True
皮槌仔,phuê-thuî-á,16,phôe-thûi-á,phue5thui5a2,phoe5thui5a2,phuethuia,phoethuia,pta,pta,True,False
看紙紋,khuànn-tsuá-bûn,16,khòaⁿ-chóa-bûn,khuann3tsua2bun5,khoann3choa2bun5,khuanntsuabun,khoannchoabun,ktb,kcb,True,False
石榴皮,tsio̍h-liû-phuê,16,chio̍h-liû-phôe,tsioh8liu5phue5,chioh8liu5phoe5,tsiohliuphue,chiohliuphoe,tlp,clp,True,False
石灰粉,tsio̍h-hue-hún,16,chio̍h-hoe-hún,tsioh8hue1hun2,chioh8hoe1hun2,tsiohhuehun,chiohhoehun,thh,chh,True,False
石磨仔,tsio̍h-bō-á,16,chio̍h-bō-á,tsioh8bo7a2,chioh8bo7a2,tsiohboa,chiohboa,tba,cba,True,False
石膏模,tsio̍h-ko-bôo,16,chio̍h-ko-bô͘,tsioh8ko1boo5,chioh8ko1boo5,tsiohkoboo,chiohkoboo,tkb,ckb,True,False
石膏碗,tsio̍h-ko-uánn,16,chio̍h-ko-óaⁿ,tsioh8ko1uann2,chioh8ko1oann2,tsiohkouann,chiohkooann,tku,cko,True,False
石舂臼,tsio̍h-tsing-khū,16,chio̍h-cheng-khū,tsioh8tsing1khu7,chioh8cheng1khu7,tsiohtsingkhu,chiohchengkhu,ttk,cck,True,False
砂輪機,sua-lûn-ki,16,soa-lûn-ki,sua1lun5ki1,soa1lun5ki1,sualunki,soalunki,slk,slk,True,True
破竹仔,phuà-tik-á,16,phòa-tek-á,phua3tik4a2,phoa3tek4a2,phuatika,phoateka,pta,pta,True,False
破篾仔,phuà-bi̍h-á,16,phòa-bi̍h-á,phua3bih8a2,phoa3bih8a2,phuabiha,phoabiha,pba,pba,True,False
磅璇石,pōng-suān-tsio̍h,16,pōng-soān-chio̍h,pong7suan7tsioh8,pong7soan7chioh8,pongsuantsioh,pongsoanchioh,pst,psc,True,False
穀亭畚,kok-tīng-pùn,16,kok-tēng-pùn,kok4ting7pun3,kok4teng7pun3,koktingpun,koktengpun,ktp,ktp,True,False
空殼管,khang-khak-kóng,16,khang-khak-kóng,khang1khak4kong2,khang1khak4kong2,khangkhakkong,khangkhakkong,kkk,kkk,True,False
立德粉,li̍p-tik-hún,16,li̍p-tek-hún,lip8tik4hun2,lip8tek4hun2,liptikhun,liptekhun,lth,lth,True,False
竹仔箸,tik-á-tī,16,tek-á-tī,tik4a2ti7,tek4a2ti7,tikati,tekati,tat,tat,True,False
竹夫人,tik-hu-jîn,16,tek-hu-jîn,tik4hu1jin5,tek4hu1jin5,tikhujin,tekhujin,thj,thj,True,False
竹篾仔,tik-bi̍h-á,16,tek-bi̍h-á,tik4bih8a2,tek4bih8a2,tikbiha,tekbiha,tba,tba,True,False
竹鋏仔,tik-giap-á,16,tek-giap-á,tik4giap4a2,tek4giap4a2,tikgiapa,tekgiapa,tga,tga,True,False
竹𥴊仔,tik-kám-á,16,tek-kám-á,tik4kam2a2,tek4kam2a2,tikkama,tekkama,tka,tka,True,False
筍屏仔,sún-pîn-á,16,sún-pîn-á,sun2pin5a2,sun2pin5a2,sunpina,sunpina,spa,spa,True,False
籠鋪仔,láng-phoo-á,16,láng-pho͘-á,lang2phoo1a2,lang2phoo1a2,langphooa,langphooa,lpa,lpa,True,False
米釐尺,bí-lî-tshioh,16,bí-lî-chhioh,bi2li5tshioh4,bi2li5chhioh4,bilitshioh,bilichhioh,blt,blc,True,False
粉線管,hún-suànn-kóng,16,hún-sòaⁿ-kóng,hun2suann3kong2,hun2soann3kong2,hunsuannkong,hunsoannkong,hsk,hsk,True,False
糖篋仔,thn̂g-kheh-á,16,thn̂g-kheh-á,thng5kheh4a2,thng5kheh4a2,thngkheha,thngkheha,tka,tka,True,False
紅寶石,âng-pó-tsio̍h,16,âng-pó-chio̍h,ang5po2tsioh8,ang5po2chioh8,angpotsioh,angpochioh,apt,apc,True,False
紙膠帶,tsuá-ka-tuà,16,chóa-ka-tòa,tsua2ka1tua3,choa2ka1toa3,tsuakatua,choakatoa,tkt,ckt,True,False
紙輪釘,tsuá-lián-ting,16,chóa-lián-teng,tsua2lian2ting1,choa2lian2teng1,tsualianting,choalianteng,tlt,clt,True,False
紙輪釘,tsuá-lián-tìng,16,chóa-lián-tèng,tsua2lian2ting3,choa2lian2teng3,tsualianting,choalianteng,tlt,clt,True,False
紡布輪,pháng-pòo-lún,16,pháng-pò͘-lún,phang2poo3lun2,phang2poo3lun2,phangpoolun,phangpoolun,ppl,ppl,True,False
紡金檯,pháng-kim-tâi,16,pháng-kim-tâi,phang2kim1tai5,phang2kim1tai5,phangkimtai,phangkimtai,pkt,pkt,True,False
索仔捲,soh-á-kńg,16,soh-á-kńg,soh4a2kng2,soh4a2kng2,sohakng,sohakng,sak,sak,True,False
紫色的,tsí-sik-ê,16,chí-sek-ê,tsi2sik4e5,chi2sek4e5,tsisike,chiseke,tse,cse,True,False
結龍跤,kiat-lîng-kha,16,kiat-lêng-kha,kiat4ling5kha1,kiat4leng5kha1,kiatlingkha,kiatlengkha,klk,klk,True,False
絲仔線,si-á-suànn,16,si-á-sòaⁿ,si1a2suann3,si1a2soann3,siasuann,siasoann,sas,sas,True,False
網仔甲,bāng-á-kah,16,bāng-á-kah,bang7a2kah4,bang7a2kah4,bangakah,bangakah,bak,bak,True,False
練塗機,liān-thôo-ki,16,liān-thô͘-ki,lian7thoo5ki1,lian7thoo5ki1,lianthooki,lianthooki,ltk,ltk,True,False
縛厝蓋,pa̍k-tshù-kuà,16,pa̍k-chhù-kòa,pak8tshu3kua3,pak8chhu3koa3,paktshukua,pakchhukoa,ptk,pck,True,False
縛紙釘,pa̍k-tsuá-ting,16,pa̍k-chóa-teng,pak8tsua2ting1,pak8choa2teng1,paktsuating,pakchoateng,ptt,pct,True,False
繞銅線,liàu-tâng-suànn,16,liàu-tâng-sòaⁿ,liau3tang5suann3,liau3tang5soann3,liautangsuann,liautangsoann,lts,lts,True,False
繡花車,siù-hue-tshia,16,siù-hoe-chhia,siu3hue1tshia1,siu3hoe1chhia1,siuhuetshia,siuhoechhia,sht,shc,True,False
繡補店,siù-póo-tiàm,16,siù-pó͘-tiàm,siu3poo2tiam3,siu3poo2tiam3,siupootiam,siupootiam,spt,spt,True,False
羊仔頭,iûnn-á-thâu,16,iûⁿ-á-thâu,iunn5a2thau5,iunn5a2thau5,iunnathau,iunnathau,iat,iat,True,False
美工刀,bí-kang-to,16,bí-kang-to,bi2kang1to1,bi2kang1to1,bikangto,bikangto,bkt,bkt,True,False
耐火磚,nāi-hué-tsng,16,nāi-hóe-chng,nai7hue2tsng1,nai7hoe2chng1,naihuetsng,naihoechng,nht,nhc,True,False
胭脂蟲,ian-tsi-thâng,16,ian-chi-thâng,ian1tsi1thang5,ian1chi1thang5,iantsithang,ianchithang,itt,ict,True,False
腰帶花,io-tuà-hue,16,io-tòa-hoe,io1tua3hue1,io1toa3hoe1,iotuahue,iotoahoe,ith,ith,True,False
腱子肉,kiàn-tsí-bah,16,kiàn-chí-bah,kian3tsi2bah4,kian3chi2bah4,kiantsibah,kianchibah,ktb,kcb,True,False
臥蠶眉,ngōo-tshám-bî,16,ngō͘-chhám-bî,ngoo7tsham2bi5,ngoo7chham2bi5,ngootshambi,ngoochhambi,ntb,ncb,True,False
自動剾,tsū-tōng-khau,16,chū-tōng-khau,tsu7tong7khau1,chu7tong7khau1,tsutongkhau,chutongkhau,ttk,ctk,True,False
臺灣杉,tâi-uân-sam,16,tâi-oân-sam,tai5uan5sam1,tai5oan5sam1,taiuansam,taioansam,tus,tos,True,False
舂龜仔,tsing-ku-á,16,cheng-ku-á,tsing1ku1a2,cheng1ku1a2,tsingkua,chengkua,tka,cka,True,False
花匙仔,hue-sî-á,16,hoe-sî-á,hue1si5a2,hoe1si5a2,huesia,hoesia,hsa,hsa,True,False
花枱仔,hue-tâi-á,16,hoe-tâi-á,hue1tai5a2,hoe1tai5a2,huetaia,hoetaia,hta,hta,True,False
花盆仔,hue-phûn-á,16,hoe-phûn-á,hue1phun5a2,hoe1phun5a2,huephuna,hoephuna,hpa,hpa,True,False
花蕊紋,hue-luí-bûn,16,hoe-lúi-bûn,hue1lui2bun5,hoe1lui2bun5,hueluibun,hoeluibun,hlb,hlb,True,False
花鳥堵,hue-tsiáu-tóo,16,hoe-chiáu-tó͘,hue1tsiau2too2,hoe1chiau2too2,huetsiautoo,hoechiautoo,htt,hct,True,False
茶杯仔,tê-pue-á,16,tê-poe-á,te5pue1a2,te5poe1a2,tepuea,tepoea,tpa,tpa,True,False
茶疊仔,tê-thia̍p-á,16,tê-thia̍p-á,te5thiap8a2,te5thiap8a2,tethiapa,tethiapa,tta,tta,True,False
茶籠仔,tê-láng-á,16,tê-láng-á,te5lang2a2,te5lang2a2,telanga,telanga,tla,tla,True,False
茶米甕,tê-bí-àng,16,tê-bí-àng,te5bi2ang3,te5bi2ang3,tebiang,tebiang,tba,tba,True,False
茶罐仔,tê-kuàn-á,16,tê-koàn-á,te5kuan3a2,te5koan3a2,tekuana,tekoana,tka,tka,True,False
草仔箬,tshó-á-ha̍h,16,chhó-á-ha̍h,tsho2a2hah8,chho2a2hah8,tshoahah,chhoahah,tah,cah,True,False
草仔花,tshó-á-hue,16,chhó-á-hoe,tsho2a2hue1,chho2a2hoe1,tshoahue,chhoahoe,tah,cah,True,False
菜櫥仔,tshài-tû-á,16,chhài-tû-á,tshai3tu5a2,chhai3tu5a2,tshaitua,chhaitua,tta,cta,True,False
蓮蕉盆,liân-tsio-phûn,16,liân-chio-phûn,lian5tsio1phun5,lian5chio1phun5,liantsiophun,lianchiophun,ltp,lcp,True,False
蔥管鼻,tshang-kóng-phīnn,16,chhang-kóng-phīⁿ,tshang1kong2phinn7,chhang1kong2phinn7,tshangkongphinn,chhangkongphinn,tkp,ckp,True,False
薄仔瓦,po̍h-á-hiā,16,po̍h-á-hiā,poh8a2hia7,poh8a2hia7,pohahia,pohahia,pah,pah,True,False
薄胎的,po̍h-thai-ê,16,po̍h-thai-ê,poh8thai1e5,poh8thai1e5,pohthaie,pohthaie,pte,pte,True,False
薰竹仔,hun-tik-á,16,hun-tek-á,hun1tik4a2,hun1tek4a2,huntika,hunteka,hta,hta,True,False
藍寶石,nâ-pó-tsio̍h,16,nâ-pó-chio̍h,na5po2tsioh8,na5po2chioh8,napotsioh,napochioh,npt,npc,True,False
虎爺衫,hóo-iâ-sann,16,hó͘-iâ-saⁿ,hoo2ia5sann1,hoo2ia5sann1,hooiasann,hooiasann,his,his,True,False
蛋殼畫,nn̄g-khak-uē,16,nn̄g-khak-ōe,nng7khak4ue7,nng7khak4oe7,nngkhakue,nngkhakoe,nku,nko,True,False
蜘蛛紋,ti-tu-bûn,16,ti-tu-bûn,ti1tu1bun5,ti1tu1bun5,titubun,titubun,ttb,ttb,True,False
蝦仔盤,hê-á-puânn,16,hê-á-pôaⁿ,he5a2puann5,he5a2poann5,heapuann,heapoann,hap,hap,True,False
螭虎窗,tshi-hóo-thang,16,chhi-hó͘-thang,tshi1hoo2thang1,chhi1hoo2thang1,tshihoothang,chhihoothang,tht,cht,True,False
螭虎緞,tshu-hóo-tuān,16,chhu-hó͘-toān,tshu1hoo2tuan7,chhu1hoo2toan7,tshuhootuan,chhuhootoan,tht,cht,True,False
螭虎草,tshu-hóo-tshó,16,chhu-hó͘-chhó,tshu1hoo2tsho2,chhu1hoo2chho2,tshuhootsho,chhuhoochho,tht,chc,True,False
螭龍頭,tshi-liông-thâu,16,chhi-liông-thâu,tshi1liong5thau5,chhi1liong5thau5,tshiliongthau,chhiliongthau,tlt,clt,True,False
螺仔片,lê-á-phìnn,16,lê-á-phìⁿ,le5a2phinn3,le5a2phinn3,leaphinn,leaphinn,lap,lap,True,False
衫摺路,sann-tsih-lōo,16,saⁿ-chih-lō͘,sann1tsih4loo7,sann1chih4loo7,sanntsihloo,sannchihloo,stl,scl,True,False
袚繡線,phua̍h-siù-suànn,16,phoa̍h-siù-sòaⁿ,phuah8siu3suann3,phoah8siu3soann3,phuahsiusuann,phoahsiusoann,pss,pss,True,False
裝喙鬚,tsng-tshuì-tshiu,16,chng-chhùi-chhiu,tsng1tshui3tshiu1,chng1chhui3chhiu1,tsngtshuitshiu,chngchhuichhiu,ttt,ccc,True,False
設計圖,siat-kè-tôo,16,siat-kè-tô͘,siat4ke3too5,siat4ke3too5,siatketoo,siatketoo,skt,skt,True,True
設計稿,siat-kè-kó,16,siat-kè-kó,siat4ke3ko2,siat4ke3ko2,siatkeko,siatkeko,skk,skk,True,False
試金石,tshì-kim-tsio̍h,16,chhì-kim-chio̍h,tshi3kim1tsioh8,chhi3kim1chioh8,tshikimtsioh,chhikimchioh,tkt,ckc,True,False
豆油缸,tāu-iû-kng,16,tāu-iû-kng,tau7iu5kng1,tau7iu5kng1,tauiukng,tauiukng,tik,tik,True,False
豬跤楠,ti-kha-lâm,16,ti-kha-lâm,ti1kha1lam5,ti1kha1lam5,tikhalam,tikhalam,tkl,tkl,True,False
貼內裡,tah-lāi-lí,16,tah-lāi-lí,tah4lai7li2,tah4lai7li2,tahlaili,tahlaili,tll,tll,True,False
賊仔剾,tsha̍t-á-khau,16,chha̍t-á-khau,tshat8a2khau1,chhat8a2khau1,tshatakhau,chhatakhau,tak,cak,True,False
起竹背,khí-tik-puè,16,khí-tek-pòe,khi2tik4pue3,khi2tek4poe3,khitikpue,khitekpoe,ktp,ktp,True,False
跤踏仔,kha-ta̍h-á,16,kha-ta̍h-á,kha1tah8a2,kha1tah8a2,khataha,khataha,kta,kta,True,False
跤踏風,kha-ta̍h-hong,16,kha-ta̍h-hong,kha1tah8hong1,kha1tah8hong1,khatahhong,khatahhong,kth,kth,True,False
車仔線,tshia-á-suànn,16,chhia-á-sòaⁿ,tshia1a2suann3,chhia1a2soann3,tshiaasuann,chhiaasoann,tas,cas,True,False
車工課,tshia-khang-khuè,16,chhia-khang-khòe,tshia1khang1khue3,chhia1khang1khoe3,tshiakhangkhue,chhiakhangkhoe,tkk,ckk,True,False
車輪仔,tshia-lián-á,16,chhia-lián-á,tshia1lian2a2,chhia1lian2a2,tshialiana,chhialiana,tla,cla,True,False
輾龍啾,liàn-lîng-tshiu,16,liàn-lêng-chhiu,lian3ling5tshiu1,lian3leng5chhiu1,lianlingtshiu,lianlengchhiu,llt,llc,True,False
退火爐,thuè-hué-lôo,16,thòe-hóe-lô͘,thue3hue2loo5,thoe3hoe2loo5,thuehueloo,thoehoeloo,thl,thl,True,False
透明漆,thàu-bîng-tshat,16,thàu-bêng-chhat,thau3bing5tshat4,thau3beng5chhat4,thaubingtshat,thaubengchhat,tbt,tbc,True,False
釐仔甲,li-á-khah,16,li-á-khah,li1a2khah4,li1a2khah4,liakhah,liakhah,lak,lak,True,False
金剛砂,kim-kong-sua,16,kim-kong-soa,kim1kong1sua1,kim1kong1soa1,kimkongsua,kimkongsoa,kks,kks,True,True
金槓槌,kim-kòng-thuî,16,kim-kòng-thûi,kim1kong3thui5,kim1kong3thui5,kimkongthui,kimkongthui,kkt,kkt,True,False
金牌模,kim-pâi-bôo,16,kim-pâi-bô͘,kim1pai5boo5,kim1pai5boo5,kimpaiboo,kimpaiboo,kpb,kpb,True,False
金箔仔,kim-po̍h-á,16,kim-po̍h-á,kim1poh8a2,kim1poh8a2,kimpoha,kimpoha,kpa,kpa,True,False
金錢雲,kim-tsînn-hûn,16,kim-chîⁿ-hûn,kim1tsinn5hun5,kim1chinn5hun5,kimtsinnhun,kimchinnhun,kth,kch,True,False
釘仔槌,tìng-á-thûi,16,tèng-á-thûi,ting3a2thui5,teng3a2thui5,tingathui,tengathui,tat,tat,True,False
鈕仔砧,liú-á-tiam,16,liú-á-tiam,liu2a2tiam1,liu2a2tiam1,liuatiam,liuatiam,lat,lat,True,False
鉛字架,iân-jī-kè,16,iân-jī-kè,ian5ji7ke3,ian5ji7ke3,ianjike,ianjike,ijk,ijk,True,False
鉛枋仔,iân-pang-á,16,iân-pang-á,ian5pang1a2,ian5pang1a2,ianpanga,ianpanga,ipa,ipa,True,False
鉛筆仔,iân-pit-á,16,iân-pit-á,ian5pit4a2,ian5pit4a2,ianpita,ianpita,ipa,ipa,True,False
鉸刀花,ka-to-hue,16,ka-to-hoe,ka1to1hue1,ka1to1hoe1,katohue,katohoe,kth,kth,True,False
銀箔仔,gîn-po̍h-á,16,gîn-po̍h-á,gin5poh8a2,gin5poh8a2,ginpoha,ginpoha,gpa,gpa,True,False
銅抿仔,tâng-bín-á,16,tâng-bín-á,tang5bin2a2,tang5bin2a2,tangbina,tangbina,tba,tba,True,False
鋏玻璃,giap-po-lê,16,giap-po-lê,giap4po1le5,giap4po1le5,giappole,giappole,gpl,gpl,True,False
錢袋仔,tsînn-tē-á,16,chîⁿ-tē-á,tsinn5te7a2,chinn5te7a2,tsinntea,chinntea,tta,cta,True,False
鍊帶鋸,lián-tuà-kì,16,lián-tòa-kì,lian2tua3ki3,lian2toa3ki3,liantuaki,liantoaki,ltk,ltk,True,False
鏡箱仔,kiànn-siunn-á,16,kiàⁿ-siuⁿ-á,kiann3siunn1a2,kiann3siunn1a2,kiannsiunna,kiannsiunna,ksa,ksa,True,False
鐮刈仔,liâm-li̍k-á,16,liâm-le̍k-á,liam5lik8a2,liam5lek8a2,liamlika,liamleka,lla,lla,True,False
鐵仔支,thih-á-ki,16,thih-á-ki,thih4a2ki1,thih4a2ki1,thihaki,thihaki,tak,tak,True,False
鐵仔棒,thih-á-pāng,16,thih-á-pāng,thih4a2pang7,thih4a2pang7,thihapang,thihapang,tap,tap,True,False
鐵冬青,thih-tang-tshenn,16,thih-tang-chheⁿ,thih4tang1tshenn1,thih4tang1chhenn1,thihtangtshenn,thihtangchhenn,ttt,ttc,True,True
鐵剪仔,thih-tsián-á,16,thih-chián-á,thih4tsian2a2,thih4chian2a2,thihtsiana,thihchiana,tta,tca,True,False
鐵鎚仔,thih-thuî-á,16,thih-thûi-á,thih4thui5a2,thih4thui5a2,thihthuia,thihthuia,tta,tta,True,True
鑢橋枋,lē-kiô-pang,16,lē-kiô-pang,le7kio5pang1,le7kio5pang1,lekiopang,lekiopang,lkp,lkp,True,False
鑿仔檯,tsha̍k-á-tâi,16,chha̍k-á-tâi,tshak8a2tai5,chhak8a2tai5,tshakatai,chhakatai,tat,cat,True,False
雕刻刀,tiau-khik-to,16,tiau-khek-to,tiau1khik4to1,tiau1khek4to1,tiaukhikto,tiaukhekto,tkt,tkt,True,False
雕刻機,tiau-khik-ki,16,tiau-khek-ki,tiau1khik4ki1,tiau1khek4ki1,tiaukhikki,tiaukhekki,tkk,tkk,True,False
雞卵面,ke-nn̄g-bīn,16,ke-nn̄g-bīn,ke1nng7bin7,ke1nng7bin7,kenngbin,kenngbin,knb,knb,True,False
雞屎雲,ke-sái-hûn,16,ke-sái-hûn,ke1sai2hun5,ke1sai2hun5,kesaihun,kesaihun,ksh,ksh,True,False
離心機,li-sim-ki,16,li-sim-ki,li1sim1ki1,li1sim1ki1,lisimki,lisimki,lsk,lsk,True,False
電塗燈,tiān-thôo-ting,16,tiān-thô͘-teng,tian7thoo5ting1,tian7thoo5teng1,tianthooting,tianthooteng,ttt,ttt,True,False
電熱爐,tiān-jia̍t-lôo,16,tiān-jia̍t-lô͘,tian7jiat8loo5,tian7jiat8loo5,tianjiatloo,tianjiatloo,tjl,tjl,True,False
電風龜,tiān-hong-ku,16,tiān-hong-ku,tian7hong1ku1,tian7hong1ku1,tianhongku,tianhongku,thk,thk,True,False
青斗石,tshenn-táu-tsio̍h,16,chheⁿ-táu-chio̍h,tshenn1tau2tsioh8,chhenn1tau2chioh8,tshenntautsioh,chhenntauchioh,ttt,ctc,True,False
鞋拔仔,ê-pue̍h-á,16,ê-poe̍h-á,e5pueh8a2,e5poeh8a2,epueha,epoeha,epa,epa,True,False
順手體,sūn-tshiú-thé,16,sūn-chhiú-thé,sun7tshiu2the2,sun7chhiu2the2,suntshiuthe,sunchhiuthe,stt,sct,True,False
風車花,hong-tshia-hue,16,hong-chhia-hoe,hong1tshia1hue1,hong1chhia1hoe1,hongtshiahue,hongchhiahoe,hth,hch,True,False
食生漆,tsia̍h-tshenn-tshat,16,chia̍h-chheⁿ-chhat,tsiah8tshenn1tshat4,chiah8chhenn1chhat4,tsiahtshenntshat,chiahchhennchhat,ttt,ccc,True,False
飯攕仔,pn̄g-tshiám-á,16,pn̄g-chhiám-á,png7tshiam2a2,png7chhiam2a2,pngtshiama,pngchhiama,pta,pca,True,False
魚仔盤,hî-á-puânn,16,hî-á-pôaⁿ,hi5a2puann5,hi5a2poann5,hiapuann,hiapoann,hap,hap,True,False
魚籠仔,hî-láng-á,16,hî-láng-á,hi5lang2a2,hi5lang2a2,hilanga,hilanga,hla,hla,True,False
魚鱗甲,hî-lân-kah,16,hî-lân-kah,hi5lan5kah4,hi5lan5kah4,hilankah,hilankah,hlk,hlk,True,False
魚鱗紋,hî-lân-bûn,16,hî-lân-bûn,hi5lan5bun5,hi5lan5bun5,hilanbun,hilanbun,hlb,hlb,True,False
鯉魚嘴,tāi-hî-tshuî,16,tāi-hî-chhûi,tai7hi5tshui5,tai7hi5chhui5,taihitshui,taihichhui,tht,thc,True,False
鯊魚刀,sua-hî-to,16,soa-hî-to,sua1hi5to1,soa1hi5to1,suahito,soahito,sht,sht,True,False
鹽筒仔,iâm-tâng-á,16,iâm-tâng-á,iam5tang5a2,iam5tang5a2,iamtanga,iamtanga,ita,ita,True,True
黃塗底,n̂g-thôo-té,16,n̂g-thô͘-té,ng5thoo5te2,ng5thoo5te2,ngthoote,ngthoote,ntt,ntt,True,False
黃塗粉,n̂g-thôo-hún,16,n̂g-thô͘-hún,ng5thoo5hun2,ng5thoo5hun2,ngthoohun,ngthoohun,nth,nth,True,False
黃豆粉,n̂g-tāu-hún,16,n̂g-tāu-hún,ng5tau7hun2,ng5tau7hun2,ngtauhun,ngtauhun,nth,nth,True,False
黏美金,liâm-bí-kim,16,liâm-bí-kim,liam5bi2kim1,liam5bi2kim1,liambikim,liambikim,lbk,lbk,True,False
黑墨畫,oo-ba̍k-uē,16,o͘-ba̍k-ōe,oo1bak8ue7,oo1bak8oe7,oobakue,oobakoe,obu,obo,True,False
鼓仔燈,kóo-á-ting,16,kó͘-á-teng,koo2a2ting1,koo2a2teng1,kooating,kooateng,kat,kat,True,False
龍椅手,liông-í-tshiú,16,liông-í-chhiú,liong5i2tshiu2,liong5i2chhiu2,liongitshiu,liongichhiu,lit,lic,True,False
龍眼葉,lîng-gíng-hio̍h,16,lêng-géng-hio̍h,ling5ging2hioh8,leng5geng2hioh8,lingginghioh,lenggenghioh,lgh,lgh,True,False
龜甲紋,ku-kah-bûn,16,ku-kah-bûn,ku1kah4bun5,ku1kah4bun5,kukahbun,kukahbun,kkb,kkb,True,False
布袋,pòo-tē,15,pò͘-tē,poo3te7,poo3te7,poote,poote,pt,pt,True,False
hì-tah開關,hì-tah khai-kuan,12,hì-tah khai-koan,hi3tah4khai1kuan1,hi3tah4khai1koan1,hitahkhaikuan,hitahkhaikoan,htkk,htkk,True,False
khe金倒槽,khe-kim-tò-tsô,12,khe-kim-tò-chô,khe1kim1to3tso5,khe1kim1to3cho5,khekimtotso,khekimtocho,kktt,kktc,True,False
phue體kue枋,phue-thé kue-pang,12,phoe-thé koe-pang,phue1the2kue1pang1,phoe1the2koe1pang1,phuethekuepang,phoethekoepang,ptkp,ptkp,True,False
一分丁線,tsi̍t-hun-ting-suànn,12,chi̍t-hun-teng-sòaⁿ,tsit8hun1ting1suann3,chit8hun1teng1soann3,tsithuntingsuann,chithuntengsoann,thts,chts,True,False
七分鑿仔,tshit-hun-tsha̍k-á,12,chhit-hun-chha̍k-á,tshit4hun1tshak8a2,chhit4hun1chhak8a2,tshithuntshaka,chhithunchhaka,thta,chca,True,False
三分鑿仔,sann-hun-tsha̍k-á,12,saⁿ-hun-chha̍k-á,sann1hun1tshak8a2,sann1hun1chhak8a2,sannhuntshaka,sannhunchhaka,shta,shca,True,False
三角刀仔,sann-kak-to-á,12,saⁿ-kak-to-á,sann1kak4to1a2,sann1kak4to1a2,sannkaktoa,sannkaktoa,skta,skta,True,False
乾漆茶盤,kan-tshat tê-puânn,12,kan-chhat tê-pôaⁿ,kan1tshat4te5puann5,kan1chhat4te5poann5,kantshattepuann,kanchhattepoann,kttp,kctp,True,True
五分鑿仔,gōo-hun-tsha̍k-á,12,gō͘-hun-chha̍k-á,goo7hun1tshak8a2,goo7hun1chhak8a2,goohuntshaka,goohunchhaka,ghta,ghca,True,False
便當篋仔,piān-tong-kheh-á,12,piān-tong-kheh-á,pian7tong1kheh4a2,pian7tong1kheh4a2,piantongkheha,piantongkheha,ptka,ptka,True,False
修光鑿仔,siu-kng-tsha̍k-á,12,siu-kng-chha̍k-á,siu1kng1tshak8a2,siu1kng1chhak8a2,siukngtshaka,siukngchhaka,skta,skca,True,False
做四條線,tsò-sì-tiâu-suànn,12,chò-sì-tiâu-sòaⁿ,tso3si3tiau5suann3,cho3si3tiau5soann3,tsositiausuann,chositiausoann,tsts,csts,True,False
做密的,tsò-ba̍t--ê,12,chò-ba̍t--ê,tso3bat8e5,cho3bat8e5,tsobate,chobate,tbe,cbe,True,False
兩分丁線,nn̄g-hun-ting-suànn,12,nn̄g-hun-teng-sòaⁿ,nng7hun1ting1suann3,nng7hun1teng1soann3,nnghuntingsuann,nnghuntengsoann,nhts,nhts,True,False
兩分鑿仔,nn̄g-hun-tsha̍k-á,12,nn̄g-hun-chha̍k-á,nng7hun1tshak8a2,nng7hun1chhak8a2,nnghuntshaka,nnghunchhaka,nhta,nhca,True,False
冰種的,ping-tsíng--ê,12,peng-chéng--ê,ping1tsing2e5,peng1cheng2e5,pingtsinge,pengchenge,pte,pce,True,False
分半鑿仔,hun-puànn-tsha̍k-á,12,hun-pòaⁿ-chha̍k-á,hun1puann3tshak8a2,hun1poann3chhak8a2,hunpuanntshaka,hunpoannchhaka,hpta,hpca,True,False
切線模仔,tshiat-suànn-bôo-á,12,chhiat-sòaⁿ-bô͘-á,tshiat4suann3boo5a2,chhiat4soann3boo5a2,tshiatsuannbooa,chhiatsoannbooa,tsba,csba,True,False
南京剾仔,lâm-kiann-khau-á,12,lâm-kiaⁿ-khau-á,lam5kiann1khau1a2,lam5kiann1khau1a2,lamkiannkhaua,lamkiannkhaua,lkka,lkka,True,False
印仔手指,ìn-á-tshiú-tsí,12,ìn-á-chhiú-chí,in3a2tshiu2tsi2,in3a2chhiu2chi2,inatshiutsi,inachhiuchi,iatt,iacc,True,True
厚葉柃木,kāu-hio̍h-lîng-bo̍k,12,kāu-hio̍h-lêng-bo̍k,kau7hioh8ling5bok8,kau7hioh8leng5bok8,kauhiohlingbok,kauhiohlengbok,khlb,khlb,True,False
原料槽仔,guân-liāu-tsô-á,12,goân-liāu-chô-á,guan5liau7tso5a2,goan5liau7cho5a2,guanliautsoa,goanliauchoa,glta,glca,True,False
吊鏡片仔,tiò-kiànn-phìnn-á,12,tiò-kiàⁿ-phìⁿ-á,tio3kiann3phinn3a2,tio3kiann3phinn3a2,tiokiannphinna,tiokiannphinna,tkpa,tkpa,True,False
四叉鋏仔,sì-tshe-giap-á,12,sì-chhe-giap-á,si3tshe1giap4a2,si3chhe1giap4a2,sitshegiapa,sichhegiapa,stga,scga,True,False
四耳提壺,sì-hīnn thê-ôo,12,sì-hīⁿ thê-ô͘,si3hinn7the5oo5,si3hinn7the5oo5,sihinntheoo,sihinntheoo,shto,shto,True,False
塑膠桮刀,sok-ka-pue-to,12,sok-ka-poe-to,sok4ka1pue1to1,sok4ka1poe1to1,sokkapueto,sokkapoeto,skpt,skpt,True,False
壽字燭台,siū-jī tsik-tâi,12,siū-jī chek-tâi,siu7ji7tsik4tai5,siu7ji7chek4tai5,siujitsiktai,siujichektai,sjtt,sjct,True,False
大葉楠仔,tuā-hio̍h-lâm-á,12,tōa-hio̍h-lâm-á,tua7hioh8lam5a2,toa7hioh8lam5a2,tuahiohlama,toahiohlama,thla,thla,True,False
奶母車仔,ling-bó-tshia-á,12,leng-bó-chhia-á,ling1bo2tshia1a2,leng1bo2chhia1a2,lingbotshiaa,lengbochhiaa,lbta,lbca,True,False
安金箔仔,an-kim-po̍h-á,12,an-kim-po̍h-á,an1kim1poh8a2,an1kim1poh8a2,ankimpoha,ankimpoha,akpa,akpa,True,False
寸二桮仔,tshùn-jī-pue-a,12,chhùn-jī-poe-a,tshun3ji7pue1a1,chhun3ji7poe1a1,tshunjipuea,chhunjipoea,tjpa,cjpa,True,False
尖喙剪仔,tsiam-tshuì-tsián-á,12,chiam-chhùi-chián-á,tsiam1tshui3tsian2a2,chiam1chhui3chian2a2,tsiamtshuitsiana,chiamchhuichiana,ttta,ccca,True,False
屏風神椅,pîn-hong sîn-í,12,pîn-hong sîn-í,pin5hong1sin5i2,pin5hong1sin5i2,pinhongsini,pinhongsini,phsi,phsi,True,False
工作桌仔,kang-tsok-toh-á,12,kang-chok-toh-á,kang1tsok4toh4a2,kang1chok4toh4a2,kangtsoktoha,kangchoktoha,ktta,kcta,True,False
年畫刻板,nî-uē-khik-pán,12,nî-ōe-khek-pán,ni5ue7khik4pan2,ni5oe7khek4pan2,niuekhikpan,nioekhekpan,nukp,nokp,True,False
彩繪化色,tshái-uē-huà-sik,12,chhái-ōe-hòa-sek,tshai2ue7hua3sik4,chhai2oe7hoa3sek4,tshaiuehuasik,chhaioehoasek,tuhs,cohs,True,False
戮空的,lak-khang--ê,12,lak-khang--ê,lak4khang1e5,lak4khang1e5,lakkhange,lakkhange,lke,lke,True,False
手環模仔,tshiú-khuân-bôo-á,12,chhiú-khoân-bô͘-á,tshiu2khuan5boo5a2,chhiu2khoan5boo5a2,tshiukhuanbooa,chhiukhoanbooa,tkba,ckba,True,False
抾光剾刀,khioh-kng-khau-to,12,khioh-kng-khau-to,khioh4kng1khau1to1,khioh4kng1khau1to1,khiohkngkhauto,khiohkngkhauto,kkkt,kkkt,True,False
拌料機仔,puānn-liāu-ki-á,12,pōaⁿ-liāu-ki-á,puann7liau7ki1a2,poann7liau7ki1a2,puannliaukia,poannliaukia,plka,plka,True,False
挲線枋仔,so-suànn-pang-á,12,so-sòaⁿ-pang-á,so1suann3pang1a2,so1soann3pang1a2,sosuannpanga,sosoannpanga,sspa,sspa,True,False
掃梳笒仔,sàu-se-gím-á,12,sàu-se-gím-á,sau3se1gim2a2,sau3se1gim2a2,sausegima,sausegima,ssga,ssga,True,False
搭架剪仔,tah-kè-tsián-á,12,tah-kè-chián-á,tah4ke3tsian2a2,tah4ke3chian2a2,tahketsiana,tahkechiana,tkta,tkca,True,False
摃手指跤,kòng-tshiú-tsí-kha,12,kòng-chhiú-chí-kha,kong3tshiu2tsi2kha1,kong3chhiu2chi2kha1,kongtshiutsikha,kongchhiuchikha,kttk,kcck,True,True
春壽香筒,tshun-siū-hiunn-tâng,12,chhun-siū-hiuⁿ-tâng,tshun1siu7hiunn1tang5,chhun1siu7hiunn1tang5,tshunsiuhiunntang,chhunsiuhiunntang,tsht,csht,True,True
木苧仔麻,bo̍k-tē-á-muâ,12,bo̍k-tē-á-môa,bok8te7a2mua5,bok8te7a2moa5,bokteamua,bokteamoa,btam,btam,True,False
果子粒仔,kué-tsí-lia̍p-á,12,kóe-chí-lia̍p-á,kue2tsi2liap8a2,koe2chi2liap8a2,kuetsiliapa,koechiliapa,ktla,kcla,True,False
栽目睭毛,tsai-ba̍k-tsiu-moo,12,chai-ba̍k-chiu-mo͘,tsai1bak8tsiu1moo1,chai1bak8chiu1moo1,tsaibaktsiumoo,chaibakchiumoo,tbtm,cbcm,True,False
桌跤蛰仔,toh-kha-tinn-á,12,toh-kha-tiⁿ-á,toh4kha1tinn1a2,toh4kha1tinn1a2,tohkhatinna,tohkhatinna,tkta,tkta,True,False
樹奶桮仔,tshiū-ling-pue-á,12,chhiū-leng-poe-á,tshiu7ling1pue1a2,chhiu7leng1poe1a2,tshiulingpuea,chhiulengpoea,tlpa,clpa,True,False
水波山頭,tsuí-pho-suann-thâu,12,chúi-pho-soaⁿ-thâu,tsui2pho1suann1thau5,chui2pho1soann1thau5,tsuiphosuannthau,chuiphosoannthau,tpst,cpst,True,False
汽水籃仔,khì-tsuí-nâ-á,12,khì-chúi-nâ-á,khi3tsui2na5a2,khi3chui2na5a2,khitsuinaa,khichuinaa,ktna,kcna,True,False
海綿砂碖,hái-mî-sua-lún,12,hái-mî-soa-lún,hai2mi5sua1lun2,hai2mi5soa1lun2,haimisualun,haimisoalun,hmsl,hmsl,True,True
漆釉的筆,tshat-iu ê pit,12,chhat-iu ê pit,tshat4iu1e5pit4,chhat4iu1e5pit4,tshatiuepit,chhatiuepit,tiep,ciep,True,False
煙腸頭毛,ian-tshiâng-thâu-moo,12,ian-chhiâng-thâu-mo͘,ian1tshiang5thau5moo1,ian1chhiang5thau5moo1,iantshiangthaumoo,ianchhiangthaumoo,ittm,ictm,True,False
牛角掛屏,gû-kak-kuà-pîn,12,gû-kak-kòa-pîn,gu5kak4kua3pin5,gu5kak4koa3pin5,gukakkuapin,gukakkoapin,gkkp,gkkp,True,False
牽線柴仔,khan-suànn-tshâ-á,12,khan-sòaⁿ-chhâ-á,khan1suann3tsha5a2,khan1soann3chha5a2,khansuanntshaa,khansoannchhaa,ksta,ksca,True,False
狗母鍋仔,káu-bó-ue-á,12,káu-bó-oe-á,kau2bo2ue1a2,kau2bo2oe1a2,kaubouea,kaubooea,kbua,kboa,True,False
玻璃模仔,po-lê-bôo-á,12,po-lê-bô͘-á,po1le5boo5a2,po1le5boo5a2,polebooa,polebooa,plba,plba,True,False
玻璃甕仔,po-lê-àng-á,12,po-lê-àng-á,po1le5ang3a2,po1le5ang3a2,poleanga,poleanga,plaa,plaa,True,False
玻璃粉仔,po-lê-hún-á,12,po-lê-hún-á,po1le5hun2a2,po1le5hun2a2,polehuna,polehuna,plha,plha,True,False
玻璃粒仔,po-lê-lia̍p-á,12,po-lê-lia̍p-á,po1le5liap8a2,po1le5liap8a2,poleliapa,poleliapa,plla,plla,True,False
玻璃𣁳仔,po-lê-khat-á,12,po-lê-khat-á,po1le5khat4a2,po1le5khat4a2,polekhata,polekhata,plka,plka,True,False
生毛柿仔,senn-moo-khī-á,12,seⁿ-mo͘-khī-á,senn1moo1khi7a2,senn1moo1khi7a2,sennmookhia,sennmookhia,smka,smka,True,False
生頭發尾,senn-thâu-huat-bué,12,seⁿ-thâu-hoat-bóe,senn1thau5huat4bue2,senn1thau5hoat4boe2,sennthauhuatbue,sennthauhoatboe,sthb,sthb,True,False
畫布花仔,uē-pòo-hue-á,12,ōe-pò͘-hoe-á,ue7poo3hue1a2,oe7poo3hoe1a2,uepoohuea,oepoohoea,upha,opha,True,False
白糊固定,pe̍h-kôo kòo-tīng,12,pe̍h-kô͘ kò͘-tēng,peh8koo5koo3ting7,peh8koo5koo3teng7,pehkookooting,pehkookooteng,pkkt,pkkt,True,False
相思仔樹,siunn-si-á-tshiū,12,siuⁿ-si-á-chhiū,siunn1si1a2tshiu7,siunn1si1a2chhiu7,siunnsiatshiu,siunnsiachhiu,ssat,ssac,True,False
石仔秤錘,tsio̍h ê tshìn-thuî,12,chio̍h ê chhìn-thûi,tsioh8e5tshin3thui5,chioh8e5chhin3thui5,tsiohetshinthui,chiohechhinthui,tett,cect,True,False
石仔香爐,tsio̍h ê hiunn-lôo,12,chio̍h ê hiuⁿ-lô͘,tsioh8e5hiunn1loo5,chioh8e5hiunn1loo5,tsiohehiunnloo,chiohehiunnloo,tehl,cehl,True,False
石膏機仔,tsio̍h-ko-ki-á,12,chio̍h-ko-ki-á,tsioh8ko1ki1a2,chioh8ko1ki1a2,tsiohkokia,chiohkokia,tkka,ckka,True,False
福在眼前,hok-tsāi-gán-tsîng,12,hok-chāi-gán-chêng,hok4tsai7gan2tsing5,hok4chai7gan2cheng5,hoktsaigantsing,hokchaigancheng,htgt,hcgc,True,False
竹仔屏風,tik-á pîn-hong,12,tek-á pîn-hong,tik4a2pin5hong1,tek4a2pin5hong1,tikapinhong,tekapinhong,taph,taph,True,False
竹仔枕頭,tik-á-tsím-thâu,12,tek-á-chím-thâu,tik4a2tsim2thau5,tek4a2chim2thau5,tikatsimthau,tekachimthau,tatt,tact,True,False
竹管仔飯,tik-kóng-á-pn̄g,12,tek-kóng-á-pn̄g,tik4kong2a2png7,tek4kong2a2png7,tikkongapng,tekkongapng,tkap,tkap,True,False
竹編花籃,tik-pinn hue-nâ,12,tek-piⁿ hoe-nâ,tik4pinn1hue1na5,tek4pinn1hoe1na5,tikpinnhuena,tekpinnhoena,tphn,tphn,True,False
管頭鋏仔,kóng-thâu-giap-á,12,kóng-thâu-giap-á,kong2thau5giap4a2,kong2thau5giap4a2,kongthaugiapa,kongthaugiapa,ktga,ktga,True,False
籤尾刀仔,tshiam-bué-to-á,12,chhiam-bóe-to-á,tshiam1bue2to1a2,chhiam1boe2to1a2,tshiambuetoa,chhiamboetoa,tbta,cbta,True,True
粗胚鑿仔,tshoo-phue-tsha̍k-á,12,chho͘-phoe-chha̍k-á,tshoo1phue1tshak8a2,chhoo1phoe1chhak8a2,tshoophuetshaka,chhoophoechhaka,tpta,cpca,True,True
細支鉸刀,sè-ki-ka-to,12,sè-ki-ka-to,se3ki1ka1to1,se3ki1ka1to1,sekikato,sekikato,skkt,skkt,True,False
綠釉夜壺,lik-iu-iā-hôo,12,lek-iu-iā-hô͘,lik4iu1ia7hoo5,lek4iu1ia7hoo5,likiuiahoo,lekiuiahoo,liih,liih,True,False
線板鋸仔,suànn-pán-kì-á,12,sòaⁿ-pán-kì-á,suann3pan2ki3a2,soann3pan2ki3a2,suannpankia,soannpankia,spka,spka,True,False
線條鋏仔,suànn-tiâu-giap-á,12,sòaⁿ-tiâu-giap-á,suann3tiau5giap4a2,soann3tiau5giap4a2,suanntiaugiapa,soanntiaugiapa,stga,stga,True,False
練塗機仔,liān-thôo-ki-á,12,liān-thô͘-ki-á,lian7thoo5ki1a2,lian7thoo5ki1a2,lianthookia,lianthookia,ltka,ltka,True,False
縛冬瓜箍,pa̍k-tang-kue-khoo,12,pa̍k-tang-koe-kho͘,pak8tang1kue1khoo1,pak8tang1koe1khoo1,paktangkuekhoo,paktangkoekhoo,ptkk,ptkk,True,True
纏鍊仔目,tînn-liān-á-ba̍k,12,tîⁿ-liān-á-ba̍k,tinn5lian7a2bak8,tinn5lian7a2bak8,tinnlianabak,tinnlianabak,tlab,tlab,True,False
胭脂樹仔,ian-tsi-tshiū-á,12,ian-chi-chhiū-á,ian1tsi1tshiu7a2,ian1chi1chhiu7a2,iantsitshiua,ianchichhiua,itta,icca,True,False
脫胎漆器,thuat-thai-tshat-khì,12,thoat-thai-chhat-khì,thuat4thai1tshat4khi3,thoat4thai1chhat4khi3,thuatthaitshatkhi,thoatthaichhatkhi,tttk,ttck,True,False
自動鉛筆,tsū-tōng-iân-pit,12,chū-tōng-iân-pit,tsu7tong7ian5pit4,chu7tong7ian5pit4,tsutongianpit,chutongianpit,ttip,ctip,True,False
臺灣杜鵑,tâi-uân-tōo-kuan,12,tâi-oân-tō͘-koan,tai5uan5too7kuan1,tai5oan5too7koan1,taiuantookuan,taioantookoan,tutk,totk,True,False
臺灣松梧,tâi-uân siông-ngôo,12,tâi-oân siông-ngô͘,tai5uan5siong5ngoo5,tai5oan5siong5ngoo5,taiuansiongngoo,taioansiongngoo,tusn,tosn,True,False
臺灣玉仔,tâi-uân-gi̍k-á,12,tâi-oân-ge̍k-á,tai5uan5gik8a2,tai5oan5gek8a2,taiuangika,taioangeka,tuga,toga,True,False
臺灣赤楊,tâi-uân-tshik-iông,12,tâi-oân-chhek-iông,tai5uan5tshik4iong5,tai5oan5chhek4iong5,taiuantshikiong,taioanchhekiong,tuti,toci,True,False
臺灣鋸仔,tâi-uân-kù-á,12,tâi-oân-kù-á,tai5uan5ku3a2,tai5oan5ku3a2,taiuankua,taioankua,tuka,toka,True,False
花鳥走獸,hue-tsiáu-tsáu-siù,12,hoe-chiáu-cháu-siù,hue1tsiau2tsau2siu3,hoe1chiau2chau2siu3,huetsiautsausiu,hoechiauchausiu,htts,hccs,True,False
茶米黜仔,tê-bí-thuh-á,12,tê-bí-thuh-á,te5bi2thuh4a2,te5bi2thuh4a2,tebithuha,tebithuha,tbta,tbta,True,False
草仔花窗,tshó-á-hue-thang,12,chhó-á-hoe-thang,tsho2a2hue1thang1,chho2a2hoe1thang1,tshoahuethang,chhoahoethang,taht,caht,True,False
葫蘆鎚仔,hôo-lôo-thuî-á,12,hô͘-lô͘-thûi-á,hoo5loo5thui5a2,hoo5loo5thui5a2,hooloothuia,hooloothuia,hlta,hlta,True,True
螭虎屈篆,tshi-hóo khut-tuān,12,chhi-hó͘ khut-toān,tshi1hoo2khut4tuan7,chhi1hoo2khut4toan7,tshihookhuttuan,chhihookhuttoan,thkt,chkt,True,False
豆腐角仔,tāu-hū-kak-á,12,tāu-hū-kak-á,tau7hu7kak4a2,tau7hu7kak4a2,tauhukaka,tauhukaka,thka,thka,True,False
豬油甕仔,ti-iû-àng-á,12,ti-iû-àng-á,ti1iu5ang3a2,ti1iu5ang3a2,tiiuanga,tiiuanga,tiaa,tiaa,True,False
越南松梧,ua̍t-lâm siông-ngôo,12,oa̍t-lâm siông-ngô͘,uat8lam5siong5ngoo5,oat8lam5siong5ngoo5,uatlamsiongngoo,oatlamsiongngoo,ulsn,olsn,True,False
辦桌湯盤,pān-toh-thng-puânn,12,pān-toh-thng-pôaⁿ,pan7toh4thng1puann5,pan7toh4thng1poann5,pantohthngpuann,pantohthngpoann,pttp,pttp,True,False
連堵剾仔,liân-tóo-khau-á,12,liân-tó͘-khau-á,lian5too2khau1a2,lian5too2khau1a2,liantookhaua,liantookhaua,ltka,ltka,True,False
連座硬身,liân-tsō ngē-sin,12,liân-chō ngē-sin,lian5tso7nge7sin1,lian5cho7nge7sin1,liantsongesin,lianchongesin,ltns,lcns,True,False
連鏡批筒,liân-kiànn-phue-tháng,12,liân-kiàⁿ-phoe-tháng,lian5kiann3phue1thang2,lian5kiann3phoe1thang2,liankiannphuethang,liankiannphoethang,lkpt,lkpt,True,True
選竹篾仔,suán-tik-bi̍h-á,12,soán-tek-bi̍h-á,suan2tik4bih8a2,soan2tek4bih8a2,suantikbiha,soantekbiha,stba,stba,True,False
醬菜甕仔,tsiùnn-tshài-àng-á,12,chiùⁿ-chhài-àng-á,tsiunn3tshai3ang3a2,chiunn3chhai3ang3a2,tsiunntshaianga,chiunnchhaianga,ttaa,ccaa,True,False
金箔仔紙,kim-po̍h-á-tsuá,12,kim-po̍h-á-chóa,kim1poh8a2tsua2,kim1poh8a2choa2,kimpohatsua,kimpohachoa,kpat,kpac,True,False
金銀箔紙,kim-gîn-po̍h-tsuá,12,kim-gîn-po̍h-chóa,kim1gin5poh8tsua2,kim1gin5poh8choa2,kimginpohtsua,kimginpohchoa,kgpt,kgpc,True,False
鉛筆盒仔,iân-pit-a̍p-á,12,iân-pit-a̍p-á,ian5pit4ap8a2,ian5pit4ap8a2,ianpitapa,ianpitapa,ipaa,ipaa,True,False
鉸刀剪仔,ka-to-tsián-á,12,ka-to-chián-á,ka1to1tsian2a2,ka1to1chian2a2,katotsiana,katochiana,ktta,ktca,True,False
鉸鍊仔機,ka-liān-á-ki,12,ka-liān-á-ki,ka1lian7a2ki1,ka1lian7a2ki1,kalianaki,kalianaki,klak,klak,True,False
銀花矸仔,gîn-hue-kan-á,12,gîn-hoe-kan-á,gin5hue1kan1a2,gin5hoe1kan1a2,ginhuekana,ginhoekana,ghka,ghka,True,True
鋸鍊仔目,kù-liān-á-ba̍k,12,kù-liān-á-ba̍k,ku3lian7a2bak8,ku3lian7a2bak8,kulianabak,kulianabak,klab,klab,True,False
鑿人字甲,tsha̍k-jîn-jī-kah,12,chha̍k-jîn-jī-kah,tshak8jin5ji7kah4,chhak8jin5ji7kah4,tshakjinjikah,chhakjinjikah,tjjk,cjjk,True,False
雞鵤仔車,ke-kak-á-tshia,12,ke-kak-á-chhia,ke1kak4a2tshia1,ke1kak4a2chhia1,kekakatshia,kekakachhia,kkat,kkac,True,False
電子磅仔,tiān-tsú-pōng-á,12,tiān-chú-pōng-á,tian7tsu2pong7a2,tian7chu2pong7a2,tiantsuponga,tianchuponga,ttpa,tcpa,True,False
電解機仔,tiān-kái-ki-á,12,tiān-kái-ki-á,tian7kai2ki1a2,tian7kai2ki1a2,tiankaikia,tiankaikia,tkka,tkka,True,False
面桶架仔,bīn-tháng-kè-á,12,bīn-tháng-kè-á,bin7thang2ke3a2,bin7thang2ke3a2,binthangkea,binthangkea,btka,btka,True,False
頭毛捋仔,thâu-moo-lua̍h-á,12,thâu-mo͘-loa̍h-á,thau5moo1luah8a2,thau5moo1loah8a2,thaumooluaha,thaumooloaha,tmla,tmla,True,False
食飯桌仔,tsia̍h-pn̄g-toh-á,12,chia̍h-pn̄g-toh-á,tsiah8png7toh4a2,chiah8png7toh4a2,tsiahpngtoha,chiahpngtoha,tpta,cpta,True,False
香港秤仔,hiong-káng-tshìn-á,12,hiong-káng-chhìn-á,hiong1kang2tshin3a2,hiong1kang2chhin3a2,hiongkangtshina,hiongkangchhina,hkta,hkca,True,False
香蕉剾刀,kim-tsio-khau-to,12,kim-chio-khau-to,kim1tsio1khau1to1,kim1chio1khau1to1,kimtsiokhauto,kimchiokhauto,ktkt,kckt,True,False
魚鱗片仔,hî-lân-phìnn-á,12,hî-lân-phìⁿ-á,hi5lan5phinn3a2,hi5lan5phinn3a2,hilanphinna,hilanphinna,hlpa,hlpa,True,False
麻姑獻壽,mâ-koo hiàn-siū,12,mâ-ko͘ hiàn-siū,ma5koo1hian3siu7,ma5koo1hian3siu7,makoohiansiu,makoohiansiu,mkhs,mkhs,True,False
黃金染料,n̂g-kim-ní-liāu,12,n̂g-kim-ní-liāu,ng5kim1ni2liau7,ng5kim1ni2liau7,ngkimniliau,ngkimniliau,nknl,nknl,True,False
點火的,tiám-hué--ê,12,tiám-hóe--ê,tiam2hue2e5,tiam2hoe2e5,tiamhuee,tiamhoee,the,the,True,False
茄苳,ka-tang,11,ka-tang,ka1tang1,ka1tang1,katang,katang,kt,kt,True,False
三尺的花鐘,sann-tshioh ê hue-tsing,10,saⁿ-chhioh ê hoe-cheng,sann1tshioh4e5hue1tsing1,sann1chhioh4e5hoe1cheng1,sanntshiohehuetsing,sannchhiohehoecheng,steht,scehc,True,False
三角溫度針,sann-kak-un-tōo-tsiam,10,saⁿ-kak-un-tō͘-chiam,sann1kak4un1too7tsiam1,sann1kak4un1too7chiam1,sannkakuntootsiam,sannkakuntoochiam,skutt,skutc,True,False
五尺的花鐘,gōo-tshioh ê hue-tsing,10,gō͘-chhioh ê hoe-cheng,goo7tshioh4e5hue1tsing1,goo7chhioh4e5hoe1cheng1,gootshiohehuetsing,goochhiohehoecheng,gteht,gcehc,True,False
仿古的銅鼎,hóng-kóo ê tâng-tiánn,10,hóng-kó͘ ê tâng-tiáⁿ,hong2koo2e5tang5tiann2,hong2koo2e5tang5tiann2,hongkooetangtiann,hongkooetangtiann,hkett,hkett,True,False
切割的直尺,tshiat-kuah ê ti̍t-tshioh,10,chhiat-koah ê ti̍t-chhioh,tshiat4kuah4e5tit8tshioh4,chhiat4koah4e5tit8chhioh4,tshiatkuahetittshioh,chhiatkoahetitchhioh,tkett,cketc,True,False
剪白鐵網剪,tsián-pe̍h-thih-bāng-tsián,10,chián-pe̍h-thih-bāng-chián,tsian2peh8thih4bang7tsian2,chian2peh8thih4bang7chian2,tsianpehthihbangtsian,chianpehthihbangchian,tptbt,cptbc,True,False
割圓的器具,kuah-înn ê khì-kū,10,koah-îⁿ ê khì-kū,kuah4inn5e5khi3ku7,koah4inn5e5khi3ku7,kuahinnekhiku,koahinnekhiku,kiekk,kiekk,True,False
厚葉石斑木,kāu-hio̍h-tsio̍h-pan-bo̍k,10,kāu-hio̍h-chio̍h-pan-bo̍k,kau7hioh8tsioh8pan1bok8,kau7hioh8chioh8pan1bok8,kauhiohtsiohpanbok,kauhiohchiohpanbok,khtpb,khcpb,True,False
古早的鎖頭,kóo-tsá ê só-thâu,10,kó͘-chá ê só-thâu,koo2tsa2e5so2thau5,koo2cha2e5so2thau5,kootsaesothau,koochaesothau,ktest,kcest,True,False
四角柱仔跤,sì-kak thiāu-á-kha,10,sì-kak thiāu-á-kha,si3kak4thiau7a2kha1,si3kak4thiau7a2kha1,sikakthiauakha,sikakthiauakha,sktak,sktak,True,False
塗燒的螿蜍,thôo sio ê tsiunn-tsî,10,thô͘ sio ê chiuⁿ-chî,thoo5sio1e5tsiunn1tsi5,thoo5sio1e5chiunn1chi5,thoosioetsiunntsi,thoosioechiunnchi,tsett,tsecc,True,False
奇種茶米罐,kî-tsióng tê-bí-kuàn,10,kî-chióng tê-bí-koàn,ki5tsiong2te5bi2kuan3,ki5chiong2te5bi2koan3,kitsiongtebikuan,kichiongtebikoan,kttbk,kctbk,True,False
小型的籠床,sió-hîng ê lâng-sn̂g,10,sió-hêng ê lâng-sn̂g,sio2hing5e5lang5sng5,sio2heng5e5lang5sng5,siohingelangsng,siohengelangsng,shels,shels,True,False
尪仔頭模仔,ang-á-thâu-bôo-á,10,ang-á-thâu-bô͘-á,ang1a2thau5boo5a2,ang1a2thau5boo5a2,angathaubooa,angathaubooa,aatba,aatba,True,False
帽仔,bō-á,10,bō-á,bo7a2,bo7a2,boa,boa,ba,ba,True,False
彎角柱仔跤,uan-kak thiāu-á-kha,10,oan-kak thiāu-á-kha,uan1kak4thiau7a2kha1,oan1kak4thiau7a2kha1,uankakthiauakha,oankakthiauakha,uktak,oktak,True,False
彩繪錦花仔,tshái-uē-gím-hue-á,10,chhái-ōe-gím-hoe-á,tshai2ue7gim2hue1a2,chhai2oe7gim2hoe1a2,tshaiuegimhuea,chhaioegimhoea,tugha,cogha,True,False
彩色的玻璃,tshái-sik-ê po-lê,10,chhái-sek-ê po-lê,tshai2sik4e5po1le5,chhai2sek4e5po1le5,tshaisikepole,chhaisekepole,tsepl,csepl,True,False
戰甲人字甲,tsiàn-kah jîn-jī-kah,10,chiàn-kah jîn-jī-kah,tsian3kah4jin5ji7kah4,chian3kah4jin5ji7kah4,tsiankahjinjikah,chiankahjinjikah,tkjjk,ckjjk,True,False
手巾仔,tshiú-kin-á,10,chhiú-kin-á,tshiu2kin1a2,chhiu2kin1a2,tshiukina,chhiukina,tka,cka,True,False
手指,tshiú-tsí,10,chhiú-chí,tshiu2tsi2,chhiu2chi2,tshiutsi,chhiuchi,tt,cc,True,True
拍空的工具,phah-khang ê kang-kū,10,phah-khang ê kang-kū,phah4khang1e5kang1ku7,phah4khang1e5kang1ku7,phahkhangekangku,phahkhangekangku,pkekk,pkekk,True,False
挑紗的戰甲,thiàu-se ê tsiàn-kah,10,thiàu-se ê chiàn-kah,thiau3se1e5tsian3kah4,thiau3se1e5chian3kah4,thiauseetsiankah,thiauseechiankah,tsetk,tseck,True,False
捲紙的鐵筆,kńg-tsuá-ê thih-pit,10,kńg-chóa-ê thih-pit,kng2tsua2e5thih4pit4,kng2choa2e5thih4pit4,kngtsuaethihpit,kngchoaethihpit,ktetp,kcetp,True,False
摃槌仔,kòng-thuî-á,10,kòng-thûi-á,kong3thui5a2,kong3thui5a2,kongthuia,kongthuia,kta,kta,True,True
斧頭,póo-thâu,10,pó͘-thâu,poo2thau5,poo2thau5,poothau,poothau,pt,pt,True,False
時鐘,sî-tsing,10,sî-cheng,si5tsing1,si5cheng1,sitsing,sicheng,st,sc,True,False
晟手的二鏨,tshiânn-tshiú ê jī-tsām,10,chhiâⁿ-chhiú ê jī-chām,tshiann5tshiu2e5ji7tsam7,chhiann5chhiu2e5ji7cham7,tshianntshiuejitsam,chhiannchhiuejicham,ttejt,ccejc,True,False
柴做的飯坩,tshâ tsò ê pn̄g-khann,10,chhâ chò ê pn̄g-khaⁿ,tsha5tso3e5png7khann1,chha5cho3e5png7khann1,tshatsoepngkhann,chhachoepngkhann,ttepk,ccepk,True,False
柴的敲槌仔,tshâ ê khà-thuî-á,10,chhâ ê khà-thûi-á,tsha5e5kha3thui5a2,chha5e5kha3thui5a2,tshaekhathuia,chhaekhathuia,tekta,cekta,True,False
柴雕的劍獅,tshâ-tiau ê kiàm-sai,10,chhâ-tiau ê kiàm-sai,tsha5tiau1e5kiam3sai1,chha5tiau1e5kiam3sai1,tshatiauekiamsai,chhatiauekiamsai,tteks,cteks,True,False
椅條,í-liâu,10,í-liâu,i2liau5,i2liau5,iliau,iliau,il,il,True,False
楓仔樹,png-á-tshiū,10,png-á-chhiū,png1a2tshiu7,png1a2chhiu7,pngatshiu,pngachhiu,pat,pac,True,False
樟仔柴冊櫃,tsiunn-á-tshâ tsheh-kuì,10,chiuⁿ-á-chhâ chheh-kùi,tsiunn1a2tsha5tsheh4kui3,chiunn1a2chha5chheh4kui3,tsiunnatshatshehkui,chiunnachhachhehkui,tattk,cacck,True,False
泉州派牽線,tsuân-tsiu-phài khan-suànn,10,choân-chiu-phài khan-sòaⁿ,tsuan5tsiu1phai3khan1suann3,choan5chiu1phai3khan1soann3,tsuantsiuphaikhansuann,choanchiuphaikhansoann,ttpks,ccpks,True,False
泡棉的膠帶,phàu-mî ê ka-tuà,10,phàu-mî ê ka-tòa,phau3mi5e5ka1tua3,phau3mi5e5ka1toa3,phaumiekatua,phaumiekatoa,pmekt,pmekt,True,False
湯匙,thng-sî,10,thng-sî,thng1si5,thng1si5,thngsi,thngsi,ts,ts,True,False
火炭的熨斗,hué-thuànn ê ut-táu,10,hóe-thòaⁿ ê ut-táu,hue2thuann3e5ut4tau2,hoe2thoann3e5ut4tau2,huethuanneuttau,hoethoanneuttau,hteut,hteut,True,False
烏枋,oo-pang,10,o͘-pang,oo1pang1,oo1pang1,oopang,oopang,op,op,True,False
烘爐,hang-lôo,10,hang-lô͘,hang1loo5,hang1loo5,hangloo,hangloo,hl,hl,True,False
玉蘭,gio̍k-lân,10,gio̍k-lân,giok8lan5,giok8lan5,gioklan,gioklan,gl,gl,True,False
玫瑰,muî-kuì,10,mûi-kùi,mui5kui3,mui5kui3,muikui,muikui,mk,mk,True,False
番仔火,huan-á-hué,10,hoan-á-hóe,huan1a2hue2,hoan1a2hoe2,huanahue,hoanahoe,hah,hah,True,False
皮鞋,phuê-ê,10,phôe-ê,phue5e5,phoe5e5,phuee,phoee,pe,pe,True,False
真珠,tsin-tsu,10,chin-chu,tsin1tsu1,chin1chu1,tsintsu,chinchu,tt,cc,True,False
硩紙的鐵筆,teh-tsuá-ê thih-pit,10,teh-chóa-ê thih-pit,teh4tsua2e5thih4pit4,teh4choa2e5thih4pit4,tehtsuaethihpit,tehchoaethihpit,ttetp,tcetp,True,False
硩邊的軟墊,teh-pinn ê nńg-tiām,10,teh-piⁿ ê nńg-tiām,teh4pinn1e5nng2tiam7,teh4pinn1e5nng2tiam7,tehpinnenngtiam,tehpinnenngtiam,tpent,tpent,True,False
磨跳舞鍊仔,buâ-thiàu-bú-liān-á,10,bôa-thiàu-bú-liān-á,bua5thiau3bu2lian7a2,boa5thiau3bu2lian7a2,buathiaubuliana,boathiaubuliana,btbla,btbla,True,False
神像設計圖,sîn-siōng siat-kè-tôo,10,sîn-siōng siat-kè-tô͘,sin5siong7siat4ke3too5,sin5siong7siat4ke3too5,sinsiongsiatketoo,sinsiongsiatketoo,ssskt,ssskt,True,False
福州派粉線,hok-tsiu-phài hún-suànn,10,hok-chiu-phài hún-sòaⁿ,hok4tsiu1phai3hun2suann3,hok4chiu1phai3hun2soann3,hoktsiuphaihunsuann,hokchiuphaihunsoann,htphs,hcphs,True,False
秤仔,tshìn-á,10,chhìn-á,tshin3a2,chhin3a2,tshina,chhina,ta,ca,True,False
竹編的火籠,tik-pinn-ê hué-lang,10,tek-piⁿ-ê hóe-lang,tik4pinn1e5hue2lang1,tek4pinn1e5hoe2lang1,tikpinnehuelang,tekpinnehoelang,tpehl,tpehl,True,False
竹編的飯擔,tik-pinn ê pn̄g-tànn,10,tek-piⁿ ê pn̄g-tàⁿ,tik4pinn1e5png7tann3,tek4pinn1e5png7tann3,tikpinnepngtann,tekpinnepngtann,tpept,tpept,True,False
簇柴灰架子,tshok-tshâ-hu-kè-á,10,chhok-chhâ-hu-kè-á,tshok4tsha5hu1ke3a2,chhok4chha5hu1ke3a2,tshoktshahukea,chhokchhahukea,tthka,cchka,True,True
粗胚的大鏨,tshoo-phue ê tuā-tsām,10,chho͘-phoe ê tōa-chām,tshoo1phue1e5tua7tsam7,chhoo1phoe1e5toa7cham7,tshoophueetuatsam,chhoophoeetoacham,tpett,cpetc,True,False
粗胚的頓槌,tshoo-phue ê tǹg-thuî,10,chho͘-phoe ê tǹg-thûi,tshoo1phue1e5tng3thui5,chhoo1phoe1e5tng3thui5,tshoophueetngthui,chhoophoeetngthui,tpett,cpett,True,False
純銀的秤仔,sûn-gîn-ê tshìn-á,10,sûn-gîn-ê chhìn-á,sun5gin5e5tshin3a2,sun5gin5e5chhin3a2,sunginetshina,sunginechhina,sgeta,sgeca,True,False
茄苳入石榴,ka-tang ji̍p-tsio̍h-liû,10,ka-tang ji̍p-chio̍h-liû,ka1tang1jip8tsioh8liu5,ka1tang1jip8chioh8liu5,katangjiptsiohliu,katangjipchiohliu,ktjtl,ktjcl,True,False
草鞋,tsháu-ê,10,chháu-ê,tshau2e5,chhau2e5,tshaue,chhaue,te,ce,True,False
菜刀,tshài-to,10,chhài-to,tshai3to1,chhai3to1,tshaito,chhaito,tt,ct,True,False
調味的架仔,tiâu-bī ê kè-á,10,tiâu-bī ê kè-á,tiau5bi7e5ke3a2,tiau5bi7e5ke3a2,tiaubiekea,tiaubiekea,tbeka,tbeka,True,False
鉸刀,ka-to,10,ka-to,ka1to1,ka1to1,kato,kato,kt,kt,True,False
銅雕的祥獸,tâng-tiau ê siông-siù,10,tâng-tiau ê siông-siù,tang5tiau1e5siong5siu3,tang5tiau1e5siong5siu3,tangtiauesiongsiu,tangtiauesiongsiu,ttess,ttess,True,False
鋸仔,kì-á,10,kì-á,ki3a2,ki3a2,kia,kia,ka,ka,True,False
鋸齒的剪刀,kì-khí ê ka-to,10,kì-khí ê ka-to,ki3khi2e5ka1to1,ki3khi2e5ka1to1,kikhiekato,kikhiekato,kkekt,kkekt,True,False
鐵線,thih-suànn,10,thih-sòaⁿ,thih4suann3,thih4soann3,thihsuann,thihsoann,ts,ts,True,False
鶯歌的箸籠,ing-ko ê tī-lāng,10,eng-ko ê tī-lāng,ing1ko1e5ti7lang7,eng1ko1e5ti7lang7,ingkoetilang,engkoetilang,iketl,eketl,True,False
枇杷,gî-pê,2,gî-pê,gi5pe5,gi5pe5,gipe,gipe,gp,gp,True,False
楊梅,iûnn-muî,2,iûⁿ-mûi,iunn5mui5,iunn5mui5,iunnmui,iunnmui,im,im,True,False
剪絨,tsián-jiông,1,chián-jiông,tsian2jiong5,chian2jiong5,tsianjiong,chianjiong,tj,cj,True,False
太師椅,thài-su-í,1,thài-su-í,thai3su1i2,thai3su1i2,thaisui,thaisui,tsi,tsi,True,False
暗號,àm-hō,1,àm-hō,am3ho7,am3ho7,amho,amho,ah,ah,True,False
水族,tsuí-tso̍k,1,chúi-cho̍k,tsui2tsok8,chui2chok8,tsuitsok,chuichok,tt,cc,True,False
水晶,tsuí-tsinn,1,chúi-chiⁿ,tsui2tsinn1,chui2chinn1,tsuitsinn,chuichinn,tt,cc,True,False
洞簫,tōng-siau,1,tōng-siau,tong7siau1,tong7siau1,tongsiau,tongsiau,ts,ts,True,False
火炭,hué-thuànn,1,hóe-thòaⁿ,hue2thuann3,hoe2thoann3,huethuann,hoethoann,ht,ht,True,False
牌匾,pâi-pián,1,pâi-pián,pai5pian2,pai5pian2,paipian,paipian,pp,pp,True,False
牡丹,bóo-tan,1,bó͘-tan,boo2tan1,boo2tan1,bootan,bootan,bt,bt,True,False
甕仔,àng-á,1,àng-á,ang3a2,ang3a2,anga,anga,aa,aa,True,False
石榴,tsio̍h-liû,1,chio̍h-liû,tsioh8liu5,chioh8liu5,tsiohliu,chiohliu,tl,cl,True,False
石獅,tsio̍h-sai,1,chio̍h-sai,tsioh8sai1,chioh8sai1,tsiohsai,chiohsai,ts,cs,True,False
磅子,pōng-tsí,1,pōng-chí,pong7tsi2,pong7chi2,pongtsi,pongchi,pt,pc,True,False
秤錘,tshìn-thuî,1,chhìn-thûi,tshin3thui5,chhin3thui5,tshinthui,chhinthui,tt,ct,True,False
算盤,sǹg-puânn,1,sǹg-pôaⁿ,sng3puann5,sng3poann5,sngpuann,sngpoann,sp,sp,True,False
米酒,bí-tsiú,1,bí-chiú,bi2tsiu2,bi2chiu2,bitsiu,bichiu,bt,bc,True,False
糊仔,kôo-á,1,kô͘-á,koo5a2,koo5a2,kooa,kooa,ka,ka,True,False
翼股,si̍t-kóo,1,si̍t-kó͘,sit8koo2,sit8koo2,sitkoo,sitkoo,sk,sk,True,False
葫蘆,hôo-lôo,1,hô͘-lô͘,hoo5loo5,hoo5loo5,hooloo,hooloo,hl,hl,True,True
葵扇,khuê-sìnn,1,khôe-sìⁿ,khue5sinn3,khoe5sinn3,khuesinn,khoesinn,ks,ks,True,False
薯榔,tsû-nn̂g,1,chû-nn̂g,tsu5nng5,chu5nng5,tsunng,chunng,tn,cn,True,False
蝴蝶,ôo-tia̍p,1,ô͘-tia̍p,oo5tiap8,oo5tiap8,ootiap,ootiap,ot,ot,True,False
雞籠,ke-lang,1,ke-lang,ke1lang1,ke1lang1,kelang,kelang,kl,kl,True,False
風調雨順,hong-tiâu-ú-sūn,1,hong-tiâu-ú-sūn,hong1tiau5u2sun7,hong1tiau5u2sun7,hongtiauusun,hongtiauusun,htus,htus,True,False
飯匙,pn̄g-sî,1,pn̄g-sî,png7si5,png7si5,pngsi,pngsi,ps,ps,True,False
飯篱,pn̄g-lē,1,pn̄g-lē,png7le7,png7le7,pngle,pngle,pl,pl,True,False
鹿仔,lo̍k-á,1,lo̍k-á,lok8a2,lok8a2,loka,loka,la,la,True,False
麒麟,kî-lîn,1,kî-lîn,ki5lin5,ki5lin5,kilin,kilin,kl,kl,True,False
麥芽膏,be̍h-gê-ko,1,be̍h-gê-ko,beh8ge5ko1,beh8ge5ko1,behgeko,behgeko,bgk,bgk,True,False
麻布,muâ-pòo,1,môa-pò͘,mua5poo3,moa5poo3,muapoo,moapoo,mp,mp,True,False
𥴊壺仔,kám-ôo-á,1,kám-ô͘-á,kam2oo5a2,kam2oo5a2,kamooa,kamooa,koa,koa,True,False
