hanzi,tl,frequency,poj
⺗,sim,50,sim
⺮,tik,50,tek
⺼,hi̍k,50,he̍k
⺼,jio̍k,50,jio̍k
⺼,lio̍k,50,lio̍k
⻍,thiok,50,thiok
⻍,tshiok,50,chhiok
⻏,ip,50,ip
㖢,tsîr,50,chîr
㖢,tsû,50,chû
㝹,liô,50,liô
㞐,kir,50,kir
㠁,tsherm,50,chherm
㠁,tshim,50,chhim
㣺,sim,50,sim
㤉,gêr,50,gêr
㹑,sìr,50,sìr
㹑,sù,50,sù
䂜,pāng,50,pāng
䂜,pǎng,50,pǎng
䎣,sīr,50,sīr
䎣,sū,50,sū
䎣,sǐr,50,sǐr
䥑,be̍h,50,be̍h
䳄,tshir,50,chhir
䳄,tshu,50,chhu
䳄,tsir,50,chir
䳄,tsu,50,chu
一,tsi̍k,50,che̍k
七,tshik,50,chhek
丄,sióng,50,sióng
丄,siāng,50,siāng
丄,siōng,50,siōng
丄,siǒng,50,siǒng
丄,tshiōnn,50,chhiōⁿ
丄,tshiūnn,50,chhiūⁿ
丄,tshiǔnn,50,chhiǔⁿ
丄,tsiōnn,50,chiōⁿ
丄,tsiūnn,50,chiūⁿ
丄,tsiǔnn,50,chiǔⁿ
丅,hā,50,hā
丅,hē,50,hē
丅,hě,50,hě
丅,hǎ,50,hǎ
丅,khē,50,khē
丅,khě,50,khě
丅,ē,50,ē
丅,ě,50,ě
丈,tiǒng,50,tiǒng
丈,tňg,50,tňg
上,siǒng,50,siǒng
下,hě,50,hě
下,hǎ,50,hǎ
下,khē,50,khē
下,khě,50,khě
且,tshir,50,chhir
且,tshu,50,chhu
並,pǐng,50,pěng
丨,kún,50,kún
个,gê,50,gê
丶,tsú,50,chú
丷,pat,50,pat
丼,tsénn,50,chéⁿ
丼,tsínn,50,chíⁿ
丼,tám,50,tám
丿,phiat,50,phiat
乁,î,50,î
乚,írn,50,írn
乚,ún,50,ún
也,iǎ,50,iǎ
也,ǎ,50,ǎ
乿,tǐ,50,tǐ
予,ír,50,ír
予,îr,50,îr
事,tsìr,50,chìr
事,tsù,50,chù
于,ir,50,ir
于,îr,50,îr
五,góo,50,gó͘
五,ngōo,50,ngō͘
亖,sìr,50,sìr
亖,sù,50,sù
亗,hè,50,hè
亗,hèr,50,hèr
亗,suè,50,sòe
亝,tsai,50,chai
亝,tserê,50,chêre
亝,tsir,50,chir
亝,tsu,50,chu
亝,tsuê,50,chôe
亝,tsê,50,chê
亠,thiô,50,thiô
亥,hǎi,50,hǎi
亻,jîn,50,jîn
亻,lîn,50,lîn
从,tsiông,50,chiông
仔,tsir,50,chir
仔,tsu,50,chu
仔,tsír,50,chír
仕,sīr,50,sīr
仕,sǐr,50,sǐr
仗,thiōng,50,thiōng
仗,thiǒng,50,thiǒng
仗,tiǒng,50,tiǒng
仟,tshainn,50,chhaiⁿ
仟,tshan,50,chhan
仟,tshirinn,50,chhiriⁿ
仟,tshuinn,50,chhuiⁿ
代,tēr,50,tēr
件,kiān,50,kiān
件,kiǎnn,50,kiǎⁿ
伃,îr,50,îr
伅,tūn,50,tūn
伅,tǔn,50,tǔn
伍,gōo,50,gō͘
伍,gǒo,50,gǒ͘
伎,kǐ,50,kǐ
伙,hér,50,hér
伢,gâ,50,gâ
伢,gê,50,gê
伫,tīr,50,tīr
伫,tū,50,tū
伫,tǐr,50,tǐr
伬,tshē,50,chhē
伬,tshě,50,chhě
伴,phuǎn,50,phoǎn
伷,tiū,50,tiū
伷,tiǔ,50,tiǔ
伹,tshir,50,chhir
伹,tshu,50,chhu
伺,sìr,50,sìr
伺,sù,50,sù
伺,sīr,50,sīr
伻,phinn,50,phiⁿ
似,sīr,50,sīr
似,sǐr,50,sǐr
佀,sīr,50,sīr
佀,sǐr,50,sǐr
佃,tirīnn,50,tīriⁿ
佃,tuīnn,50,tūiⁿ
佃,tāinn,50,tāiⁿ
但,tǎn,50,tǎn
佇,tír,50,tír
佇,tú,50,tú
佉,khir,50,khir
佌,tshír,50,chhír
低,kě,50,kě
余,îr,50,îr
佢,kīr,50,kīr
佢,kǐr,50,kǐr
佩,pē,50,pē
佩,pēr,50,pēr
佽,tshìr,50,chhìr
使,sìr,50,sìr
使,sír,50,sír
侍,sīr,50,sīr
供,kirínn,50,kíriⁿ
供,kuínn,50,kúiⁿ
供,káinn,50,káiⁿ
侞,jîr,50,jîr
侞,lîr,50,lîr
侞,lû,50,lû
侢,tsāi,50,chāi
侢,tsǎi,50,chǎi
侶,līr,50,līr
侶,lǐr,50,lǐr
俆,sir,50,sir
俆,su,50,su
俆,sîr,50,sîr
俔,hiān,50,hiān
俔,hiǎn,50,hiǎn
俔,kiàn,50,kiàn
俟,sīr,50,sīr
俟,sǐr,50,sǐr
俥,kir,50,kir
俬,sir,50,sir
俬,su,50,su
俴,tsiān,50,chiān
俴,tsiǎn,50,chiǎn
俽,herm,50,herm
倃,kiǔ,50,kiǔ
倍,puě,50,pǒe
倖,hǐng,50,hěng
倖,sǐng,50,sěng
倨,kìr,50,kìr
倪,gerê,50,gêre
倭,er,50,er
倱,hǔn,50,hǔn
倳,tsìr,50,chìr
倽,siáng,50,siáng
倽,siâng,50,siâng
偈,kì,50,kì
偈,kē,50,kē
偈,kī,50,kī
偌,luǎ,50,lǒa
偒,tōng,50,tōng
偒,tǒng,50,tǒng
偡,tām,50,tām
偡,tǎm,50,tǎm
偦,sir,50,sir
偦,su,50,su
偦,sír,50,sír
偦,sú,50,sú
偨,tshir,50,chhir
偨,tshu,50,chhu
偩,hǔ,50,hǔ
偫,tǐ,50,tǐ
偲,sir,50,sir
傂,tī,50,tī
傂,tǐ,50,tǐ
傐,hō,50,hō
傐,hǒ,50,hǒ
債,tseh,50,cheh
債,tserh,50,cherh
債,tsèr,50,chèr
僎,tsuǎn,50,choǎn
像,siǒng,50,siǒng
像,tshiǔnn,50,chhiǔⁿ
僐,siān,50,siān
僐,siǎn,50,siǎn
僩,hān,50,hān
僩,hǎn,50,hǎn
僿,sìr,50,sìr
僿,sù,50,sù
儂,lâng,50,lâng
儘,tsǐn,50,chǐn
儡,lér,50,lér
儢,līr,50,līr
儢,lǐr,50,lǐr
儩,sìr,50,sìr
儩,sù,50,sù
儲,thír,50,thír
儲,thîr,50,thîr
儲,thú,50,thú
儿,lîn,50,lîn
允,írn,50,írn
兆,tiǎu,50,tiǎu
兆,tiǒ,50,tiǒ
先,sainn,50,saiⁿ
先,sirinn,50,siriⁿ
先,suinn,50,suiⁿ
兕,sīr,50,sīr
兕,sǐr,50,sǐr
典,tirínn,50,tíriⁿ
典,tuínn,50,túiⁿ
冑,tiǔ,50,tiǔ
凥,kir,50,kir
刂,to,50,to
切,tshereh,50,chhereh
切,tshueh,50,chhoeh
刞,tshìr,50,chhìr
刞,tshù,50,chhù
刷,seh,50,seh
刷,serh,50,serh
前,tsirînn,50,chîriⁿ
前,tsuînn,50,chûiⁿ
剚,tsìr,50,chìr
剾,there,50,there
劃,ere̍h,50,e̍reh
劤,kìrn,50,kìrn
劤,kùn,50,kùn
努,lōo,50,lō͘
努,lǒo,50,lǒ͘
劯,tsir,50,chir
劯,tsu,50,chu
勏,piō,50,piō
勏,piǒ,50,piǒ
動,tǎng,50,tǎng
勥,kiōng,50,kiōng
勥,kiǒng,50,kiǒng
勭,tông,50,tông
勭,tōng,50,tōng
勭,tǒng,50,tǒng
勮,kīr,50,kīr
勮,kū,50,kū
勴,līr,50,līr
匷,kîr,50,kîr
匷,kû,50,kû
匸,hē,50,hē
匸,hě,50,hě
千,tshainn,50,chhaiⁿ
千,tshan,50,chhan
千,tshirinn,50,chhiriⁿ
千,tshuinn,50,chhuiⁿ
午,ngió,50,ngió
卍,bān,50,bān
即,tsit,50,chit
厚,hiǒ,50,hiǒ
厵,guân,50,goân
厶,sir,50,sir
厺,khìr,50,khìr
反,pirínn,50,píriⁿ
叒,lio̍k,50,lio̍k
叓,sīr,50,sīr
叓,sū,50,sū
受,siǔ,50,siǔ
叙,sīr,50,sīr
叙,sū,50,sū
叙,sǐr,50,sǐr
古,kió,50,kió
史,sír,50,sír
司,sir,50,sir
吇,tsír,50,chír
吇,tsú,50,chú
后,hiǒ,50,hiǒ
否,hió,50,hió
吪,êr,50,êr
听,gírn,50,gírn
听,gún,50,gún
吮,sūn,50,sūn
吮,sǔn,50,sǔn
呂,līr,50,līr
呂,lǐr,50,lǐr
呃,erh,50,erh
呃,e̍rh,50,e̍rh
呃,irh,50,irh
呃,èr,50,èr
呰,tsír,50,chír
呲,tsîr,50,chîr
呲,tsû,50,chû
呼,kher,50,kher
呿,khir,50,khir
咀,tsīr,50,chīr
咀,tsū,50,chū
咀,tsǐr,50,chǐr
咊,hê,50,hê
咊,hêr,50,hêr
咊,hôo,50,hô͘
咊,hōo,50,hō͘
和,hêr,50,hêr
咎,kiǔ,50,kiǔ
咧,eh,50,eh
咧,lerh,50,lerh
咧,lirh,50,lirh
咧,terh,50,terh
咨,tsir,50,chir
哯,hiǎn,50,hiǎn
哽,ke̍h,50,ke̍h
唄,pāi,50,pāi
唪,hōng,50,hōng
唪,hǒng,50,hǒng
唫,kīm,50,kīm
唫,kǐm,50,kǐm
唵,ám,50,ám
唹,ir,50,ir
唹,u,50,u
唼,sap,50,sap
啊,iah,50,iah
啖,tǎm,50,tǎm
啗,tǎm,50,tǎm
啙,tsír,50,chír
啙,tsú,50,chú
啜,tsheh,50,chheh
啜,tshereh,50,chhereh
啜,tsherh,50,chherh
啜,tshn̍gh,50,chhn̍gh
啜,tshueh,50,chhoeh
啿,tām,50,tām
啿,tǎm,50,tǎm
善,siǎn,50,siǎn
喏,hiā,50,hiā
喏,hiǎ,50,hiǎ
喏,liá,50,liá
單,siǎn,50,siǎn
嗔,tshin,50,chhin
嗞,tsir,50,chir
嗞,tsu,50,chu
嗣,sīr,50,sīr
嗲,terh,50,terh
嗲,te̍rh,50,te̍rh
嘙,pô,50,pô
嘛,mǎ,50,mǎ
嘟,tu̍h,50,tu̍h
嘾,tām,50,tām
嘾,tǎm,50,tǎm
噉,tām,50,tām
噉,tǎm,50,tǎm
噓,hir,50,hir
噓,sir,50,sir
噓,sīr,50,sīr
嚩,po̍k,50,po̍k
嚽,tsheh,50,chheh
嚽,tshereh,50,chhereh
嚽,tsherh,50,chherh
嚽,tshueh,50,chhoeh
囮,bêr,50,bêr
圁,gîrn,50,gîrn
圁,gûn,50,gûn
圄,gír,50,gír
圉,gír,50,gír
圉,gīr,50,gīr
圉,gū,50,gū
土,thió,50,thió
圩,hir,50,hir
圩,hu,50,hu
圩,îr,50,îr
圩,û,50,û
圵,tōng,50,tōng
圵,tǒng,50,tǒng
圻,gîrn,50,gîrn
圻,gûn,50,gûn
坋,hūn,50,hūn
坋,hǔn,50,hǔn
坐,tsǒo,50,chǒ͘
坥,tshir,50,chhir
坥,tshu,50,chhu
坯,pher,50,pher
坾,tīr,50,tīr
坾,tū,50,tū
坾,tǐr,50,tǐr
垁,tī,50,tī
垁,tǐ,50,tǐ
垂,sêr,50,sêr
垎,keh,50,keh
垐,tsîr,50,chîr
垐,tsû,50,chû
垕,hiō,50,hiō
垕,hiǒ,50,hiǒ
垗,tiǎu,50,tiǎu
垠,gîrn,50,gîrn
垷,hiǎn,50,hiǎn
垻,pè,50,pè
垻,pèr,50,pèr
垿,sīr,50,sīr
垿,sū,50,sū
垿,sǐr,50,sǐr
埍,hiān,50,hiān
埍,hiǎn,50,hiǎn
埤,pī,50,pī
埤,pǐ,50,pǐ
埭,tēr,50,tēr
埵,tóo,50,tó͘
培,piō,50,piō
培,piǒ,50,piǒ
培,pē,50,pē
培,pēr,50,pēr
培,pěr,50,pěr
基,kere,50,kere
基,kue,50,koe
堇,khîrn,50,khîrn
堇,khûn,50,khûn
堛,phe̍h,50,phe̍h
堛,phe̍rh,50,phe̍rh
堝,e,50,e
堝,er,50,er
堲,tsîr,50,chîr
堲,tsû,50,chû
塣,tīng,50,tēng
塣,tǐng,50,těng
墐,khîrn,50,khîrn
墐,khûn,50,khûn
墓,biō,50,biō
墜,sē,50,sē
墜,sēr,50,sēr
墟,hir,50,hir
墠,siǎn,50,siǎn
墡,siān,50,siān
墡,siǎn,50,siǎn
墮,tōo,50,tō͘
墮,tǒo,50,tǒ͘
墯,tōo,50,tō͘
墯,tǒo,50,tǒ͘
墾,khírn,50,khírn
壉,kīr,50,kīr
壉,kū,50,kū
壏,hām,50,hām
壏,hǎm,50,hǎm
壙,khǹg,50,khǹg
壝,uǐ,50,ǔi
壩,pèr,50,pèr
士,sīr,50,sīr
士,sǐr,50,sǐr
壯,tshuàng,50,chhoàng
夂,tí,50,tí
夊,sui,50,sui
夥,hér,50,hér
央,irinn,50,iriⁿ
央,uinn,50,uiⁿ
夯,hang,50,hang
夯,pūn,50,pūn
夯,pǔn,50,pǔn
夰,hō,50,hō
夰,hǒ,50,hǒ
夾,ngereh,50,ngereh
奆,kuān,50,koān
奆,kuǎn,50,koǎn
奉,hǒng,50,hǒng
奘,tsǒng,50,chǒng
奪,te̍h,50,te̍h
奪,te̍rh,50,te̍rh
如,jîr,50,jîr
如,lîr,50,lîr
妌,tsīng,50,chēng
妌,tsǐng,50,chěng
妓,kǐ,50,kǐ
妡,herm,50,herm
妤,îr,50,îr
妳,ní,50,ní
妻,tshere,50,chhere
妻,tshie,50,chhie
姒,sīr,50,sīr
姒,sǐr,50,sǐr
姕,tsir,50,chir
姕,tsu,50,chu
姖,kīr,50,kīr
姖,kū,50,kū
姖,kǐr,50,kǐr
姛,tǒng,50,tǒng
姿,tsir,50,chir
娊,hiān,50,hiān
娊,hiǎn,50,hiǎn
婄,piō,50,piō
婄,piǒ,50,piǒ
婞,hǐng,50,hěng
婢,pǐ,50,pǐ
婫,hūn,50,hūn
婫,hǔn,50,hǔn
婮,kir,50,kir
婮,ku,50,ku
婸,tǒng,50,tǒng
媍,hǔ,50,hǔ
媍,pū,50,pū
媍,pǔ,50,pǔ
媑,tiōng,50,tiōng
媑,tiǒng,50,tiǒng
媠,tōo,50,tō͘
媠,tǒo,50,tǒ͘
媤,sir,50,sir
媤,su,50,su
嫖,phe̍h,50,phe̍h
嫖,phe̍rh,50,phe̍rh
嫷,tōo,50,tō͘
嫷,tǒo,50,tǒ͘
嬜,herm,50,herm
嬜,him,50,him
嬤,móo,50,mó͘
嬧,tsīn,50,chīn
嬧,tsǐn,50,chǐn
嬨,tsîr,50,chîr
嬩,îr,50,îr
嬩,û,50,û
孃,niâ,50,niâ
孃,niû,50,niû
孖,tsir,50,chir
字,tsīr,50,chīr
孜,tsir,50,chir
孳,tsir,50,chir
孶,tsir,50,chir
孶,tsu,50,chu
宁,tīr,50,tīr
宁,tū,50,tū
宁,tǐr,50,tǐr
宙,tiǔ,50,tiǔ
尹,írn,50,írn
尺,tshē,50,chhē
尺,tshě,50,chhě
屢,lír,50,lír
屮,thiat,50,thiat
岠,kīr,50,kīr
岠,kǐr,50,kǐr
岨,tshir,50,chhir
岨,tshu,50,chhu
岨,tsīr,50,chīr
岨,tsū,50,chū
岨,tsǐr,50,chǐr
岵,hǒo,50,hǒ͘
峊,hū,50,hū
峊,hǔ,50,hǔ
峎,gírn,50,gírn
峎,gún,50,gún
峙,tī,50,tī
峙,tǐ,50,tǐ
峴,hiān,50,hiān
峴,hiǎn,50,hiǎn
峾,gîrn,50,gîrn
峾,gûn,50,gûn
峿,gír,50,gír
峿,gú,50,gú
崌,kir,50,kir
崵,tǒng,50,tǒng
崻,tī,50,tī
崻,tǐ,50,tǐ
嵀,tsū,50,chū
嵀,tsǔ,50,chǔ
嵈,uān,50,oān
嵈,uǎn,50,oǎn
嵗,hè,50,hè
嵗,hèr,50,hèr
嵗,suè,50,sòe
嵣,tōng,50,tōng
嵣,tǒng,50,tǒng
嵫,tsir,50,chir
嵯,tshir,50,chhir
嵳,tshir,50,chhir
嵾,tsherm,50,chherm
嵾,tshim,50,chhim
嶜,tserm,50,cherm
嶜,tsim,50,chim
嶞,tōo,50,tō͘
嶞,tǒo,50,tǒ͘
嶰,hǎi,50,hǎi
嶵,tsuē,50,chōe
嶵,tsuě,50,chǒe
巨,kīr,50,kīr
巨,kǐr,50,kǐr
差,tshir,50,chhir
差,tshu,50,chhu
巳,sīr,50,sīr
巳,sǐr,50,sǐr
市,tshǐ,50,chhǐ
布,piò,50,piò
帍,hōo,50,hō͘
帍,hǒo,50,hǒ͘
帤,jîr,50,jîr
帤,lîr,50,lîr
帤,lû,50,lû
幌,hōng,50,hōng
幌,hǒng,50,hǒng
幓,serm,50,serm
幓,sim,50,sim
幸,hǐng,50,hěng
庉,tūn,50,tūn
庉,tǔn,50,tǔn
序,sīr,50,sīr
序,sǐ,50,sǐ
序,sǐr,50,sǐr
底,tīr,50,tīr
底,tǐ,50,tǐ
底,tǐr,50,tǐr
店,tirìnn,50,tìriⁿ
店,tuìnn,50,tùiⁿ
店,tàinn,50,tàiⁿ
庤,tǐ,50,tǐ
座,tsǒ,50,chǒ
座,tsǒo,50,chǒ͘
庶,sìr,50,sìr
廈,hǎ,50,hǎ
廈,ē,50,ē
廈,ě,50,ě
廝,sir,50,sir
廞,herm,50,herm
廬,lîr,50,lîr
弅,hūn,50,hūn
弅,hǔn,50,hǔn
弆,kír,50,kír
弆,kú,50,kú
弓,kirn,50,kirn
弜,kiōng,50,kiōng
弜,kiǒng,50,kiǒng
弩,lǒo,50,lǒ͘
強,kiǒng,50,kiǒng
彆,piat,50,piat
彊,kiǒng,50,kiǒng
彐,kè,50,kè
彑,kè,50,kè
彝,î,50,î
彡,sam,50,sam
待,thǎi,50,thǎi
很,hírn,50,hírn
徐,tshîr,50,chhîr
徐,tshû,50,chhû
得,lè,50,lè
得,lèr,50,lèr
徛,khā,50,khā
徛,khǎ,50,khǎ
徛,kī,50,kī
徛,kǐ,50,kǐ
御,gīr,50,gīr
徥,sî,50,sî
徥,sī,50,sī
徥,sǐ,50,sǐ
微,bê,50,bê
微,bêr,50,bêr
忄,sim,50,sim
快,kherè,50,khère
快,kherē,50,khēre
快,khirìnn,50,khìriⁿ
快,khuè,50,khòe
快,khuē,50,khōe
快,khē,50,khē
忬,īr,50,īr
忬,ū,50,ū
忻,herm,50,herm
怇,kīr,50,kīr
怇,kǐr,50,kǐr
怉,phō,50,phō
怉,phǒ,50,phǒ
怎,tsirínn,50,chíriⁿ
怎,tsuínn,50,chúiⁿ
怎,tsérm,50,chérm
怙,hǒo,50,hǒ͘
怙,kǒo,50,kǒ͘
怚,tsìr,50,chìr
怚,tsù,50,chù
怚,tsīr,50,chīr
怚,tsū,50,chū
怚,tsǐr,50,chǐr
思,sir,50,sir
思,sìr,50,sìr
怠,tǎi,50,tǎi
怹,in,50,in
恀,sī,50,sī
恀,sǐ,50,sǐ
恀,tsí,50,chí
恃,sǐ,50,sǐ
恕,sìr,50,sìr
恖,sir,50,sir
恖,su,50,su
恖,sìr,50,sìr
恖,sù,50,sù
恣,tsìr,50,chìr
恬,tiǎm,50,tiǎm
悆,īr,50,īr
悆,ū,50,ū
悌,tě,50,tě
悎,hǒ,50,hǒ
悻,hīng,50,hēng
悻,hǐng,50,hěng
惝,tshirínn,50,chhíriⁿ
惝,tshuínn,50,chhúiⁿ
惝,tsháinn,50,chháiⁿ
惞,herm,50,herm
惞,him,50,him
惰,tǒo,50,tǒ͘
惿,sī,50,sī
惿,sǐ,50,sǐ
愓,tǒng,50,tǒng
愢,sai,50,sai
愢,sir,50,sir
愢,su,50,su
愰,hōng,50,hōng
愰,hǒng,50,hǒng
慇,irn,50,irn
慈,tshîr,50,chhîr
慈,tsîr,50,chîr
慣,kirìnn,50,kìriⁿ
慣,kuìnn,50,kùiⁿ
慬,khîrn,50,khîrn
慬,khûn,50,khûn
憚,tǎn,50,tǎn
憤,hūn,50,hūn
憤,hǔn,50,hǔn
憪,hân,50,hân
憪,hǎn,50,hǎn
憺,tǎm,50,tǎm
懃,khîrn,50,khîrn
懄,khîrn,50,khîrn
懄,khûn,50,khûn
懅,kīr,50,kīr
懅,kū,50,kū
懇,khírn,50,khírn
懈,hǎi,50,hǎi
懢,hām,50,hām
懢,hǎm,50,hǎm
懸,kirînn,50,kîriⁿ
懸,kuînn,50,kûiⁿ
戎,liông,50,liông
戛,khiak,50,khiak
截,tsere̍h,50,che̍reh
戺,sīr,50,sīr
戺,sǐr,50,sǐr
扂,tiǎm,50,tiǎm
扈,hǒo,50,hǒ͘
扌,siú,50,siú
扌,tshiú,50,chhiú
扗,tsāi,50,chāi
扗,tsǎi,50,chǎi
扙,tiōng,50,tiōng
扙,tiǒng,50,tiǒng
扮,hūn,50,hūn
扮,hǔn,50,hǔn
扯,tshér,50,chhér
技,kǐ,50,kǐ
抐,lǎ,50,lǎ
抒,sir,50,sir
抒,su,50,su
抱,pǒ,50,pǒ
抾,khir,50,khir
拒,kīr,50,kīr
拒,kǐr,50,kǐr
拫,hîrn,50,hîrn
拫,hûn,50,hûn
拭,tseh,50,cheh
拭,tserh,50,cherh
指,tsirínn,50,chíriⁿ
挏,tǒng,50,tǒng
挐,jîr,50,jîr
挐,lîr,50,lîr
挾,kere̍h,50,ke̍reh
挾,kue̍h,50,koe̍h
挾,ngere̍h,50,nge̍reh
捋,leh,50,leh
捋,lerh,50,lerh
据,kir,50,kir
据,ku,50,ku
掃,serè,50,sère
掃,suè,50,sòe
掍,hǔn,50,hǔn
揀,kirínn,50,kíriⁿ
揀,kuínn,50,kúiⁿ
揆,kuī,50,kūi
揆,kuǐ,50,kǔi
提,there̍h,50,the̍reh
揟,sir,50,sir
搆,kio,50,kio
搆,kiò,50,kiò
摢,thir,50,thir
摢,thu,50,thu
摴,thir,50,thir
摽,piāu,50,piāu
摽,piǎu,50,piǎu
撊,hǎn,50,hǎn
撔,hīng,50,hēng
撔,hǐng,50,hěng
撕,si,50,si
撕,sir,50,sir
撖,hām,50,hām
撖,hǎm,50,hǎm
撣,tǎn,50,tǎn
撪,pūn,50,pūn
撪,pǔn,50,pǔn
撮,tseh,50,cheh
撮,tserh,50,cherh
撮,tsheh,50,chheh
撮,tsherh,50,chherh
撰,tsuǎn,50,choǎn
擼,lōo,50,lō͘
擼,lǒo,50,lǒ͘
攄,thir,50,thir
攴,phok,50,phok
攵,phok,50,phok
改,keré,50,kére
敍,sīr,50,sīr
敍,sū,50,sū
敍,sǐr,50,sǐr
敔,gír,50,gír
敘,sīr,50,sīr
敘,sǐr,50,sǐr
斦,gîrn,50,gîrn
斦,gûn,50,gûn
斯,sir,50,sir
斳,khîrn,50,khîrn
斳,khûn,50,khûn
斷,tuǎn,50,toǎn
於,ir,50,ir
於,îr,50,îr
旅,lír,50,lír
旋,se,50,se
旋,ser,50,ser
旐,tiǎu,50,tiǎu
旟,îr,50,îr
旟,û,50,û
旤,hōo,50,hō͘
旤,hǒo,50,hǒ͘
旱,hǎn,50,hǎn
旱,uǎnn,50,ǒaⁿ
昈,hōo,50,hō͘
昈,hǒo,50,hǒ͘
昊,hǒ,50,hǒ
昏,hǔn,50,hǔn
昕,herm,50,herm
昛,kīr,50,kīr
昛,kū,50,kū
昛,kǐr,50,kǐr
昦,hō,50,hō
昦,hǒ,50,hǒ
昰,sī,50,sī
昰,sǐ,50,sǐ
晃,huáng,50,hoáng
晃,hōng,50,hōng
晃,hǒng,50,hǒng
晘,hān,50,hān
晘,hǎn,50,hǎn
晛,hiǎn,50,hiǎn
晡,pio,50,pio
晧,hǒ,50,hǒ
普,phió,50,phió
暇,hě,50,hě
暑,sír,50,sír
暠,hǒ,50,hǒ
暤,hō,50,hō
暤,hǒ,50,hǒ
暭,hō,50,hō
暭,hǒ,50,hǒ
曑,serm,50,serm
曑,sim,50,sim
書,sir,50,sir
書,tsir,50,chir
替,thuì,50,thùi
替,thèr,50,thèr
會,erě,50,ěre
會,hēr,50,hēr
會,uě,50,ǒe
朕,tǐm,50,tǐm
杆,kirinn,50,kiriⁿ
杍,tsír,50,chír
杍,tsú,50,chú
杏,hǐng,50,hěng
杖,thiōng,50,thiōng
杖,thiǒng,50,thiǒng
杖,thňg,50,thňg
杖,tiǒng,50,tiǒng
杜,tiō,50,tiō
杝,tī,50,tī
杝,tǐ,50,tǐ
杫,sìr,50,sìr
杫,sù,50,sù
杮,phèr,50,phèr
杵,thír,50,thír
杵,tshír,50,chhír
杼,thír,50,thír
杼,tīr,50,tīr
杼,tū,50,tū
杼,tǐr,50,tǐr
柌,sîr,50,sîr
柦,tān,50,tān
柦,tǎn,50,tǎn
柩,kiǔ,50,kiǔ
柩,kū,50,kū
柩,kǔ,50,kǔ
柱,thiǎu,50,thiǎu
柱,tsǔ,50,chǔ
柶,sìr,50,sìr
柶,sù,50,sù
栚,tǐm,50,tǐm
栥,tsir,50,chir
栥,tsu,50,chu
栨,tshìr,50,chhìr
栩,hír,50,hír
根,kirn,50,kirn
桇,jîr,50,jîr
桇,lîr,50,lîr
桕,kiū,50,kiū
桕,kiǔ,50,kiǔ
桳,pūn,50,pūn
桳,pǔn,50,pǔn
桻,hong,50,hong
桻,hōng,50,hōng
桻,hǒng,50,hǒng
桿,kirínn,50,kíriⁿ
梎,tsō,50,chō
梎,tsǒ,50,chǒ
梐,pě,50,pě
梓,tsír,50,chír
梠,līr,50,līr
梠,lǐr,50,lǐr
梳,sere,50,sere
棒,pǎng,50,pǎng
棓,pāng,50,pāng
棓,pǎng,50,pǎng
棜,ìr,50,ìr
棜,ù,50,ù
森,serm,50,serm
棲,sere,50,sere
棲,sue,50,soe
棽,serm,50,serm
棽,sim,50,sim
椐,kir,50,kir
椔,tsir,50,chir
楈,sir,50,sir
楒,sir,50,sir
楗,kirīnn,50,kīriⁿ
楗,kuīnn,50,kūiⁿ
楛,hǒo,50,hǒ͘
楝,nuī,50,nūi
楮,thír,50,thír
楮,thú,50,thú
榘,kír,50,kír
榘,kú,50,kú
榟,tsír,50,chír
榟,tsú,50,chú
榥,hōng,50,hōng
榥,hǒng,50,hǒng
榹,sir,50,sir
榹,su,50,su
槪,khài,50,khài
槮,serm,50,serm
槴,hǒo,50,hǒ͘
樗,thir,50,thir
樦,tsū,50,chū
樦,tsǔ,50,chǔ
橂,tirīnn,50,tīriⁿ
橂,tirǐnn,50,tǐriⁿ
橂,tuīnn,50,tūiⁿ
橂,tuǐnn,50,tǔiⁿ
橌,hān,50,hān
橌,hǎn,50,hǎn
橡,siǒng,50,siǒng
橫,hirînn,50,hîriⁿ
橱,tû,50,tû
檌,tsuē,50,chōe
檌,tsuě,50,chǒe
檭,gîrn,50,gîrn
檭,gûn,50,gûn
櫎,hōng,50,hōng
櫎,hǒng,50,hǒng
櫎,kòng,50,kòng
櫚,lîr,50,lîr
櫡,tīr,50,tīr
櫧,tsir,50,chir
櫫,tir,50,tir
櫫,tu,50,tu
櫲,īr,50,īr
櫲,ū,50,ū
櫸,kír,50,kír
欅,kír,50,kír
欅,kú,50,kú
欣,herm,50,herm
歆,herm,50,herm
歔,hir,50,hir
歟,îr,50,îr
歟,û,50,û
歠,tsheh,50,chheh
歠,tsherh,50,chherh
此,tshír,50,chhír
歫,kīr,50,kīr
歫,kū,50,kū
歫,kǐr,50,kǐr
歬,tsirînn,50,chîriⁿ
歬,tsiân,50,chiân
歬,tsuînn,50,chûiⁿ
歬,tsâinn,50,châiⁿ
歬,tsân,50,chân
歬,tsîng,50,chêng
歭,tî,50,tî
歭,tī,50,tī
歭,tǐ,50,tǐ
歳,hè,50,hè
歳,hèr,50,hèr
歳,suè,50,sòe
死,sír,50,sír
殄,tiān,50,tiān
殄,tiǎn,50,tiǎn
殆,tǎi,50,tǎi
殍,piān,50,piān
殍,piǎn,50,piǎn
殷,irn,50,irn
殿,tirīnn,50,tīriⁿ
殿,tuīnn,50,tūiⁿ
氂,môo,50,mô͘
氏,sǐ,50,sǐ
氕,phiat,50,phiat
氖,nái,50,nái
氘,to,50,to
氙,sian,50,sian
氚,tshuan,50,chhoan
氟,hut,50,hut
氡,tong,50,tong
氦,hāi,50,hāi
氦,hǎi,50,hǎi
氨,an,50,an
氪,khik,50,khek
氫,khin,50,khin
氫,khing,50,kheng
氬,à,50,à
氮,tǎm,50,tǎm
氯,lio̍k,50,lio̍k
氰,tshing,50,chheng
氵,suí,50,súi
氵,tsuí,50,chúi
汜,sīr,50,sīr
汜,sǐr,50,sǐr
汝,lír,50,lír
汞,hǒng,50,hǒng
汿,sīr,50,sīr
汿,sū,50,sū
汿,sǐr,50,sǐr
沀,sīr,50,sīr
沀,sū,50,sū
沀,sǐr,50,sǐr
沆,hōng,50,hōng
沆,hǒng,50,hǒng
沌,tǔn,50,tǔn
沙,sie,50,sie
沝,tsuí,50,chúi
沮,tsir,50,chir
沮,tsìr,50,chìr
沮,tsù,50,chù
沮,tsīr,50,chīr
沮,tsū,50,chū
沮,tsǐr,50,chǐr
治,tǐ,50,tǐ
泀,sir,50,sir
泀,su,50,su
泗,sìr,50,sìr
泚,tshír,50,chhír
泚,tsír,50,chír
泚,tsú,50,chú
泛,huàng,50,hoàng
泜,tsi,50,chi
泜,tī,50,tī
泜,tǐ,50,tǐ
泞,tīr,50,tīr
泞,tū,50,tū
泞,tǐr,50,tǐr
泤,sīr,50,sīr
泤,sū,50,sū
泤,sǐr,50,sǐr
泫,hiān,50,hiān
泫,hiǎn,50,hiǎn
泿,gîrn,50,gîrn
泿,gûn,50,gûn
洍,sīr,50,sīr
洍,sū,50,sū
洍,sǐr,50,sǐr
洰,kīr,50,kīr
洰,kū,50,kū
洰,kǐr,50,kǐr
洳,jīr,50,jīr
洳,līr,50,līr
洳,lū,50,lū
洸,hōng,50,hōng
洸,hǒng,50,hǒng
浣,uǎn,50,oǎn
浩,hǒ,50,hǒ
涁,sèrm,50,sèrm
涁,sìm,50,sìm
涂,tîr,50,tîr
涂,tû,50,tû
涗,sèr,50,sèr
涘,sīr,50,sīr
涘,sǐr,50,sǐr
涬,hīng,50,hēng
涬,hǐng,50,hěng
涭,siū,50,siū
涭,siǔ,50,siǔ
涺,kir,50,kir
淄,tsir,50,chir
淊,hām,50,hām
淊,hǎm,50,hǎm
淏,hǒ,50,hǒ
淡,tǎm,50,tǎm
淡,tǎnn,50,tǎⁿ
淤,ir,50,ir
淭,kîr,50,kîr
淭,kû,50,kû
混,hǔn,50,hǔn
清,tshirinn,50,chhiriⁿ
渚,tsír,50,chír
渠,kîr,50,kîr
渦,e,50,e
渦,er,50,er
渾,hǔn,50,hǔn
湀,kuí,50,kúi
湀,kuī,50,kūi
湀,kuǐ,50,kǔi
湑,sir,50,sir
湑,sír,50,sír
湛,tǎm,50,tǎm
湳,lòm,50,lòm
溆,sīr,50,sīr
溆,sū,50,sū
溆,sǐr,50,sǐr
溮,sir,50,sir
溵,irn,50,irn
溵,un,50,un
溾,huē,50,hōe
溾,huě,50,hǒe
滁,tîr,50,tîr
滈,hǒ,50,hǒ
滉,hōng,50,hōng
滉,hǒng,50,hǒng
滋,tsir,50,chir
滍,tī,50,tī
滍,tǐ,50,tǐ
滓,tsír,50,chír
滬,hiō,50,hiō
滬,hǒo,50,hǒ͘
滰,kiōng,50,kiōng
滰,kiǒng,50,kiǒng
滲,serm,50,serm
滷,lerē,50,lēre
滷,lerě,50,lěre
滷,luē,50,lōe
滷,luě,50,lǒe
滷,lōo,50,lō͘
滷,lǒo,50,lǒ͘
漁,gîr,50,gîr
漁,hîr,50,hîr
漬,tsirh,50,chirh
漬,tsuh,50,chuh
漬,tsìr,50,chìr
漵,sīr,50,sīr
漵,sǐr,50,sǐr
漸,tsiǎm,50,chiǎm
潒,tōng,50,tōng
潒,tǒng,50,tǒng
潡,tūn,50,tūn
潡,tǔn,50,tǔn
潬,siān,50,siān
潬,siǎn,50,siǎn
潬,tān,50,tān
潬,tǎn,50,tǎn
澋,hīng,50,hēng
澋,hǐng,50,hěng
澌,sir,50,sir
澔,hǒ,50,hǒ
澥,hǎi,50,hǎi
澦,īr,50,īr
澦,ū,50,ū
澬,tsir,50,chir
澬,tsîr,50,chîr
澬,tsû,50,chû
澸,tām,50,tām
澸,tǎm,50,tǎm
澹,tǎm,50,tǎm
澽,kìr,50,kìr
澽,kù,50,kù
澽,kīr,50,kīr
澽,kū,50,kū
濜,tsǐn,50,chǐn
濨,tsîr,50,chîr
濨,tsû,50,chû
濾,līr,50,līr
瀃,sìr,50,sìr
瀃,sù,50,sù
瀦,tir,50,tir
瀦,tu,50,tu
灝,hǒ,50,hǒ
灬,hué,50,hóe
灬,hé,50,hé
灬,hér,50,hér
灬,hónn,50,hóⁿ
灮,kng,50,kng
灮,kong,50,kong
灮,kuinn,50,kuiⁿ
灾,tsai,50,chai
灾,tse,50,che
灾,tser,50,cher
炘,herm,50,herm
炬,kīr,50,kīr
炬,kǐr,50,kǐr
烏,io,50,io
烘,hǒng,50,hǒng
烯,hi,50,hi
烴,kíng,50,kéng
焜,hǔn,50,hǔn
無,môo,50,mô͘
焣,tsū,50,chū
焣,tsǔ,50,chǔ
焮,herm,50,herm
煑,tsír,50,chír
煑,tsú,50,chú
煾,irn,50,irn
熩,hōo,50,hō͘
熩,hǒo,50,hǒ͘
燍,sir,50,sir
燍,su,50,su
燼,tsǐn,50,chǐn
爈,lîr,50,lîr
爈,lû,50,lû
爈,līr,50,līr
爈,lū,50,lū
爫,jiáu,50,jiáu
爫,liáu,50,liáu
爲,uî,50,ûi
爲,uī,50,ūi
父,hǔ,50,hǔ
爾,niǎ,50,niǎ
爾,nā,50,nā
爾,nǎ,50,nǎ
爿,pirînn,50,pîriⁿ
爿,puînn,50,pûiⁿ
爿,pâinn,50,pâiⁿ
爿,pân,50,pân
牝,pǐn,50,pǐn
牟,biô,50,biô
牭,sìr,50,sìr
牭,sù,50,sù
牸,lū,50,lū
牸,tsīr,50,chīr
牸,tsū,50,chū
犃,piō,50,piō
犃,piǒ,50,piǒ
犛,bâu,50,bâu
犛,môo,50,mô͘
犭,khián,50,khián
犾,gîrn,50,gîrn
犾,gûn,50,gûn
狙,tshir,50,chhir
狙,tshu,50,chhu
狠,hírn,50,hírn
狣,tiāu,50,tiāu
狣,tiǎu,50,tiǎu
狳,îr,50,îr
狳,û,50,û
狴,pě,50,pě
狺,gîrn,50,gîrn
猌,gīrn,50,gīrn
猌,gūn,50,gūn
猛,mí,50,mí
猥,ué,50,óe
獅,sir,50,sir
獖,hūn,50,hūn
獖,hǔn,50,hǔn
獖,pūn,50,pūn
獖,pǔn,50,pǔn
獬,hǎi,50,hǎi
玆,tsir,50,chir
玆,tsu,50,chu
玆,tsîr,50,chîr
玆,tsû,50,chû
玤,pǎng,50,pǎng
玼,tshir,50,chhir
玼,tshu,50,chhu
玼,tshír,50,chhír
玼,tshú,50,chhú
珁,tsîr,50,chîr
珁,tsû,50,chû
珢,gûn,50,gûn
珢,kirn,50,kirn
珢,kun,50,kun
珢,kìrn,50,kìrn
珢,kùn,50,kùn
琄,hiān,50,hiān
琄,hiǎn,50,hiǎn
琚,kir,50,kir
琲,puě,50,pǒe
瑊,tserm,50,cherm
瑡,sir,50,sir
瑡,su,50,su
瑹,sir,50,sir
璖,kîr,50,kîr
璖,kû,50,kû
璗,tǒng,50,tǒng
璩,kîr,50,kîr
璩,kû,50,kû
璵,îr,50,îr
璾,tsē,50,chē
璾,tsě,50,chě
瓷,tsîr,50,chîr
瓿,phió,50,phió
瓿,piō,50,piō
瓿,piǒ,50,piǒ
甆,tsîr,50,chîr
甆,tsû,50,chû
甚,sǐm,50,sǐm
甭,bóng,50,bóng
甾,tsir,50,chir
界,kerè,50,kère
畤,tī,50,tī
畤,tǐ,50,tǐ
畫,ere̍h,50,e̍reh
畫,ue̍h,50,oe̍h
畬,îr,50,îr
畬,û,50,û
畭,siâ,50,siâ
畭,îr,50,îr
畭,û,50,û
疋,sir,50,sir
疋,su,50,su
疎,sere,50,sere
疎,soo,50,so͘
疎,sue,50,soe
疏,sere,50,sere
疒,tshông,50,chhông
疵,tshir,50,chhir
疵,tshu,50,chhu
疽,tshir,50,chhir
疽,tshu,50,chhu
疽,tsir,50,chir
痕,hîrn,50,hîrn
痥,thê,50,thê
痥,thêr,50,thêr
瘀,ir,50,ir
瘕,ká,50,ká
瘸,kher,50,kher
瘸,khêr,50,khêr
癒,lú,50,lú
癙,tshír,50,chhír
癶,puat,50,poat
皁,tsǒ,50,chǒ
皂,tsǒ,50,chǒ
的,gê,50,gê
皉,tshír,50,chhír
皉,tshú,50,chhú
皓,hǒ,50,hǒ
皔,hān,50,hān
皔,hǎn,50,hǎn
皜,hō,50,hō
皜,hǒ,50,hǒ
皝,hōng,50,hōng
皝,hǒng,50,hǒng
皞,hǒ,50,hǒ
皡,hǒ,50,hǒ
皩,hōng,50,hōng
皩,hǒng,50,hǒng
盡,tsǐn,50,chǐn
盧,liô,50,liô
盪,tǒng,50,tǒng
相,siǒng,50,siǒng
盺,herm,50,herm
盻,he,50,he
盻,her,50,her
眝,tīr,50,tīr
眝,tū,50,tū
眝,tǐr,50,tǐr
眥,tshîr,50,chhîr
眥,tsīr,50,chīr
眥,tsū,50,chū
眦,tshîr,50,chhîr
眦,tsīr,50,chīr
眦,tsū,50,chū
眹,tīn,50,tīn
眹,tǐn,50,tǐn
眼,nguí,50,ngúi
着,tio̍h,50,tio̍h
着,to̍h,50,to̍h
睅,hǎn,50,hǎn
睆,huān,50,hoān
睆,huǎn,50,hoǎn
睇,thirínn,50,thíriⁿ
睇,thuínn,50,thúiⁿ
睍,hiǎn,50,hiǎn
睡,tsēr,50,chēr
睢,tsir,50,chir
睺,hiô,50,hiô
瞊,tōng,50,tōng
瞊,tǒng,50,tǒng
瞋,tshin,50,chhin
矣,ī,50,ī
矣,ǐ,50,ǐ
矷,tsír,50,chír
矷,tsú,50,chú
矽,si̍k,50,se̍k
砄,khih,50,khih
砈,eh,50,eh
砈,ik,50,ek
砑,gē,50,gē
砠,tshir,50,chhir
砠,tshu,50,chhu
砷,sin,50,sin
硍,hǎn,50,hǎn
硏,gián,50,gián
硏,nguí,50,ngúi
硐,tǒng,50,tǒng
硒,se,50,se
硘,huî,50,hûi
硢,îr,50,îr
硢,û,50,û
硥,pāng,50,pāng
硥,pǎng,50,pǎng
硬,gǐng,50,gěng
硬,ngiā,50,ngiā
硬,ngiǎ,50,ngiǎ
碋,hō,50,hō
碋,hǒ,50,hǒ
碘,tián,50,tián
碲,tè,50,tè
碾,nuí,50,núi
磁,tsîr,50,chîr
磰,siān,50,siān
磰,siǎn,50,siǎn
磲,kîr,50,kîr
礜,īr,50,īr
礜,ū,50,ū
礻,sī,50,sī
祀,sīr,50,sīr
祀,sǐr,50,sǐr
祖,tsió,50,chió
祘,suàn,50,soàn
祚,tsòo,50,chò͘
祛,khir,50,khir
祛,khu,50,khu
祜,hǒo,50,hǒ͘
祠,sîr,50,sîr
祢,ní,50,ní
祣,lír,50,lír
祳,sǐn,50,sǐn
禌,tsir,50,chir
禌,tsu,50,chu
禍,hǒo,50,hǒ͘
禍,ēr,50,ēr
禍,ěr,50,ěr
禗,sir,50,sir
禗,su,50,su
禠,sir,50,sir
禦,gīr,50,gīr
禩,sīr,50,sīr
禩,sū,50,sū
禩,sǐr,50,sǐr
禫,tǎm,50,tǎm
私,sir,50,sir
科,kher,50,kher
秗,ìr,50,ìr
秗,ù,50,ù
秬,kīr,50,kīr
秬,kū,50,kū
秬,kǐr,50,kǐr
秲,sī,50,sī
秲,tī,50,tī
秲,tǐ,50,tǐ
秶,tsir,50,chir
秶,tsu,50,chu
稆,līr,50,līr
稆,lū,50,lū
稆,lǐr,50,lǐr
稈,kirínn,50,kíriⁿ
稚,tǐ,50,tǐ
稞,khe,50,khe
稞,kher,50,kher
稰,sir,50,sir
稰,su,50,su
稰,sír,50,sír
稰,sú,50,sú
稵,tsir,50,chir
稵,tsu,50,chu
稺,tī,50,tī
稺,tǐ,50,tǐ
稻,tiǔ,50,tiǔ
穢,hè,50,hè
穢,hèr,50,hèr
穥,īr,50,īr
穥,ū,50,ū
穭,līr,50,līr
穭,lǐr,50,lǐr
穼,serm,50,serm
穼,sim,50,sim
窘,kūn,50,kūn
窘,kǔn,50,kǔn
窞,tām,50,tām
窞,tǎm,50,tǎm
窠,khe,50,khe
窠,kher,50,kher
窩,e,50,e
窩,er,50,er
窶,kū,50,kū
窶,kǔ,50,kǔ
竌,tshìr,50,chhìr
竌,tshù,50,chhù
站,tsǎm,50,chǎm
竚,tīr,50,tīr
竚,tū,50,tū
竚,tǐr,50,tǐr
竫,tsǐng,50,chěng
笥,sìr,50,sìr
笨,pǔn,50,pǔn
第,terē,50,tēre
笵,huān,50,hoān
笵,huǎn,50,hoǎn
筅,tshirínn,50,chhíriⁿ
筅,tshuínn,50,chhúiⁿ
筎,jîr,50,jîr
筎,lîr,50,lîr
筎,lû,50,lû
筥,kír,50,kír
箊,ir,50,ir
箊,u,50,u
箴,tserm,50,cherm
篆,tsuān,50,choān
篆,tsuǎn,50,choǎn
篋,khereh,50,khereh
篋,khueh,50,khoeh
篨,tîr,50,tîr
篰,phōo,50,phō͘
篰,phǒo,50,phǒ͘
篱,lerē,50,lēre
篱,lerě,50,lěre
篸,tserm,50,cherm
篸,tsherm,50,chherm
篸,tshim,50,chhim
篸,tsim,50,chim
篹,tsuǎn,50,choǎn
篽,gír,50,gír
篽,gú,50,gú
簄,hōo,50,hō͘
簄,hǒo,50,hǒ͘
簛,sir,50,sir
簛,su,50,su
簜,tǒng,50,tǒng
簟,tiǎm,50,tiǎm
簪,tserm,50,cherm
簴,kīr,50,kīr
簴,kǐr,50,kǐr
籀,tiǔ,50,tiǔ
籅,îr,50,îr
籍,tsi̍p,50,chi̍p
籍,tsìr,50,chìr
籍,tsù,50,chù
籑,tsuān,50,choān
籑,tsuǎn,50,choǎn
籒,tiū,50,tiū
籒,tiǔ,50,tiǔ
籞,gír,50,gír
籞,gú,50,gú
籠,lǎng,50,lǎng
籧,kîr,50,kîr
籪,tuǎn,50,toǎn
籹,jír,50,jír
籹,lír,50,lír
籽,tsír,50,chír
粔,kīr,50,kīr
粔,kǐr,50,kǐr
粙,tiū,50,tiū
粙,tiǔ,50,tiǔ
粞,tsherè,50,chhère
粢,tsir,50,chir
糈,sír,50,sír
糈,sú,50,sú
糍,tsîr,50,chîr
糹,bi̍k,50,be̍k
紂,tiǔ,50,tiǔ
紎,tsir,50,chir
紎,tsu,50,chu
紓,sir,50,sir
紖,tīn,50,tīn
紖,tǐn,50,tǐn
紪,tshér,50,chhér
紫,tsír,50,chír
細,sèr,50,sèr
紵,tīr,50,tīr
紵,tū,50,tū
紵,tǐr,50,tǐr
紿,tǎi,50,tǎi
絆,puān,50,poān
絆,puānn,50,pōaⁿ
絆,puǎnn,50,pǒaⁿ
絘,tshìr,50,chhìr
絘,tshù,50,chhù
絩,tiāu,50,tiāu
絩,tiǎu,50,tiǎu
絮,sìr,50,sìr
絯,hāi,50,hāi
絯,hǎi,50,hǎi
絯,kai,50,kai
絽,līr,50,līr
絽,lū,50,lū
絽,lǐr,50,lǐr
綄,huân,50,hoân
綄,uǎn,50,oǎn
綝,serm,50,serm
綝,sim,50,sim
綬,siǔ,50,siǔ
網,bǎng,50,bǎng
緇,tsir,50,chir
緈,hīng,50,hēng
緈,hǐng,50,hěng
緒,sīr,50,sīr
緒,sǐr,50,sǐr
緦,sir,50,sir
緩,uǎn,50,oǎn
縒,tshir,50,chhir
縒,tshu,50,chhu
縣,kirīnn,50,kīriⁿ
繇,tiū,50,tiū
繇,tiǔ,50,tiǔ
繪,kuè,50,kòe
繭,kirínn,50,kíriⁿ
繭,kuínn,50,kúiⁿ
繵,tǎn,50,tǎn
缿,hǎng,50,hǎng
网,bāng,50,bāng
网,bǎng,50,bǎng
罒,bóng,50,bóng
罒,bāng,50,bāng
罒,bǎng,50,bǎng
罣,kuà,50,kòa
罧,serm,50,serm
罪,tsuě,50,chǒe
罪,tsēr,50,chēr
罪,tsěr,50,chěr
署,sīr,50,sīr
罳,sir,50,sir
罷,pǎ,50,pǎ
美,bér,50,bér
羜,tīr,50,tīr
羜,tū,50,tū
羜,tǐr,50,tǐr
羥,king,50,keng
羦,huân,50,hoân
羨,siǎn,50,siǎn
羴,sian,50,sian
翥,tsìr,50,chìr
翥,tsù,50,chù
耔,tsír,50,chír
耜,sīr,50,sīr
耜,sū,50,sū
耜,sǐr,50,sǐr
耝,tshìr,50,chhìr
耝,tshù,50,chhù
耟,kīr,50,kīr
耟,kǐr,50,kǐr
耡,thî,50,thî
耡,thîr,50,thîr
耡,tîr,50,tîr
耡,tû,50,tû
耨,liō,50,liō
聕,hō,50,hō
聕,hǒ,50,hǒ
聚,tsǔ,50,chǔ
聻,tsiām,50,chiām
聻,tsiǎm,50,chiǎm
肁,tiāu,50,tiāu
肁,tiǎu,50,tiǎu
肂,sìr,50,sìr
肆,sìr,50,sìr
肇,tiǎu,50,tiǎu
肈,tiāu,50,tiāu
肈,tiǎu,50,tiǎu
肗,lír,50,lír
肗,lú,50,lú
肚,tió,50,tió
肩,kainn,50,kaiⁿ
肩,kirinn,50,kiriⁿ
肩,kuainn,50,koaiⁿ
肩,kuinn,50,kuiⁿ
肭,teh,50,teh
肽,thài,50,thài
胄,tiū,50,tiū
胄,tiǔ,50,tiǔ
背,pèr,50,pèr
背,pē,50,pē
背,pēr,50,pēr
胎,ther,50,ther
胏,tsír,50,chír
胏,tsú,50,chú
胔,tsìr,50,chìr
胠,khir,50,khir
胥,sir,50,sir
胺,an,50,an
胾,tsìr,50,chìr
脤,sǐn,50,sǐn
脯,pōo,50,pō͘
脯,pǒo,50,pǒ͘
腎,siǎn,50,siǎn
腎,sǐn,50,sǐn
腒,kir,50,kir
腞,tsuān,50,choān
腞,tsuǎn,50,choǎn
腡,lêr,50,lêr
膂,lír,50,lír
膐,lír,50,lír
膳,siǎn,50,siǎn
膹,hūn,50,hūn
膹,hǔn,50,hǔn
膻,tān,50,tān
膻,tǎn,50,tǎn
臔,hiān,50,hiān
臔,hiǎn,50,hiǎn
臼,kiǔ,50,kiǔ
舁,îr,50,îr
舁,û,50,û
舅,kiǔ,50,kiǔ
與,ír,50,ír
與,îr,50,îr
與,û,50,û
與,īr,50,īr
舐,tsǐ,50,chǐ
舒,sir,50,sir
舓,tsǐ,50,chǐ
舙,tship,50,chhip
舵,tuǎ,50,tǒa
舵,tǒ,50,tǒ
艅,îr,50,îr
艅,û,50,û
艑,piān,50,piān
艑,piǎn,50,piǎn
艮,kìrn,50,kìrn
艸,tsháu,50,chháu
艸,tshóo,50,chhó͘
艹,tsháu,50,chháu
艹,tshó,50,chhó
艹,tshóo,50,chhó͘
芐,hǒo,50,hǒ͘
芓,tsír,50,chír
芓,tsīr,50,chīr
芓,tsū,50,chū
芝,tsir,50,chir
芝,tsu,50,chu
芟,sainn,50,saiⁿ
芟,sang,50,sang
芟,sirinn,50,siriⁿ
芟,suinn,50,suiⁿ
芡,khiām,50,khiām
芡,khiǎm,50,khiǎm
芦,hōo,50,hō͘
芦,hǒo,50,hǒ͘
芧,sīr,50,sīr
芧,sǐr,50,sǐr
芧,tīr,50,tīr
芧,tū,50,tū
芧,tǐr,50,tǐr
苣,kīr,50,kīr
苣,kǐr,50,kǐr
苧,terě,50,těre
苧,tuě,50,tǒe
苧,tīr,50,tīr
苧,tū,50,tū
苧,tǐr,50,tǐr
苴,tshir,50,chhir
苴,tsir,50,chir
范,huǎn,50,hoǎn
茈,tsír,50,chír
茈,tsú,50,chú
茛,kìrn,50,kìrn
茨,tsir,50,chir
茨,tsîr,50,chîr
茲,tsir,50,chir
茲,tsîr,50,chîr
茲,tsû,50,chû
茹,jîr,50,jîr
茹,lîr,50,lîr
荇,hǐng,50,hěng
荑,terê,50,têre
荑,tuê,50,tôe
荑,î,50,î
荔,liān,50,liān
荔,nuī,50,nūi
荕,kirn,50,kirn
荕,kun,50,kun
荰,tǒo,50,tǒ͘
荷,hǒ,50,hǒ
莇,tīr,50,tīr
莇,tū,50,tū
莒,kír,50,kír
莕,hǐng,50,hěng
莖,hirînn,50,hîriⁿ
莙,kûn,50,kûn
莙,kūn,50,kūn
莙,kǔn,50,kǔn
莢,ngereh,50,ngereh
莧,hirīnn,50,hīriⁿ
莧,huīnn,50,hūiⁿ
莩,piān,50,piān
莩,piǎn,50,piǎn
菃,kîr,50,kîr
菃,kû,50,kû
菑,tsir,50,chir
菓,ké,50,ké
菓,kér,50,kér
菡,hām,50,hām
菡,hǎm,50,hǎm
菸,ian,50,ian
菹,tsir,50,chir
萏,tām,50,tām
萏,tǎm,50,tǎm
萯,hū,50,hū
萯,hǔ,50,hǔ
萵,er,50,er
葉,siap,50,siap
葉,sia̍p,50,sia̍p
著,tìr,50,tìr
葘,tsir,50,chir
葘,tsu,50,chu
葚,sīm,50,sīm
葚,sǐm,50,sǐm
葤,tiū,50,tiū
葤,tiǔ,50,tiǔ
葴,tserm,50,cherm
葴,tsim,50,chim
葵,khe,50,khe
葵,kher,50,kher
葵,khê,50,khê
葵,khêr,50,khêr
蒑,irn,50,irn
蒑,un,50,un
蒒,sir,50,sir
蒒,su,50,su
蒘,lîr,50,lîr
蒘,lû,50,lû
蒢,tîr,50,tîr
蒣,sîr,50,sîr
蒣,sû,50,sû
蒽,irn,50,irn
蒽,un,50,un
蓓,puě,50,pǒe
蓮,nuî,50,nûi
蔀,piō,50,piō
蔀,piǒ,50,piǒ
蔃,kiōng,50,kiōng
蔃,kiǒng,50,kiǒng
蔘,serm,50,serm
蔘,sim,50,sim
蔪,tsiām,50,chiām
蔪,tsiǎm,50,chiǎm
蔬,sere,50,sere
蔰,hōo,50,hō͘
蔰,hǒo,50,hǒ͘
蕈,sīm,50,sīm
蕈,sǐm,50,sǐm
蕖,kîr,50,kîr
蕠,jîr,50,jîr
蕠,jû,50,jû
蕠,lîr,50,lîr
蕠,lû,50,lû
蕨,keh,50,keh
蕨,kerh,50,kerh
蕨,kè,50,kè
蕨,kèr,50,kèr
蕩,tǒng,50,tǒng
蕷,īr,50,īr
蕼,sìr,50,sìr
蕼,sù,50,sù
薃,hō,50,hō
薃,hǒ,50,hǒ
薈,hēr,50,hēr
薋,tsîr,50,chîr
薋,tsû,50,chû
薖,khe,50,khe
薖,kher,50,kher
薺,tsîr,50,chîr
薺,tsû,50,chû
藇,sīr,50,sīr
藇,sǐr,50,sǐr
藎,tsǐn,50,chǐn
藘,lîr,50,lîr
藝,gerē,50,gēre
藠,giō,50,giō
藠,giǒ,50,giǒ
藧,uān,50,oān
藧,uǎn,50,oǎn
藷,tsir,50,chir
藷,tsîr,50,chîr
藷,tsû,50,chû
藸,tir,50,tir
藸,tu,50,tu
藿,heh,50,heh
藿,herh,50,herh
蘌,gír,50,gír
蘌,gú,50,gú
蘧,kîr,50,kîr
虎,hió,50,hió
虒,sir,50,sir
虒,su,50,su
處,tshír,50,chhír
虗,hir,50,hir
虗,hu,50,hu
虛,hir,50,hir
虡,kīr,50,kīr
虡,kǐr,50,kǐr
虸,tsír,50,chír
虸,tsú,50,chú
蚌,pǎng,50,pǎng
蚥,hú,50,hú
蚥,hū,50,hū
蚥,hǔ,50,hǔ
蚵,iô,50,iô
蚷,kīr,50,kīr
蚷,kū,50,kū
蚷,kǐr,50,kǐr
蛗,hū,50,hū
蛗,hǔ,50,hǔ
蜀,tsi̍k,50,che̍k
蜀,tsi̍t,50,chi̍t
蜃,sǐn,50,sǐn
蜄,sīn,50,sīn
蜄,sǐn,50,sǐn
蜌,pě,50,pě
蜍,sîr,50,sîr
蜍,tsîr,50,chîr
蜑,tǎn,50,tǎn
蜛,kir,50,kir
蜛,ku,50,ku
蜠,kūn,50,kūn
蜠,kǔn,50,kǔn
蜤,sir,50,sir
蜤,su,50,su
蜭,hām,50,hām
蜭,hǎm,50,hǎm
蜯,pāng,50,pāng
蜯,pǎng,50,pǎng
蝌,khe,50,khe
蝌,kher,50,kher
蝑,sir,50,sir
蝑,su,50,su
蝜,hū,50,hū
蝜,hǔ,50,hǔ
蝫,tsir,50,chir
螄,sir,50,sir
螔,sir,50,sir
螔,su,50,su
螔,î,50,î
螶,kîr,50,kîr
螶,kû,50,kû
螹,tsiām,50,chiām
螹,tsiǎm,50,chiǎm
蟎,buán,50,boán
蟎,muâ,50,môa
蟓,siōng,50,siōng
蟓,siǒng,50,siǒng
蟖,sir,50,sir
蟖,su,50,su
蟝,kîr,50,kîr
蟝,kû,50,kû
蟴,sir,50,sir
蟴,su,50,su
蟹,herē,50,hēre
蟹,herě,50,hěre
蟹,hǎi,50,hǎi
蟺,siǎn,50,siǎn
蠀,tshir,50,chhir
蠀,tshu,50,chhu
蠐,tshê,50,chhê
蠐,tshêr,50,chhêr
蠩,tsir,50,chir
蠩,tsu,50,chu
蠶,tshirînn,50,chhîriⁿ
蠶,tshuînn,50,chhûiⁿ
蠶,tshâinn,50,chhâiⁿ
蠶,tshîng,50,chhêng
衟,tō,50,tō
衟,tōo,50,tō͘
衟,tǒ,50,tǒ
衟,tǒo,50,tǒ͘
衤,i,50,i
衶,tiōng,50,tiōng
衶,tiǒng,50,tiǒng
袌,phō,50,phō
袌,phǒ,50,phǒ
袒,tān,50,tān
袒,tǎn,50,tǎn
袓,tsīr,50,chīr
袓,tsǐr,50,chǐr
袪,khir,50,khir
被,phěr,50,phěr
被,phī,50,phī
被,phǐ,50,phǐ
被,pǐ,50,pǐ
袽,jîr,50,jîr
袽,lîr,50,lîr
袽,lû,50,lû
裋,sǔ,50,sǔ
裝,tshuang,50,chhoang
裡,lér,50,lér
裡,lín,50,lín
裡,ní,50,ní
裡,nńg,50,nńg
裾,kir,50,kir
褆,sǐ,50,sǐ
褆,thê,50,thê
褙,pèr,50,pèr
褚,thír,50,thír
褲,khiò,50,khiò
襂,serm,50,serm
襂,sim,50,sim
襇,kirínn,50,kíriⁿ
襇,kuínn,50,kúiⁿ
襈,tsuān,50,choān
襈,tsuǎn,50,choǎn
襐,siōng,50,siōng
襐,siǒng,50,siǒng
襞,phué,50,phóe
襳,serm,50,serm
襳,sim,50,sim
西,sie,50,sie
覀,hà,50,hà
覗,sir,50,sir
覷,tshìr,50,chhìr
觔,kirn,50,kirn
觛,tān,50,tān
觛,tǎn,50,tǎn
觜,tsir,50,chir
觜,tsu,50,chu
觟,huā,50,hōa
觟,huǎ,50,hǒa
解,hāi,50,hāi
解,hǎi,50,hǎi
解,kerè,50,kère
解,keré,50,kére
解,kài,50,kài
觨,hūn,50,hūn
觨,hǔn,50,hǔn
訁,giân,50,giân
訁,gân,50,gân
訔,gîrn,50,gîrn
訔,gûn,50,gûn
訢,herm,50,herm
許,khió,50,khió
訶,ho,50,ho
訶,hoo,50,ho͘
訾,tshír,50,chhír
訾,tsir,50,chir
訾,tsu,50,chu
訾,tsír,50,chír
訾,tsú,50,chú
訿,tshír,50,chhír
訿,tsír,50,chír
訿,tsú,50,chú
詎,kīr,50,kīr
詎,kǐr,50,kǐr
詝,thír,50,thír
詞,sîr,50,sîr
詡,hír,50,hír
詪,hírn,50,hírn
詼,kher,50,kher
語,gīr,50,gīr
語,gū,50,gū
誢,hiān,50,hiān
誢,hiǎn,50,hiǎn
誾,gîrn,50,gîrn
諓,tsiān,50,chiān
諓,tsiǎn,50,chiǎn
諝,sír,50,sír
諟,sǐ,50,sǐ
諧,erê,50,êre
諧,uê,50,ôe
諮,tsir,50,chir
諸,tsir,50,chir
謶,sìr,50,sìr
謶,sù,50,sù
謽,kiǒng,50,kiǒng
譖,tsèrm,50,chèrm
譽,īr,50,īr
讖,tshèrm,50,chhèrm
讖,tshìm,50,chhìm
豁,heh,50,heh
豁,herh,50,herh
豎,sǔ,50,sǔ
豏,hām,50,hām
豏,hǎm,50,hǎm
象,siǒng,50,siǒng
豦,kîr,50,kîr
豦,kû,50,kû
豫,īr,50,īr
豸,thuǎ,50,thǒa
貄,sīr,50,sīr
貄,sū,50,sū
貄,sǐr,50,sǐr
貗,kū,50,kū
貗,kǔ,50,kǔ
負,hǔ,50,hǔ
貯,teré,50,tére
貯,thír,50,thír
貲,tsir,50,chir
貲,tsu,50,chu
貸,tè,50,tè
貸,tèr,50,tèr
貺,hirīnn,50,hīriⁿ
貺,huīnn,50,hūiⁿ
貺,hāinn,50,hāiⁿ
賁,hūn,50,hūn
賁,hǔn,50,hǔn
賄,hé,50,hé
賄,hér,50,hér
資,tsir,50,chir
賜,sìr,50,sìr
賧,tǎm,50,tǎm
賮,tsīn,50,chīn
賮,tsǐn,50,chǐn
購,kio,50,kio
購,koo,50,ko͘
賽,sèr,50,sèr
贉,tām,50,tām
贉,tǎm,50,tǎm
贐,tsǐn,50,chǐn
赼,tshir,50,chhir
赼,tshu,50,chhu
赾,kírn,50,kírn
赾,kún,50,kún
趀,tshir,50,chhir
趀,tshu,50,chhu
趄,tshir,50,chhir
趑,tshir,50,chhir
趑,tshu,50,chhu
趙,tiāu,50,tiāu
趙,tiǎu,50,tiǎu
趙,tiǒ,50,tiǒ
趦,tshir,50,chhir
趦,tshu,50,chhu
趩,tshi̍k,50,chhe̍k
跁,pǎ,50,pǎ
跆,tâi,50,tâi
跐,tshír,50,chhír
跓,tsǔ,50,chǔ
跙,tshir,50,chhir
跙,tshu,50,chhu
距,kīr,50,kīr
距,kǐr,50,kǐr
跟,kirn,50,kirn
路,liō,50,liō
跱,tī,50,tī
跱,tǐ,50,tǐ
跽,kǐ,50,kǐ
踝,huā,50,hōa
踝,huǎ,50,hǒa
踞,kìr,50,kìr
踶,tī,50,tī
踶,tǐ,50,tǐ
踹,suān,50,soān
踹,suǎn,50,soǎn
踽,kír,50,kír
躆,kìr,50,kìr
躆,kù,50,kù
躇,tîr,50,tîr
軀,sir,50,sir
軓,huǎn,50,hoǎn
軩,tāi,50,tāi
軩,tǎi,50,tǎi
軬,huān,50,hoān
軬,huǎn,50,hoǎn
軬,pūn,50,pūn
軬,pǔn,50,pǔn
輐,uǎn,50,oǎn
輜,tsir,50,chir
輠,huā,50,hōa
輠,huǎ,50,hǒa
輺,tsir,50,chir
輺,tsu,50,chu
輾,nuí,50,núi
輿,îr,50,îr
轝,îr,50,îr
轝,û,50,û
轞,hām,50,hām
轞,hǎm,50,hǎm
辝,sîr,50,sîr
辝,sû,50,sû
辞,sîr,50,sîr
辞,sû,50,sû
辠,tsuē,50,chōe
辠,tsuě,50,chǒe
辡,piān,50,piān
辡,piǎn,50,piǎn
辤,sîr,50,sîr
辤,sû,50,sû
辨,piǎn,50,piǎn
辭,sîr,50,sîr
辮,piǎn,50,piǎn
辮,pǐnn,50,pǐⁿ
辵,thiok,50,thiok
辶,thiok,50,thiok
辶,tshiok,50,chhiok
近,kǐrn,50,kǐrn
迨,tǎi,50,tǎi
逐,liok,50,liok
逗,tiō,50,tiō
逗,tāu,50,tāu
逗,tē,50,tē
逗,tēr,50,tēr
這,tsik,50,chek
造,tsǒ,50,chǒ
連,nuî,50,nûi
逺,hn̄g,50,hn̄g
逺,hňg,50,hňg
逺,uán,50,oán
道,tǒ,50,tǒ
道,tǒo,50,tǒ͘
遽,kìr,50,kìr
遽,kīr,50,kīr
遽,kū,50,kū
還,hirînn,50,hîriⁿ
還,huînn,50,hûiⁿ
還,tirînn,50,tîriⁿ
還,tuînn,50,tûiⁿ
還,tâinn,50,tâiⁿ
邔,kǐ,50,kǐ
邚,lîr,50,lîr
邚,lû,50,lû
邤,herm,50,herm
邤,him,50,him
郈,hiō,50,hiō
郈,hiǒ,50,hiǒ
郘,līr,50,līr
郘,lū,50,lū
郘,lǐr,50,lǐr
部,phǒ,50,phǒ
部,pǒo,50,pǒ͘
鄑,tsir,50,chir
鄑,tsu,50,chu
鄗,hǒ,50,hǒ
鄞,gîrn,50,gîrn
鄠,hǒo,50,hǒ͘
鄦,hír,50,hír
鄦,hú,50,hú
鄯,siān,50,siān
鄯,siǎn,50,siǎn
酎,tiǔ,50,tiǔ
酮,tông,50,tông
酮,tōng,50,tōng
酮,tǒng,50,tǒng
醈,tām,50,tām
醈,tǎm,50,tǎm
醑,sír,50,sír
醑,sú,50,sú
醧,ìr,50,ìr
醧,ù,50,ù
重,tiǒng,50,tiǒng
重,tn̄g,50,tn̄g
重,tňg,50,tňg
釒,kim,50,kim
釓,kat,50,kat
釓,kiû,50,kiû
釕,liáu,50,liáu
釙,phok,50,phok
針,tserm,50,cherm
釨,tsír,50,chír
釨,tsú,50,chú
釲,sīr,50,sīr
釲,sū,50,sū
釲,sǐr,50,sǐr
釵,there,50,there
釷,thió,50,thió
釷,thóo,50,thó͘
釹,lír,50,lír
釹,lú,50,lú
釿,gîrn,50,gîrn
釿,gûn,50,gûn
鈁,huáng,50,hoáng
鈃,hîng,50,hêng
鈍,tǔn,50,tǔn
鈎,kau,50,kau
鈥,hónn,50,hóⁿ
鈧,khòng,50,khòng
鈭,tshir,50,chhir
鈭,tshu,50,chhu
鈭,tsir,50,chir
鈭,tsu,50,chu
鈮,nî,50,nî
鈰,tshī,50,chhī
鈰,tshǐ,50,chhǐ
鈶,sīr,50,sīr
鈶,sǐr,50,sǐr
鈷,kió,50,kió
鈹,phî,50,phî
鈻,sīr,50,sīr
鈻,sū,50,sū
鈻,sǐr,50,sǐr
鈽,pio,50,pio
鈽,piò,50,piò
鈽,poo,50,po͘
鈽,pòo,50,pò͘
鈾,iû,50,iû
鉂,sír,50,sír
鉂,sú,50,sú
鉅,kīr,50,kīr
鉅,kǐr,50,kǐr
鉈,thann,50,thaⁿ
鉉,hiān,50,hiān
鉉,hiǎn,50,hiǎn
鉍,pit,50,pit
鉏,tîr,50,tîr
鉏,tû,50,tû
鉑,pi̍k,50,pe̍k
鉕,phó,50,phó
鉝,li̍p,50,li̍p
鉡,phuān,50,phoān
鉡,phuǎn,50,phoǎn
鉨,ní,50,ní
鉬,bo̍k,50,bo̍k
鉭,tàn,50,tàn
鉰,sir,50,sir
鉰,su,50,su
鉲,khah,50,khah
鉳,pak,50,pak
鉺,hī,50,hī
鉺,hǐ,50,hǐ
鉺,jī,50,jī
鉺,lī,50,lī
鉺,ní,50,ní
鉻,kik,50,kek
鉻,kok,50,kok
鉿,ha,50,ha
銒,hîng,50,hêng
銠,ló,50,ló
銠,nóo,50,nó͘
銣,jîr,50,jîr
銣,jû,50,jû
銣,lîr,50,lîr
銣,lû,50,lû
銦,in,50,in
銩,tiu,50,tiu
銫,sik,50,sek
銺,tsōng,50,chōng
銺,tsǒng,50,chǒng
銻,the,50,the
銾,hōng,50,hōng
銾,hǒng,50,hǒng
鋁,lǐr,50,lǐr
鋅,sin,50,sin
鋅,tsír,50,chír
鋎,uān,50,oān
鋎,uǎn,50,oǎn
鋖,sir,50,sir
鋖,su,50,su
鋙,gír,50,gír
鋞,hīng,50,hēng
鋞,hǐng,50,hěng
鋤,thîr,50,thîr
鋦,kio̍k,50,kio̍k
鋧,hiǎn,50,hiǎn
鋨,gô,50,gô
鋨,ngôo,50,ngô͘
鋰,lí,50,lí
鋱,thik,50,thek
錀,lûn,50,lûn
錒,a,50,a
錙,tsir,50,chir
錠,tiǎnn,50,tiǎⁿ
錠,tǐng,50,těng
錡,kī,50,kī
錡,kǐ,50,kǐ
錳,bíng,50,béng
錸,lâi,50,lâi
錼,lāi,50,lāi
錼,nāi,50,nāi
鍅,huat,50,hoat
鍆,bûn,50,bûn
鍗,terê,50,têre
鍗,tuê,50,tôe
鍥,kereh,50,kereh
鍩,lo̍k,50,lo̍k
鍶,sir,50,sir
鍶,su,50,su
鍺,tsiá,50,chiá
鍼,tsam,50,cham
鍼,tserm,50,cherm
鍿,tsir,50,chir
鍿,tsu,50,chu
鎊,pǒng,50,pǒng
鎘,keh,50,keh
鎝,thah,50,thah
鎡,tsir,50,chir
鎢,io,50,io
鎢,oo,50,o͘
鎬,hǒ,50,hǒ
鎵,ke,50,ke
鎶,ko,50,ko
鏣,sìr,50,sìr
鏣,sù,50,sù
鐁,sir,50,sir
鐁,su,50,su
鐌,siōng,50,siōng
鐌,siǒng,50,siǒng
鐑,keh,50,keh
鐑,kereh,50,kereh
鐑,khiat,50,khiat
鐑,kueh,50,koeh
鐒,lô,50,lô
鐒,lôo,50,lô͘
鐠,phió,50,phió
鐠,phóo,50,phó͘
鐨,huì,50,hùi
鐻,kìr,50,kìr
鐻,kù,50,kù
鐽,ta̍t,50,ta̍t
鑢,lerè,50,lère
鑢,luè,50,lòe
鑢,līr,50,līr
鑪,liô,50,liô
鑫,herm,50,herm
鑭,lân,50,lân
閑,irînn,50,îriⁿ
閑,uînn,50,ûiⁿ
閑,ân,50,ân
閑,îng,50,êng
閒,irînn,50,îriⁿ
閒,uînn,50,ûiⁿ
閒,ân,50,ân
間,kirinn,50,kiriⁿ
間,kuinn,50,kuiⁿ
閡,hǎi,50,hǎi
閭,lîr,50,lîr
關,kirinn,50,kiriⁿ
阜,hǔ,50,hǔ
阝,hǔ,50,hǔ
阤,tī,50,tī
阤,tǐ,50,tǐ
阹,khir,50,khir
阹,khu,50,khu
陁,tī,50,tī
陁,tǐ,50,tǐ
限,hǎn,50,hǎn
限,ǎn,50,ǎn
陛,pě,50,pě
陼,tsír,50,chír
階,kere,50,kere
階,kue,50,koe
隱,írn,50,írn
隶,tāi,50,tāi
隽,tsuān,50,choān
隽,tsuǎn,50,choǎn
隽,tsùn,50,chùn
雉,tǐ,50,tǐ
雋,tsuǎn,50,choǎn
雌,tshir,50,chhir
雎,tshir,50,chhir
雎,tshu,50,chhu
雓,îr,50,îr
雓,û,50,û
雥,tsa̍p,50,cha̍p
雨,hiō,50,hiō
霮,tām,50,tām
霮,tǎm,50,tǎm
靖,tsǐng,50,chěng
靚,tsǐng,50,chěng
靜,tsǐng,50,chěng
靜,tsǐnn,50,chǐⁿ
鞙,hiān,50,hiān
鞙,hiǎn,50,hiǎn
鞞,pí,50,pí
項,hǎng,50,hǎng
頉,î,50,î
頥,î,50,î
頾,tsir,50,chir
頾,tsu,50,chu
頿,tsir,50,chir
頿,tsu,50,chu
顄,ām,50,ām
顄,ǎm,50,ǎm
顥,hǒ,50,hǒ
颸,sir,50,sir
颸,tshir,50,chhir
颸,tshu,50,chhu
飍,hiu,50,hiu
飝,hui,50,hui
食,sīr,50,sīr
食,sū,50,sū
飠,si̍t,50,si̍t
飺,tsîr,50,chîr
飺,tsû,50,chû
飼,sīr,50,sīr
餈,tsîr,50,chîr
養,tsiūnn,50,chiūⁿ
養,tsiǔnn,50,chiǔⁿ
餘,îr,50,îr
餜,ké,50,ké
餜,kér,50,kér
餜,kóo,50,kó͘
饇,ìr,50,ìr
饇,ù,50,ù
饌,tsuǎn,50,choǎn
馫,hing,50,heng
馭,gīr,50,gīr
駎,tiū,50,tiū
駎,tiǔ,50,tiǔ
駏,kīr,50,kīr
駏,kǐr,50,kǐr
駘,tāi,50,tāi
駘,tǎi,50,tǎi
駛,sír,50,sír
駟,sìr,50,sìr
駭,hāi,50,hāi
駭,hǎi,50,hǎi
駴,hāi,50,hāi
駴,hǎi,50,hǎi
騦,sir,50,sir
騦,su,50,su
驉,hir,50,hir
驉,hu,50,hu
驔,tiām,50,tiām
驔,tiǎm,50,tiǎm
驘,lê,50,lê
驘,lêr,50,lêr
驫,piu,50,piu
骯,hōng,50,hōng
骯,hǒng,50,hǒng
骯,ong,50,ong
骴,tsìr,50,chìr
體,theré,50,thére
髧,tām,50,tām
髧,tǎm,50,tǎm
髭,tsir,50,chir
鬌,tóo,50,tó͘
鬌,tōo,50,tō͘
鬌,tǒo,50,tǒ͘
鬴,hū,50,hū
鬴,hǔ,50,hǔ
魖,hir,50,hir
魖,hu,50,hu
魚,gîr,50,gîr
魼,khir,50,khir
鮡,tiāu,50,tiāu
鮡,tiǎu,50,tiǎu
鮽,îr,50,îr
鮽,û,50,û
鯔,tsir,50,chir
鯗,siūnn,50,siūⁿ
鯗,siǔnn,50,siǔⁿ
鯦,kiū,50,kiū
鯦,kiǔ,50,kiǔ
鯶,hūn,50,hūn
鯶,hǔn,50,hǔn
鯺,tsir,50,chir
鯺,tsu,50,chu
鰝,hō,50,hō
鰝,hǒ,50,hǒ
鰤,sir,50,sir
鰤,su,50,su
鰦,tsir,50,chir
鰾,piǒ,50,piǒ
鱈,seh,50,seh
鱈,serh,50,serh
鱓,siān,50,siān
鱓,siǎn,50,siǎn
鱓,tshuānn,50,chhōaⁿ
鱓,tshuǎnn,50,chhǒaⁿ
鱔,tshuǎnn,50,chhǒaⁿ
鱝,hūn,50,hūn
鱝,hǔn,50,hǔn
鱭,tsē,50,chē
鱭,tsě,50,chě
鱮,sīr,50,sīr
鱮,sǐr,50,sǐr
鱱,lerē,50,lēre
鱱,luē,50,lōe
鱻,sian,50,sian
鳸,hōo,50,hō͘
鳸,hǒo,50,hǒ͘
鳾,sir,50,sir
鳾,su,50,su
鴒,nuī,50,nūi
鴘,piān,50,piān
鴘,piǎn,50,piǎn
鴙,tī,50,tī
鴙,tǐ,50,tǐ
鴜,tsir,50,chir
鴜,tsu,50,chu
鴜,tsîr,50,chîr
鴜,tsû,50,chû
鴡,tshir,50,chhir
鴡,tshu,50,chhu
鴽,jîr,50,jîr
鴽,lîr,50,lîr
鴽,lû,50,lû
鵨,sir,50,sir
鵨,su,50,su
鶅,tsir,50,chir
鶅,tsu,50,chu
鶋,kir,50,kir
鶳,sir,50,sir
鶳,su,50,su
鶿,tsîr,50,chîr
鷀,tsîr,50,chîr
鷄,kere,50,kere
鷄,kue,50,koe
鷠,gîr,50,gîr
鷠,gû,50,gû
鸒,îr,50,îr
鸒,û,50,û
麔,kiǔ,50,kiǔ
麮,khìr,50,khìr
麮,khù,50,khù
鼁,khìr,50,khìr
鼁,khù,50,khù
鼈,pih,50,pih
鼒,tsir,50,chir
鼒,tsu,50,chu
鼶,sir,50,sir
鼶,su,50,su
鼸,hiām,50,hiām
鼸,hiǎm,50,hiǎm
齊,tsir,50,chir
齊,tsu,50,chu
齍,tsir,50,chir
齎,tsir,50,chir
齎,tsu,50,chu
齗,gîrn,50,gîrn
齜,tsir,50,chir
齟,tsīr,50,chīr
齟,tsū,50,chū
齟,tsǐr,50,chǐr
齦,gîrn,50,gîrn
齦,khírn,50,khírn
齧,kherè,50,khère
齨,kiū,50,kiū
齨,kiǔ,50,kiǔ
齬,gír,50,gír
齹,tshir,50,chhir
齹,tshu,50,chhu
龍,nguî,50,ngûi
鿫,ò,50,ò
鿫,òo,50,ò͘
鿬,tiân,50,tiân
𠕇,tirīnn,50,tīriⁿ
𠕇,tuīnn,50,tūiⁿ
𠠝,li̍k,50,le̍k
𡻕,hèr,50,hèr
𢓜,koh,50,koh
𣍐,buē,50,bōe
𣍐,buě,50,bǒe
𣍐,bē,50,bē
𤏸,to̍h,50,to̍h
𤲍,khereh,50,khereh
𤺅,tserè,50,chère
𤺅,tsheh,50,chheh
𤺅,tshe̍h,50,chhe̍h
𤺅,tsuè,50,chòe
𤺅,tsè,50,chè
𤺅,tsèr,50,chèr
𥑮,kió,50,kió
𥳑,kán,50,kán
𧾷,tsiok,50,chiok
𧿿,tshír,50,chhír
𧿿,tshú,50,chhú
𨧀,tiō,50,tiō
𨧀,tōo,50,tō͘
𨧀,tǒo,50,tǒ͘
𨨏,pho,50,pho
𨭆,hik,50,hek
𨭎,hí,50,hí
𨿴,tsir,50,chir
𨿴,tsu,50,chu
𫝙,tshiò,50,chhiò
𫝛,sâng,50,sâng
𫝛,sāng,50,sāng
𫝞,bū,50,bū
𫞳,kàng,50,kàng
𫟊,sio̍h,50,sio̍h
𫟣,sōm,50,sōm
𫟣,sōng,50,sōng
𰹬,tsn̄g,50,chn̄g
𲓖,mài,50,mài
あげ,á-geh,25,á-geh
お田,oo-lián,25,o͘-lián
かな,khá-nah,25,khá-nah
がら,gá-lah,25,gá-lah
すし,sú-sih,25,sú-sih
たこ,thak-khooh,25,thak-kho͘h
たび,that-bí,25,that-bí
のり,nóo-lih,25,nó͘-lih
ふろ,hú-looh,25,hú-lo͘h
みそ,mí-soh,25,mí-soh
みそ,mí-sooh,25,mí-so͘h
やみ,iá-mih,25,iá-mih
ゆり,iú-lih,25,iú-lih
よび,ió-bih,25,ió-bih
ガス,gá-suh,25,gá-suh
キロ,khí-looh,25,khí-lo͘h
ハム,há-muh,25,há-muh
バス,bá-sirh,25,bá-sirh
バス,bá-suh,25,bá-suh
㤉潲,gêr-siâu,25,gêr-siâu
上人,siōng-jîn,25,siōng-jîn
上人,siōng-lîn,25,siōng-lîn
上尾,siōng-bér,25,siōng-bér
上師,siōng-sir,25,siōng-sir
上書,siōng-sir,25,siōng-sir
上書,siōng-su,25,siōng-su
上書,siǒng-sir,25,siǒng-sir
上書,tsiūnn-tsir,25,chiūⁿ-chir
上書,tsiūnn-tsu,25,chiūⁿ-chu
上書,tsiǔnn-tsir,25,chiǔⁿ-chir
上等,jió-toh,25,jió-toh
不如,put-jîr,25,put-jîr
不如,put-lîr,25,put-lîr
世事,sè-sīr,25,sè-sīr
乾燥,kha̋n-sóo,25,khăn-só͘
予備,ió-bih,25,ió-bih
事主,sīr-tsú,25,sīr-chú
事事,sīr-sīr,25,sīr-sīr
事理,sīr-lí,25,sīr-lí
事路,sīr-lōo,25,sīr-lō͘
事路,sū-lōo,25,sū-lō͘
人事,jîn-sīr,25,jîn-sīr
人事,lîn-sīr,25,lîn-sīr
人参,li̋n-jín,25,lĭn-jín
代書,tāi-sir,25,tāi-sir
代賠,tāi-puê,25,tāi-pôe
代賠,tāi-pê,25,tāi-pê
代賠,tāi-pêr,25,tāi-pêr
仮名,khá-nah,25,khá-nah
休憩,khiű-khé,25,khiŭ-khé
何如,hô-jîr,25,hô-jîr
何如,hô-jû,25,hô-jû
何如,hô-lîr,25,hô-lîr
何如,hô-lû,25,hô-lû
佛公,pu̍t-kong,25,pu̍t-kong
佛字,pu̍t-jī,25,pu̍t-jī
佛字,pu̍t-lī,25,pu̍t-lī
使用,sír-iōng,25,sír-iōng
俗語,sio̍k-gír,25,sio̍k-gír
信士,sìn-sīr,25,sìn-sīr
信士,sìn-sū,25,sìn-sū
信士,sìn-sǐr,25,sìn-sǐr
信據,sìn-kì,25,sìn-kì
信據,sìn-kìr,25,sìn-kìr
信據,sìn-kù,25,sìn-kù
修飾,siu-sik,25,siu-sek
傀儡,ka-lér,25,ka-lér
傷暑,siong-sír,25,siong-sír
傷暑,siong-sú,25,siong-sú
僻語,phiah-gí,25,phiah-gí
僻語,phiah-gír,25,phiah-gír
僻語,phiah-gú,25,phiah-gú
先生,sia̋n-sé,25,siăn-sé
先輩,sia̋n-pái,25,siăn-pái
光批,kng-phue,25,kng-phoe
光批,kuinn-phe,25,kuiⁿ-phe
內科,lāi-khe,25,lāi-khe
內科,lāi-kher,25,lāi-kher
內科,lǎi-kher,25,lǎi-kher
公子,kong-tsír,25,kong-chír
兵士,ping-sīr,25,peng-sīr
兵士,ping-sǐr,25,peng-sǐr
写真,sia-sín,25,sia-sín
分會,hun-hē,25,hun-hē
分會,hun-hēr,25,hun-hēr
刑事,hîng-sīr,25,hêng-sīr
列位,lia̍t-uī,25,lia̍t-ūi
刪除,san-tîr,25,san-tîr
剝皮,pak-phêr,25,pak-phêr
割據,kat-kì,25,kat-kì
割據,kat-kìr,25,kat-kìr
割據,kat-kù,25,kat-kù
勇士,ióng-sīr,25,ióng-sīr
勇士,ióng-sǐr,25,ióng-sǐr
勘定,kha̋n-jióo,25,khăn-jió͘
南無,lâm-bû,25,lâm-bû
南無,nâ-môo,25,nâ-mô͘
博士,phok-sīr,25,phok-sīr
博士,phok-sǐr,25,phok-sǐr
古史,kóo-sír,25,kó͘-sír
古史,kóo-sú,25,kó͘-sú
古墓,kóo-bōo,25,kó͘-bō͘
古書,kóo-sir,25,kó͘-sir
古書,kóo-su,25,kó͘-su
古書,kóo-tsir,25,kó͘-chir
古語,kóo-gí,25,kó͘-gí
古語,kóo-gír,25,kó͘-gír
古語,kóo-gú,25,kó͘-gú
句法,kù-huat,25,kù-hoat
可以,khónn-í,25,khóⁿ-í
可傷,khó-siong,25,khó-siong
可傷,khónn-siong,25,khóⁿ-siong
可取,khónn-tshú,25,khóⁿ-chhú
可惜,khónn-sioh,25,khóⁿ-sioh
可愛,khónn-ài,25,khóⁿ-ài
可憐,khó-lîn,25,khó-lîn
可憐,khónn-lîn,25,khóⁿ-lîn
可疑,khónn-gî,25,khóⁿ-gî
可見,khónn-kiàn,25,khóⁿ-kiàn
台詞,tâi-sîr,25,tâi-sîr
台語,tâi-gír,25,tâi-gír
史官,sír-kuann,25,sír-koaⁿ
史官,sú-kuann,25,sú-koaⁿ
史策,sír-tshik,25,sír-chhek
史策,sú-tshik,25,sú-chhek
史記,sír-kì,25,sír-kì
史記,sú-kì,25,sú-kì
司令,sir-līng,25,sir-lēng
司機,sir-ki,25,sir-ki
司法,sir-huat,25,sir-hoat
司空,sir-khong,25,sir-khong
司空,su-khong,25,su-khong
司長,sir-tiúnn,25,sir-tiúⁿ
司馬,sir-má,25,sir-má
名刺,mè-sì,25,mè-sì
名姓,miâ-sìnn,25,miâ-sìⁿ
味噌,mí-soh,25,mí-soh
味噌,mí-sooh,25,mí-so͘h
唯一,î-it,25,î-it
善事,siān-sīr,25,siān-sīr
善事,siǎn-sīr,25,siǎn-sīr
善書,siān-tsir,25,siān-chir
善書,siān-tsu,25,siān-chu
善書,siǎn-tsir,25,siǎn-chir
單據,tuann-kì,25,toaⁿ-kì
單據,tuann-kìr,25,toaⁿ-kìr
單據,tuann-kù,25,toaⁿ-kù
四季,sì-kuì,25,sì-kùi
四季,sìr-kuì,25,sìr-kùi
四常,sìr-siông,25,sìr-siông
四方,sìr-hong,25,sìr-hong
四時,sìr-sî,25,sìr-sî
四神,sìr-sîn,25,sìr-sîn
四肢,sìr-tsi,25,sìr-chi
四肢,sù-tsi,25,sù-chi
回批,huê-phe,25,hôe-phe
回批,hêr-phue,25,hêr-phoe
回答,hêr-tap,25,hêr-tap
回話,hê-uē,25,hê-ōe
回話,hêr-uē,25,hêr-ōe
回頭,hêr-thâu,25,hêr-thâu
固辭,kòo-sîr,25,kò͘-sîr
固辭,kòo-sû,25,kò͘-sû
國事,kok-sīr,25,kok-sīr
國史,kok-sír,25,kok-sír
國史,kok-sú,25,kok-sú
國師,kok-sir,25,kok-sir
國語,kok-gír,25,kok-gír
地動,kuē-tāng,25,kōe-tāng
地動,kē-tāng,25,kē-tāng
地氣,terē-khì,25,tēre-khì
地氣,tuē-khì,25,tōe-khì
地氣,tē-khì,25,tē-khì
地皮,terē-phêr,25,tēre-phêr
地皮,tuē-phêr,25,tōe-phêr
基隆,kere-lâng,25,kere-lâng
基隆,kue-lâng,25,koe-lâng
堅辭,kian-sîr,25,kian-sîr
堅辭,kian-sû,25,kian-sû
塗皮,thôo-phuê,25,thô͘-phôe
塗皮,thôo-phê,25,thô͘-phê
塗皮,thôo-phêr,25,thô͘-phêr
墓壙,bōo-khòng,25,bō͘-khòng
墓壙,bōo-khǹg,25,bō͘-khǹg
墓庵,bōo-am,25,bō͘-am
墓桌,bōng-toh,25,bōng-toh
墓桌,bōo-toh,25,bō͘-toh
墓粿,bōo-ké,25,bō͘-ké
墓粿,bōo-kér,25,bō͘-kér
士官,sīr-kuann,25,sīr-koaⁿ
士官,sǐr-kuann,25,sǐr-koaⁿ
士氣,sīr-khì,25,sīr-khì
士氣,sǐr-khì,25,sǐr-khì
外皮,guā-phê,25,gōa-phê
外皮,guā-phêr,25,gōa-phêr
外科,guā-khe,25,gōa-khe
外科,guā-kher,25,gōa-kher
大乘,tāi-sīng,25,tāi-sēng
大事,tuā-sīr,25,tōa-sīr
大事,tāi-sīr,25,tāi-sīr
大士,tāi-sīr,25,tāi-sīr
大士,tāi-sǐr,25,tāi-sǐr
大師,tāi-sir,25,tāi-sir
大暑,tāi-sír,25,tāi-sír
天官,thian-kuan,25,thian-koan
天師,thian-sir,25,thian-sir
天師,thian-su,25,thian-su
天干,thian-kan,25,thian-kan
太史,thài-sír,25,thài-sír
太史,thài-sú,25,thài-sú
太子,thài-tsír,25,thài-chír
太師,thài-sir,25,thài-sir
契據,kherè-kìr,25,khère-kìr
契據,khuè-kìr,25,khòe-kìr
契據,khuè-kù,25,khòe-kù
契據,khè-kì,25,khè-kì
套語,thò-gí,25,thò-gí
套語,thò-gír,25,thò-gír
套語,thò-gú,25,thò-gú
女士,lír-sīr,25,lír-sīr
女士,lír-sǐr,25,lír-sǐr
好處,hó-tshìr,25,hó-chhìr
如今,jîr-kim,25,jîr-kim
如今,lîr-kim,25,lîr-kim
如何,jîr-hô,25,jîr-hô
如何,lîr-hô,25,lîr-hô
如來,jîr-lâi,25,jîr-lâi
如來,lîr-lâi,25,lîr-lâi
如左,jîr-tsó,25,jîr-chó
如左,jû-tsó,25,jû-chó
如左,lîr-tsó,25,lîr-chó
如左,lû-tsó,25,lû-chó
如常,jîr-siông,25,jîr-siông
如常,jû-siông,25,jû-siông
如常,lîr-siông,25,lîr-siông
如常,lû-siông,25,lû-siông
如意,jîr-ì,25,jîr-ì
如意,lîr-ì,25,lîr-ì
如數,jîr-sòo,25,jîr-sò͘
如數,jû-sòo,25,jû-sò͘
如數,lîr-sòo,25,lîr-sò͘
如數,lû-sòo,25,lû-sò͘
如是,jîr-sī,25,jîr-sī
如是,jîr-sǐ,25,jîr-sǐ
如是,jû-sī,25,jû-sī
如是,lîr-sī,25,lîr-sī
如是,lîr-sǐ,25,lîr-sǐ
如是,lû-sī,25,lû-sī
如此,jîr-tshír,25,jîr-chhír
如此,lîr-tshír,25,lîr-chhír
如流,jîr-liû,25,jîr-liû
如流,jû-liû,25,jû-liû
如流,lîr-liû,25,lîr-liû
如流,lû-liû,25,lû-liû
如願,jîr-guān,25,jîr-goān
如願,lîr-guān,25,lîr-goān
如願,lû-guān,25,lû-goān
字句,lī-kù,25,lī-kù
字據,jī-kìr,25,jī-kìr
字據,jī-kù,25,jī-kù
字據,lī-kì,25,lī-kì
字據,lī-kìr,25,lī-kìr
字派,jī-phài,25,jī-phài
字派,lī-phài,25,lī-phài
孝墓,hàu-bōo,25,hàu-bō͘
學科,ha̍k-khe,25,ha̍k-khe
學科,ha̍k-kher,25,ha̍k-kher
寄語,kì-gí,25,kì-gí
寄語,kì-gír,25,kì-gír
寄語,kì-gú,25,kì-gú
實據,si̍t-kì,25,si̍t-kì
實據,si̍t-kìr,25,si̍t-kìr
實據,si̍t-kù,25,si̍t-kù
寧可,lîng-khónn,25,lêng-khóⁿ
寿司,sú-sih,25,sú-sih
小乘,sió-sīng,25,sió-sēng
小事,siáu-sīr,25,siáu-sīr
小事,siáu-sū,25,siáu-sū
小使,siáu-sír,25,siáu-sír
小妹,sió-bēr,25,sió-bēr
小暑,siáu-sír,25,siáu-sír
小碼,sió-bé,25,sió-bé
尾溜,bér-liu,25,bér-liu
尾牙,bér-gê,25,bér-gê
居士,kir-sīr,25,kir-sīr
居士,kir-sǐr,25,kir-sǐr
居士,ku-sū,25,ku-sū
工事,kang-sīr,25,kang-sīr
布袋,pòo-tēr,25,pò͘-tēr
師公,sir-kong,25,sir-kong
師公,su-kong,25,su-kong
師婆,sir-pô,25,sir-pô
師婆,su-pô,25,su-pô
師弟,sir-tē,25,sir-tē
師弟,sir-tě,25,sir-tě
師徒,sir-tôo,25,sir-tô͘
師承,sir-sîng,25,sir-sêng
師承,su-sîng,25,su-sêng
師父,sir-hū,25,sir-hū
師父,sir-hǔ,25,sir-hǔ
師爺,sir-iâ,25,sir-iâ
師爺,su-iâ,25,su-iâ
師範,sir-huān,25,sir-hoān
師範,sir-huǎn,25,sir-hoǎn
師長,sir-tiúnn,25,sir-tiúⁿ
年歲,nî-hèr,25,nî-hèr
序文,sīr-bûn,25,sīr-bûn
序文,sū-bûn,25,sū-bûn
序文,sǐr-bûn,25,sǐr-bûn
廈門,ē-mn̂g,25,ē-mn̂g
廈門,ě-mn̂g,25,ě-mn̂g
廢人,huè-jîn,25,hòe-jîn
廢人,huè-lîn,25,hòe-lîn
廢人,huì-lîn,25,hùi-lîn
廢塚,huè-thióng,25,hòe-thióng
廢塚,huì-thióng,25,hùi-thióng
廢墜,huè-tuī,25,hòe-tūi
廢墜,huì-tuī,25,hùi-tūi
廢墳,huè-hûn,25,hòe-hûn
廢墳,huì-hûn,25,hùi-hûn
廢婚,huè-hun,25,hòe-hun
廢婚,huì-hun,25,hùi-hun
廢官,huè-kuann,25,hòe-koaⁿ
廢官,huì-kuann,25,hùi-koaⁿ
廢捒,huè-sak,25,hòe-sak
廢捒,huì-sak,25,hùi-sak
廢物,huè-mi̍h,25,hòe-mi̍h
廢物,huè-mn̍gh,25,hòe-mn̍gh
廢物,huì-mi̍h,25,hùi-mi̍h
廢疾,huè-tsi̍k,25,hòe-che̍k
廢疾,huè-tsi̍t,25,hòe-chi̍t
廢疾,huì-tsi̍k,25,hùi-che̍k
廢疾,huì-tsi̍t,25,hùi-chi̍t
廢約,huè-iok,25,hòe-iok
廢約,huì-iok,25,hùi-iok
廢紙,huè-tsuá,25,hòe-chóa
廢紙,huì-tsuá,25,hùi-chóa
廢話,huè-uē,25,hòe-ōe
廢除,huè-tîr,25,hòe-tîr
引序,ín-sīr,25,ín-sīr
引序,ín-sū,25,ín-sū
引序,ín-sǐr,25,ín-sǐr
弟子,tē-tsír,25,tē-chír
弟子,tě-tsír,25,tě-chír
強欲,kiông-berh,25,kiông-berh
御璽,gī-sú,25,gī-sú
御璽,gīr-sú,25,gīr-sú
御璽,gū-sú,25,gū-sú
御用,gī-iōng,25,gī-iōng
御用,gīr-iōng,25,gīr-iōng
御筆,gī-pit,25,gī-pit
御筆,gīr-pit,25,gīr-pit
御筆,gū-pit,25,gū-pit
御膳,gī-siān,25,gī-siān
御膳,gīr-siān,25,gīr-siān
御膳,gū-siān,25,gū-siān
御製,gī-tsè,25,gī-chè
御製,gīr-tsè,25,gīr-chè
御製,gū-tsè,25,gū-chè
御駕,gī-kà,25,gī-kà
御駕,gīr-kà,25,gīr-kà
御駕,gū-kà,25,gū-kà
心事,sim-sīr,25,sim-sīr
心思,sim-sir,25,sim-sir
心緒,sim-sīr,25,sim-sīr
心緒,sim-sǐr,25,sim-sǐr
応援,őo-ián,25,ŏ͘-ián
思念,sir-liām,25,sir-liām
思慕,sir-bōo,25,sir-bō͘
思慮,sir-līr,25,sir-līr
思慮,su-lū,25,su-lū
思考,sir-khónn,25,sir-khóⁿ
思量,sir-liông,25,sir-liông
思量,sir-niû,25,sir-niû
思量,su-liông,25,su-liông
思量,su-niû,25,su-niû
恩師,irn-sir,25,irn-sir
恩師,un-sir,25,un-sir
恩賜,in-sù,25,in-sù
恩賜,irn-sìr,25,irn-sìr
恩賜,un-sìr,25,un-sìr
想欲,siūnn-berh,25,siūⁿ-berh
想欲,siǔnn-berh,25,siǔⁿ-berh
感悟,kám-gōo,25,kám-gō͘
憑據,pîn-kìr,25,pîn-kìr
成語,sîng-gír,25,sêng-gír
成語,sîng-gú,25,sêng-gú
技師,kī-sir,25,kī-sir
技師,kī-su,25,kī-su
技師,kǐ-sir,25,kǐ-sir
投資,tâu-tsir,25,tâu-chir
抽退,thiu-thèr,25,thiu-thèr
拍洗,phah-seré,25,phah-sére
拍洗,phah-sué,25,phah-sóe
拍洗,phah-sé,25,phah-sé
拍退,phah-thèr,25,phah-thèr
挨推,ere-ther,25,ere-ther
挨推,ue-the,25,oe-the
挨推,ue-ther,25,oe-ther
探仔,thàm-á,25,thàm-á
掰會,pé-hē,25,pé-hē
掰會,pér-hēr,25,pér-hēr
揚げ,á-geh,25,á-geh
搖會,iô-huē,25,iô-hōe
搖會,iô-hē,25,iô-hē
搖會,iô-hēr,25,iô-hēr
摩訶,môo-ho,25,mô͘-ho
摩訶,môo-honn,25,mô͘-hoⁿ
摩訶,môo-hoo,25,mô͘-ho͘
據在,kìr-tsāi,25,kìr-chāi
據在,kìr-tsǎi,25,kìr-chǎi
據實,kì-si̍t,25,kì-si̍t
據實,kìr-si̍t,25,kìr-si̍t
據實,kù-si̍t,25,kù-si̍t
據險,kì-hiám,25,kì-hiám
據險,kìr-hiám,25,kìr-hiám
據險,kù-hiám,25,kù-hiám
收據,siu-kìr,25,siu-kìr
故事,kòo-sīr,25,kò͘-sīr
敕語,thik-gí,25,thek-gí
敕語,thik-gír,25,thek-gír
敕語,thik-gú,25,thek-gú
敘事,sīr-sīr,25,sīr-sīr
敘事,sǐr-sīr,25,sǐr-sīr
教師,kàu-sir,25,kàu-sir
敝姓,pè-sìng,25,pè-sèng
敝舍,pè-sià,25,pè-sià
敝處,pè-tshìr,25,pè-chhìr
敝處,pè-tshù,25,pè-chhù
斯文,sir-bûn,25,sir-bûn
昆布,khòng-buh,25,khòng-buh
暑天,sír-thian,25,sír-thian
暑天,sú-thian,25,sú-thian
暗語,àm-gí,25,àm-gí
暗語,àm-gír,25,àm-gír
暗語,àm-gú,25,àm-gú
書信,sir-sìn,25,sir-sìn
書信,su-sìn,25,su-sìn
書信,tsir-sìn,25,chir-sìn
書信,tsu-sìn,25,chu-sìn
書堂,tsir-tông,25,chir-tông
書堂,tsu-tông,25,chu-tông
書法,sir-huat,25,sir-hoat
書生,sir-sing,25,sir-seng
書童,sir-tông,25,sir-tông
書童,tsir-tông,25,chir-tông
書童,tsu-tông,25,chu-tông
書軒,sir-hian,25,sir-hian
書軒,tsir-hian,25,chir-hian
書軒,tsu-hian,25,chu-hian
書院,sir-īnn,25,sir-īⁿ
書院,su-īnn,25,su-īⁿ
書院,tsir-īnn,25,chir-īⁿ
書院,tsu-īnn,25,chu-īⁿ
會數,huē-siàu,25,hōe-siàu
會數,hē-siàu,25,hē-siàu
會數,hēr-siàu,25,hēr-siàu
會算,huē-suìnn,25,hōe-sùiⁿ
會算,hē-sǹg,25,hē-sǹg
會算,hēr-sǹg,25,hēr-sǹg
會跤,hē-kha,25,hē-kha
會跤,hēr-kha,25,hēr-kha
會銀,huē-gîn,25,hōe-gîn
會銀,hē-gûn,25,hē-gûn
會銀,hēr-gîrn,25,hēr-gîrn
會銀,hēr-gûn,25,hēr-gûn
會頭,hēr-thâu,25,hēr-thâu
本師,pún-sir,25,pún-sir
本師,pún-su,25,pún-su
林檎,lìn-gòo,25,lìn-gò͘
根據,kirn-kìr,25,kirn-kìr
根據,kun-kìr,25,kun-kìr
楷書,khái-sir,25,khái-sir
楷書,khái-su,25,khái-su
標會,pio-huē,25,pio-hōe
標會,pio-hē,25,pio-hē
標會,pio-hēr,25,pio-hēr
次序,tshìr-sīr,25,chhìr-sīr
次序,tshìr-sǐr,25,chhìr-sǐr
正實,tsiann-si̍t,25,chiaⁿ-si̍t
武士,bú-sīr,25,bú-sīr
武士,bú-sǐr,25,bú-sǐr
歲壽,hèr-siū,25,hèr-siū
歲頭,hèr-thâu,25,hèr-thâu
歷史,li̍k-sír,25,le̍k-sír
歸尾,kui-bér,25,kui-bér
死亡,sír-bông,25,sír-bông
死亡,sú-bông,25,sú-bông
死絕,sí-tse̍rh,25,sí-che̍rh
毋捌,m̄-pat,25,m̄-pat
毋過,m̄-kú,25,m̄-kú
母語,bú-gír,25,bú-gír
毛病,mâu-pīng,25,mâu-pēng
氣退,khì-thè,25,khì-thè
氣退,khì-thèr,25,khì-thèr
泉腔,tsuân-khiunn,25,choân-khiuⁿ
法師,huat-sir,25,hoat-sir
洗佛,seré-hu̍t,25,sére-hu̍t
洗佛,seré-pu̍t,25,sére-pu̍t
洗佛,sué-hu̍t,25,sóe-hu̍t
洗佛,sué-pu̍t,25,sóe-pu̍t
洗佛,sé-hu̍t,25,sé-hu̍t
洗佛,sé-pu̍t,25,sé-pu̍t
洗喙,seré-tshuì,25,sére-chhùi
洗城,seré-siânn,25,sére-siâⁿ
洗城,sué-siânn,25,sóe-siâⁿ
洗城,sé-siânn,25,sé-siâⁿ
洗塵,sián-tîn,25,sián-tîn
洗字,seré-jī,25,sére-jī
洗字,seré-lī,25,sére-lī
洗字,sué-jī,25,sóe-jī
洗字,sué-lī,25,sóe-lī
洗字,sé-jī,25,sé-jī
洗字,sé-lī,25,sé-lī
洗汰,seré-thuā,25,sére-thōa
洗浴,seré-i̍k,25,sére-e̍k
洗淨,seré-tsīng,25,sére-chēng
洗清,seré-tshing,25,sére-chheng
洗盪,seré-tn̄g,25,sére-tn̄g
洗罪,seré-tsuē,25,sére-chōe
洗罪,seré-tsuě,25,sére-chǒe
洗罪,sué-tsuē,25,sóe-chōe
洗罪,sué-tsuě,25,sóe-chǒe
洗罪,sé-tsuē,25,sé-chōe
洗衫,seré-sann,25,sére-saⁿ
洗金,seré-kim,25,sére-kim
洗金,sué-kim,25,sóe-kim
洗金,sé-kim,25,sé-kim
洗銃,seré-tshìng,25,sére-chhèng
洗銃,sué-tshìng,25,sóe-chhèng
洗銃,sé-tshìng,25,sé-chhèng
洗除,seré-tîr,25,sére-tîr
洗除,sué-tîr,25,sóe-tîr
洗除,sué-tû,25,sóe-tû
洗除,sé-tî,25,sé-tî
洗面,seré-bīn,25,sére-bīn
洗骨,seré-kut,25,sére-kut
洗骨,sué-kut,25,sóe-kut
洗骨,sé-kut,25,sé-kut
活會,ua̍h-hēr,25,oa̍h-hēr
海苔,nóo-lih,25,nó͘-lih
溝通,kio-thong,25,kio-thong
漁會,hîr-huē,25,hîr-hōe
漁火,gî-hónn,25,gî-hóⁿ
漁火,gîr-hónn,25,gîr-hóⁿ
漁火,gû-hónn,25,gû-hóⁿ
漫画,bàng-gà,25,bàng-gà
漳州,tsing-tsiu,25,cheng-chiu
漳腔,tsing-khiunn,25,cheng-khiuⁿ
火井,hué-tsénn,25,hóe-chéⁿ
火井,hé-tsínn,25,hé-chíⁿ
火井,hér-tsínn,25,hér-chíⁿ
火坑,hué-khenn,25,hóe-kheⁿ
火坑,hé-khinn,25,hé-khiⁿ
火坑,hér-khinn,25,hér-khiⁿ
火屎,hér-sái,25,hér-sái
火山,hér-suann,25,hér-soaⁿ
火拭,hué-tshit,25,hóe-chhit
火拭,hé-tshit,25,hé-chhit
火拭,hér-tshit,25,hér-chhit
火擦,hué-tshat,25,hóe-chhat
火擦,hé-tshat,25,hé-chhat
火擦,hér-tshat,25,hér-chhat
火星,hér-tshinn,25,hér-chhiⁿ
火柴,hué-tshâ,25,hóe-chhâ
火柴,hé-tshâ,25,hé-chhâ
火柴,hér-tshâ,25,hér-chhâ
火母,hér-bú,25,hér-bú
火母,hér-hu,25,hér-hu
火氣,hér-khì,25,hér-khì
火漆,hué-tshat,25,hóe-chhat
火漆,hé-tshat,25,hé-chhat
火漆,hér-tshat,25,hér-chhat
火灶,hué-tsàu,25,hóe-chàu
火灶,hé-tsàu,25,hé-chàu
火灶,hér-tsàu,25,hér-chàu
火災,hér-tsai,25,hér-chai
火烌,hér-hu,25,hér-hu
火石,hué-tsio̍h,25,hóe-chio̍h
火石,hé-tsio̍h,25,hé-chio̍h
火石,hér-tsio̍h,25,hér-chio̍h
火神,hué-sîn,25,hóe-sîn
火神,hé-sîn,25,hé-sîn
火神,hér-sîn,25,hér-sîn
火種,hér-tsíng,25,hér-chéng
火箍,hué-khoo,25,hóe-kho͘
火箍,hé-khoo,25,hé-kho͘
火箍,hér-khoo,25,hér-kho͘
火箠,hué-tshuê,25,hóe-chhôe
火箠,hé-tshê,25,hé-chhê
火箠,hér-tshêr,25,hér-chhêr
火箭,hér-tsìnn,25,hér-chìⁿ
火箸,hér-tīr,25,hér-tīr
火籤,hué-tshiam,25,hóe-chhiam
火籤,hé-tshiam,25,hé-chhiam
火籤,hér-tshiam,25,hér-chhiam
火罐,hué-kuàn,25,hóe-koàn
火罐,hé-kuàn,25,hé-koàn
火罐,hér-kuàn,25,hér-koàn
火腿,hér-thuí,25,hér-thúi
火舌,hér-tsi̍h,25,hér-chi̍h
火船,hué-tsûn,25,hóe-chûn
火船,hé-tsûn,25,hé-chûn
火船,hér-tsûn,25,hér-chûn
火葬,hé-tsòng,25,hé-chòng
火葬,hér-tsòng,25,hér-chòng
火薰,hér-hun,25,hér-hun
火速,hué-sok,25,hóe-sok
火速,hé-sok,25,hé-sok
火速,hér-sok,25,hér-sok
火酒,hué-tsiú,25,hóe-chiú
火酒,hé-tsiú,25,hé-chiú
火酒,hér-tsiú,25,hér-chiú
火鍋,hér-ko,25,hér-ko
火鍤,hé-tshiah,25,hé-chhiah
火鍤,hér-tshiah,25,hér-chhiah
火頭,hué-thâu,25,hóe-thâu
火頭,hé-thâu,25,hé-thâu
火頭,hér-thâu,25,hér-thâu
火鼎,hué-tiánn,25,hóe-tiáⁿ
火鼎,hé-tiánn,25,hé-tiáⁿ
火鼎,hér-tiánn,25,hér-tiáⁿ
灰匙,he-sî,25,he-sî
灰匙,her-sî,25,her-sî
灰匙,hue-sî,25,hoe-sî
灰壙,he-khòng,25,he-khòng
灰壙,her-khǹg,25,her-khǹg
灰壙,hue-khòng,25,hoe-khòng
灰槌,he-thuî,25,he-thûi
灰槌,her-thuî,25,her-thûi
灰槌,hue-thuî,25,hoe-thûi
灰漆,he-tshat,25,he-chhat
灰漆,her-tshat,25,her-chhat
灰漆,hue-tshat,25,hoe-chhat
灰石,he-tsio̍h,25,he-chio̍h
灰石,her-tsio̍h,25,her-chio̍h
灰石,hue-tsio̍h,25,hoe-chio̍h
灰色,he-sik,25,he-sek
灰色,her-sik,25,her-sek
灰頭,he-thâu,25,he-thâu
灰頭,her-thâu,25,her-thâu
炎暑,iām-sír,25,iām-sír
無𫝛,bô-sâng,25,bô-sâng
牛蒡,gōo-bōo,25,gō͘-bō͘
牟尼,biô-nî,25,biô-nî
牧師,bo̍k-sir,25,bo̍k-sir
物配,mn̍gh-phèr,25,mn̍gh-phèr
猶未,iá-bēr,25,iá-bēr
理事,lí-sīr,25,lí-sīr
理會,lí-huē,25,lí-hōe
理會,lí-hē,25,lí-hē
理會,lí-hēr,25,lí-hēr
甘尾,kam-bué,25,kam-bóe
甘尾,kam-bé,25,kam-bé
甘尾,kam-bér,25,kam-bér
生死,sing-sír,25,seng-sír
生死,sing-sú,25,seng-sú
當開,tng-khui,25,tng-khui
痟退,siáu-thè,25,siáu-thè
痟退,siáu-thèr,25,siáu-thèr
百合,iú-lih,25,iú-lih
皮包,phêr-pau,25,phêr-pau
皮帶,phêr-tuà,25,phêr-tòa
皮箱,phêr-siunn,25,phêr-siuⁿ
皮膚,phêr-hu,25,phêr-hu
皮草,phê-tsháu,25,phê-chháu
皮草,phêr-tsháu,25,phêr-chháu
皮衫,phê-sann,25,phê-saⁿ
皮衫,phêr-sann,25,phêr-saⁿ
皮鞋,phêr-erê,25,phêr-êre
皮鞋,phêr-uê,25,phêr-ôe
相士,siòng-sīr,25,siòng-sīr
相士,siòng-sū,25,siòng-sū
相士,siòng-sǐr,25,siòng-sǐr
相思,siu-si,25,siu-si
相推,sann-the,25,saⁿ-the
相推,sann-ther,25,saⁿ-ther
相諍,sann-tsìnn,25,saⁿ-chìⁿ
相𫝛,sann-sâng,25,saⁿ-sâng
看板,kha̋ng-páng,25,khăng-páng
看過,khuànn-kèr,25,khòaⁿ-kèr
眼科,gán-khe,25,gán-khe
眼科,gán-kher,25,gán-kher
短欠,tuán-khiàm,25,toán-khiàm
短欠,té-khiàm,25,té-khiàm
短欠,tér-khiàm,25,tér-khiàm
短路,tér-lōo,25,tér-lō͘
硩墓,teh-bōo,25,teh-bō͘
硩火,teh-hé,25,teh-hé
硩火,teh-hér,25,teh-hér
碩士,si̍k-sīr,25,se̍k-sīr
碩士,si̍k-sǐr,25,se̍k-sǐr
確據,khak-kì,25,khak-kì
確據,khak-kìr,25,khak-kìr
確據,khak-kù,25,khak-kù
碼仔,bé-á,25,bé-á
碼子,bé-tsí,25,bé-chí
磺火,hông-hér,25,hông-hér
福佬,hô-ló,25,hô-ló
禪師,siân-sir,25,siân-sir
私事,sir-sīr,25,sir-sīr
私利,sir-lī,25,sir-lī
私立,sir-li̍p,25,sir-li̍p
科學,khe-ha̍k,25,khe-ha̍k
科學,kher-ha̍k,25,kher-ha̍k
科技,kher-kī,25,kher-kī
科技,kher-kǐ,25,kher-kǐ
科目,khe-bo̍k,25,khe-bo̍k
科目,kher-bo̍k,25,kher-bo̍k
科舉,khe-kú,25,khe-kú
科舉,kher-kír,25,kher-kír
科舉,kho-kí,25,kho-kí
科舉,kho-kír,25,kho-kír
科舉,kho-kú,25,kho-kú
稅金,sèr-kim,25,sèr-kim
穢涗,èr-sèr,25,èr-sèr
穢著,è-tio̍h,25,è-tio̍h
穢著,èr-tio̍h,25,èr-tio̍h
空虛,khang-hir,25,khang-hir
空虛,khang-hu,25,khang-hu
空虛,khong-hi,25,khong-hi
空虛,khong-hir,25,khong-hir
空虛,khong-hu,25,khong-hu
章魚,thak-khooh,25,thak-kho͘h
箪笥,thàng-sù,25,thàng-sù
篆刻,thuàn-khik,25,thoàn-khek
篆字,thuàn-jī,25,thoàn-jī
篆字,thuàn-lī,25,thoàn-lī
細作,serè-tsoh,25,sère-choh
細作,suè-tsoh,25,sòe-choh
細作,sè-tsoh,25,sè-choh
細本,serè-pún,25,sère-pún
細本,suè-pún,25,sòe-pún
細本,sè-pún,25,sè-pún
紳士,sin-sīr,25,sin-sīr
紳士,sin-sǐr,25,sin-sǐr
結尾,kiat-bé,25,kiat-bé
結尾,kiat-bér,25,kiat-bér
結構,kiat-kiò,25,kiat-kiò
綴會,tè-hē,25,tè-hē
綴會,tèr-hēr,25,tèr-hēr
綴路,tèr-lōo,25,tèr-lō͘
練炭,lia̋n-táng,25,liăn-táng
羊羹,iő-káng,25,iŏ-káng
義士,gī-sīr,25,gī-sīr
義士,gī-sū,25,gī-sū
義士,gī-sǐr,25,gī-sǐr
老師,ló-su,25,ló-su
老師,nóo-sir,25,nó͘-sir
考慮,khónn-līr,25,khóⁿ-līr
耳科,hī-khe,25,hī-khe
耳科,hī-kher,25,hī-kher
耳科,hǐ-kher,25,hǐ-kher
肉皮,bah-phêr,25,bah-phêr
脚絆,khiā-hang,25,khiā-hang
臨時,liâm-sî,25,liâm-sî
自信,tsīr-sìn,25,chīr-sìn
自己,tsīr-kí,25,chīr-kí
自新,tsīr-sin,25,chīr-sin
自然,tsīr-jiân,25,chīr-jiân
自然,tsīr-liân,25,chīr-liân
自私,tsīr-sir,25,chīr-sir
自習,tsīr-si̍p,25,chīr-si̍p
自習,tsū-si̍p,25,chū-si̍p
自身,tsīr-sin,25,chīr-sin
臺語,tâi-gír,25,tâi-gír
花子,hua-tsír,25,hoa-chír
花子,hue-tsí,25,hoe-chí
茶洗,tê-seré,25,tê-sére
茶洗,tê-sián,25,tê-sián
茶配,tê-phè,25,tê-phè
茶配,tê-phèr,25,tê-phèr
草字,tshó-jī,25,chhó-jī
草字,tshó-lī,25,chhó-lī
草書,tshó-sir,25,chhó-sir
荒廢,hng-huè,25,hng-hòe
荒廢,hong-huè,25,hong-hòe
菜配,tshài-phèr,25,chhài-phèr
落雪,lo̍h-serh,25,lo̍h-serh
葉書,ia̍p-sir,25,ia̍p-sir
葉書,ia̍p-su,25,ia̍p-su
葵扇,khe-sìnn,25,khe-sìⁿ
薩埵,sat-to,25,sat-to
薩埵,sat-tóo,25,sat-tó͘
虛傳,hi-thuân,25,hi-thoân
虛傳,hir-thuân,25,hir-thoân
虛傳,hu-thuân,25,hu-thoân
虛價,hi-kè,25,hi-kè
虛價,hir-kè,25,hir-kè
虛價,hu-kè,25,hu-kè
虛名,hi-bîng,25,hi-bêng
虛名,hi-miâ,25,hi-miâ
虛名,hir-bîng,25,hir-bêng
虛名,hir-miâ,25,hir-miâ
虛名,hu-bîng,25,hu-bêng
虛名,hu-miâ,25,hu-miâ
虛實,hi-si̍t,25,hi-si̍t
虛實,hir-si̍t,25,hir-si̍t
虛實,hu-si̍t,25,hu-si̍t
虛底,hi-té,25,hi-té
虛底,hir-teré,25,hir-tére
虛底,hir-tué,25,hir-tóe
虛底,hu-tué,25,hu-tóe
虛度,hi-tōo,25,hi-tō͘
虛度,hir-tōo,25,hir-tō͘
虛度,hu-tōo,25,hu-tō͘
虛弱,hir-jio̍k,25,hir-jio̍k
虛弱,hir-lio̍k,25,hir-lio̍k
虛弱,hu-jio̍k,25,hu-jio̍k
虛弱,hu-lio̍k,25,hu-lio̍k
虛心,hi-sim,25,hi-sim
虛心,hir-sim,25,hir-sim
虛心,hu-sim,25,hu-sim
虛榮,hir-îng,25,hir-êng
虛榮,hu-îng,25,hu-êng
虛浮,hi-hôo,25,hi-hô͘
虛浮,hir-hôo,25,hir-hô͘
虛浮,hu-hôo,25,hu-hô͘
虛火,hir-hér,25,hir-hér
虛火,hu-hé,25,hu-hé
虛無,hi-bû,25,hi-bû
虛無,hir-bû,25,hir-bû
虛無,hu-bû,25,hu-bû
虛熱,hi-jia̍t,25,hi-jia̍t
虛熱,hi-lia̍t,25,hi-lia̍t
虛熱,hir-jia̍t,25,hir-jia̍t
虛熱,hir-lia̍t,25,hir-lia̍t
虛熱,hu-jia̍t,25,hu-jia̍t
虛熱,hu-lia̍t,25,hu-lia̍t
虛空,hi-khong,25,hi-khong
虛空,hir-khong,25,hir-khong
虛空,hu-khong,25,hu-khong
虛級,hi-kip,25,hi-kip
虛級,hir-kip,25,hir-kip
虛級,hu-kip,25,hu-kip
虛聞,hi-bûn,25,hi-bûn
虛聞,hir-bûn,25,hir-bûn
虛聞,hu-bûn,25,hu-bûn
虛華,hir-hua,25,hir-hoa
虛華,hu-hua,25,hu-hoa
虛言,hi-gân,25,hi-gân
虛言,hir-giân,25,hir-giân
虛言,hu-giân,25,hu-giân
虛詞,hi-sû,25,hi-sû
虛詞,hir-sîr,25,hir-sîr
虛詞,hu-sû,25,hu-sû
虛費,hi-huì,25,hi-hùi
虛費,hir-huì,25,hir-hùi
虛費,hu-huì,25,hu-hùi
虛重,hi-tāng,25,hi-tāng
虛重,hir-tāng,25,hir-tāng
虛重,hir-tǎng,25,hir-tǎng
虛重,hu-tāng,25,hu-tāng
虛闊,hi-khuah,25,hi-khoah
虛闊,hir-khuah,25,hir-khoah
虛闊,hu-khuah,25,hu-khoah
蚵炱,ô-ter,25,ô-ter
蠻皮,bân-phêr,25,bân-phêr
行書,hâng-sir,25,hâng-sir
行書,hâng-su,25,hâng-su
行書,hîng-sir,25,hêng-sir
行書,hîng-su,25,hêng-su
術士,su̍t-sīr,25,su̍t-sīr
術士,su̍t-sū,25,su̍t-sū
術士,su̍t-sǐr,25,su̍t-sǐr
術語,su̍t-gí,25,su̍t-gí
術語,su̍t-gír,25,su̍t-gír
術語,su̍t-gú,25,su̍t-gú
街頭,kere-thâu,25,kere-thâu
衰退,sue-thèr,25,soe-thèr
規矩,kui-kír,25,kui-kír
解說,keré-serh,25,kére-serh
解說,kué-serh,25,kóe-serh
言詞,giân-sîr,25,giân-sîr
言詞,gân-sû,25,gân-sû
言語,giân-gír,25,giân-gír
言語,gân-gí,25,gân-gí
言辭,giân-sîr,25,giân-sîr
言辭,gân-sû,25,gân-sû
訓詞,hùn-sîr,25,hùn-sîr
訓詞,hùn-sû,25,hùn-sû
記事,kì-sīr,25,kì-sīr
許可,hír-khónn,25,hír-khóⁿ
話語,uē-gír,25,ōe-gír
語文,gír-bûn,25,gír-bûn
語法,gír-huat,25,gír-hoat
語詞,gír-sîr,25,gír-sîr
語詞,gú-sû,25,gú-sû
謙虛,khiam-hir,25,khiam-hir
謙虛,khiam-hu,25,khiam-hu
講師,káng-sir,25,káng-sir
讀書,tho̍k-sir,25,tho̍k-sir
豆皮,tāu-phêr,25,tāu-phêr
貨主,hèr-tsú,25,hèr-chú
貨倉,huè-tshng,25,hòe-chhng
貨倉,hè-tshng,25,hè-chhng
貨倉,hèr-tshng,25,hèr-chhng
貨價,huè-kè,25,hòe-kè
貨價,hè-kè,25,hè-kè
貨價,hèr-kè,25,hèr-kè
貨單,huè-tuann,25,hòe-toaⁿ
貨單,hè-tuann,25,hè-toaⁿ
貨單,hèr-tuann,25,hèr-toaⁿ
貨客,huè-kheh,25,hòe-kheh
貨客,hè-kheh,25,hè-kheh
貨客,hèr-kheh,25,hèr-kheh
貨尾,hèr-bér,25,hèr-bér
貨幣,hèr-pè,25,hèr-pè
貨底,hèr-teré,25,hèr-tére
貨底,hèr-tué,25,hèr-tóe
貨物,huè-mi̍h,25,hòe-mi̍h
貨物,hè-mi̍h,25,hè-mi̍h
貨物,hè-mn̍gh,25,hè-mn̍gh
貨物,hèr-bu̍t,25,hèr-bu̍t
貨物,hèr-mn̍gh,25,hèr-mn̍gh
貨船,hèr-tsûn,25,hèr-chûn
貨色,hèr-sik,25,hèr-sek
貨草,hèr-tsháu,25,hèr-chháu
貨財,huè-tsâi,25,hòe-châi
貨財,hè-tsâi,25,hè-châi
貨財,hèr-tsâi,25,hèr-châi
貨車,hèr-tshia,25,hèr-chhia
貨錢,huè-tsînn,25,hòe-chîⁿ
貨錢,hè-tsînn,25,hè-chîⁿ
貨錢,hèr-tsînn,25,hèr-chîⁿ
貨頭,hèr-thâu,25,hèr-thâu
資料,tsir-liāu,25,chir-liāu
資訊,tsir-sìn,25,chir-sìn
賠命,pê-miā,25,pê-miā
賠命,pêr-miā,25,pêr-miā
賠窮,puê-kîng,25,pôe-kêng
賠窮,pê-kîng,25,pê-kêng
賠窮,pêr-kîng,25,pêr-kêng
賠補,puê-póo,25,pôe-pó͘
賠補,pê-póo,25,pê-pó͘
賠補,pêr-póo,25,pêr-pó͘
賠錢,pêr-tsînn,25,pêr-chîⁿ
賢士,hiân-sīr,25,hiân-sīr
賢士,hiân-sū,25,hiân-sū
賢士,hiân-sǐr,25,hiân-sǐr
足袋,that-bí,25,that-bí
跟綴,kirn-tèr,25,kirn-tèr
跟綴,kun-tèr,25,kun-tèr
踅街,se̍rh-kere,25,se̍rh-kere
踅街,se̍rh-kue,25,se̍rh-koe
軍事,kun-sīr,25,kun-sīr
軍士,kun-sīr,25,kun-sīr
軍士,kun-sū,25,kun-sū
軍士,kun-sǐr,25,kun-sǐr
軍師,kun-sir,25,kun-sir
轉去,tńg-khìr,25,tńg-khìr
辭世,sîr-sè,25,sîr-sè
辭世,sû-sè,25,sû-sè
辭令,sîr-līng,25,sîr-lēng
辭令,sû-līng,25,sû-lēng
辭典,sîr-tián,25,sîr-tián
辭書,sîr-sir,25,sîr-sir
辭書,sû-su,25,sû-su
迦葉,ka-sia̍p,25,ka-sia̍p
迦葉,kia-sia̍p,25,kia-sia̍p
迵過,thàng-kèr,25,thàng-kèr
退味,thè-bī,25,thè-bī
退味,thèr-bī,25,thèr-bī
退悔,thè-hué,25,thè-hóe
退悔,thèr-hué,25,thèr-hóe
退火,thèr-hér,25,thèr-hér
退約,thè-iok,25,thè-iok
退約,thèr-iok,25,thèr-iok
退讓,thè-jiōng,25,thè-jiōng
退讓,thè-liōng,25,thè-liōng
退讓,thèr-jiōng,25,thèr-jiōng
退讓,thèr-liōng,25,thèr-liōng
退貨,thè-hè,25,thè-hè
退貨,thèr-hèr,25,thèr-hèr
退避,thuè-pī,25,thòe-pī
透過,thàu-kèr,25,thàu-kèr
通過,thong-kèr,25,thong-kèr
遁辭,tūn-sîr,25,tūn-sîr
遁辭,tūn-sû,25,tūn-sû
過份,kèr-hūn,25,kèr-hūn
過分,kèr-hun,25,kèr-hun
過去,kèr-khìr,25,kèr-khìr
過年,kèr-nî,25,kèr-nî
過度,kèr-tōo,25,kèr-tō͘
過往,kèr-óng,25,kèr-óng
過敏,kèr-bín,25,kèr-bín
過水,kèr-tsuí,25,kèr-chúi
過溪,kuè-khe,25,kòe-khe
過溪,kè-khue,25,kè-khoe
過溪,kèr-khere,25,kèr-khere
過溪,kèr-khue,25,kèr-khoe
過濾,kèr-līr,25,kèr-līr
過磅,kèr-pōng,25,kèr-pōng
過磅,kèr-pǒng,25,kèr-pǒng
過面,kèr-bīn,25,kèr-bīn
過頭,kèr-thâu,25,kèr-thâu
遺書,uî-sir,25,ûi-sir
酒配,tsiú-phèr,25,chiú-phèr
酷暑,khok-sír,25,khok-sír
酷暑,khok-sú,25,khok-sú
酸素,sng-sòo,25,sng-sò͘
醫師,i-sir,25,i-sir
錄音,lio̍k-im,25,lio̍k-im
鐮𠠝,liâm-li̍k,25,liâm-le̍k
防火,hông-hér,25,hông-hér
隱士,ín-sū,25,ín-sū
隱士,írn-sīr,25,írn-sīr
隱士,írn-sǐr,25,írn-sǐr
隱士,ún-sīr,25,ún-sīr
隱士,ún-sǐr,25,ún-sǐr
隱居,ín-ki,25,ín-ki
隱居,írn-kir,25,írn-kir
隱居,ún-kir,25,ún-kir
隱私,ín-su,25,ín-su
隱私,írn-sir,25,írn-sir
隱私,ún-sir,25,ún-sir
隱語,ín-gí,25,ín-gí
隱語,írn-gír,25,írn-gír
隱語,ún-gír,25,ún-gír
隱語,ún-gú,25,ún-gú
隸書,lē-sir,25,lē-sir
隸書,lē-su,25,lē-su
雞頭,kere-thâu,25,kere-thâu
雞頭,kue-thâu,25,koe-thâu
難事,lân-sīr,25,lân-sīr
難事,lân-sū,25,lân-sū
面會,biān-hē,25,biān-hē
面會,biān-hēr,25,biān-hēr
面皮,bīn-phêr,25,bīn-phêr
頓首,tùn-siú,25,tùn-siú
頭序,thâu-sīr,25,thâu-sīr
頭序,thâu-sū,25,thâu-sū
頭序,thâu-sǐr,25,thâu-sǐr
題序,terê-sīr,25,têre-sīr
題序,terê-sǐr,25,têre-sǐr
題序,tuê-sīr,25,tôe-sīr
題序,tuê-sǐr,25,tôe-sǐr
風呂,hú-looh,25,hú-lo͘h
風尾,hong-bér,25,hong-bér
風尾,huang-bér,25,hoang-bér
風火,hong-hér,25,hong-hér
飯盒,ha̋ng-góo,25,hăng-gó͘
饂飩,u-lóng,25,u-lóng
鬱色,ut-sik,25,ut-sek
魚拊,hîr-hú,25,hîr-hú
鯊魚,sua-hîr,25,soa-hîr
麵皮,mī-phê,25,mī-phê
麵皮,mī-phêr,25,mī-phêr
黴菌,ba̋i-khín,25,băi-khín
齊斬,tserê-tsánn,25,chêre-cháⁿ
齊斬,tsuê-tsánn,25,chôe-cháⁿ
齒科,khí-khe,25,khí-khe
齒科,khí-kher,25,khí-kher
龍門,liông-bûn,25,liông-bûn
𫝛人,sâng-lâng,25,sâng-lâng
𫝛勻,sâng-ûn,25,sâng-ûn
𫝛年,sâng-nî,25,sâng-nî
𫝛時,sâng-sî,25,sâng-sî
𫝛款,sâng-khuán,25,sâng-khoán
𫝛途,sâng-tôo,25,sâng-tô͘
あにき,a-ní-khih,16,a-ní-khih
お人形,oo-lín-gióo,16,o͘-lín-gió͘
きもち,khi-móo-tsih,16,khi-mó͘-chih
さくら,sa-khú-lah,16,sa-khú-lah
さしみ,sa-sí-mih,16,sa-sí-mih
しあげ,si-á-geh,16,si-á-geh
せびろ,se-bí-looh,16,se-bí-lo͘h
ぞうり,lóo-lí-á,16,ló͘-lí-á
たたみ,tha-thá-mih,16,tha-thá-mih
ひのき,hi-nóo-khih,16,hi-nó͘-khih
わさび,ua-sá-bih,16,oa-sá-bih
アルミ,a-lú-mih,16,a-lú-mih
カメラ,kha-mé-lah,16,kha-mé-lah
コレラ,khoo-lé-lah,16,kho͘-lé-lah
ゴルフ,goo-lú-huh,16,go͘-lú-huh
ジルバ,ji-lú-bah,16,ji-lú-bah
スパナ,si̍p-pán-ná,16,si̍p-pán-ná
テニス,the-ní-suh,16,the-ní-suh
トマト,thoo-má-tooh,16,tho͘-má-to͘h
ピアノ,phi-á-nooh,16,phi-á-no͘h
ベニヤ,me-lí-á,16,me-lí-á
ホテル,hoo-té-luh,16,ho͘-té-luh
ラジオ,la-jí-ooh,16,la-jí-o͘h
ラムネ,la-mú-neh,16,la-mú-neh
ワルツ,ua-lù-tsuh,16,oa-lù-chuh
不二價,put-jī-kà,16,put-jī-kà
不二價,put-jī-kè,16,put-jī-kè
不二價,put-lī-kà,16,put-lī-kà
不二價,put-lī-kè,16,put-lī-kè
仕上げ,si-á-geh,16,si-á-geh
傀儡戲,ka-lér-hì,16,ka-lér-hì
口頭話,kháu-thâu-uē,16,kháu-thâu-ōe
口頭語,kháu-thâu-gí,16,kháu-thâu-gí
口頭語,kháu-thâu-gír,16,kháu-thâu-gír
口頭語,kháu-thâu-gú,16,kháu-thâu-gú
嘆語詞,thàn-gí-sû,16,thàn-gí-sû
嘆語詞,thàn-gír-sîr,16,thàn-gír-sîr
嘆語詞,thàn-gú-sû,16,thàn-gú-sû
圖書館,tôo-sir-kuán,16,tô͘-sir-koán
大丈夫,la̋i-jiòo-bù,16,lăi-jiò͘-bù
大本字,tuā-pún-jī,16,tōa-pún-jī
大本字,tuā-pún-lī,16,tōa-pún-lī
天麩羅,thia̋n-pú-lah,16,thiăn-pú-lah
如來佛,jîr-lâi-hu̍t,16,jîr-lâi-hu̍t
如來佛,jû-lâi-hu̍t,16,jû-lâi-hu̍t
如來佛,lîr-lâi-hu̍t,16,lîr-lâi-hu̍t
如來佛,lû-lâi-hu̍t,16,lû-lâi-hu̍t
如夫人,jîr-hu-jîn,16,jîr-hu-jîn
如夫人,lîr-hu-lîn,16,lîr-hu-lîn
小乘教,sió-sīng-kàu,16,sió-sēng-kàu
小兒科,siáu-jî-khe,16,siáu-jî-khe
小兒科,siáu-jî-kher,16,siáu-jî-kher
小兒科,siáu-lî-khe,16,siáu-lî-khe
小兒科,siáu-lî-kher,16,siáu-lî-kher
小本字,sió-pún-jī,16,sió-pún-jī
小本字,sió-pún-lī,16,sió-pún-lī
尾仔,bué--á,16,bóe--á
尾仔,bé--á,16,bé--á
尾仔,bér--á,16,bér--á
布袋戲,pòo-tēr-hì,16,pò͘-tēr-hì
廢去,huè--khì,16,hòe--khì
廢去,huè--khìr,16,hòe--khìr
廢去,huì--khì,16,hùi--khì
御林軍,gī-lîm-kun,16,gī-lîm-kun
御林軍,gīr-lîm-kun,16,gīr-lîm-kun
御林軍,gū-lîm-kun,16,gū-lîm-kun
想退悔,siūnn-thè-hué,16,siūⁿ-thè-hóe
想退悔,siūnn-thèr-hué,16,siūⁿ-thèr-hóe
想退悔,siǔnn-thèr-hué,16,siǔⁿ-thèr-hóe
抽退步,thiu-thè-pōo,16,thiu-thè-pō͘
抽退步,thiu-thèr-pōo,16,thiu-thèr-pō͘
搖會頭,iô-huē-thâu,16,iô-hōe-thâu
搖會頭,iô-hē-thâu,16,iô-hē-thâu
搖會頭,iô-hēr-thâu,16,iô-hēr-thâu
摩訶埵,môo-ho-sat,16,mô͘-ho-sat
摩訶埵,môo-hoo-sat,16,mô͘-ho͘-sat
教科書,kàu-khe-su,16,kàu-khe-su
教科書,kàu-kher-sir,16,kàu-kher-sir
教科書,kàu-kho-sir,16,kàu-kho-sir
會不是,huē-put-sī,16,hōe-put-sī
會不是,hē-put-sī,16,hē-put-sī
會不是,hēr-put-sī,16,hēr-put-sī
會不是,hēr-put-sǐ,16,hēr-put-sǐ
會失禮,hēr-sit-lé,16,hēr-sit-lé
會毋著,hēr-m̄-tio̍h,16,hēr-m̄-tio̍h
歹去,phái--khìr,16,phái--khìr
氣持ち,khi-móo-tsih,16,khi-mó͘-chih
洗手盆,seré-tshiú-phûn,16,sére-chhiú-phûn
洗手盆,sué-tshiú-phûn,16,sóe-chhiú-phûn
洗手盆,sé-tshiú-phûn,16,sé-chhiú-phûn
洗浴間,seré-i̍k-king,16,sére-e̍k-keng
洗浴間,sué-i̍k-king,16,sóe-e̍k-keng
洗浴間,sé-i̍k-king,16,sé-e̍k-keng
洗米潘,seré-bí-phun,16,sére-bí-phun
洗米潘,sué-bí-phun,16,sóe-bí-phun
洗米潘,sé-bí-phun,16,sé-bí-phun
洗身離,seré-sin-lī,16,sére-sin-lī
洗身離,sué-sin-lī,16,sóe-sin-lī
洗身離,sé-sin-lī,16,sé-sin-lī
洗面風,seré-bīn-hong,16,sére-bīn-hong
洗面風,sué-bīn-hong,16,sóe-bīn-hong
洗面風,sé-bīn-hong,16,sé-bīn-hong
洗飯頓,seré-pn̄g-tǹg,16,sére-pn̄g-tǹg
洗飯頓,sué-pn̄g-tǹg,16,sóe-pn̄g-tǹg
洗飯頓,sé-puīnn-tuìnn,16,sé-pūiⁿ-tùiⁿ
混凝土,khōng-ku-lí,16,khōng-ku-lí
火葬場,hué-tsòng-tiônn,16,hóe-chòng-tiôⁿ
火葬場,hé-tsòng-tiûnn,16,hé-chòng-tiûⁿ
火葬場,hér-tsòng-tiûnn,16,hér-chòng-tiûⁿ
狗母鮻,káu-bó-so,16,káu-bó-so
狗母鮻,káu-bór-sor,16,káu-bór-sor
狗母鮻,káu-bú-so,16,káu-bú-so
猶毋過,iá-m̄-kú,16,iá-m̄-kú
玉如意,gi̍k-jîr-ì,16,ge̍k-jîr-ì
玉如意,gi̍k-jû-ì,16,ge̍k-jû-ì
玉如意,gi̍k-lîr-ì,16,ge̍k-lîr-ì
玉如意,gi̍k-lû-ì,16,ge̍k-lû-ì
皮膚科,phê-hu-khe,16,phê-hu-khe
皮膚科,phê-hu-kho,16,phê-hu-kho
皮膚科,phêr-hu-kher,16,phêr-hu-kher
皮膚科,phêr-hu-kho,16,phêr-hu-kho
相借問,sann-tsioh-mn̄g,16,saⁿ-chioh-mn̄g
相出路,sann-tshut-lōo,16,saⁿ-chhut-lō͘
相挨身,sann-ere-sin,16,saⁿ-ere-sin
相挨身,sann-ue-sin,16,saⁿ-oe-sin
相掰會,sann-pé-hē,16,saⁿ-pé-hē
相掰會,sann-pér-hēr,16,saⁿ-pér-hēr
相掰會,sio-pué-huē,16,sio-póe-hōe
相整會,sann-tsíng-hē,16,saⁿ-chéng-hē
相整會,sann-tsíng-hēr,16,saⁿ-chéng-hēr
相整會,sio-tsíng-huē,16,sio-chéng-hōe
相褒歌,sann-po-kua,16,saⁿ-po-koa
相閃身,sann-siám-sin,16,saⁿ-siám-sin
福佬人,hô-ló-lâng,16,hô-ló-lâng
福建話,hok-kiàn-uē,16,hok-kiàn-ōe
穢人,uè--lâng,16,òe--lâng
穢人,è--lâng,16,è--lâng
穢人,èr--lâng,16,èr--lâng
穢著,uè--tio̍h,16,òe--tio̍h
細本字,serè-pún-jī,16,sère-pún-jī
細本字,serè-pún-lī,16,sère-pún-lī
細本字,suè-pún-jī,16,sòe-pún-jī
細本字,suè-pún-lī,16,sòe-pún-lī
細本字,sè-pún-jī,16,sè-pún-jī
細本字,sè-pún-lī,16,sè-pún-lī
芎蕉霜,king-tsio-sng,16,keng-chio-sng
花去,hue--khìr,16,hoe--khìr
西洋洗,se-iônn-sé,16,se-iôⁿ-sé
西洋洗,se-iûnn-seré,16,se-iûⁿ-sére
西洋洗,se-iûnn-sué,16,se-iûⁿ-sóe
西洋洗,se-iûnn-sé,16,se-iûⁿ-sé
說多謝,serh-to-siā,16,serh-to-siā
轉去,tńg--khìr,16,tńg--khìr
辯護士,piān-hōo-sīr,16,piān-hō͘-sīr
迵過,thàng--kèr,16,thàng--kèr
過著,kè--tio̍h,16,kè--tio̍h
過著,kèr--tio̍h,16,kèr--tio̍h
那來那,ná-lâi-ná,16,ná-lâi-ná
鐮𠠝仔,liâm-li̍k-á,16,liâm-le̍k-á
閩南語,bân-lâm-gír,16,bân-lâm-gír
閩南語,bân-lâm-gú,16,bân-lâm-gú
さかりば,sa-khá-lí-bah,12,sa-khá-lí-bah
わかもと,ua-khá-móo-tooh,12,oa-khá-mó͘-to͘h
カタログ,kha-tá-lok-guh,12,kha-tá-lok-guh
カラオケ,kha-lá-óo-khe,12,kha-lá-ó͘-khe
プロペラ,phu-lóo-phé-lá,12,phu-ló͘-phé-lá
マラリヤ,ma-lá-lí-á,12,ma-lá-lí-á
事事項項,sīr-sīr-hāng-hāng,12,sīr-sīr-hāng-hāng
事事項項,sīr-sīr-hǎng-hǎng,12,sīr-sīr-hǎng-hǎng
大睏如死,tāi-khùn-jîr-sír,12,tāi-khùn-jîr-sír
大睏如死,tāi-khùn-jû-sú,12,tāi-khùn-jû-sú
大睏如死,tāi-khùn-lîr-sír,12,tāi-khùn-lîr-sír
大睏如死,tāi-khùn-lû-sú,12,tāi-khùn-lû-sú
火劃仔,hér-ui̍h--á,12,hér-u̍ih--á
火擦仔,hér-tshat--á,12,hér-chhat--á
砄砄硞硞,khih-khih-kho̍k-kho̍k,12,khih-khih-kho̍k-kho̍k
荒公廢事,hong-kong-huè-sīr,12,hong-kong-hòe-sīr
荒公廢事,hong-kong-huè-sū,12,hong-kong-hòe-sū
荒公廢事,hong-kong-huì-sū,12,hong-kong-hùi-sū
見死如眠,kiàn-sír-jîr-biân,12,kiàn-sír-jîr-biân
見死如眠,kiàn-sír-lîr-biân,12,kiàn-sír-lîr-biân
見死如眠,kiàn-sú-jû-biân,12,kiàn-sú-jû-biân
見死如眠,kiàn-sú-lû-biân,12,kiàn-sú-lû-biân
言三語四,giân-sann-gír-sì,12,giân-saⁿ-gír-sì
言三語四,giân-sann-gú-sì,12,giân-saⁿ-gú-sì
言三語四,gân-sann-gí-sì,12,gân-saⁿ-gí-sì
阿彌陀佛,a-bí-tôo-hu̍t,12,a-bí-tô͘-hu̍t
阿彌陀佛,oo-bí-tôo-hu̍t,12,o͘-bí-tô͘-hu̍t
