tl,hanzi,frequency,poj,tl_num,poj_num,tl_notone,poj_notone,tl_abbrev,poj_abbrev
tê,茶,3426,tê,te5,te5,te,te,,
liân,蓮,999,liân,lian5,lian5,lian,lian,,
kiunn,薑,400,kiuⁿ,kiunn,kiunn,kiunn,kiunn,,
tîn,藤,350,tîn,tin5,tin5,tin,tin,,
tōo,杜,300,tō͘,too7,too7,too,too,,
sam,杉,200,sam,sam,sam,sam,sam,,
tsang,棕,200,chang,tsang,chang,tsang,chang,,
tsiunn,樟,200,chiuⁿ,tsiunn,chiunn,tsiunn,chiunn,,
tshat,漆,150,chhat,tshat,chhat,tshat,chhat,,
tshîng,松,100,chhêng,tshing5,chheng5,tshing,chheng,,
tshîng,榕,100,chhêng,tshing5,chheng5,tshing,chheng,,
phuē,稗,100,phōe,phue7,phoe7,phue,phoe,,
kiô,茄,100,kiô,kio5,kio5,kio,kio,,
hiānn,艾,50,hiāⁿ,hiann7,hiann7,hiann,hiann,,
hò,荷,50,hò,ho3,ho3,ho,ho,,
sann-khak,三麴,25,saⁿ-khak,sannkhak,sannkhak,sannkhak,sannkhak,sk,sk
khu-phiô,丘萍,25,khu-phiô,khuphio5,khuphio5,khuphio,khuphio,kp,kp
tiong-iū,中柚,25,tiong-iū,tiongiu7,tiongiu7,tiongiu,tiongiu,ti,ti
káu-tsô,九槽,25,káu-chô,kau2tso5,kau2cho5,kautso,kaucho,kt,kc
kiú-kiong,九芎,25,kiú-kiong,kiu2kiong,kiu2kiong,kiukiong,kiukiong,kk,kk
lin-tsháu,乳草,25,lin-chháu,lintshau2,linchhau2,lintshau,linchhau,lt,lc
lin-tîn,乳藤,25,lin-tîn,lintin5,lintin5,lintin,lintin,lt,lt
kan-kuah,乾葛,25,kan-koah,kankuah,kankoah,kankuah,kankoah,kk,kk
a-sam,亞杉,25,a-sam,asam,asam,asam,asam,as,as
jîn-kí,仁𣏌,25,jîn-kí,jin5ki2,jin5ki2,jinki,jinki,jk,jk
sian-tan,仙丹,25,sian-tan,siantan,siantan,siantan,siantan,st,st
sian-tsháu,仙草,25,sian-chháu,siantshau2,sianchhau2,siantshau,sianchhau,st,sc
hu̍t-siú,佛手,25,hu̍t-siú,hut8siu2,hut8siu2,hutsiu,hutsiu,hs,hs
tshik-peh,側柏,25,chhek-peh,tshikpeh,chhekpeh,tshikpeh,chhekpeh,tp,cp
pueh-kak,八角,25,poeh-kak,puehkak,poehkak,puehkak,poehkak,pk,pk
phànn-khīng,冇柏,25,phàⁿ-khēng,phann3khing7,phann3kheng7,phannkhing,phannkheng,pk,pk
phànn-kuì,冇桂,25,phàⁿ-kùi,phann3kui3,phann3kui3,phannkui,phannkui,pk,pk
phànn-tsiunn,冇樟,25,phàⁿ-chiuⁿ,phann3tsiunn,phann3chiunn,phanntsiunn,phannchiunn,pt,pc
tshì-á,刺仔,25,chhì-á,tshi3a2,chhi3a2,tshia,chhia,ta,ca
tshì-keh,刺格,25,chhì-keh,tshi3keh,chhi3keh,tshikeh,chhikeh,tk,ck
tshì-tông,刺桐,25,chhì-tông,tshi3tong5,chhi3tong5,tshitong,chhitong,tt,ct
tshì-lâm,刺楠,25,chhì-lâm,tshi3lam5,chhi3lam5,tshilam,chhilam,tl,cl
tshì-tik,刺竹,25,chhì-tek,tshi3tik,chhi3tek,tshitik,chhitek,tt,ct
tshì-kiô,刺茄,25,chhì-kiô,tshi3kio5,chhi3kio5,tshikio,chhikio,tk,ck
tshì-tsháu,刺草,25,chhì-chháu,tshi3tshau2,chhi3chhau2,tshitshau,chhichhau,tt,cc
tshì-hīng,刺莧,25,chhì-hēng,tshi3hing7,chhi3heng7,tshihing,chhiheng,th,ch
tshì-tshang,刺葱,25,chhì-chhang,tshi3tshang,chhi3chhang,tshitshang,chhichhang,tt,cc
tshì-soo,刺蒐,25,chhì-so͘,tshi3soo,chhi3soo,tshisoo,chhisoo,ts,cs
pû-á,匏仔,25,pû-á,pu5a2,pu5a2,pua,pua,pa,pa
pak-tsio,北蕉,25,pak-chio,paktsio,pakchio,paktsio,pakchio,pt,pc
puàn-hā,半夏,25,poàn-hā,puan3ha7,poan3ha7,puanha,poanha,ph,ph
kńg-peh,卷柏,25,kńg-peh,kng2peh,kng2peh,kngpeh,kngpeh,kp,kp
kāu-khak,厚殼,25,kāu-khak,kau7khak,kau7khak,kaukhak,kaukhak,kk,kk
hâm-siàu,含笑,25,hâm-siàu,ham5siau3,ham5siau3,hamsiau,hamsiau,hs,hs
siong-lio̍k,商陸,25,siong-lio̍k,siongliok8,siongliok8,siongliok,siongliok,sl,sl
siān-po̍k,善薄,25,siān-po̍k,sian7pok8,sian7pok8,sianpok,sianpok,sp,sp
tshuì-tsháu,嘴草,25,chhùi-chháu,tshui3tshau2,chhui3chhau2,tshuitshau,chhuichhau,tt,cc
phùn-seh,噴雪,25,phùn-seh,phun3seh,phun3seh,phunseh,phunseh,ps,ps
thóo-sam,土杉,25,thó͘-sam,thoo2sam,thoo2sam,thoosam,thoosam,ts,ts
thóo-lâm,土楠,25,thó͘-lâm,thoo2lam5,thoo2lam5,thoolam,thoolam,tl,tl
thóo-tsiunn,土樟,25,thó͘-chiuⁿ,thoo2tsiunn,thoo2chiunn,thootsiunn,thoochiunn,tt,tc
thóo-hun,土烟,25,thó͘-hun,thoo2hun,thoo2hun,thoohun,thoohun,th,th
thóo-hun,土煙,25,thó͘-hun,thoo2hun,thoo2hun,thoohun,thoohun,th,th
thóo-ho̍k,土茯,25,thó͘-ho̍k,thoo2hok8,thoo2hok8,thoohok,thoohok,th,th
thôo-tāu,土豆,25,thô͘-tāu,thoo5tau7,thoo5tau7,thootau,thootau,tt,tt
thôo-hiunn,土香,25,thô͘-hiuⁿ,thoo5hiunn,thoo5hiunn,thoohiunn,thoohiunn,th,th
tē-ting,地丁,25,tē-teng,te7ting,te7teng,teting,teteng,tt,tt
suî-liú,垂柳,25,sûi-liú,sui5liu2,sui5liu2,suiliu,suiliu,sl,sl
poo-kiunn,埔姜,25,po͘-kiuⁿ,pookiunn,pookiunn,pookiunn,pookiunn,pk,pk
poo-lûn,埔崙,25,po͘-lûn,poolun5,poolun5,poolun,poolun,pl,pl
poo-tiū,埔稻,25,po͘-tiū,pootiu7,pootiu7,pootiu,pootiu,pt,pt
poo-iâm,埔鹽,25,po͘-iâm,pooiam5,pooiam5,pooiam,pooiam,pi,pi
hē-bê,夏粥,25,hē-bê,he7be5,he7be5,hebe,hebe,hb,hb
iā-ha̍p,夜合,25,iā-ha̍p,ia7hap8,ia7hap8,iahap,iahap,ih,ih
tuā-phànn,大冇,25,tōa-phàⁿ,tua7phann3,toa7phann3,tuaphann,toaphann,tp,tp
tuā-tsó,大棗,25,tōa-chó,tua7tso2,toa7cho2,tuatso,toacho,tt,tc
tuā-tshinn,大菁,25,tōa-chhiⁿ,tua7tshinn,toa7chhinn,tuatshinn,toachhinn,tt,tc
tuā-tshài,大菜,25,tōa-chhài,tua7tshai3,toa7chhai3,tuatshai,toachhai,tt,tc
tuā-phiô,大萍,25,tōa-phiô,tua7phio5,toa7phio5,tuaphio,toaphio,tp,tp
tuā-be̍h,大麥,25,tōa-be̍h,tua7beh8,toa7beh8,tuabeh,toabeh,tb,tb
thian-tsháu,天草,25,thian-chháu,thiantshau2,thianchhau2,thiantshau,thianchhau,tt,tc
siā-kan,射干,25,siā-kan,sia7kan,sia7kan,siakan,siakan,sk,sk
sió-tshinn,小菁,25,sió-chhiⁿ,sio2tshinn,sio2chhinn,siotshinn,siochhinn,st,sc
sió-be̍h,小麥,25,sió-be̍h,sio2beh8,sio2beh8,siobeh,siobeh,sb,sb
suann-nai,山奈,25,soaⁿ-nai,suannnai,soannnai,suannnai,soannnai,sn,sn
suann-sam,山杉,25,soaⁿ-sam,suannsam,soannsam,suannsam,soannsam,ss,ss
suann-khīng,山柏,25,soaⁿ-khēng,suannkhing7,soannkheng7,suannkhing,soannkheng,sk,sk
suann-khī,山柿,25,soaⁿ-khī,suannkhi7,soannkhi7,suannkhi,soannkhi,sk,sk
suann-lâi,山梨,25,soaⁿ-lâi,suannlai5,soannlai5,suannlai,soannlai,sl,sl
suann-tsang,山棕,25,soaⁿ-chang,suanntsang,soannchang,suanntsang,soannchang,st,sc
suann-tshîng,山榕,25,soaⁿ-chhêng,suanntshing5,soannchheng5,suanntshing,soannchheng,st,sc
suann-tshat,山漆,25,soaⁿ-chhat,suanntshat,soannchhat,suanntshat,soannchhat,st,sc
suann-tê,山茶,25,soaⁿ-tê,suannte5,soannte5,suannte,soannte,st,st
suann-tshinn,山菁,25,soaⁿ-chhiⁿ,suanntshinn,soannchhinn,suanntshinn,soannchhinn,st,sc
suann-kiok,山菊,25,soaⁿ-kiok,suannkiok,soannkiok,suannkiok,soannkiok,sk,sk
suann-muâ,山麻,25,soaⁿ-môa,suannmua5,soannmoa5,suannmua,soannmoa,sm,sm
tshuan-tshit,川七,25,chhoan-chhit,tshuantshit,chhoanchhit,tshuantshit,chhoanchhit,tt,cc
pa-tau,巴豆,25,pa-tau,patau,patau,patau,patau,pt,pt
pa-tāu,巴豆,25,pa-tāu,patau7,patau7,patau,patau,pt,pt
tshī-tshang,市葱,25,chhī-chhang,tshi7tshang,chhi7chhang,tshitshang,chhichhang,tt,cc
pòo-kiunn,布姜,25,pò͘-kiuⁿ,poo3kiunn,poo3kiunn,pookiunn,pookiunn,pk,pk
siông-san,常山,25,siông-san,siong5san,siong5san,siongsan,siongsan,ss,ss
nî-kam,年柑,25,nî-kam,ni5kam,ni5kam,nikam,nikam,nk,nk
kóng-á,廣仔,25,kóng-á,kong2a2,kong2a2,konga,konga,ka,ka
gōng-tshiū,戇樹,25,gōng-chhiū,gong7tshiu7,gong7chhiu7,gongtshiu,gongchhiu,gt,gc
tshiú-io̍h,手藥,25,chhiú-io̍h,tshiu2ioh8,chhiu2ioh8,tshiuioh,chhiuioh,ti,ci
pat-á,扒仔,25,pat-á,pata2,pata2,pata,pata,pa,pa
tánn-tsio,打招,25,táⁿ-chio,tann2tsio,tann2chio,tanntsio,tannchio,tt,tc
buah-tsháu,抹草,25,boah-chháu,buahtshau2,boahchhau2,buahtshau,boahchhau,bt,bc
pua̍t-á,拔仔,25,poa̍t-á,puat8a2,poat8a2,puata,poata,pa,pa
iông-phoo,揚波,25,iông-pho͘,iong5phoo,iong5phoo,iongphoo,iongphoo,ip,ip
phang-kuì,攀桂,25,phang-kùi,phangkui3,phangkui3,phangkui,phangkui,pk,pk
bûn-tàn,文旦,25,bûn-tàn,bun5tan3,bun5tan3,buntan,buntan,bt,bt
táu-iū,斗柚,25,táu-iū,tau2iu7,tau2iu7,tauiu,tauiu,ti,ti
táu-lo̍k,斗鹿,25,táu-lo̍k,tau2lok8,tau2lok8,taulok,taulok,tl,tl
tsá-iū,早柚,25,chá-iū,tsa2iu7,cha2iu7,tsaiu,chaiu,ti,ci
bān-iū,晚柚,25,bān-iū,ban7iu7,ban7iu7,baniu,baniu,bi,bi
ge̍h-thô,月桃,25,ge̍h-thô,geh8tho5,geh8tho5,gehtho,gehtho,gt,gt
bo̍k-ha̍k,木斛,25,bo̍k-ha̍k,bok8hak8,bok8hak8,bokhak,bokhak,bh,bh
bo̍k-kua,木瓜,25,bo̍k-koa,bok8kua,bok8koa,bokkua,bokkoa,bk,bk
ba̍k-lô,木羅,25,ba̍k-lô,bak8lo5,bak8lo5,baklo,baklo,bl,bl
ba̍k-hiunn,木香,25,ba̍k-hiuⁿ,bak8hiunn,bak8hiunn,bakhiunn,bakhiunn,bh,bh
pún-tsiunn,本樟,25,pún-chiuⁿ,pun2tsiunn,pun2chiunn,puntsiunn,punchiunn,pt,pc
pún-tshinn,本菁,25,pún-chhiⁿ,pun2tshinn,pun2chhinn,puntshinn,punchhinn,pt,pc
phoh-á,朴仔,25,phoh-á,phoha2,phoha2,phoha,phoha,pa,pa
kuann-á,杆仔,25,koaⁿ-á,kuanna2,koanna2,kuanna,koanna,ka,ka
sam-á,杉仔,25,sam-á,sama2,sama2,sama,sama,sa,sa
lí-á,李仔,25,lí-á,li2a2,li2a2,lia,lia,la,la
tōo-á,杜仔,25,tō͘-á,too7a2,too7a2,tooa,tooa,ta,ta
tshîng-peh,松柏,25,chhêng-peh,tshing5peh,chheng5peh,tshingpeh,chhengpeh,tp,cp
siông-ngôo,松梧,25,siông-ngô͘,siong5ngoo5,siong5ngoo5,siongngoo,siongngoo,sn,sn
siông-lô,松蘿,25,siông-lô,siong5lo5,siong5lo5,sionglo,sionglo,sl,sl
gî-pê,枇杷,25,gî-pê,gi5pe5,gi5pe5,gipe,gipe,gp,gp
nâ-tâu,林投,25,nâ-tâu,na5tau5,na5tau5,natau,natau,nt,nt
tsí-á,枳仔,25,chí-á,tsi2a2,chi2a2,tsia,chia,ta,ca
tsí-poo,枳枯,25,chí-po͘,tsi2poo,chi2poo,tsipoo,chipoo,tp,cp
kóo-kí,枸杞,25,kó͘-kí,koo2ki2,koo2ki2,kooki,kooki,kk,kk
khīng-á,柏仔,25,khēng-á,khing7a2,kheng7a2,khinga,khenga,ka,ka
iū-á,柚仔,25,iū-á,iu7a2,iu7a2,iua,iua,ia,ia
kho-á,柯仔,25,kho-á,khoa2,khoa2,khoa,khoa,ka,ka
kua-thôo,柯土,25,koa-thô͘,kuathoo5,koathoo5,kuathoo,koathoo,kt,kt
kho-si,柯絲,25,kho-si,khosi,khosi,khosi,khosi,ks,ks
tshâ-ôo,柴胡,25,chhâ-ô͘,tsha5oo5,chha5oo5,tshaoo,chhaoo,to,co
khī-á,柿仔,25,khī-á,khi7a2,khi7a2,khia,khia,ka,ka
khī-kôo,柿糊,25,khī-kô͘,khi7koo5,khi7koo5,khikoo,khikoo,kk,kk
la̍t-tsí,栗子,25,la̍t-chí,lat8tsi2,lat8chi2,lattsi,latchi,lt,lc
káu-la̍t,校栗,25,káu-la̍t,kau2lat8,kau2lat8,kaulat,kaulat,kl,kl
káu-tsan,校櫕,25,káu-chan,kau2tsan,kau2chan,kautsan,kauchan,kt,kc
kuì-ki,桂枝,25,kùi-ki,kui3ki,kui3ki,kuiki,kuiki,kk,kk
kuì-tik,桂竹,25,kùi-tek,kui3tik,kui3tek,kuitik,kuitek,kt,kt
kuì-hue,桂花,25,kùi-hoe,kui3hue,kui3hoe,kuihue,kuihoe,kh,kh
thô-jîn,桃仁,25,thô-jîn,tho5jin5,tho5jin5,thojin,thojin,tj,tj
thô-á,桃仔,25,thô-á,tho5a2,tho5a2,thoa,thoa,ta,ta
thô-tik,桃竹,25,thô-tek,tho5tik,tho5tek,thotik,thotek,tt,tt
kong-lông,桄榔,25,kong-lông,konglong5,konglong5,konglong,konglong,kl,kl
song-tshiū,桑樹,25,song-chhiū,songtshiu7,songchhiu7,songtshiu,songchhiu,st,sc
tháng-kam,桶柑,25,tháng-kam,thang2kam,thang2kam,thangkam,thangkam,tk,tk
muî-á,梅仔,25,mûi-á,mui5a2,mui5a2,muia,muia,ma,ma
ngôo-tông,梧桐,25,ngô͘-tông,ngoo5tong5,ngoo5tong5,ngootong,ngootong,nt,nt
lâi-á,梨仔,25,lâi-á,lai5a2,lai5a2,laia,laia,la,la
mî-la̍t,棉栗,25,mî-la̍t,mi5lat8,mi5lat8,milat,milat,ml,ml
tsó-á,棗仔,25,chó-á,tso2a2,cho2a2,tsoa,choa,ta,ca
iâ-phiô,椰瓢,25,iâ-phiô,ia5phio5,ia5phio5,iaphio,iaphio,ip,ip
iông-muâi,楊梅,25,iông-moâi,iong5muai5,iong5moai5,iongmuai,iongmoai,im,im
png-á,楓仔,25,png-á,pnga2,pnga2,pnga,pnga,pa,pa
phng-siū,楓樹,25,phng-siū,phngsiu7,phngsiu7,phngsiu,phngsiu,ps,ps
lâm-á,楠仔,25,lâm-á,lam5a2,lam5a2,lama,lama,la,la
tshîng-tshiū,榕樹,25,chhêng-chhiū,tshing5tshiu7,chheng5chhiu7,tshingtshiu,chhengchhiu,tt,cc
tsiunn-gû,樟牛,25,chiuⁿ-gû,tsiunngu5,chiunngu5,tsiunngu,chiunngu,tg,cg
tshiū-m̂,樹梅,25,chhiū-m̂,tshiu7m5,chhiu7m5,tshium,chhium,tm,cm
tshiū-tsû,樹薯,25,chhiū-chû,tshiu7tsu5,chhiu7chu5,tshiutsu,chhiuchu,tt,cc
tshiū-lân,樹蘭,25,chhiū-lân,tshiu7lan5,chhiu7lan5,tshiulan,chhiulan,tl,cl
tshiū-tāu,樹豆,25,chhiū-tāu,tshiu7tau7,chhiu7tau7,tshiutau,chhiutau,tt,ct
tshiū-tshinn,樹青,25,chhiū-chhiⁿ,tshiu7tshinn,chhiu7chhinn,tshiutshinn,chhiuchhinn,tt,cc
tshiū-lîng,樹龍,25,chhiū-lêng,tshiu7ling5,chhiu7leng5,tshiuling,chhiuleng,tl,cl
kann-ná,橄欖,25,kaⁿ-ná,kannna2,kannna2,kannna,kannna,kn,kn
ting-tông,橙桐,25,teng-tông,tingtong5,tengtong5,tingtong,tengtong,tt,tt
ting-lân,橙欄,25,teng-lân,tinglan5,tenglan5,tinglan,tenglan,tl,tl
tuânn-hiunn,檀香,25,tôaⁿ-hiuⁿ,tuann5hiunn,toann5hiunn,tuannhiunn,toannhiunn,th,th
suāinn-á,檨仔,25,soāiⁿ-á,suainn7a2,soainn7a2,suainna,soainna,sa,sa
tâi-á,檯仔,25,tâi-á,tai5a2,tai5a2,taia,taia,ta,ta
pin-nn̂g,檳榔,25,pin-nn̂g,pinnng5,pinnng5,pinnng,pinnng,pn,pn
luân-tshiū,欒樹,25,loân-chhiū,luan5tshiu7,loan5chhiu7,luantshiu,loanchhiu,lt,lc
lám-jîn,欖仁,25,lám-jîn,lam2jin5,lam2jin5,lamjin,lamjin,lj,lj
tsí-kiong,止宮,25,chí-kiong,tsi2kiong,chi2kiong,tsikiong,chikiong,tk,ck
tsiànn-tshîng,正榕,25,chiàⁿ-chhêng,tsiann3tshing5,chiann3chheng5,tsianntshing,chiannchheng,tt,cc
khak-tshài,殼菜,25,khak-chhài,khaktshai3,khakchhai3,khaktshai,khakchhai,kt,kc
mô-khī,毛柿,25,mô-khī,mo5khi7,mo5khi7,mokhi,mokhi,mk,mk
kiû-lân,毬蘭,25,kiû-lân,kiu5lan5,kiu5lan5,kiulan,kiulan,kl,kl
tsuí-kam,水柑,25,chúi-kam,tsui2kam,chui2kam,tsuikam,chuikam,tk,ck
tsuí-liú,水柳,25,chúi-liú,tsui2liu2,chui2liu2,tsuiliu,chuiliu,tl,cl
tsuí-lâi,水梨,25,chúi-lâi,tsui2lai5,chui2lai5,tsuilai,chuilai,tl,cl
tsuí-tshat,水漆,25,chúi-chhat,tsui2tshat,chui2chhat,tsuitshat,chuichhat,tt,cc
tsuí-tsik,水燭,25,chúi-chek,tsui2tsik,chui2chek,tsuitsik,chuichek,tt,cc
tsuí-pit,水筆,25,chúi-pit,tsui2pit,chui2pit,tsuipit,chuipit,tp,cp
tsuí-tîn,水籐,25,chúi-tîn,tsui2tin5,chui2tin5,tsuitin,chuitin,tt,ct
tsuí-ōo,水芋,25,chúi-ō͘,tsui2oo7,chui2oo7,tsuioo,chuioo,to,co
tsuí-kiô,水茄,25,chúi-kiô,tsui2kio5,chui2kio5,tsuikio,chuikio,tk,ck
tsuí-tsháu,水草,25,chúi-chháu,tsui2tshau2,chui2chhau2,tsuitshau,chuichhau,tt,cc
tsuí-phiô,水萍,25,chúi-phiô,tsui2phio5,chui2phio5,tsuiphio,chuiphio,tp,cp
iû-bo̍k,油木,25,iû-bo̍k,iu5bok8,iu5bok8,iubok,iubok,ib,ib
iû-sam,油杉,25,iû-sam,iu5sam,iu5sam,iusam,iusam,is,is
iû-tshîng,油杉,25,iû-chhêng,iu5tshing5,iu5chheng5,iutshing,iuchheng,it,ic
iû-kam,油柑,25,iû-kam,iu5kam,iu5kam,iukam,iukam,ik,ik
iû-tông,油桐,25,iû-tông,iu5tong5,iu5tong5,iutong,iutong,it,it
iû-tê,油茶,25,iû-tê,iu5te5,iu5te5,iute,iute,it,it
iû-muâ,油麻,25,iû-môa,iu5mua5,iu5moa5,iumua,iumoa,im,im
hái-tông,海棠,25,hái-tông,hai2tong5,hai2tong5,haitong,haitong,ht,ht
lîm-lî,淋漓,25,lîm-lî,lim5li5,lim5li5,limli,limli,ll,ll
tām-tik,淡竹,25,tām-tek,tam7tik,tam7tek,tamtik,tamtek,tt,tt
siap-lâi,澁梨,25,siap-lâi,siaplai5,siaplai5,siaplai,siaplai,sl,sl
siap-hio̍h,澁葉,25,siap-hio̍h,siaphioh8,siaphioh8,siaphioh,siaphioh,sh,sh
ti̍k-lân,澤蘭,25,te̍k-lân,tik8lan5,tek8lan5,tiklan,teklan,tl,tl
oo-sam,烏杉,25,o͘-sam,oosam,oosam,oosam,oosam,os,os
oo-tshîng,烏榕,25,o͘-chhêng,ootshing5,oochheng5,ootshing,oochheng,ot,oc
oo-tinn,烏甜,25,o͘-tiⁿ,ootinn,ootinn,ootinn,ootinn,ot,ot
oo-tāu,烏豆,25,o͘-tāu,ootau7,ootau7,ootau,ootau,ot,ot
oo-muâ,烏麻,25,o͘-môa,oomua5,oomoa5,oomua,oomoa,om,om
hun-tsháu,煙草,25,hun-chháu,huntshau2,hunchhau2,huntshau,hunchhau,ht,hc
nuā-sim,爛心,25,nōa-sim,nua7sim,noa7sim,nuasim,noasim,ns,ns
gû-lin,牛乳,25,gû-lin,gu5lin,gu5lin,gulin,gulin,gl,gl
gû-tsiunn,牛樟,25,gû-chiuⁿ,gu5tsiunn,gu5chiunn,gutsiunn,guchiunn,gt,gc
giû-tshik,牛膝,25,giû-chhek,giu5tshik,giu5chhek,giutshik,giuchhek,gt,gc
káu-tsit,狗脊,25,káu-chit,kau2tsit,kau2chit,kautsit,kauchit,kt,kc
bíng-tshiū,猛樹,25,béng-chhiū,bing2tshiu7,beng2chhiu7,bingtshiu,bengchhiu,bt,bc
to̍k-hua̍t,獨活,25,to̍k-hoa̍t,tok8huat8,tok8hoat8,tokhuat,tokhoat,th,th
giô-tsí,玉枳,25,giô-chí,gio5tsi2,gio5chi2,giotsi,giochi,gt,gc
gio̍k-lân,玉蘭,25,gio̍k-lân,giok8lan5,giok8lan5,gioklan,gioklan,gl,gl
kam-tsià,甘蔗,25,kam-chià,kamtsia3,kamchia3,kamtsia,kamchia,kt,kc
tinn-kiat,甜橘,25,tiⁿ-kiat,tinnkiat,tinnkiat,tinnkiat,tinnkiat,tk,tk
tinn-tshài,甜菜,25,tiⁿ-chhài,tinntshai3,tinnchhai3,tinntshai,tinnchhai,tt,tc
tinn-be̍h,甜麥,25,tiⁿ-be̍h,tinnbeh8,tinnbeh8,tinnbeh,tinnbeh,tb,tb
tshinn-kiunn,生姜,25,chhiⁿ-kiuⁿ,tshinnkiunn,chhinnkiunn,tshinnkiunn,chhinnkiunn,tk,ck
tshân-tshinn,田菁,25,chhân-chhiⁿ,tshan5tshinn,chhan5chhinn,tshantshinn,chhanchhinn,tt,cc
tshân-tsû,田薯,25,chhân-chû,tshan5tsu5,chhan5chu5,tshantsu,chhanchu,tt,cc
pe̍h-jîn,白仁,25,pe̍h-jîn,peh8jin5,peh8jin5,pehjin,pehjin,pj,pj
pe̍h-á,白仔,25,pe̍h-á,peh8a2,peh8a2,peha,peha,pa,pa
pe̍h-mn̂g,白們,25,pe̍h-mn̂g,peh8mng5,peh8mng5,pehmng,pehmng,pm,pm
pe̍h-pû,白匏,25,pe̍h-pû,peh8pu5,peh8pu5,pehpu,pehpu,pp,pp
pe̍h-khing,白柏,25,pe̍h-kheng,peh8khing,peh8kheng,pehkhing,pehkheng,pk,pk
pe̍h-tông,白桐,25,pe̍h-tông,peh8tong5,peh8tong5,pehtong,pehtong,pt,pt
pe̍h-muî,白梅,25,pe̍h-mûi,peh8mui5,peh8mui5,pehmui,pehmui,pm,pm
pe̍h-tshîng,白榕,25,pe̍h-chhêng,peh8tshing5,peh8chheng5,pehtshing,pehchheng,pt,pc
pe̍h-tshiū,白樹,25,pe̍h-chhiū,peh8tshiu7,peh8chhiu7,pehtshiu,pehchhiu,pt,pc
pe̍h-sua,白沙,25,pe̍h-soa,peh8sua,peh8soa,pehsua,pehsoa,ps,ps
pe̍h-tshài,白菜,25,pe̍h-chhài,peh8tshai3,peh8chhai3,pehtshai,pehchhai,pt,pc
pe̍h-tāu,白豆,25,pe̍h-tāu,peh8tau7,peh8tau7,pehtau,pehtau,pt,pt
pe̍h-gûn,白銀,25,pe̍h-gûn,peh8gun5,peh8gun5,pehgun,pehgun,pg,pg
pe̍h-lîn,白隣,25,pe̍h-lîn,peh8lin5,peh8lin5,pehlin,pehlin,pl,pl
pe̍h-muâ,白麻,25,pe̍h-môa,peh8mua5,peh8moa5,pehmua,pehmoa,pm,pm
tsinn-tik,矢竹,25,chiⁿ-tek,tsinntik,chinntek,tsinntik,chinntek,tt,ct
tsio̍h-kiàm,石劍,25,chio̍h-kiàm,tsioh8kiam3,chioh8kiam3,tsiohkiam,chiohkiam,tk,ck
tsio̍h-phok,石博,25,chio̍h-phok,tsioh8phok,chioh8phok,tsiohphok,chiohphok,tp,cp
tsio̍h-ge̍h,石月,25,chio̍h-ge̍h,tsioh8geh8,chioh8geh8,tsiohgeh,chiohgeh,tg,cg
tsio̍h-tshîng,石松,25,chio̍h-chhêng,tsioh8tshing5,chioh8chheng5,tsiohtshing,chiohchheng,tt,cc
tsio̍h-lîng,石柃,25,chio̍h-lêng,tsioh8ling5,chioh8leng5,tsiohling,chiohleng,tl,cl
tsio̍h-liú,石柳,25,chio̍h-liú,tsioh8liu2,chioh8liu2,tsiohliu,chiohliu,tl,cl
sia̍h-liû,石榴,25,sia̍h-liû,siah8liu5,siah8liu5,siahliu,siahliu,sl,sl
tsio̍h-tsu,石櫧,25,chio̍h-chu,tsioh8tsu,chioh8chu,tsiohtsu,chiohchu,tt,cc
tsio̍h-siap,石澁,25,chio̍h-siap,tsioh8siap,chioh8siap,tsiohsiap,chiohsiap,ts,cs
tsio̍h-tik,石竹,25,chio̍h-tek,tsioh8tik,chioh8tek,tsiohtik,chiohtek,tt,ct
tsio̍h-tsû,石薯,25,chio̍h-chû,tsioh8tsu5,chioh8chu5,tsiohtsu,chiohchu,tt,cc
bé-tsî,碼薯,25,bé-chî,be2tsi5,be2chi5,betsi,bechi,bt,bc
bō-tsháu,磨草,25,bō-chháu,bo7tshau2,bo7chhau2,botshau,bochhau,bt,bc
kî-gāi,祈艾,25,kî-gāi,ki5gai7,ki5gai7,kigai,kigai,kg,kg
siù-ing,秀英,25,siù-eng,siu3ing,siu3eng,siuing,siueng,si,se
tshiu-lân,秋蘭,25,chhiu-lân,tshiulan5,chhiulan5,tshiulan,chhiulan,tl,cl
tiû-á,稠仔,25,tiû-á,tiu5a2,tiu5a2,tiua,tiua,ta,ta
tsang-bo̍k,稯木,25,chang-bo̍k,tsangbok8,changbok8,tsangbok,changbok,tb,cb
tiū-á,稻仔,25,tiū-á,tiu7a2,tiu7a2,tiua,tiua,ta,ta
tik-peh,竹柏,25,tek-peh,tikpeh,tekpeh,tikpeh,tekpeh,tp,tp
tsìnn-tik,箭竹,25,chìⁿ-tek,tsinn3tik,chinn3tek,tsinntik,chinntek,tt,ct
bí-tāu,米豆,25,bí-tāu,bi2tau7,bi2tau7,bitau,bitau,bt,bt
hun-tsio,粉蕉,25,hun-chio,huntsio,hunchio,huntsio,hunchio,ht,hc
phoh-á,粕仔,25,phoh-á,phoha2,phoha2,phoha,phoha,pa,pa
kôo-thu,糊樗,25,kô͘-thu,koo5thu,koo5thu,koothu,koothu,kt,kt
khong-lông,糠榔,25,khong-lông,khonglong5,khonglong5,khonglong,khonglong,kl,kl
âng-sam,紅杉,25,âng-sam,ang5sam,ang5sam,angsam,angsam,as,as
âng-kam,紅柑,25,âng-kam,ang5kam,ang5kam,angkam,angkam,ak,ak
âng-tshâ,紅柴,25,âng-chhâ,ang5tsha5,ang5chha5,angtsha,angchha,at,ac
âng-khī,紅柿,25,âng-khī,ang5khi7,ang5khi7,angkhi,angkhi,ak,ak
âng-tsó,紅棗,25,âng-chó,ang5tso2,ang5cho2,angtso,angcho,at,ac
âng-tām,紅淡,25,âng-tām,ang5tam7,ang5tam7,angtam,angtam,at,at
âng-tsu,紅珠,25,âng-chu,ang5tsu,ang5chu,angtsu,angchu,at,ac
âng-phê,紅皮,25,âng-phê,ang5phe5,ang5phe5,angphe,angphe,ap,ap
âng-tik,紅竹,25,âng-tek,ang5tik,ang5tek,angtik,angtek,at,at
âng-tshài,紅菜,25,âng-chhài,ang5tshai3,ang5chhai3,angtshai,angchhai,at,ac
âng-phiô,紅萍,25,âng-phiô,ang5phio5,ang5phio5,angphio,angphio,ap,ap
sò-sim,素心,25,sò-sim,so3sim,so3sim,sosim,sosim,ss,ss
sòo-hiunn,素香,25,sò͘-hiuⁿ,soo3hiunn,soo3hiunn,soohiunn,soohiunn,sh,sh
tsú-tuânn,紫檀,25,chú-tôaⁿ,tsu2tuann5,chu2toann5,tsutuann,chutoann,tt,ct
tsí-soo,紫蘇,25,chí-so͘,tsi2soo,chi2soo,tsisoo,chisoo,ts,cs
sè-sin,細辛,25,sè-sin,se3sin,se3sin,sesin,sesin,ss,ss
si-kue,絲瓜,25,si-koe,sikue,sikoe,sikue,sikoe,sk,sk
li̍k-tsiunn,綠樟,25,le̍k-chiuⁿ,lik8tsiunn,lek8chiunn,liktsiunn,lekchiunn,lt,lc
lik-tik,綠竹,25,lek-tek,liktik,lektek,liktik,lektek,lt,lt
li̍k-tāu,綠豆,25,le̍k-tāu,lik8tau7,lek8tau7,liktau,lektau,lt,lt
eng-be̍h,罌麥,25,eng-be̍h,engbeh8,engbeh8,engbeh,engbeh,eb,eb
iûnn-tāu,羊豆,25,iûⁿ-tāu,iunn5tau7,iunn5tau7,iunntau,iunntau,it,it
jio̍k-kuì,肉桂,25,jio̍k-kùi,jiok8kui3,jiok8kui3,jiokkui,jiokkui,jk,jk
bah-tāu,肉豆,25,bah-tāu,bahtau7,bahtau7,bahtau,bahtau,bt,bt
siau-lâm,肖楠,25,siau-lâm,siaulam5,siaulam5,siaulam,siaulam,sl,sl
ho-tsio,胡椒,25,ho-chio,hotsio,hochio,hotsio,hochio,ht,hc
la̍h-tshì,臘刺,25,la̍h-chhì,lah8tshi3,lah8chhi3,lahtshi,lahchhi,lt,lc
tshàu-hīng,臭杏,25,chhàu-hēng,tshau3hing7,chhau3heng7,tshauhing,chhauheng,th,ch
tshàu-tsiunn,臭樟,25,chhàu-chiuⁿ,tshau3tsiunn,chhau3chiunn,tshautsiunn,chhauchiunn,tt,cc
tshàu-kue,臭瓜,25,chhàu-koe,tshau3kue,chhau3koe,tshaukue,chhaukoe,tk,ck
ōo-á,芋仔,25,ō͘-á,oo7a2,oo7a2,ooa,ooa,oa,oa
king-tsio,芎蕉,25,keng-chio,kingtsio,kengchio,kingtsio,kengchio,kt,kc
phû-iông,芙蓉,25,phû-iông,phu5iong5,phu5iong5,phuiong,phuiong,pi,pi
tsi-muâ,芝麻,25,chi-môa,tsimua5,chimoa5,tsimua,chimoa,tm,cm
kuà-tshài,芥菜,25,kòa-chhài,kua3tshai3,koa3chhai3,kuatshai,koachhai,kt,kc
hue-tshó,花草,25,hoe-chhó,huetsho2,hoechho2,huetsho,hoechho,ht,hc
khûn-tshài,芹菜,25,khûn-chhài,khun5tshai3,khun5chhai3,khuntshai,khunchhai,kt,kc
khóo-thu,苦株,25,khó͘-thu,khoo2thu,khoo2thu,khoothu,khoothu,kt,kt
khóo-līng,苦楝,25,khó͘-lēng,khoo2ling7,khoo2leng7,khooling,khooleng,kl,kl
khóo-kue,苦瓜,25,khó͘-koe,khoo2kue,khoo2koe,khookue,khookoe,kk,kk
khóo-tê,苦茶,25,khó͘-tê,khoo2te5,khoo2te5,khoote,khoote,kt,kt
khóo-muâ,苦麻,25,khó͘-môa,khoo2mua5,khoo2moa5,khoomua,khoomoa,km,km
tuē-á,苧仔,25,tōe-á,tue7a2,toe7a2,tuea,toea,ta,ta
thú-muâ,苧麻,25,thú-môa,thu2mua5,thu2moa5,thumua,thumoa,tm,tm
kiô-á,茄仔,25,kiô-á,kio5a2,kio5a2,kioa,kioa,ka,ka
ka-tang,茄苳,25,ka-tang,katang,katang,katang,katang,kt,kt
hm̂-á,茅仔,25,hm̂-á,hm5a2,hm5a2,hma,hma,ha,ha
hm̂-tsháu,茅草,25,hm̂-chháu,hm5tshau2,hm5chhau2,hmtshau,hmchhau,ht,hc
bak-nī,茉莉,25,bak-nī,bakni7,bakni7,bakni,bakni,bn,bn
huê-hiunn,茴香,25,hôe-hiuⁿ,hue5hiunn,hoe5hiunn,huehiunn,hoehiunn,hh,hh
tê-muî,茶梅,25,tê-mûi,te5mui5,te5mui5,temui,temui,tm,tm
tê-lân,茶蘭,25,tê-lân,te5lan5,te5lan5,telan,telan,tl,tl
tang-o,茼萵,25,tang-o,tango,tango,tango,tango,to,to
tsháu-se,草紗,25,chháu-se,tshau2se,chhau2se,tshause,chhause,ts,cs
nāi-tsi,荔枝,25,nāi-chi,nai7tsi,nai7chi,naitsi,naichi,nt,nc
láu-tîn,荖藤,25,láu-tîn,lau2tin5,lau2tin5,lautin,lautin,lt,lt
hò-siū,荷樹,25,hò-siū,ho3siu7,ho3siu7,hosiu,hosiu,hs,hs
tshinn-á,菁仔,25,chhiⁿ-á,tshinna2,chhinna2,tshinna,chhinna,ta,ca
kuann-bâng,菅芒,25,koaⁿ-bâng,kuannbang5,koannbang5,kuannbang,koannbang,kb,kb
kiok-á,菊仔,25,kiok-á,kioka2,kioka2,kioka,kioka,ka,ka
kak-hue,菊花,25,kak-hoe,kakhue,kakhoe,kakhue,kakhoe,kh,kh
kiok-hue,菊花,25,kiok-hoe,kiokhue,kiokhoe,kiokhue,kiokhoe,kh,kh
tshong-pô,菖蒲,25,chhong-pô,tshongpo5,chhongpo5,tshongpo,chhongpo,tp,cp
tshài-kue,菜瓜,25,chhài-koe,tshai3kue,chhai3koe,tshaikue,chhaikoe,tk,ck
tshài-hue,菜花,25,chhài-hoe,tshai3hue,chhai3hoe,tshaihue,chhaihoe,th,ch
tshài-tāu,菜豆,25,chhài-tāu,tshai3tau7,chhai3tau7,tshaitau,chhaitau,tt,ct
tshài-thâu,菜頭,25,chhài-thâu,tshai3thau5,chhai3thau5,tshaithau,chhaithau,tt,ct
lâi-ho̍k,萊菔,25,lâi-ho̍k,lai5hok8,lai5hok8,laihok,laihok,lh,lh
suan-á,萱仔,25,soan-á,suana2,soana2,suana,soana,sa,sa
pián-thiok,萹蓄,25,pián-thiok,pian2thiok,pian2thiok,pianthiok,pianthiok,pt,pt
kuah-tsû,葛薯,25,koah-chû,kuahtsu5,koahchu5,kuahtsu,koahchu,kt,kc
kuah-tîn,葛藤,25,koah-tîn,kuahtin5,koahtin5,kuahtin,koahtin,kt,kt
phû-tô,葡萄,25,phû-tô,phu5to5,phu5to5,phuto,phuto,pt,pt
tshang-á,葱仔,25,chhang-á,tshanga2,chhanga2,tshanga,chhanga,ta,ca
tshang-thâu,葱頭,25,chhang-thâu,tshangthau5,chhangthau5,tshangthau,chhangthau,tt,ct
suàn-á,蒜仔,25,soàn-á,suan3a2,soan3a2,suana,soana,sa,sa
pôo-kuî,蒲葵,25,pô͘-kûi,poo5kui5,poo5kui5,pookui,pookui,pk,pk
tsi̍t-lê,蒺藜,25,chi̍t-lê,tsit8le5,chit8le5,tsitle,chitle,tl,cl
tshio̍h-tsháu,蓆草,25,chhio̍h-chháu,tshioh8tshau2,chhioh8chhau2,tshiohtshau,chhiohchhau,tt,cc
pi-muâ,蓖麻,25,pi-môa,pimua5,pimoa5,pimua,pimoa,pm,pm
thong-tshó,蓪草,25,thong-chhó,thongtsho2,thongchho2,thongtsho,thongchho,tt,tc
liân-hue,蓮花,25,liân-hoe,lian5hue,lian5hoe,lianhue,lianhoe,lh,lh
lô-tîn,蔞藤,25,lô-tîn,lo5tin5,lo5tin5,lotin,lotin,lt,lt
muâ-á,蔴仔,25,môa-á,mua5a2,moa5a2,muaa,moaa,ma,ma
muâ-tik,蔴竹,25,môa-tek,mua5tik,moa5tek,muatik,moatek,mt,mt
tshì-muî,蕀梅,25,chhì-mûi,tshi3mui5,chhi3mui5,tshimui,chhimui,tm,cm
huan-kam,蕃柑,25,hoan-kam,huankam,hoankam,huankam,hoankam,hk,hk
huan-hue,蕃花,25,hoan-hoe,huanhue,hoanhoe,huanhue,hoanhoe,hh,hh
huan-tshinn,蕃菁,25,hoan-chhiⁿ,huantshinn,hoanchhinn,huantshinn,hoanchhinn,ht,hc
huan-kiunn,蕃薑,25,hoan-kiuⁿ,huankiunn,hoankiunn,huankiunn,hoankiunn,hk,hk
han-tsû,蕃薯,25,han-chû,hantsu5,hanchu5,hantsu,hanchu,ht,hc
huan-be̍h,蕃麥,25,hoan-be̍h,huanbeh8,hoanbeh8,huanbeh,hoanbeh,hb,hb
huan-sué,蕃黍,25,hoan-sóe,huansue2,hoansoe2,huansue,hoansoe,hs,hs
kiô-be̍h,蕎麥,25,kiô-be̍h,kio5beh8,kio5beh8,kiobeh,kiobeh,kb,kb
lōo-giō,蕗蕎,25,lō͘-giō,loo7gio7,loo7gio7,loogio,loogio,lg,lg
lōo-tîn,蕗藤,25,lō͘-tîn,loo7tin5,loo7tin5,lootin,lootin,lt,lt
keh-niau,蕨猫,25,keh-niau,kehniau,kehniau,kehniau,kehniau,kn,kn
po̍h-phê,薄皮,25,po̍h-phê,poh8phe5,poh8phe5,pohphe,pohphe,pp,pp
po̍h-ho,薄荷,25,po̍h-ho,poh8ho,poh8ho,pohho,pohho,ph,ph
kiunn-n̂g,薑黃,25,kiuⁿ-n̂g,kiunnng5,kiunnng5,kiunnng,kiunnng,kn,kn
tsû-táu,薯斗,25,chû-táu,tsu5tau2,chu5tau2,tsutau,chutau,tt,ct
tsû-nn̂g,薯榔,25,chû-nn̂g,tsu5nng5,chu5nng5,tsunng,chunng,tn,cn
tsû-tāu,薯豆,25,chû-tāu,tsu5tau7,chu5tau7,tsutau,chutau,tt,ct
tîn-tsû,藤薯,25,tîn-chû,tin5tsu5,tin5chu5,tintsu,tinchu,tt,tc
io̍h-hóo,藥虎,25,io̍h-hó͘,ioh8hoo2,ioh8hoo2,iohhoo,iohhoo,ih,ih
lôo-tik,蘆竹,25,lô͘-tek,loo5tik,loo5tek,lootik,lootek,lt,lt
lôo-hē,蘆薈,25,lô͘-hē,loo5he7,loo5he7,loohe,loohe,lh,lh
lōo-sué,蘆黍,25,lō͘-sóe,loo7sue2,loo7soe2,loosue,loosoe,ls,ls
soo-bo̍k,蘇木,25,so͘-bo̍k,soobok8,soobok8,soobok,soobok,sb,sb
soo-thih,蘇鐵,25,so͘-thih,soothih,soothih,soothih,soothih,st,st
pîn-pô,蘋婆,25,pîn-pô,pin5po5,pin5po5,pinpo,pinpo,pp,pp
hóo-tshì,虎刺,25,hó͘-chhì,hoo2tshi3,hoo2chhi3,hootshi,hoochhi,ht,hc
tsuâ-pô,蛇婆,25,chôa-pô,tsua5po5,choa5po5,tsuapo,choapo,tp,cp
tsuâ-pho,蛇波,25,chôa-pho,tsua5pho,choa5pho,tsuapho,choapho,tp,cp
bit-iū,蜜柚,25,bit-iū,bitiu7,bitiu7,bitiu,bitiu,bi,bi
pián-tsiong,蝙章,25,pián-chiong,pian2tsiong,pian2chiong,piantsiong,pianchiong,pt,pc
hê-bé,蝦尾,25,hê-bé,he5be2,he5be2,hebe,hebe,hb,hb
ia̍h-lân,蝶蘭,25,ia̍h-lân,iah8lan5,iah8lan5,iahlan,iahlan,il,il
thâng-sái,蟲屎,25,thâng-sái,thang5sai2,thang5sai2,thangsai,thangsai,ts,ts
tsîm-tshài,蟳菜,25,chîm-chhài,tsim5tshai3,chim5chhai3,tsimtshai,chimchhai,tt,cc
tshâm-tāu,蠶豆,25,chhâm-tāu,tsham5tau7,chham5tau7,tshamtau,chhamtau,tt,ct
huih-tông,血桐,25,huih-tông,huihtong5,huihtong5,huihtong,huihtong,ht,ht
huih-tîn,血藤,25,huih-tîn,huihtin5,huihtin5,huihtin,huihtin,ht,ht
si-kue,西瓜,25,si-koe,sikue,sikoe,sikue,sikoe,sk,sk
kak-tshài,角菜,25,kak-chhài,kaktshai3,kakchhai3,kaktshai,kakchhai,kt,kc
tāu-tshài,豆菜,25,tāu-chhài,tau7tshai3,tau7chhai3,tautshai,tauchhai,tt,tc
tāu-hóo,豆虎,25,tāu-hó͘,tau7hoo2,tau7hoo2,tauhoo,tauhoo,th,th
kòng-á,貢仔,25,kòng-á,kong3a2,kong3a2,konga,konga,ka,ka
kuàn-tsiòng,貫眾,25,koàn-chiòng,kuan3tsiong3,koan3chiong3,kuantsiong,koanchiong,kt,kc
tshiah-ko,赤柯,25,chhiah-ko,tshiahko,chhiahko,tshiahko,chhiahko,tk,ck
tshiah-kua,赤柯,25,chhiah-koa,tshiahkua,chhiahkoa,tshiahkua,chhiahkoa,tk,ck
tshiah-káu,赤校,25,chhiah-káu,tshiahkau2,chhiahkau2,tshiahkau,chhiahkau,tk,ck
tshiah-iông,赤榕,25,chhiah-iông,tshiahiong5,chhiahiong5,tshiahiong,chhiahiong,ti,ci
tshiah-phê,赤皮,25,chhiah-phê,tshiahphe5,chhiahphe5,tshiahphe,chhiahphe,tp,cp
tshiah-lân,赤蘭,25,chhiah-lân,tshiahlan5,chhiahlan5,tshiahlan,chhiahlan,tl,cl
tshiah-liû,赤鱗,25,chhiah-liû,tshiahliu5,chhiahliu5,tshiahliu,chhiahliu,tl,cl
uán-tsì,遠志,25,oán-chì,uan2tsi3,oan2chi3,uantsi,oanchi,ut,oc
sng-kiat,酸橘,25,sng-kiat,sngkiat,sngkiat,sngkiat,sngkiat,sk,sk
sng-tìn,酸藤,25,sng-tìn,sngtin3,sngtin3,sngtin,sngtin,st,st
kim-kam,金柑,25,kim-kam,kimkam,kimkam,kimkam,kimkam,kk,kk
kim-kue,金瓜,25,kim-koe,kimkue,kimkoe,kimkue,kimkoe,kk,kk
kim-tsuánn,金盞,25,kim-chóaⁿ,kimtsuann2,kimchoann2,kimtsuann,kimchoann,kt,kc
kim-sún,金筍,25,kim-sún,kimsun2,kimsun2,kimsun,kimsun,ks,ks
kim-ing,金英,25,kim-eng,kiming,kimeng,kiming,kimeng,ki,ke
kau-tîn,鈎藤,25,kau-tîn,kautin5,kautin5,kautin,kautin,kt,kt
kau-tîn,鉤藤,25,kau-tîn,kautin5,kautin5,kautin,kautin,kt,kt
thih-á,鐵仔,25,thih-á,thiha2,thiha2,thiha,thiha,ta,ta
thih-tshiū,鐵樹,25,thih-chhiū,thihtshiu7,thihchhiu7,thihtshiu,thihchhiu,tt,tc
hông-kí,防巳,25,hông-kí,hong5ki2,hong5ki2,hongki,hongki,hk,hk
hông-hong,防風,25,hông-hong,hong5hong,hong5hong,honghong,honghong,hh,hh
kue-bâi,雞眉,25,koe-bâi,kuebai5,koebai5,kuebai,koebai,kb,kb
seh-kam,雪柑,25,seh-kam,sehkam,sehkam,sehkam,sehkam,sk,sk
tshinn-tông,青桐,25,chhiⁿ-tông,tshinntong5,chhinntong5,tshinntong,chhinntong,tt,ct
tshinn-png,青楓,25,chhiⁿ-png,tshinnpng,chhinnpng,tshinnpng,chhinnpng,tp,cp
tshi-siunn,青箱,25,chhi-siuⁿ,tshisiunn,chhisiunn,tshisiunn,chhisiunn,ts,cs
tshinn-o,青荷,25,chhiⁿ-o,tshinno,chhinno,tshinno,chhinno,to,co
tshinn-phiô,青萍,25,chhiⁿ-phiô,tshinnphio5,chhinnphio5,tshinnphio,chhinnphio,tp,cp
kú-tshài,韮菜,25,kú-chhài,ku2tshai3,ku2chhai3,kutshai,kuchhai,kt,kc
hong-tîn,風藤,25,hong-tîn,hongtin5,hongtin5,hongtin,hongtin,ht,ht
hong-kóo,風鼓,25,hong-kó͘,hongkoo2,hongkoo2,hongkoo,hongkoo,hk,hk
hiunn-înn,香圓,25,hiuⁿ-îⁿ,hiunninn5,hiunninn5,hiunninn,hiunninn,hi,hi
hiunn-sam,香杉,25,hiuⁿ-sam,hiunnsam,hiunnsam,hiunnsam,hiunnsam,hs,hs
hiong-kó,香果,25,hiong-kó,hiongko2,hiongko2,hiongko,hiongko,hk,hk
hiunn-kam,香柑,25,hiuⁿ-kam,hiunnkam,hiunnkam,hiunnkam,hiunnkam,hk,hk
hiunn-iū,香柚,25,hiuⁿ-iū,hiunniu7,hiunniu7,hiunniu,hiunniu,hi,hi
hiunn-kuì,香桂,25,hiuⁿ-kùi,hiunnkui3,hiunnkui3,hiunnkui,hiunnkui,hk,hk
phang-lâi,香梨,25,phang-lâi,phanglai5,phanglai5,phanglai,phanglai,pl,pl
hiunn-lâm,香楠,25,hiuⁿ-lâm,hiunnlam5,hiunnlam5,hiunnlam,hiunnlam,hl,hl
hiunn-jû,香榆,25,hiuⁿ-jû,hiunnju5,hiunnju5,hiunnju,hiunnju,hj,hj
hiong-iân,香櫞,25,hiong-iân,hiongian5,hiongian5,hiongian,hiongian,hi,hi
hiunn-hû,香符,25,hiuⁿ-hû,hiunnhu5,hiunnhu5,hiunnhu,hiunnhu,hh,hh
phang-hue,香花,25,phang-hoe,phanghue,phanghoe,phanghue,phanghoe,ph,ph
hiang-hm̂,香茅,25,hiang-hm̂,hianghm5,hianghm5,hianghm,hianghm,hh,hh
hiong-jû,香茹,25,hiong-jû,hiongju5,hiongju5,hiongju,hiongju,hj,hj
hiunn-tsháu,香草,25,hiuⁿ-chháu,hiunntshau2,hiunnchhau2,hiunntshau,hiunnchhau,ht,hc
phang-tsháu,香草,25,phang-chháu,phangtshau2,phangchhau2,phangtshau,phangchhau,pt,pc
ko-pue,高杯,25,ko-poe,kopue,kopoe,kopue,kopoe,kp,kp
hî-tîn,魚藤,25,hî-tîn,hi5tin5,hi5tin5,hitin,hitin,ht,ht
tsiáu-lâi,鳥梨,25,chiáu-lâi,tsiau2lai5,chiau2lai5,tsiaulai,chiaulai,tl,cl
tsiáu-tshîng,鳥榕,25,chiáu-chhêng,tsiau2tshing5,chiau2chheng5,tsiautshing,chiauchheng,tt,cc
tsiáu-tsiunn,鳥樟,25,chiáu-chiuⁿ,tsiau2tsiunn,chiau2chiunn,tsiautsiunn,chiauchiunn,tt,cc
kue-kè,鷄冠,25,koe-kè,kueke3,koeke3,kueke,koeke,kk,kk
kue-jiû,鷄柔,25,koe-jiû,kuejiu5,koejiu5,kuejiu,koejiu,kj,kj
kue-iû,鷄油,25,koe-iû,kueiu5,koeiu5,kueiu,koeiu,ki,ki
kue-bâi,鷄眉,25,koe-bâi,kuebai5,koebai5,kuebai,koebai,kb,kb
iâm-pô,鹽婆,25,iâm-pô,iam5po5,iam5po5,iampo,iampo,ip,ip
lo̍k-pn̄g,鹿飯,25,lo̍k-pn̄g,lok8png7,lok8png7,lokpng,lokpng,lp,lp
be̍h-á,麥仔,25,be̍h-á,beh8a2,beh8a2,beha,beha,ba,ba
bi̍k-tshong,麥葱,25,be̍k-chhong,bik8tshong,bek8chhong,biktshong,bekchhong,bt,bc
n̂g-ki,黃枝,25,n̂g-ki,ng5ki,ng5ki,ngki,ngki,nk,nk
n̂g-peh,黃柏,25,n̂g-peh,ng5peh,ng5peh,ngpeh,ngpeh,np,np
n̂g-kam,黃柑,25,n̂g-kam,ng5kam,ng5kam,ngkam,ngkam,nk,nk
n̂g-kun,黃根,25,n̂g-kun,ng5kun,ng5kun,ngkun,ngkun,nk,nk
n̂g-tsuí,黃槿,25,n̂g-chúi,ng5tsui2,ng5chui2,ngtsui,ngchui,nt,nc
n̂g-kú,黃櫸,25,n̂g-kú,ng5ku2,ng5ku2,ngku,ngku,nk,nk
n̂g-phî,黃皮,25,n̂g-phî,ng5phi5,ng5phi5,ngphi,ngphi,np,np
n̂g-tîn,黃籐,25,n̂g-tîn,ng5tin5,ng5tin5,ngtin,ngtin,nt,nt
n̂g-sik,黃粟,25,n̂g-sek,ng5sik,ng5sek,ngsik,ngsek,ns,ns
n̂g-tîn,黃藤,25,n̂g-tîn,ng5tin5,ng5tin5,ngtin,ngtin,nt,nt
n̂g-muâ,黃麻,25,n̂g-môa,ng5mua5,ng5moa5,ngmua,ngmoa,nm,nm
n̂g-kí,黃𣏌,25,n̂g-kí,ng5ki2,ng5ki2,ngki,ngki,nk,nk
sué-á,黍仔,25,sóe-á,sue2a2,soe2a2,suea,soea,sa,sa
tshú-khak,鼠麴,25,chhú-khak,tshu2khak,chhu2khak,tshukhak,chhukhak,tk,ck
kí-thok,齒托,25,kí-thok,ki2thok,ki2thok,kithok,kithok,kt,kt
gîng-gíng,龍眼,25,gêng-géng,ging5ging2,geng5geng2,gingging,genggeng,gg,gg
ku-hue,龜花,25,ku-hoe,kuhue,kuhoe,kuhue,kuhoe,kh,kh
ōng-lâi,𦬬萊,25,ōng-lâi,ong7lai5,ong7lai5,onglai,onglai,ol,ol
it-ki-hiunn,一枝香,16,it-ki-hiuⁿ,itkihiunn,itkihiunn,itkihiunn,itkihiunn,ikh,ikh
it-tiám-hông,一點紅,16,it-tiám-hông,ittiam2hong5,ittiam2hong5,ittiamhong,ittiamhong,ith,ith
tshit-hōo-liân,七厚蓮,16,chhit-hō͘-liân,tshithoo7lian5,chhithoo7lian5,tshithoolian,chhithoolian,thl,chl
tshit-tshùn-kim,七寸金,16,chhit-chhùn-kim,tshittshun3kim,chhitchhun3kim,tshittshunkim,chhitchhunkim,ttk,cck
tshit-ji̍t-n̄g,七日暈,16,chhit-ji̍t-n̄g,tshitjit8ng7,chhitjit8ng7,tshitjitng,chhitjitng,tjn,cjn
tshit-lí-hiong,七星香,16,chhit-lí-hiong,tshitli2hiong,chhitli2hiong,tshitlihiong,chhitlihiong,tlh,clh
tshit-hio̍h-liân,七葉蓮,16,chhit-hio̍h-liân,tshithioh8lian5,chhithioh8lian5,tshithiohlian,chhithiohlian,thl,chl
tshit-lí-hiong,七里香,16,chhit-lí-hiong,tshitli2hiong,chhitli2hiong,tshitlihiong,chhitlihiong,tlh,clh
sann-pán-to,三版刀,16,saⁿ-pán-to,sannpan2to,sannpan2to,sannpanto,sannpanto,spt,spt
sann-hī-tsháu,三耳草,16,saⁿ-hī-chháu,sannhi7tshau2,sannhi7chhau2,sannhitshau,sannhichhau,sht,shc
sann-kha-ting,三脚丁,16,saⁿ-kha-teng,sannkhating,sannkhateng,sannkhating,sannkhateng,skt,skt
sann-kha-pia̍t,三脚別,16,saⁿ-kha-pia̍t,sannkhapiat8,sannkhapiat8,sannkhapiat,sannkhapiat,skp,skp
sann-kha-tiāu,三脚掉,16,saⁿ-kha-tiāu,sannkhatiau7,sannkhatiau7,sannkhatiau,sannkhatiau,skt,skt
sann-kha-phî,三脚皮,16,saⁿ-kha-phî,sannkhaphi5,sannkhaphi5,sannkhaphi,sannkhaphi,skp,skp
sann-kha-hóo,三脚虎,16,saⁿ-kha-hó͘,sannkhahoo2,sannkhahoo2,sannkhahoo,sannkhahoo,skh,skh
sann-kha-pih,三脚鼈,16,saⁿ-kha-pih,sannkhapih,sannkhapih,sannkhapih,sannkhapih,skp,skp
sann-kha-puà,三角破,16,saⁿ-kha-pòa,sannkhapua3,sannkhapoa3,sannkhapua,sannkhapoa,skp,skp
sann-kha-pih,三角鼈,16,saⁿ-kha-pih,sannkhapih,sannkhapih,sannkhapih,sannkhapih,skp,skp
sann-pih-pí,三鼈比,16,saⁿ-pih-pí,sannpihpi2,sannpihpi2,sannpihpi,sannpihpi,spp,spp
put-liû-hîng,不留行,16,put-liû-hêng,putliu5hing5,putliu5heng5,putliuhing,putliuheng,plh,plh
m̄-kiann-king,不驚經,16,m̄-kiaⁿ-keng,m7kiannking,m7kiannkeng,mkiannking,mkiannkeng,mkk,mkk
m̄-kiann-tê,不驚茶,16,m̄-kiaⁿ-tê,m7kiannte5,m7kiannte5,mkiannte,mkiannte,mkt,mkt
tshǹg-phīnn-lîng,串鼻龍,16,chhǹg-phīⁿ-lêng,tshng3phinn7ling5,chhng3phinn7leng5,tshngphinnling,chhngphinnleng,tpl,cpl
káu-tsàn-thah,九層塔,16,káu-chàn-thah,kau2tsan3thah,kau2chan3thah,kautsanthah,kauchanthah,ktt,kct
kiú-kiong-kū,九芎舅,16,kiú-kiong-kū,kiu2kiongku7,kiu2kiongku7,kiukiongku,kiukiongku,kkk,kkk
káu-tîng-tshe,九重吹,16,káu-têng-chhe,kau2ting5tshe,kau2teng5chhe,kautingtshe,kautengchhe,ktt,ktc
khit-tshia̍h-uánn,乞食碗,16,khit-chhia̍h-óaⁿ,khittshiah8uann2,khitchhiah8oann2,khittshiahuann,khitchhiahoann,ktu,kco
lin-á-tsháu,乳仔草,16,lin-á-chháu,lina2tshau2,lina2chhau2,linatshau,linachhau,lat,lac
gōo-the̍h-kiô,五宅茄,16,gō͘-the̍h-kiô,goo7theh8kio5,goo7theh8kio5,goothehkio,goothehkio,gtk,gtk
gōo-kun-tsháu,五根草,16,gō͘-kun-chháu,goo7kuntshau2,goo7kunchhau2,gookuntshau,gookunchhau,gkt,gkc
ngóo-jiáu-jiông,五爪絨,16,ngó͘-jiáu-jiông,ngoo2jiau2jiong5,ngoo2jiau2jiong5,ngoojiaujiong,ngoojiaujiong,njj,njj
ngóo-jiáu-lîng,五爪龍,16,ngó͘-jiáu-lêng,ngoo2jiau2ling5,ngoo2jiau2leng5,ngoojiauling,ngoojiauleng,njl,njl
gōo-kha-lí,五脚里,16,gō͘-kha-lí,goo7khali2,goo7khali2,gookhali,gookhali,gkl,gkl
góo-lîng-lân,五龍蘭,16,gó͘-lêng-lân,goo2ling5lan5,goo2leng5lan5,goolinglan,goolenglan,gll,gll
tsínn-pinn-tsháu,井邊草,16,chíⁿ-piⁿ-chháu,tsinn2pinntshau2,chinn2pinnchhau2,tsinnpinntshau,chinnpinnchhau,tpt,cpc
jîn-biān-tik,人面竹,16,jîn-biān-tek,jin5bian7tik,jin5bian7tek,jinbiantik,jinbiantek,jbt,jbt
jîn-tshì-tshang,仁刺葱,16,jîn-chhì-chhang,jin5tshi3tshang,jin5chhi3chhang,jintshitshang,jinchhichhang,jtt,jcc
sian-pa-tsiúnn,仙巴掌,16,sian-pa-chiúⁿ,sianpatsiunn2,sianpachiunn2,sianpatsiunn,sianpachiunn,spt,spc
hô-siú-oo,何首烏,16,hô-siú-o͘,ho5siu2oo,ho5siu2oo,hosiuoo,hosiuoo,hso,hso
hu̍t-thâu-kó,佛頭果,16,hu̍t-thâu-kó,hut8thau5ko2,hut8thau5ko2,hutthauko,hutthauko,htk,htk
sù-kun-tsú,使君子,16,sù-kun-chú,su3kuntsu2,su3kunchu2,sukuntsu,sukunchu,skt,skc
tó-tuē-kióng,倒地拱,16,tó-tōe-kióng,to2tue7kiong2,to2toe7kiong2,totuekiong,totoekiong,ttk,ttk
tó-tuē-lîng,倒地柃,16,tó-tōe-lêng,to2tue7ling5,to2toe7leng5,totueling,totoeleng,ttl,ttl
tó-kî-lîn,倒麒麟,16,tó-kî-lîn,to2ki5lin5,to2ki5lin5,tokilin,tokilin,tkl,tkl
siong-si̍t-tsháu,傷食草,16,siong-si̍t-chháu,siongsit8tshau2,siongsit8chhau2,siongsittshau,siongsitchhau,sst,ssc
guân-siau-kam,元宵柑,16,goân-siau-kam,guan5siaukam,goan5siaukam,guansiaukam,goansiaukam,gsk,gsk
thòo-á-tshài,兔仔草,16,thò͘-á-chhài,thoo3a2tshai3,thoo3a2chhai3,thooatshai,thooachhai,tat,tac
thòo-hī-tsháu,兔耳草,16,thò͘-hī-chháu,thoo3hi7tshau2,thoo3hi7chhau2,thoohitshau,thoohichhau,tht,thc
lāi-tang-tsí,內冬子,16,lāi-tang-chí,lai7tangtsi2,lai7tangchi2,laitangtsi,laitangchi,ltt,ltc
pat-kuà-tsháu,八卦草,16,pat-kòa-chháu,patkua3tshau2,patkoa3chhau2,patkuatshau,patkoachhau,pkt,pkc
pueh-kak-á,八角仔,16,poeh-kak-á,puehkaka2,poehkaka2,puehkaka,poehkaka,pka,pka
pueh-kak-liân,八角蓮,16,poeh-kak-liân,puehkaklian5,poehkaklian5,puehkaklian,poehkaklian,pkl,pkl
kong-sun-kiat,公孫橘,16,kong-sun-kiat,kongsunkiat,kongsunkiat,kongsunkiat,kongsunkiat,ksk,ksk
la̍k-ge̍h-seh,六月雪,16,la̍k-ge̍h-seh,lak8geh8seh,lak8geh8seh,lakgehseh,lakgehseh,lgs,lgs
la̍k-liàm-á,六棯仔,16,la̍k-liàm-á,lak8liam3a2,lak8liam3a2,lakliama,lakliama,lla,lla
la̍k-kiám-á,六檢仔,16,la̍k-kiám-á,lak8kiam2a2,lak8kiam2a2,lakkiama,lakkiama,lka,lka
la̍k-kak-ing,六角英,16,la̍k-kak-eng,lak8kaking,lak8kakeng,lakkaking,lakkakeng,lki,lke
la̍k-kak-tsháu,六角草,16,la̍k-kak-chháu,lak8kaktshau2,lak8kakchhau2,lakkaktshau,lakkakchhau,lkt,lkc
tsài-sing-kiat,再生橘,16,chài-seng-kiat,tsai3singkiat,chai3sengkiat,tsaisingkiat,chaisengkiat,tsk,csk
líng-pn̄g-tîn,冷飯藤,16,léng-pn̄g-tîn,ling2png7tin5,leng2png7tin5,lingpngtin,lengpngtin,lpt,lpt
tshìn-pn̄g-tîn,凊飯藤,16,chhìn-pn̄g-tîn,tshin3png7tin5,chhin3png7tin5,tshinpngtin,chhinpngtin,tpt,cpt
tshut-sing-láu,出生老,16,chhut-seng-láu,tshutsinglau2,chhutsenglau2,tshutsinglau,chhutsenglau,tsl,csl
to-siong-tsháu,刀傷草,16,to-siong-chháu,tosiongtshau2,tosiongchhau2,tosiongtshau,tosiongchhau,tst,tsc
tò-kè-tsháu,到繼草,16,tò-kè-chháu,to3ke3tshau2,to3ke3chhau2,toketshau,tokechhau,tkt,tkc
tshì-tōo-bi̍t,刺杜蜜,16,chhì-tō͘-bi̍t,tshi3too7bit8,chhi3too7bit8,tshitoobit,chhitoobit,ttb,ctb
tshì-kam-á,刺柑仔,16,chhì-kam-á,tshi3kama2,chhi3kama2,tshikama,chhikama,tka,cka
tshì-keh-á,刺格仔,16,chhì-keh-á,tshi3keha2,chhi3keha2,tshikeha,chhikeha,tka,cka
tshì-kiû-hue,刺毬花,16,chhì-kiû-hoe,tshi3kiu5hue,chhi3kiu5hoe,tshikiuhue,chhikiuhoe,tkh,ckh
tshì-tshang-tshiū,刺葱樹,16,chhì-chhang-chhiū,tshi3tshangtshiu7,chhi3chhangchhiu7,tshitshangtshiu,chhichhangchhiu,ttt,ccc
tsián-jiông-hue,剪絨花,16,chián-jiông-hoe,tsian2jiong5hue,chian2jiong5hoe,tsianjionghue,chianjionghoe,tjh,cjh
ka-ji̍p-kū,加入舅,16,ka-ji̍p-kū,kajip8ku7,kajip8ku7,kajipku,kajipku,kjk,kjk
ka-po̍h-mî,加薄棉,16,ka-po̍h-mî,kapoh8mi5,kapoh8mi5,kapohmi,kapohmi,kpm,kpm
sip-lí-hiong,十里香,16,sip-lí-hiong,sipli2hiong,sipli2hiong,siplihiong,siplihiong,slh,slh
tshian-kun-puih,千斤拔,16,chhian-kun-puih,tshiankunpuih,chhiankunpuih,tshiankunpuih,chhiankunpuih,tkp,ckp
tshian-lí-kong,千里光,16,chhian-lí-kong,tshianli2kong,chhianli2kong,tshianlikong,chhianlikong,tlk,clk
gōo-sî-tsháu,午時草,16,gō͘-sî-chháu,goo7si5tshau2,goo7si5chhau2,goositshau,goosichhau,gst,gsc
lâm-hong-tsháu,南風草,16,lâm-hong-chháu,lam5hongtshau2,lam5hongchhau2,lamhongtshau,lamhongchhau,lht,lhc
kāu-khak-á,厚殼仔,16,kāu-khak-á,kau7khaka2,kau7khaka2,kaukhaka,kaukhaka,kka,kka
kau-khak-kuì,厚殼桂,16,kau-khak-kùi,kaukhakkui3,kaukhakkui3,kaukhakkui,kaukhakkui,kkk,kkk
sim-á-hio̍h,參仔葉,16,sim-á-hio̍h,sima2hioh8,sima2hioh8,simahioh,simahioh,sah,sah
kháu-kha-á,口脚仔,16,kháu-kha-á,khau2khaa2,khau2khaa2,khaukhaa,khaukhaa,kka,kka
kóo-gua̍t-kun,古月根,16,kó͘-goa̍t-kun,koo2guat8kun,koo2goat8kun,kooguatkun,koogoatkun,kgk,kgk
tông-tī-tsháu,同治草,16,tông-tī-chháu,tong5ti7tshau2,tong5ti7chhau2,tongtitshau,tongtichhau,ttt,ttc
hiòng-thian-tsuánn,向天盞,16,hiòng-thian-chóaⁿ,hiong3thiantsuann2,hiong3thianchoann2,hiongthiantsuann,hiongthianchoann,htt,htc
hiòng-thian-hông,向天黃,16,hiòng-thian-hông,hiong3thianhong5,hiong3thianhong5,hiongthianhong,hiongthianhong,hth,hth
hiòng-ji̍t-kuî,向日葵,16,hiòng-ji̍t-kûi,hiong3jit8kui5,hiong3jit8kui5,hiongjitkui,hiongjitkui,hjk,hjk
kā-lâng-káu,咬人狗,16,kā-lâng-káu,ka7lang5kau2,ka7lang5kau2,kalangkau,kalangkau,klk,klk
kā-lâng-niau,咬人猫,16,kā-lâng-niau,ka7lang5niau,ka7lang5niau,kalangniau,kalangniau,kln,kln
hâm-hong-tsháu,咸豐草,16,hâm-hong-chháu,ham5hongtshau2,ham5hongchhau2,hamhongtshau,hamhongchhau,hht,hhc
to-nî-á,哆哖仔,16,to-nî-á,toni5a2,toni5a2,tonia,tonia,tna,tna
lā-lí-á,嘮哩仔,16,lā-lí-á,la7li2a2,la7li2a2,lalia,lalia,lla,lla
sù-kuì-tshun,四季春,16,sù-kùi-chhun,su3kui3tshun,su3kui3chhun,sukuitshun,sukuichhun,skt,skc
sù-kuì-kiat,四季橘,16,sù-kùi-kiat,su3kui3kiat,su3kui3kiat,sukuikiat,sukuikiat,skk,skk
sù-sî-tshun,四時春,16,sù-sî-chhun,su3si5tshun,su3si5chhun,susitshun,susichhun,sst,ssc
sù-bí-tsháu,四米草,16,sù-bí-chháu,su3bi2tshau2,su3bi2chhau2,subitshau,subichhau,sbt,sbc
sì-hio̍h-tshài,四葉菜,16,sì-hio̍h-chhài,si3hioh8tshai3,si3hioh8chhai3,sihiohtshai,sihiohchhai,sht,shc
sì-hio̍h-liân,四葉蓮,16,sì-hio̍h-liân,si3hioh8lian5,si3hioh8lian5,sihiohlian,sihiohlian,shl,shl
înn-á-hue,圓仔花,16,îⁿ-á-hoe,inn5a2hue,inn5a2hoe,innahue,innahoe,iah,iah
înn-tshài-thâu,圓菜頭,16,îⁿ-chhài-thâu,inn5tshai3thau5,inn5chhai3thau5,inntshaithau,innchhaithau,itt,ict
thóo-puàn-hā,土半夏,16,thó͘-poàn-hā,thoo2puan3ha7,thoo2poan3ha7,thoopuanha,thoopoanha,tph,tph
thóo-tshuan-nî,土川連,16,thó͘-chhoan-nî,thoo2tshuanni5,thoo2chhoanni5,thootshuanni,thoochhoanni,ttn,tcn
thóo-tîm-hiunn,土沈香,16,thó͘-tîm-hiuⁿ,thoo2tim5hiunn,thoo2tim5hiunn,thootimhiunn,thootimhiunn,tth,tth
thóo-giû-tshit,土牛七,16,thó͘-giû-chhit,thoo2giu5tshit,thoo2giu5chhit,thoogiutshit,thoogiuchhit,tgt,tgc
thóo-jio̍k-kuì,土肉桂,16,thó͘-jio̍k-kùi,thoo2jiok8kui3,thoo2jiok8kui3,thoojiokkui,thoojiokkui,tjk,tjk
thóo-ho̍k-lîng,土茯苓,16,thó͘-ho̍k-lêng,thoo2hok8ling5,thoo2hok8leng5,thoohokling,thoohokleng,thl,thl
thôo-tāu-kū,土豆舅,16,thô͘-tāu-kū,thoo5tau7ku7,thoo5tau7ku7,thootauku,thootauku,ttk,ttk
tuē-giâ-kang,地蜈蚣,16,tōe-giâ-kang,tue7gia5kang,toe7gia5kang,tuegiakang,toegiakang,tgk,tgk
tē-kut-phî,地骨皮,16,tē-kut-phî,te7kutphi5,te7kutphi5,tekutphi,tekutphi,tkp,tkp
poo-lûn-á,埔崙仔,16,po͘-lûn-á,poolun5a2,poolun5a2,pooluna,pooluna,pla,pla
poo-pit-á,埔筆仔,16,po͘-pit-á,poopita2,poopita2,poopita,poopita,ppa,ppa
poo-tsháu-iūnn,埔草樣,16,po͘-chháu-iūⁿ,pootshau2iunn7,poochhau2iunn7,pootshauiunn,poochhauiunn,pti,pci
poo-iâm-á,埔鹽仔,16,po͘-iâm-á,pooiam5a2,pooiam5a2,pooiama,pooiama,pia,pia
hē-koo-tsháu,夏枯草,16,hē-ko͘-chháu,he7kootshau2,he7koochhau2,hekootshau,hekoochhau,hkt,hkc
hâ-phî-lâm,夏皮楠,16,hâ-phî-lâm,ha5phi5lam5,ha5phi5lam5,haphilam,haphilam,hpl,hpl
tāi-ting-hông,大丁黃,16,tāi-teng-hông,tai7tinghong5,tai7tenghong5,taitinghong,taitenghong,tth,tth
tuā-phànn-tshiū,大冇樹,16,tōa-phàⁿ-chhiū,tua7phann3tshiu7,toa7phann3chhiu7,tuaphanntshiu,toaphannchhiu,tpt,tpc
tuā-huê-hûn,大回魂,16,tōa-hôe-hûn,tua7hue5hun5,toa7hoe5hun5,tuahuehun,toahoehun,thh,thh
tuā-gōng-tshiū,大戇樹,16,tōa-gōng-chhiū,tua7gong7tshiu7,toa7gong7chhiu7,tuagongtshiu,toagongchhiu,tgt,tgc
tuā-táu-iū,大斗柚,16,tōa-táu-iū,tua7tau2iu7,toa7tau2iu7,tuatauiu,toatauiu,tti,tti
tuā-phànn-tshiū,大有樹,16,tōa-phàⁿ-chhiū,tua7phann3tshiu7,toa7phann3chhiu7,tuaphanntshiu,toaphannchhiu,tpt,tpc
tuā-tsuí-phiô,大水萍,16,tōa-chúi-phiô,tua7tsui2phio5,toa7chui2phio5,tuatsuiphio,toachuiphio,ttp,tcp
tāi-kah-tsháu,大甲草,16,tāi-kah-chháu,tai7kahtshau2,tai7kahchhau2,taikahtshau,taikahchhau,tkt,tkc
tuā-pe̍h-hue,大白花,16,tōa-pe̍h-hoe,tua7peh8hue,toa7peh8hoe,tuapehhue,toapehhoe,tph,tph
tuā-âng-sim,大紅心,16,tōa-âng-sim,tua7ang5sim,toa7ang5sim,tuaangsim,toaangsim,tas,tas
tuā-âng-hue,大紅花,16,tōa-âng-hoe,tua7ang5hue,toa7ang5hoe,tuaanghue,toaanghoe,tah,tah
tuā-huan-hûn,大翻魂,16,tōa-hoan-hûn,tua7huanhun5,toa7hoanhun5,tuahuanhun,toahoanhun,thh,thh
tuā-hio̍h-phànn,大葉冇,16,tōa-hio̍h-phàⁿ,tua7hioh8phann3,toa7hioh8phann3,tuahiohphann,toahiohphann,thp,thp
tuā-hio̍h-tōo,大葉杜,16,tōa-hio̍h-tō͘,tua7hioh8too7,toa7hioh8too7,tuahiohtoo,toahiohtoo,tht,tht
tuā-hio̍h-lâm,大葉楠,16,tōa-hio̍h-lâm,tua7hioh8lam5,toa7hioh8lam5,tuahiohlam,toahiohlam,thl,thl
tuā-phû-tô,大葡萄,16,tōa-phû-tô,tua7phu5to5,toa7phu5to5,tuaphuto,toaphuto,tpt,tpt
tuā-thè-hông,大退癀,16,tōa-thè-hông,tua7the3hong5,toa7the3hong5,tuathehong,toathehong,tth,tth
tuā-kim-ing,大金英,16,tōa-kim-eng,tua7kiming,toa7kimeng,tuakiming,toakimeng,tki,tke
tuā-thâu-tê,大頭茶,16,tōa-thâu-tê,tua7thau5te5,toa7thau5te5,tuathaute,toathaute,ttt,ttt
tuā-thâu-tshang,大頭葱,16,tōa-thâu-chhang,tua7thau5tshang,toa7thau5chhang,tuathautshang,toathauchhang,ttt,ttc
tuā-hong-tsháu,大風草,16,tōa-hong-chháu,tua7hongtshau2,toa7hongchhau2,tuahongtshau,toahongchhau,tht,thc
tuā-hong-tîn,大風藤,16,tōa-hong-tîn,tua7hongtin5,toa7hongtin5,tuahongtin,toahongtin,tht,tht
tāi-hông-tsháu,大黃草,16,tāi-hông-chháu,tai7hong5tshau2,tai7hong5chhau2,taihongtshau,taihongchhau,tht,thc
thian-lâm-sing,天南星,16,thian-lâm-seng,thianlam5sing,thianlam5seng,thianlamsing,thianlamseng,tls,tls
thian-bûn-tong,天門冬,16,thian-bûn-tong,thianbun5tong,thianbun5tong,thianbuntong,thianbuntong,tbt,tbt
kip-tik-thô,夾竹桃,16,kip-tek-thô,kiptiktho5,kiptektho5,kiptiktho,kiptektho,ktt,ktt
ko-pô-ōo,姑婆芋,16,ko-pô-ō͘,kopo5oo7,kopo5oo7,kopooo,kopooo,kpo,kpo
ui-lîng-sian,威靈仙,16,ui-lêng-sian,uiling5sian,uileng5sian,uilingsian,uilengsian,uls,uls
bēng-tsong-tik,孟宗竹,16,bēng-chong-tek,beng7tsongtik,beng7chongtek,bengtsongtik,bengchongtek,btt,bct
tīng-king-tsháu,定經草,16,tēng-keng-chháu,ting7kingtshau2,teng7kengchhau2,tingkingtshau,tengkengchhau,tkt,tkc
gî-hoo-tuan,宜呼端,16,gî-ho͘-toan,gi5hootuan,gi5hootoan,gihootuan,gihootoan,ght,ght
hu-kuì-tāu,富貴豆,16,hu-kùi-tāu,hukui3tau7,hukui3tau7,hukuitau,hukuitau,hkt,hkt
sió-lé-hue,小禮花,16,sió-lé-hoe,sio2le2hue,sio2le2hoe,siolehue,siolehoe,slh,slh
sió-huan-hûn,小翻魂,16,sió-hoan-hûn,sio2huanhun5,sio2hoanhun5,siohuanhun,siohoanhun,shh,shh
sió-kim-ing,小金英,16,sió-kim-eng,sio2kiming,sio2kimeng,siokiming,siokimeng,ski,ske
tsiam-bé-hong,尖尾峯,16,chiam-bé-hong,tsiambe2hong,chiambe2hong,tsiambehong,chiambehong,tbh,cbh
tsiam-bé-hong,尖尾風,16,chiam-bé-hong,tsiambe2hong,chiambe2hong,tsiambehong,chiambehong,tbh,cbh
bé-ia̍h-hue,尾蝶花,16,bé-ia̍h-hoe,be2iah8hue,be2iah8hoe,beiahhue,beiahhoe,bih,bih
suann-siann-tsa,山仙查,16,soaⁿ-siaⁿ-cha,suannsianntsa,soannsianncha,suannsianntsa,soannsianncha,sst,ssc
suann-tshì-kue,山刺瓜,16,soaⁿ-chhì-koe,suanntshi3kue,soannchhi3koe,suanntshikue,soannchhikoe,stk,sck
suann-sù-ing,山四英,16,soaⁿ-sù-eng,suannsu3ing,soannsu3eng,suannsuing,soannsueng,ssi,sse
suann-thôo-tāu,山土豆,16,soaⁿ-thô͘-tāu,suannthoo5tau7,soannthoo5tau7,suannthootau,soannthootau,stt,stt
suann-poo-kiunn,山埔姜,16,soaⁿ-po͘-kiuⁿ,suannpookiunn,soannpookiunn,suannpookiunn,soannpookiunn,spk,spk
suann-poo-iâm,山埔鹽,16,soaⁿ-po͘-iâm,suannpooiam5,soannpooiam5,suannpooiam,soannpooiam,spi,spi
suann-pòo-tsí,山布子,16,soaⁿ-pò͘-chí,suannpoo3tsi2,soannpoo3chi2,suannpootsi,soannpoochi,spt,spc
suann-tang-iū,山東柚,16,soaⁿ-tang-iū,suanntangiu7,soanntangiu7,suanntangiu,soanntangiu,sti,sti
suann-gî-pê,山枇杷,16,soaⁿ-gî-pê,suanngi5pe5,soanngi5pe5,suanngipe,soanngipe,sgp,sgp
suann-nâ-tâu,山林投,16,soaⁿ-nâ-tâu,suannna5tau5,soannna5tau5,suannnatau,soannnatau,snt,snt
suann-kam-á,山柑仔,16,soaⁿ-kam-á,suannkama2,soannkama2,suannkama,soannkama,ska,ska
suann-iū-á,山柚仔,16,soaⁿ-iū-á,suanniu7a2,soanniu7a2,suanniua,soanniua,sia,sia
suann-kun-lîng,山根龍,16,soaⁿ-kun-lêng,suannkunling5,soannkunleng5,suannkunling,soannkunleng,skl,skl
suann-kuì-hue,山桂花,16,soaⁿ-kùi-hoe,suannkui3hue,soannkui3hoe,suannkuihue,soannkuihoe,skh,skh
suann-suāinn-á,山檨仔,16,soaⁿ-soāiⁿ-á,suannsuainn7a2,soannsoainn7a2,suannsuainna,soannsoainna,ssa,ssa
suann-pin-nn̂g,山檳榔,16,soaⁿ-pin-nn̂g,suannpinnng5,soannpinnng5,suannpinnng,soannpinnng,spn,spn
suann-eng-thô,山櫻桃,16,soaⁿ-eng-thô,suannengtho5,soannengtho5,suannengtho,soannengtho,set,set
suann-tsuí-liú,山水柳,16,soaⁿ-chúi-liú,suanntsui2liu2,soannchui2liu2,suanntsuiliu,soannchuiliu,stl,scl
suann-ti̍k-lân,山澤蘭,16,soaⁿ-te̍k-lân,suanntik8lan5,soanntek8lan5,suanntiklan,soannteklan,stl,stl
suann-hun-tsháu,山煙草,16,soaⁿ-hun-chháu,suannhuntshau2,soannhunchhau2,suannhuntshau,soannhunchhau,sht,shc
suann-gû-lin,山牛乳,16,soaⁿ-gû-lin,suanngu5lin,soanngu5lin,suanngulin,soanngulin,sgl,sgl
suann-ti-kê,山猪枷,16,soaⁿ-ti-kê,suanntike5,soanntike5,suanntike,soanntike,stk,stk
suann-ti-bah,山猪肉,16,soaⁿ-ti-bah,suanntibah,soanntibah,suanntibah,soanntibah,stb,stb
suann-ti-kuann,山猪肝,16,soaⁿ-ti-koaⁿ,suanntikuann,soanntikoann,suanntikuann,soanntikoann,stk,stk
suann-kue-tshài,山瓜菜,16,soaⁿ-koe-chhài,suannkuetshai3,soannkoechhai3,suannkuetshai,soannkoechhai,skt,skc
suann-pe̍h-tshài,山白菜,16,soaⁿ-pe̍h-chhài,suannpeh8tshai3,soannpeh8chhai3,suannpehtshai,soannpehchhai,spt,spc
suann-bé-tsî,山碼薯,16,soaⁿ-bé-chî,suannbe2tsi5,soannbe2chi5,suannbetsi,soannbechi,sbt,sbc
suann-âng-be̍h,山紅麥,16,soaⁿ-âng-be̍h,suannang5beh8,soannang5beh8,suannangbeh,soannangbeh,sab,sab
suann-sòo-ing,山素英,16,soaⁿ-sò͘-eng,suannsoo3ing,soannsoo3eng,suannsooing,soannsooeng,ssi,sse
suann-tsí-soo,山紫蘇,16,soaⁿ-chí-so͘,suanntsi2soo,soannchi2soo,suanntsisoo,soannchisoo,sts,scs
suann-iûnn-sái,山羊屎,16,soaⁿ-iûⁿ-sái,suanniunn5sai2,soanniunn5sai2,suanniunnsai,soanniunnsai,sis,sis
suann-iûnn-hī,山羊耳,16,soaⁿ-iûⁿ-hī,suanniunn5hi7,soanniunn5hi7,suanniunnhi,soanniunnhi,sih,sih
suann-jio̍k-kuì,山肉桂,16,soaⁿ-jio̍k-kùi,suannjiok8kui3,soannjiok8kui3,suannjiokkui,soannjiokkui,sjk,sjk
suann-bah-tāu,山肉豆,16,soaⁿ-bah-tāu,suannbahtau7,soannbahtau7,suannbahtau,soannbahtau,sbt,sbt
suann-ho-tsio,山胡椒,16,soaⁿ-ho-chio,suannhotsio,soannhochio,suannhotsio,soannhochio,sht,shc
suann-tshàu-tsiunn,山臭樟,16,soaⁿ-chhàu-chiuⁿ,suanntshau3tsiunn,soannchhau3chiunn,suanntshautsiunn,soannchhauchiunn,stt,scc
suann-king-tsio,山芎蕉,16,soaⁿ-keng-chio,suannkingtsio,soannkengchio,suannkingtsio,soannkengchio,skt,skc
suann-phû-iông,山芙蓉,16,soaⁿ-phû-iông,suannphu5iong5,soannphu5iong5,suannphuiong,soannphuiong,spi,spi
suann-kuà-tshài,山芥菜,16,soaⁿ-kòa-chhài,suannkua3tshai3,soannkoa3chhai3,suannkuatshai,soannkoachhai,skt,skc
suann-khóo-līng,山苦楝,16,soaⁿ-khó͘-lēng,suannkhoo2ling7,soannkhoo2leng7,suannkhooling,soannkhooleng,skl,skl
suann-khóo-kue,山苦瓜,16,soaⁿ-khó͘-koe,suannkhoo2kue,soannkhoo2koe,suannkhookue,soannkhookoe,skk,skk
suann-tê-á,山茶仔,16,soaⁿ-tê-á,suannte5a2,soannte5a2,suanntea,soanntea,sta,sta
suann-hīng-tshài,山莕菜,16,soaⁿ-hēng-chhài,suannhing7tshai3,soannheng7chhai3,suannhingtshai,soannhengchhai,sht,shc
suann-kuann-lân,山菅蘭,16,soaⁿ-koaⁿ-lân,suannkuannlan5,soannkoannlan5,suannkuannlan,soannkoannlan,skl,skl
suann-tshài-tāu,山菜豆,16,soaⁿ-chhài-tāu,suanntshai3tau7,soannchhai3tau7,suanntshaitau,soannchhaitau,stt,sct
suann-pe-lîng,山菠薐,16,soaⁿ-pe-lêng,suannpeling5,soannpeleng5,suannpeling,soannpeleng,spl,spl
suann-kuah-tshài,山葛菜,16,soaⁿ-koah-chhài,suannkuahtshai3,soannkoahchhai3,suannkuahtshai,soannkoahchhai,skt,skc
suann-phû-tô,山葡萄,16,soaⁿ-phû-tô,suannphu5to5,soannphu5to5,suannphuto,soannphuto,spt,spt
suann-suàn-thâu,山蒜頭,16,soaⁿ-soàn-thâu,suannsuan3thau5,soannsoan3thau5,suannsuanthau,soannsoanthau,sst,sst
suann-neh-kiau,山蕨猫,16,soaⁿ-neh-kiau,suannnehkiau,soannnehkiau,suannnehkiau,soannnehkiau,snk,snk
suann-io̍k-tsû,山藥薯,16,soaⁿ-io̍k-chû,suanniok8tsu5,soanniok8chu5,suannioktsu,soanniokchu,sit,sic
suann-ti-bah,山豬肉,16,soaⁿ-ti-bah,suanntibah,soanntibah,suanntibah,soanntibah,stb,stb
suann-tsha̍t-á,山賊仔,16,soaⁿ-chha̍t-á,suanntshat8a2,soannchhat8a2,suanntshata,soannchhata,sta,sca
suann-hiunn-înn,山香圓,16,soaⁿ-hiuⁿ-îⁿ,suannhiunninn5,soannhiunninn5,suannhiunninn,soannhiunninn,shi,shi
suann-bé-tê,山馬茶,16,soaⁿ-bé-tê,suannbe2te5,soannbe2te5,suannbete,soannbete,sbt,sbt
suann-bé-tê,山馬蹄,16,soaⁿ-bé-tê,suannbe2te5,soannbe2te5,suannbete,soannbete,sbt,sbt
suann-tsiáu-tsiunn,山鳥樟,16,soaⁿ-chiáu-chiuⁿ,suanntsiau2tsiunn,soannchiau2chiunn,suanntsiautsiunn,soannchiauchiunn,stt,scc
suann-iâm-tshinn,山鹽菁,16,soaⁿ-iâm-chhiⁿ,suanniam5tshinn,soanniam5chhinn,suanniamtshinn,soanniamchhinn,sit,sic
suann-iâm-sng,山鹽酸,16,soaⁿ-iâm-sng,suanniam5sng,soanniam5sng,suanniamsng,soanniamsng,sis,sis
suann-n̂g-ki,山黃枝,16,soaⁿ-n̂g-ki,suannng5ki,soannng5ki,suannngki,soannngki,snk,snk
suann-n̂g-kinn,山黃梔,16,soaⁿ-n̂g-kiⁿ,suannng5kinn,soannng5kinn,suannngkinn,soannngkinn,snk,snk
suann-iûnn-muâ,山黃麻,16,soaⁿ-iûⁿ-môa,suanniunn5mua5,soanniunn5moa5,suanniunnmua,soanniunnmoa,sim,sim
suann-gîng-gíng,山龍眼,16,soaⁿ-gêng-géng,suannging5ging2,soanngeng5geng2,suanngingging,soanngenggeng,sgg,sgg
pòo-pòo-oo,布布烏,16,pò͘-pò͘-o͘,poo3poo3oo,poo3poo3oo,poopoooo,poopoooo,ppo,ppo
pòo-kut-siau,布骨梢,16,pò͘-kut-siau,poo3kutsiau,poo3kutsiau,pookutsiau,pookutsiau,pks,pks
sai-kong-giang,師公銒,16,sai-kong-giang,saikonggiang,saikonggiang,saikonggiang,saikonggiang,skg,skg
siông-san-nî,常山尼,16,siông-san-nî,siong5sanni5,siong5sanni5,siongsanni,siongsanni,ssn,ssn
siông-san-tshiū,常山樹,16,siông-san-chhiū,siong5santshiu7,siong5sanchhiu7,siongsantshiu,siongsanchhiu,sst,ssc
bō-á-tún,帽仔盾,16,bō-á-tún,bo7a2tun2,bo7a2tun2,boatun,boatun,bat,bat
liân-siau-kam,年宵柑,16,liân-siau-kam,lian5siaukam,lian5siaukam,liansiaukam,liansiaukam,lsk,lsk
kóng-hio̍h-sam,廣葉杉,16,kóng-hio̍h-sam,kong2hioh8sam,kong2hioh8sam,konghiohsam,konghiohsam,khs,khs
sim-kong-tsháu,心廣草,16,sim-kong-chháu,simkongtshau2,simkongchhau2,simkongtshau,simkongchhau,skt,skc
jím-tang-tîn,忍冬藤,16,jím-tang-tîn,jim2tangtin5,jim2tangtin5,jimtangtin,jimtangtin,jtt,jtt
ò-giô-tsí,愛玉子,16,ò-giô-chí,o3gio5tsi2,o3gio5chi2,ogiotsi,ogiochi,ogt,ogc
gōng-gōng-tsháu,戇戇草,16,gōng-gōng-chháu,gong7gong7tshau2,gong7gong7chhau2,gonggongtshau,gonggongchhau,ggt,ggc
phah-bóo-tshài,打妻菜,16,phah-bó͘-chhài,phahboo2tshai3,phahboo2chhai3,phahbootshai,phahboochhai,pbt,pbc
khînn-piah-tîn,扲壁藤,16,khîⁿ-piah-tîn,khinn5piahtin5,khinn5piahtin5,khinnpiahtin,khinnpiahtin,kpt,kpt
hû-song-hue,扶桑花,16,hû-song-hoe,hu5songhue,hu5songhoe,husonghue,husonghoe,hsh,hsh
liam-la̍t-á,拈力仔,16,liam-la̍t-á,liamlat8a2,liamlat8a2,liamlata,liamlata,lla,lla
tsńg-kah-hue,指甲花,16,chńg-kah-hoe,tsng2kahhue,chng2kahhoe,tsngkahhue,chngkahhoe,tkh,ckh
sàu-tshiú-tsháu,掃箒草,16,sàu-chhiú-chháu,sau3tshiu2tshau2,sau3chhiu2chhau2,sautshiutshau,sauchhiuchhau,stt,scc
tuah-phīnn-tsháu,掇鼻草,16,toah-phīⁿ-chháu,tuahphinn7tshau2,toahphinn7chhau2,tuahphinntshau,toahphinnchhau,tpt,tpc
tsiap-kut-tang,接骨筒,16,chiap-kut-tang,tsiapkuttang,chiapkuttang,tsiapkuttang,chiapkuttang,tkt,ckt
tsiap-kut-tsháu,接骨草,16,chiap-kut-chháu,tsiapkuttshau2,chiapkutchhau2,tsiapkuttshau,chiapkutchhau,tkt,ckc
tah-bah-tshì,搭肉刺,16,tah-bah-chhì,tahbahtshi3,tahbahchhi3,tahbahtshi,tahbahchhi,tbt,tbc
tshuah-phīnn-tsháu,擦鼻草,16,chhoah-phīⁿ-chháu,tshuahphinn7tshau2,chhoahphinn7chhau2,tshuahphinntshau,chhoahphinnchhau,tpt,cpc
bûn-tsu-lân,文珠蘭,16,bûn-chu-lân,bun5tsulan5,bun5chulan5,buntsulan,bunchulan,btl,bcl
bûn-thâu-ké,文頭菓,16,bûn-thâu-ké,bun5thau5ke2,bun5thau5ke2,bunthauke,bunthauke,btk,btk
ji̍t-ji̍t-tshun,日日春,16,ji̍t-ji̍t-chhun,jit8jit8tshun,jit8jit8chhun,jitjittshun,jitjitchhun,jjt,jjc
tsá-liân-tsháu,早蓮草,16,chá-liân-chháu,tsa2lian5tshau2,cha2lian5chhau2,tsaliantshau,chalianchhau,tlt,clc
ge̍h-lâi-hiong,月來香,16,ge̍h-lâi-hiong,geh8lai5hiong,geh8lai5hiong,gehlaihiong,gehlaihiong,glh,glh
ba̍k-lông-tshiū,木浪樹,16,ba̍k-lông-chhiū,bak8long5tshiu7,bak8long5chhiu7,baklongtshiu,baklongchhiu,blt,blc
bo̍k-tsi̍k-tsháu,木賊草,16,bo̍k-che̍k-chháu,bok8tsik8tshau2,bok8chek8chhau2,boktsiktshau,bokchekchhau,btt,bcc
bo̍k-muâ-hông,木麻黃,16,bo̍k-môa-hông,bok8mua5hong5,bok8moa5hong5,bokmuahong,bokmoahong,bmh,bmh
bo̍k-pih-tsú,木鼈子,16,bo̍k-pih-chú,bok8pihtsu2,bok8pihchu2,bokpihtsu,bokpihchu,bpt,bpc
tsu-tsú-tsháu,朱子草,16,chu-chú-chháu,tsutsu2tshau2,chuchu2chhau2,tsutsutshau,chuchuchhau,ttt,ccc
phoh-á-tsháu,朴仔草,16,phoh-á-chháu,phoha2tshau2,phoha2chhau2,phohatshau,phohachhau,pat,pac
kuann-á-phê,杆仔皮,16,koaⁿ-á-phê,kuanna2phe5,koanna2phe5,kuannaphe,koannaphe,kap,kap
tōo-bi̍t-tshiū,杜蜜樹,16,tō͘-bi̍t-chhiū,too7bit8tshiu7,too7bit8chhiu7,toobittshiu,toobitchhiu,tbt,tbc
siông-lô-tōo,松蘿杜,16,siông-lô-tō͘,siong5lo5too7,siong5lo5too7,sionglotoo,sionglotoo,slt,slt
nâ-tâu-koo,林投菰,16,nâ-tâu-ko͘,na5tau5koo,na5tau5koo,nataukoo,nataukoo,ntk,ntk
koo-lí-tin,枯里珍,16,ko͘-lí-tin,kooli2tin,kooli2tin,koolitin,koolitin,klt,klt
khīng-á-tshiū,柏仔樹,16,khēng-á-chhiū,khing7a2tshiu7,kheng7a2chhiu7,khingatshiu,khengachhiu,kat,kac
liú-á-hông,柳仔黃,16,liú-á-hông,liu2a2hong5,liu2a2hong5,liuahong,liuahong,lah,lah
liú-hio̍h-kiô,柳葉茄,16,liú-hio̍h-kiô,liu2hioh8kio5,liu2hioh8kio5,liuhiohkio,liuhiohkio,lhk,lhk
tshâ-tsńg-kah,柴指甲,16,chhâ-chńg-kah,tsha5tsng2kah,chha5chng2kah,tshatsngkah,chhachngkah,ttk,cck
khī-kôo-bo̍k,柿糊木,16,khī-kô͘-bo̍k,khi7koo5bok8,khi7koo5bok8,khikoobok,khikoobok,kkb,kkb
tshe-thâu-hîng,栖頭恒,16,chhe-thâu-hêng,tshethau5hing5,chhethau5heng5,tshethauhing,chhethauheng,tth,cth
kuì-tik-á,桂竹仔,16,kùi-tek-á,kui3tika2,kui3teka2,kuitika,kuiteka,kta,kta
tông-tsi-tshiū,桐子樹,16,tông-chi-chhiū,tong5tsitshiu7,tong5chichhiu7,tongtsitshiu,tongchichhiu,ttt,tcc
tông-tsí-tshiū,桐子樹,16,tông-chí-chhiū,tong5tsi2tshiu7,tong5chi2chhiu7,tongtsitshiu,tongchichhiu,ttt,tcc
sng-tsâi-á,桑材仔,16,sng-châi-á,sngtsai5a2,sngchai5a2,sngtsaia,sngchaia,sta,sca
tháng-kau-tîn,桶鈎藤,16,tháng-kau-tîn,thang2kautin5,thang2kautin5,thangkautin,thangkautin,tkt,tkt
kak-á-tik,桷仔竹,16,kak-á-tek,kaka2tik,kaka2tek,kakatik,kakatek,kat,kat
iûnn-muî-thô,楊梅桃,16,iûⁿ-mûi-thô,iunn5mui5tho5,iunn5mui5tho5,iunnmuitho,iunnmuitho,imt,imt
se-tsí-á,樨枳仔,16,se-chí-á,setsi2a2,sechi2a2,setsia,sechia,sta,sca
tshiū-tsí-á,樹子仔,16,chhiū-chí-á,tshiu7tsi2a2,chhiu7chi2a2,tshiutsia,chhiuchia,tta,cca
tshiū-tsháu-liân,樹草蓮,16,chhiū-chháu-liân,tshiu7tshau2lian5,chhiu7chhau2lian5,tshiutshaulian,chhiuchhaulian,ttl,ccl
lám-jîn-kū,欖仁舅,16,lám-jîn-kū,lam2jin5ku7,lam2jin5ku7,lamjinku,lamjinku,ljk,ljk
bú-hia-tîn,武靴藤,16,bú-hia-tîn,bu2hiatin5,bu2hiatin5,buhiatin,buhiatin,bht,bht
mn̂g-tsiong-kun,毛將軍,16,mn̂g-chiong-kun,mng5tsiongkun,mng5chiongkun,mngtsiongkun,mngchiongkun,mtk,mck
mô-khī-keh,毛柿格,16,mô-khī-keh,mo5khi7keh,mo5khi7keh,mokhikeh,mokhikeh,mkk,mkk
tsuí-ting-hiunn,水丁香,16,chúi-teng-hiuⁿ,tsui2tinghiunn,chui2tenghiunn,tsuitinghiunn,chuitenghiunn,tth,cth
tsuí-ting-hông,水丁黃,16,chúi-teng-hông,tsui2tinghong5,chui2tenghong5,tsuitinghong,chuitenghong,tth,cth
tsuí-sian-hue,水仙花,16,chúi-sian-hoe,tsui2sianhue,chui2sianhoe,tsuisianhue,chuisianhoe,tsh,csh
tsuí-tang-kue,水冬瓜,16,chúi-tang-koe,tsui2tangkue,chui2tangkoe,tsuitangkue,chuitangkoe,ttk,ctk
tsuí-to-nî,水刀連,16,chúi-to-nî,tsui2toni5,chui2toni5,tsuitoni,chuitoni,ttn,ctn
tsuí-kho-á,水柯仔,16,chúi-kho-á,tsui2khoa2,chui2khoa2,tsuikhoa,chuikhoa,tka,cka
tsuí-liú-á,水柳仔,16,chúi-liú-á,tsui2liu2a2,chui2liu2a2,tsuiliua,chuiliua,tla,cla
tsuí-liú-kho,水柳柯,16,chúi-liú-kho,tsui2liu2kho,chui2liu2kho,tsuiliukho,chuiliukho,tlk,clk
tsuí-kang-lîng,水江龍,16,chúi-kang-lêng,tsui2kangling5,chui2kangleng5,tsuikangling,chuikangleng,tkl,ckl
tsuí-liû-kho,水流柯,16,chúi-liû-kho,tsui2liu5kho,chui2liu5kho,tsuiliukho,chuiliukho,tlk,clk
tsuí-pit-á,水筆仔,16,chúi-pit-á,tsui2pita2,chui2pita2,tsuipita,chuipita,tpa,cpa
tsuí-kóng-sim,水管心,16,chúi-kóng-sim,tsui2kong2sim,chui2kong2sim,tsuikongsim,chuikongsim,tks,cks
tsuí-khûn-tshài,水芹菜,16,chúi-khûn-chhài,tsui2khun5tshai3,chui2khun5chhai3,tsuikhuntshai,chuikhunchhai,tkt,ckc
tsuí-khûn-tshái,水芹菜,16,chúi-khûn-chhái,tsui2khun5tshai2,chui2khun5chhai2,tsuikhuntshai,chuikhunchhai,tkt,ckc
tsuí-ka-tang,水茄苳,16,chúi-ka-tang,tsui2katang,chui2katang,tsuikatang,chuikatang,tkt,ckt
tsuí-láu-tsháu,水荖草,16,chúi-láu-chháu,tsui2lau2tshau2,chui2lau2chhau2,tsuilautshau,chuilauchhau,tlt,clc
tsuí-liân-hue,水蓮花,16,chúi-liân-hoe,tsui2lian5hue,chui2lian5hoe,tsuilianhue,chuilianhoe,tlh,clh
tsuí-lôo-tik,水蘆竹,16,chúi-lô͘-tek,tsui2loo5tik,chui2loo5tek,tsuilootik,chuilootek,tlt,clt
tsuí-kòng-á,水貢仔,16,chúi-kòng-á,tsui2kong3a2,chui2kong3a2,tsuikonga,chuikonga,tka,cka
tsuí-tsha̍t-á,水賊仔,16,chúi-chha̍t-á,tsui2tshat8a2,chui2chhat8a2,tsuitshata,chuichhata,tta,cca
tsuí-kim-tiānn,水金定,16,chúi-kim-tiāⁿ,tsui2kimtiann7,chui2kimtiann7,tsuikimtiann,chuikimtiann,tkt,ckt
tsiú-gím-hue,水錦花,16,chiú-gím-hoe,tsiu2gim2hue,chiu2gim2hoe,tsiugimhue,chiugimhoe,tgh,cgh
tsuí-hûn-á,水魂仔,16,chúi-hûn-á,tsui2hun5a2,chui2hun5a2,tsuihuna,chuihuna,tha,cha
tsuí-kue-iû,水鷄油,16,chúi-koe-iû,tsui2kueiu5,chui2koeiu5,tsuikueiu,chuikoeiu,tki,cki
tsuí-iâm-sng,水鹽酸,16,chúi-iâm-sng,tsui2iam5sng,chui2iam5sng,tsuiiamsng,chuiiamsng,tis,cis
iû-tông-tshiū,油桐樹,16,iû-tông-chhiū,iu5tong5tshiu7,iu5tong5chhiu7,iutongtshiu,iutongchhiu,itt,itc
iû-tê-tshiū,油茶樹,16,iû-tê-chhiū,iu5te5tshiu7,iu5te5chhiu7,iutetshiu,iutechhiu,itt,itc
iû-hio̍h-lâm,油葉楠,16,iû-hio̍h-lâm,iu5hioh8lam5,iu5hioh8lam5,iuhiohlam,iuhiohlam,ihl,ihl
iû-hio̍h-tê,油葉茶,16,iû-hio̍h-tê,iu5hioh8te5,iu5hioh8te5,iuhiohte,iuhiohte,iht,iht
pho-lô-bi̍t,波羅蜜,16,pho-lô-bi̍t,pholo5bit8,pholo5bit8,pholobit,pholobit,plb,plb
hái-poo-kiunn,海埔姜,16,hái-po͘-kiuⁿ,hai2pookiunn,hai2pookiunn,haipookiunn,haipookiunn,hpk,hpk
hái-lâi-kam,海梨柑,16,hái-lâi-kam,hai2lai5kam,hai2lai5kam,hailaikam,hailaikam,hlk,hlk
hái-suāinn-á,海檨仔,16,hái-soāiⁿ-á,hai2suainn7a2,hai2soainn7a2,haisuainna,haisoainna,hsa,hsa
hái-iông-phoo,海洋波,16,hái-iông-pho͘,hai2iong5phoo,hai2iong5phoo,haiiongphoo,haiiongphoo,hip,hip
hái-ka-tang,海茄苳,16,hái-ka-tang,hai2katang,hai2katang,haikatang,haikatang,hkt,hkt
hái-ka-tîn,海茄藤,16,hái-ka-tîn,hai2katin5,hai2katin5,haikatin,haikatin,hkt,hkt
tshing-bîng-tsháu,清明草,16,chheng-bêng-chháu,tshingbing5tshau2,chhengbeng5chhau2,tshingbingtshau,chhengbengchhau,tbt,cbc
un-tsiu-sam,溫州杉,16,un-chiu-sam,untsiusam,unchiusam,untsiusam,unchiusam,uts,ucs
muá-thian-sing,滿天星,16,móa-thian-seng,mua2thiansing,moa2thianseng,muathiansing,moathianseng,mts,mts
muá-suann-âng,滿山紅,16,móa-soaⁿ-âng,mua2suannang5,moa2soannang5,muasuannang,moasoannang,msa,msa
tshat-tshit-tshiū,漆七樹,16,chhat-chhit-chhiū,tshattshittshiu7,chhatchhitchhiu7,tshattshittshiu,chhatchhitchhiu,ttt,ccc
tsiunn-linn-á,漿乳仔,16,chiuⁿ-liⁿ-á,tsiunnlinna2,chiunnlinna2,tsiunnlinna,chiunnlinna,tla,cla
siap-á-tshiū,澁仔樹,16,siap-á-chhiū,siapa2tshiu7,siapa2chhiu7,siapatshiu,siapachhiu,sat,sac
te̍k-lân-tsháu,澤蘭草,16,te̍k-lân-chháu,tek8lan5tshau2,tek8lan5chhau2,teklantshau,teklanchhau,tlt,tlc
hé-sio-kua,火燒柯,16,hé-sio-koa,he2siokua,he2siokoa,hesiokua,hesiokoa,hsk,hsk
hé-kn̂g-tik,火管竹,16,hé-kn̂g-tek,he2kng5tik,he2kng5tek,hekngtik,hekngtek,hkt,hkt
phàu-á-tsháu,炮仔草,16,phàu-á-chháu,phau3a2tshau2,phau3a2chhau2,phauatshau,phauachhau,pat,pac
uî-hōo-sian,為候仙,16,ûi-hō͘-sian,ui5hoo7sian,ui5hoo7sian,uihoosian,uihoosian,uhs,uhs
oo-á-tshài,烏仔菜,16,o͘-á-chhài,ooa2tshai3,ooa2chhai3,ooatshai,ooachhai,oat,oac
oo-tshì-á,烏刺仔,16,o͘-chhì-á,ootshi3a2,oochhi3a2,ootshia,oochhia,ota,oca
oo-tshì-kiô,烏刺茄,16,o͘-chhì-kiô,ootshi3kio5,oochhi3kio5,ootshikio,oochhikio,otk,ock
oo-tsí-kiô,烏子茄,16,o͘-chí-kiô,ootsi2kio5,oochi2kio5,ootsikio,oochikio,otk,ock
oo-sim-tsio̍h,烏心石,16,o͘-sim-chio̍h,oosimtsioh8,oosimchioh8,oosimtsioh,oosimchioh,ost,osc
oo-tshâi-á,烏材仔,16,o͘-chhâi-á,ootshai5a2,oochhai5a2,ootshaia,oochhaia,ota,oca
oo-tshâi-khī,烏材柿,16,o͘-chhâi-khī,ootshai5khi7,oochhai5khi7,ootshaikhi,oochhaikhi,otk,ock
oo-kam-á,烏柑仔,16,o͘-kam-á,ookama2,ookama2,ookama,ookama,oka,oka
oo-hun-hue,烏煙花,16,o͘-hun-hoe,oohunhue,oohunhoe,oohunhue,oohunhoe,ohh,ohh
oo-tinn-á,烏甜仔,16,o͘-tiⁿ-á,ootinna2,ootinna2,ootinna,ootinna,ota,ota
oo-tshân-oo,烏田烏,16,o͘-chhân-o͘,ootshan5oo,oochhan5oo,ootshanoo,oochhanoo,oto,oco
oo-phê-tê,烏皮茶,16,o͘-phê-tê,oophe5te5,oophe5te5,oophete,oophete,opt,opt
oo-tik-á,烏竹仔,16,o͘-tek-á,ootika2,ooteka2,ootika,ooteka,ota,ota
oo-hio̍h-iū,烏葉柚,16,o͘-hio̍h-iū,oohioh8iu7,oohioh8iu7,oohiohiu,oohiohiu,ohi,ohi
oo-kue-bú,烏雞母,16,o͘-koe-bú,ookuebu2,ookoebu2,ookuebu,ookoebu,okb,okb
oo-bīn-bé,烏面馬,16,o͘-bīn-bé,oobin7be2,oobin7be2,oobinbe,oobinbe,obb,obb
oo-hî-hue,烏魚花,16,o͘-hî-hoe,oohi5hue,oohi5hoe,oohihue,oohihoe,ohh,ohh
oo-kue-kut,烏鷄骨,16,o͘-koe-kut,ookuekut,ookoekut,ookuekut,ookoekut,okk,okk
bô-kun-tsháu,無根草,16,bô-kun-chháu,bo5kuntshau2,bo5kunchhau2,bokuntshau,bokunchhau,bkt,bkc
bû-hua-kô,無花果,16,bû-hoa-kô,bu5huako5,bu5hoako5,buhuako,buhoako,bhk,bhk
bô-thâu-hiunn,無頭香,16,bô-thâu-hiuⁿ,bo5thau5hiunn,bo5thau5hiunn,bothauhiunn,bothauhiunn,bth,bth
ting-á-tsháu,燈仔草,16,teng-á-chháu,tinga2tshau2,tenga2chhau2,tingatshau,tengachhau,tat,tac
ting-sim-tsháu,燈心草,16,teng-sim-chháu,tingsimtshau2,tengsimchhau2,tingsimtshau,tengsimchhau,tst,tsc
ting-phing-á,燈秤仔,16,teng-pheng-á,tingphinga2,tengphenga2,tingphinga,tengphenga,tpa,tpa
ting-phîng-hue,燈秤花,16,teng-phêng-hoe,tingphing5hue,tengpheng5hoe,tingphinghue,tengphenghoe,tph,tph
ting-tshing-hue,燈稱花,16,teng-chheng-hoe,tingtshinghue,tengchhenghoe,tingtshinghue,tengchhenghoe,tth,tch
nuānn-sim-bo̍k,爛心木,16,nōaⁿ-sim-bo̍k,nuann7simbok8,noann7simbok8,nuannsimbok,noannsimbok,nsb,nsb
gû-lin-pông,牛乳房,16,gû-lin-pông,gu5linpong5,gu5linpong5,gulinpong,gulinpong,glp,glp
gû-lin-tshiū,牛乳樹,16,gû-lin-chhiū,gu5lintshiu7,gu5linchhiu7,gulintshiu,gulinchhiu,glt,glc
gû-sái-tê,牛屎茶,16,gû-sái-tê,gu5sai2te5,gu5sai2te5,gusaite,gusaite,gst,gst
giû-sim-lâi,牛心梨,16,giû-sim-lâi,giu5simlai5,giu5simlai5,giusimlai,giusimlai,gsl,gsl
gû-kak-uai,牛角歪,16,gû-kak-oai,gu5kakuai,gu5kakoai,gukakuai,gukakoai,gku,gko
gû-kak-hue,牛角花,16,gû-kak-hoe,gu5kakhue,gu5kakhoe,gukakhue,gukakhoe,gkh,gkh
gû-tùn-tsháu,牛頓草,16,gû-tùn-chháu,gu5tun3tshau2,gu5tun3chhau2,gutuntshau,gutunchhau,gtt,gtc
gû-kut-á,牛骨仔,16,gû-kut-á,gu5kuta2,gu5kuta2,gukuta,gukuta,gka,gka
gû-tsang-tshì,牛鬃刺,16,gû-chang-chhì,gu5tsangtshi3,gu5changchhi3,gutsangtshi,guchangchhi,gtt,gcc
luê-piah-tshì,犁壁刺,16,lôe-piah-chhì,lue5piahtshi3,loe5piahchhi3,luepiahtshi,loepiahchhi,lpt,lpc
luê-piah-tsháu,犁壁草,16,lôe-piah-chháu,lue5piahtshau2,loe5piahchhau2,luepiahtshau,loepiahchhau,lpt,lpc
luê-piah-tîn,犁壁藤,16,lôe-piah-tîn,lue5piahtin5,loe5piahtin5,luepiahtin,loepiahtin,lpt,lpt
káu-bé-tsháu,狗尾草,16,káu-bé-chháu,kau2be2tshau2,kau2be2chhau2,kaubetshau,kaubechhau,kbt,kbc
káu-sái-kue,狗屎瓜,16,káu-sái-koe,kau2sai2kue,kau2sai2koe,kausaikue,kausaikoe,ksk,ksk
káu-lia̍p-bí,狗粒米,16,káu-lia̍p-bí,kau2liap8bi2,kau2liap8bi2,kauliapbi,kauliapbi,klb,klb
káu-kha-tuê,狗腳蹄,16,káu-kha-tôe,kau2khatue5,kau2khatoe5,kaukhatue,kaukhatoe,kkt,kkt
káu-kut-á,狗骨仔,16,káu-kut-á,kau2kuta2,kau2kuta2,kaukuta,kaukuta,kka,kka
káu-kut-siau,狗骨消,16,káu-kut-siau,kau2kutsiau,kau2kutsiau,kaukutsiau,kaukutsiau,kks,kks
ti-bú-lin,猪母乳,16,ti-bú-lin,tibu2lin,tibu2lin,tibulin,tibulin,tbl,tbl
ti-bú-tsháu,猪母草,16,ti-bú-chháu,tibu2tshau2,tibu2chhau2,tibutshau,tibuchhau,tbt,tbc
ti-kha-lâm,猪脚楠,16,ti-kha-lâm,tikhalam5,tikhalam5,tikhalam,tikhalam,tkl,tkl
kâu-huann-hí,猴歡喜,16,kâu-hoaⁿ-hí,kau5huannhi2,kau5hoannhi2,kauhuannhi,kauhoannhi,khh,khh
ông-put-liû,王不留,16,ông-put-liû,ong5putliu5,ong5putliu5,ongputliu,ongputliu,opl,opl
tin-tiong-pit,珍中筆,16,tin-tiong-pit,tintiongpit,tintiongpit,tintiongpit,tintiongpit,ttp,ttp
tsu-á-tsháu,珠仔草,16,chu-á-chháu,tsua2tshau2,chua2chhau2,tsuatshau,chuachhau,tat,cac
pan-tsi-tshiū,班芝樹,16,pan-chi-chhiū,pantsitshiu7,panchichhiu7,pantsitshiu,panchichhiu,ptt,pcc
liû-kiû-tik,琉球竹,16,liû-kiû-tek,liu5kiu5tik,liu5kiu5tek,liukiutik,liukiutek,lkt,lkt
kue-tsi-tsháu,瓜子草,16,koe-chi-chháu,kuetsitshau2,koechichhau2,kuetsitshau,koechichhau,ktt,kcc
ìng-tshài-hông,甕菜黃,16,èng-chhài-hông,ing3tshai3hong5,eng3chhai3hong5,ingtshaihong,engchhaihong,ith,ech
kam-a-bi̍t,甘仔蜜,16,kam-a-bi̍t,kamabit8,kamabit8,kamabit,kamabit,kab,kab
kam-á-bìt,甘仔蜜,16,kam-á-bìt,kama2bit3,kama2bit3,kamabit,kamabit,kab,kab
tinn-á-puânn,甜仔盤,16,tiⁿ-á-pôaⁿ,tinna2puann5,tinna2poann5,tinnapuann,tinnapoann,tap,tap
tshinn-to-tsháu,生刀草,16,chhiⁿ-to-chháu,tshinntotshau2,chhinntochhau2,tshinntotshau,chhinntochhau,ttt,ctc
tshinn-to-io̍h,生刀藥,16,chhiⁿ-to-io̍h,tshinntoioh8,chhinntoioh8,tshinntoioh,chhinntoioh,tti,cti
tshinn-ki-hiunn,生支香,16,chhiⁿ-ki-hiuⁿ,tshinnkihiunn,chhinnkihiunn,tshinnkihiunn,chhinnkihiunn,tkh,ckh
tshân-oo-tsháu,田烏草,16,chhân-o͘-chháu,tshan5ootshau2,chhan5oochhau2,tshanootshau,chhanoochhau,tot,coc
tshân-ōo-á,田芋仔,16,chhân-ō͘-á,tshan5oo7a2,chhan5oo7a2,tshanooa,chhanooa,toa,coa
tshân-pinn-tsháu,田邊草,16,chhân-piⁿ-chháu,tshan5pinntshau2,chhan5pinnchhau2,tshanpinntshau,chhanpinnchhau,tpt,cpc
tshân-hiunn-tsháu,田香草,16,chhân-hiuⁿ-chháu,tshan5hiunntshau2,chhan5hiunnchhau2,tshanhiunntshau,chhanhiunnchhau,tht,chc
ting-khiā-u,登竪杇,16,teng-khiā-u,tingkhia7u,tengkhia7u,tingkhiau,tengkhiau,tku,tku
ting-lông-tsháu,登郎草,16,teng-lông-chháu,tinglong5tshau2,tenglong5chhau2,tinglongtshau,tenglongchhau,tlt,tlc
pe̍h-kî-tshun,白其春,16,pe̍h-kî-chhun,peh8ki5tshun,peh8ki5chhun,pehkitshun,pehkichhun,pkt,pkc
pe̍h-pû-á,白匏仔,16,pe̍h-pû-á,peh8pu5a2,peh8pu5a2,pehpua,pehpua,ppa,ppa
pe̍h-kāu-phoh,白厚朴,16,pe̍h-kāu-phoh,peh8kau7phoh,peh8kau7phoh,pehkauphoh,pehkauphoh,pkp,pkp
pe̍h-poo-kiunn,白埔姜,16,pe̍h-po͘-kiuⁿ,peh8pookiunn,peh8pookiunn,pehpookiunn,pehpookiunn,ppk,ppk
pe̍h-khun-tsháu,白昆草,16,pe̍h-khun-chháu,peh8khuntshau2,peh8khunchhau2,pehkhuntshau,pehkhunchhau,pkt,pkc
pe̍h-tshîng-peh,白松柏,16,pe̍h-chhêng-peh,peh8tshing5peh,peh8chheng5peh,pehtshingpeh,pehchhengpeh,ptp,pcp
pe̍h-káu-tsan,白校櫕,16,pe̍h-káu-chan,peh8kau2tsan,peh8kau2chan,pehkautsan,pehkauchan,pkt,pkc
pe̍h-tshiū-á,白樹仔,16,pe̍h-chhiū-á,peh8tshiu7a2,peh8chhiu7a2,pehtshiua,pehchhiua,pta,pca
pe̍h-sia̍h-liû,白石榴,16,pe̍h-sia̍h-liû,peh8siah8liu5,peh8siah8liu5,pehsiahliu,pehsiahliu,psl,psl
pe̍h-tsí-soo,白紫蘇,16,pe̍h-chí-so͘,peh8tsi2soo,peh8chi2soo,pehtsisoo,pehchisoo,pts,pcs
pe̍h-bah-iū,白肉柚,16,pe̍h-bah-iū,peh8bahiu7,peh8bahiu7,pehbahiu,pehbahiu,pbi,pbi
pe̍h-bah-tshîng,白肉榕,16,pe̍h-bah-chhêng,peh8bahtshing5,peh8bahchheng5,pehbahtshing,pehbahchheng,pbt,pbc
pe̍h-bah-tāu,白肉豆,16,pe̍h-bah-tāu,peh8bahtau7,peh8bahtau7,pehbahtau,pehbahtau,pbt,pbt
pe̍h-hue-tsháu,白花草,16,pe̍h-hoe-chháu,peh8huetshau2,peh8hoechhau2,pehhuetshau,pehhoechhau,pht,phc
pe̍h-khóo-thiāu,白苦柱,16,pe̍h-khó͘-thiāu,peh8khoo2thiau7,peh8khoo2thiau7,pehkhoothiau,pehkhoothiau,pkt,pkt
pe̍h-kiok-hue,白菊花,16,pe̍h-kiok-hoe,peh8kiokhue,peh8kiokhoe,pehkiokhue,pehkiokhoe,pkh,pkh
pe̍h-pi-sián,白萆蘚,16,pe̍h-pi-sián,peh8pisian2,peh8pisian2,pehpisian,pehpisian,pps,pps
pe̍h-hio̍h-ē,白葉下,16,pe̍h-hio̍h-ē,peh8hioh8e7,peh8hioh8e7,pehhiohe,pehhiohe,phe,phe
pe̍h-hio̍h-á,白葉仔,16,pe̍h-hio̍h-á,peh8hioh8a2,peh8hioh8a2,pehhioha,pehhioha,pha,pha
pe̍h-hio̍h-iū,白葉柚,16,pe̍h-hio̍h-iū,peh8hioh8iu7,peh8hioh8iu7,pehhiohiu,pehhiohiu,phi,phi
pe̍h-tsi̍t-lê,白蒺藜,16,pe̍h-chi̍t-lê,peh8tsit8le5,peh8chit8le5,pehtsitle,pehchitle,ptl,pcl
peh-tsû-nn̂g,白薯榔,16,peh-chû-nn̂g,pehtsu5nng5,pehchu5nng5,pehtsunng,pehchunng,ptn,pcn
pe̍h-hiong-hù,白香附,16,pe̍h-hiong-hù,peh8hionghu3,peh8hionghu3,pehhionghu,pehhionghu,phh,phh
pe̍h-bé-sái,白馬屎,16,pe̍h-bé-sái,peh8be2sai2,peh8be2sai2,pehbesai,pehbesai,pbs,pbs
pe̍h-hōng-tshài,白鳳菜,16,pe̍h-hōng-chhài,peh8hong7tshai3,peh8hong7chhai3,pehhongtshai,pehhongchhai,pht,phc
pe̍h-kue-kè,白鷄冠,16,pe̍h-koe-kè,peh8kueke3,peh8koeke3,pehkueke,pehkoeke,pkk,pkk
pe̍h-kue-iû,白鷄油,16,pe̍h-koe-iû,peh8kueiu5,peh8koeiu5,pehkueiu,pehkoeiu,pki,pki
pah-ji̍t-tsháu,百日草,16,pah-ji̍t-chháu,pahjit8tshau2,pahjit8chhau2,pahjittshau,pahjitchhau,pjt,pjc
pah-jit-tshinn,百日青,16,pah-jit-chhiⁿ,pahjittshinn,pahjitchhinn,pahjittshinn,pahjitchhinn,pjt,pjc
hông-tè-tāu,皇帝豆,16,hông-tè-tāu,hong5te3tau7,hong5te3tau7,hongtetau,hongtetau,htt,htt
ah-bú-tsháu,益母草,16,ah-bú-chháu,ahbu2tshau2,ahbu2chhau2,ahbutshau,ahbuchhau,abt,abc
siunn-si-á,相思仔,16,siuⁿ-si-á,siunnsia2,siunnsia2,siunnsia,siunnsia,ssa,ssa
hiong-si-siū,相思樹,16,hiong-si-siū,hiongsisiu7,hiongsisiu7,hiongsisiu,hiongsisiu,hss,hss
siunn-su-tsháu,相思草,16,siuⁿ-su-chháu,siunnsutshau2,siunnsuchhau2,siunnsutshau,siunnsuchhau,sst,ssc
tsin-hong-tîn,真風藤,16,chin-hong-tîn,tsinhongtin5,chinhongtin5,tsinhongtin,chinhongtin,tht,cht
tsìnn-tik-á,矢竹仔,16,chìⁿ-tek-á,tsinn3tika2,chinn3teka2,tsinntika,chinnteka,tta,cta
tsio̍h-lîng-kū,石柃舅,16,chio̍h-lêng-kū,tsioh8ling5ku7,chioh8leng5ku7,tsiohlingku,chiohlengku,tlk,clk
tsio̍h-tsu-á,石珠仔,16,chio̍h-chu-á,tsioh8tsua2,chioh8chua2,tsiohtsua,chiohchua,tta,cca
tsio̍h-tik-á,石竹仔,16,chio̍h-tek-á,tsioh8tika2,chioh8teka2,tsiohtika,chiohteka,tta,cta
tsio̍h-tshiong-pô,石菖蒲,16,chio̍h-chhiong-pô,tsioh8tshiongpo5,chioh8chhiongpo5,tsiohtshiongpo,chiohchhiongpo,ttp,ccp
tsio̍h-tshiong-pôo,石菖蒲,16,chio̍h-chhiong-pô͘,tsioh8tshiongpoo5,chioh8chhiongpoo5,tsiohtshiongpoo,chiohchhiongpoo,ttp,ccp
tsio̍h-thâu-iū,石頭柚,16,chio̍h-thâu-iū,tsioh8thau5iu7,chioh8thau5iu7,tsiohthauiu,chiohthauiu,tti,cti
phuà-pòo-tsí,破布子,16,phòa-pò͘-chí,phua3poo3tsi2,phoa3poo3chi2,phuapootsi,phoapoochi,ppt,ppc
phuà-pòo-bo̍k,破布木,16,phòa-pò͘-bo̍k,phua3poo3bok8,phoa3poo3bok8,phuapoobok,phoapoobok,ppb,ppb
uánn-kong-hue,碗公花,16,óaⁿ-kong-hoe,uann2konghue,oann2konghoe,uannkonghue,oannkonghoe,ukh,okh
uánn-lîng-tshiū,碗龍樹,16,óaⁿ-lêng-chhiū,uann2ling5tshiu7,oann2leng5chhiu7,uannlingtshiu,oannlengchhiu,ult,olc
mn̂g-huē-bak,磅蟹目,16,mn̂g-hōe-bak,mng5hue7bak,mng5hoe7bak,mnghuebak,mnghoebak,mhb,mhb
mn̂g-huē-tsháu,磅蟹草,16,mn̂g-hōe-chháu,mng5hue7tshau2,mng5hoe7chhau2,mnghuetshau,mnghoechhau,mht,mhc
bō-á-tsháu,磨仔草,16,bō-á-chháu,bo7a2tshau2,bo7a2chhau2,boatshau,boachhau,bat,bac
hok-tsiu-sam,福州杉,16,hok-chiu-sam,hoktsiusam,hokchiusam,hoktsiusam,hokchiusam,hts,hcs
tsu̍t-bí-tsháu,秫米草,16,chu̍t-bí-chháu,tsut8bi2tshau2,chut8bi2chhau2,tsutbitshau,chutbichhau,tbt,cbc
hi-tshiam-tsháu,稀簽草,16,hi-chhiam-chháu,hitshiamtshau2,hichhiamchhau2,hitshiamtshau,hichhiamchhau,htt,hcc
tshuan-san-liông,穿山龍,16,chhoan-san-liông,tshuansanliong5,chhoansanliong5,tshuansanliong,chhoansanliong,tsl,csl
tik-á-tshài,竹仔菜,16,tek-á-chhài,tika2tshai3,teka2chhai3,tikatshai,tekachhai,tat,tac
tik-á-hio̍h,竹仔葉,16,tek-á-hio̍h,tika2hioh8,teka2hioh8,tikahioh,tekahioh,tah,tah
tik-tsat-hông,竹節黃,16,tek-chat-hông,tiktsathong5,tekchathong5,tiktsathong,tekchathong,tth,tch
tik-hio̍h-lâm,竹葉楠,16,tek-hio̍h-lâm,tikhioh8lam5,tekhioh8lam5,tikhiohlam,tekhiohlam,thl,thl
pit-á-tsháu,筆仔草,16,pit-á-chháu,pita2tshau2,pita2chhau2,pitatshau,pitachhau,pat,pac
pit-tâng-tshiū,筆筒樹,16,pit-tâng-chhiū,pittang5tshiu7,pittang5chhiu7,pittangtshiu,pittangchhiu,ptt,ptc
pit-lô-tsí,筆羅子,16,pit-lô-chí,pitlo5tsi2,pitlo5chi2,pitlotsi,pitlochi,plt,plc
kun-thâu-tik,筋頭竹,16,kun-thâu-tek,kunthau5tik,kunthau5tek,kunthautik,kunthautek,ktt,ktt
tsat-tsat-âng,節節紅,16,chat-chat-âng,tsattsatang5,chatchatang5,tsattsatang,chatchatang,tta,cca
tsat-tsat-hue,節節花,16,chat-chat-hoe,tsattsathue,chatchathoe,tsattsathue,chatchathoe,tth,cch
tîn-tik-á,籐竹仔,16,tîn-tek-á,tin5tika2,tin5teka2,tintika,tinteka,tta,tta
bí-nâ-tsháu,米籃草,16,bí-nâ-chháu,bi2na5tshau2,bi2na5chhau2,binatshau,binachhau,bnt,bnc
tshoo-khng-á,粗糠仔,16,chho͘-khng-á,tshookhnga2,chhookhnga2,tshookhnga,chhookhnga,tka,cka
tshoo-khng-kak,粗糠壳,16,chho͘-khng-kak,tshookhngkak,chhookhngkak,tshookhngkak,chhookhngkak,tkk,ckk
pùn-ki-tîn,糞箕藤,16,pùn-ki-tîn,pun3kitin5,pun3kitin5,punkitin,punkitin,pkt,pkt
âng-lin-tsháu,紅乳草,16,âng-lin-chháu,ang5lintshau2,ang5linchhau2,anglintshau,anglinchhau,alt,alc
âng-kāu-khak,紅厚殼,16,âng-kāu-khak,ang5kau7khak,ang5kau7khak,angkaukhak,angkaukhak,akk,akk
âng-tsí-á,紅子仔,16,âng-chí-á,ang5tsi2a2,ang5chi2a2,angtsia,angchia,ata,aca
âng-sim-á,紅心仔,16,âng-sim-á,ang5sima2,ang5sima2,angsima,angsima,asa,asa
âng-tshîng-peh,紅松柏,16,âng-chhêng-peh,ang5tshing5peh,ang5chheng5peh,angtshingpeh,angchhengpeh,atp,acp
âng-káu-tsan,紅校櫕,16,âng-káu-chan,ang5kau2tsan,ang5kau2chan,angkautsan,angkauchan,akt,akc
âng-mn̂g-tsháu,紅毛草,16,âng-mn̂g-chháu,ang5mng5tshau2,ang5mng5chhau2,angmngtshau,angmngchhau,amt,amc
âng-tām-pí,紅淡比,16,âng-tām-pí,ang5tam7pi2,ang5tam7pi2,angtampi,angtampi,atp,atp
âng-tsu-á,紅珠仔,16,âng-chu-á,ang5tsua2,ang5chua2,angtsua,angchua,ata,aca
âng-tsu-bo̍k,紅珠木,16,âng-chu-bo̍k,ang5tsubok8,ang5chubok8,angtsubok,angchubok,atb,acb
âng-tshân-oo,紅田烏,16,âng-chhân-o͘,ang5tshan5oo,ang5chhan5oo,angtshanoo,angchhanoo,ato,aco
âng-phê-kua,紅皮柯,16,âng-phê-koa,ang5phe5kua,ang5phe5koa,angphekua,angphekoa,apk,apk
âng-sia̍h-liû,紅石榴,16,âng-sia̍h-liû,ang5siah8liu5,ang5siah8liu5,angsiahliu,angsiahliu,asl,asl
âng-tsí-soo,紅紫蘇,16,âng-chí-so͘,ang5tsi2soo,ang5chi2soo,angtsisoo,angchisoo,ats,acs
âng-bah-tōo,紅肉杜,16,âng-bah-tō͘,ang5bahtoo7,ang5bahtoo7,angbahtoo,angbahtoo,abt,abt
âng-ka-tang,紅茄苳,16,âng-ka-tang,ang5katang,ang5katang,angkatang,angkatang,akt,akt
âng-tshài-thâu,紅菜頭,16,âng-chhài-thâu,ang5tshai3thau5,ang5chhai3thau5,angtshaithau,angchhaithau,att,act
âng-pi-muâ,紅蓖麻,16,âng-pi-môa,ang5pimua5,ang5pimoa5,angpimua,angpimoa,apm,apm
âng-ì-á,紅薏仔,16,âng-ì-á,ang5i3a2,ang5i3a2,angia,angia,aia,aia
âng-bīn-huan,紅面番,16,âng-bīn-hoan,ang5bin7huan,ang5bin7hoan,angbinhuan,angbinhoan,abh,abh
âng-kut-tsuâ,紅骨蛇,16,âng-kut-chôa,ang5kuttsua5,ang5kutchoa5,angkuttsua,angkutchoa,akt,akc
âng-hōng-tshài,紅鳳菜,16,âng-hōng-chhài,ang5hong7tshai3,ang5hong7chhai3,anghongtshai,anghongchhai,aht,ahc
âng-kue-iû,紅鷄油,16,âng-koe-iû,ang5kueiu5,ang5koeiu5,angkueiu,angkoeiu,aki,aki
suè-hio̍h-lâm,細葉楠,16,sòe-hio̍h-lâm,sue3hioh8lam5,soe3hioh8lam5,suehiohlam,soehiohlam,shl,shl
sù-bî-tsháu,絮薇草,16,sù-bî-chháu,su3bi5tshau2,su3bi5chhau2,subitshau,subichhau,sbt,sbc
si-suànn-tsháu,絲線草,16,si-sòaⁿ-chháu,sisuann3tshau2,sisoann3chhau2,sisuanntshau,sisoannchhau,sst,ssc
lik-san-ôo,綠珊瑚,16,lek-san-ô͘,liksanoo5,leksanoo5,liksanoo,leksanoo,lso,lso
tiû-tshun-hue,綢春花,16,tiû-chhun-hoe,tiu5tshunhue,tiu5chhunhoe,tiutshunhue,tiuchhunhoe,tth,tch
tàu-piah-hông,罩壁黃,16,tàu-piah-hông,tau3piahhong5,tau3piahhong5,taupiahhong,taupiahhong,tph,tph
iûnn-tài-lâi,羊帶來,16,iûⁿ-tài-lâi,iunn5tai3lai5,iunn5tai3lai5,iunntailai,iunntailai,itl,itl
iûnn-kang-tshì,羊牨刺,16,iûⁿ-kang-chhì,iunn5kangtshi3,iunn5kangchhi3,iunnkangtshi,iunnkangchhi,ikt,ikc
iûnn-kak-tāu,羊角豆,16,iûⁿ-kak-tāu,iunn5kaktau7,iunn5kaktau7,iunnkaktau,iunnkaktau,ikt,ikt
gī-nâ-puânn,義藍盤,16,gī-nâ-pôaⁿ,gi7na5puann5,gi7na5poann5,ginapuann,ginapoann,gnp,gnp
huan-hûn-tsháu,翻魂草,16,hoan-hûn-chháu,huanhun5tshau2,hoanhun5chhau2,huanhuntshau,hoanhunchhau,hht,hhc
hī-kau-tsháu,耳鉤草,16,hī-kau-chháu,hi7kautshau2,hi7kauchhau2,hikautshau,hikauchhau,hkt,hkc
ian-tsi-hue,胭脂花,16,ian-chi-hoe,iantsihue,ianchihoe,iantsihue,ianchihoe,ith,ich
kha-bú-tsháu,脚母草,16,kha-bú-chháu,khabu2tshau2,khabu2chhau2,khabutshau,khabuchhau,kbt,kbc
kha-bak-tsháu,脚目草,16,kha-bak-chháu,khabaktshau2,khabakchhau2,khabaktshau,khabakchhau,kbt,kbc
kha-pe̍h-sún,腳白筍,16,kha-pe̍h-sún,khapeh8sun2,khapeh8sun2,khapehsun,khapehsun,kps,kps
sàn-huih-tsháu,臭天黃,16,sàn-huih-chháu,san3huihtshau2,san3huihchhau2,sanhuihtshau,sanhuihchhau,sht,shc
tshàu-sái-lâm,臭屎楠,16,chhàu-sái-lâm,tshau3sai2lam5,chhau3sai2lam5,tshausailam,chhausailam,tsl,csl
tshàu-sái-kue,臭屎瓜,16,chhàu-sái-koe,tshau3sai2kue,chhau3sai2koe,tshausaikue,chhausaikoe,tsk,csk
tshàu-tshuan-kiong,臭川芎,16,chhàu-chhoan-kiong,tshau3tshuankiong,chhau3chhoankiong,tshautshuankiong,chhauchhoankiong,ttk,cck
tshàu-kám-tsháu,臭敢草,16,chhàu-kám-chháu,tshau3kam2tshau2,chhau3kam2chhau2,tshaukamtshau,chhaukamchhau,tkt,ckc
tshàu-khang-á,臭空仔,16,chhàu-khang-á,tshau3khanga2,chhau3khanga2,tshaukhanga,chhaukhanga,tka,cka
tshàu-tsho-tsháu,臭臊草,16,chhàu-chho-chháu,tshau3tshotshau2,chhau3chhochhau2,tshautshotshau,chhauchhochhau,ttt,ccc
tshàu-phû-iông,臭芙蓉,16,chhàu-phû-iông,tshau3phu5iong5,chhau3phu5iong5,tshauphuiong,chhauphuiong,tpi,cpi
ōo-koo-tsháu,芋菰草,16,ō͘-ko͘-chháu,oo7kootshau2,oo7koochhau2,ookootshau,ookoochhau,okt,okc
khóo-līng-kang,苦楝江,16,khó͘-lēng-kang,khoo2ling7kang,khoo2leng7kang,khoolingkang,khoolengkang,klk,klk
khóo-līng-kū,苦楝舅,16,khó͘-lēng-kū,khoo2ling7ku7,khoo2leng7ku7,khoolingku,khoolengku,klk,klk
khóo-kue-tsháu,苦瓜草,16,khó͘-koe-chháu,khoo2kuetshau2,khoo2koechhau2,khookuetshau,khookoechhau,kkt,kkc
khóo-nâ-puânn,苦藍盤,16,khó͘-nâ-pôaⁿ,khoo2na5puann5,khoo2na5poann5,khoonapuann,khoonapoann,knp,knp
ing-á-tsháu,英仔草,16,eng-á-chháu,inga2tshau2,enga2chhau2,ingatshau,engachhau,iat,eac
tang-e-tshài,苳萵菜,16,tang-e-chhài,tangetshai3,tangechhai3,tangetshai,tangechhai,tet,tec
hm̂-á-tsháu,茅仔草,16,hm̂-á-chháu,hm5a2tshau2,hm5a2chhau2,hmatshau,hmachhau,hat,hac
bâ-lî-tik,茅茹竹,16,bâ-lî-tek,ba5li5tik,ba5li5tek,balitik,balitek,blt,blt
ba̍k-nī-hue,茉莉花,16,ba̍k-nī-hoe,bak8ni7hue,bak8ni7hoe,baknihue,baknihoe,bnh,bnh
ka-pe̍h-sún,茭白筍,16,ka-pe̍h-sún,kapeh8sun2,kapeh8sun2,kapehsun,kapehsun,kps,kps
tê-sî-hông,茶匙黃,16,tê-sî-hông,te5si5hong5,te5si5hong5,tesihong,tesihong,tsh,tsh
tê-bí-tsháu,茶米草,16,tê-bí-chháu,te5bi2tshau2,te5bi2chhau2,tebitshau,tebichhau,tbt,tbc
tê-si-hông,茶絲黃,16,tê-si-hông,te5sihong5,te5sihong5,tesihong,tesihong,tsh,tsh
tâng-o-tshài,茼萵菜,16,tâng-o-chhài,tang5otshai3,tang5ochhai3,tangotshai,tangochhai,tot,toc
hô-lân-tsû,荷蘭薯,16,hô-lân-chû,ho5lan5tsu5,ho5lan5chu5,holantsu,holanchu,hlt,hlc
ho-lin-tāu,荷蘭豆,16,ho-lin-tāu,holintau7,holintau7,holintau,holintau,hlt,hlt
tshinn-hong-tsháu,菁方草,16,chhiⁿ-hong-chháu,tshinnhongtshau2,chhinnhongchhau2,tshinnhongtshau,chhinnhongchhau,tht,chc
kiok-hue-bo̍k,菊花木,16,kiok-hoe-bo̍k,kiokhuebok8,kiokhoebok8,kiokhuebok,kiokhoebok,khb,khb
tshài-to-tāu,菜刀豆,16,chhài-to-tāu,tshai3totau7,chhai3totau7,tshaitotau,chhaitotau,ttt,ctt
tshài-tsháu-thâu,菜草頭,16,chhài-chháu-thâu,tshai3tshau2thau5,chhai3chhau2thau5,tshaitshauthau,chhaichhauthau,ttt,cct
bān-siū-kó,萬壽果,16,bān-siū-kó,ban7siu7ko2,ban7siu7ko2,bansiuko,bansiuko,bsk,bsk
bān-liân-siông,萬年松,16,bān-liân-siông,ban7lian5siong5,ban7lian5siong5,banliansiong,banliansiong,bls,bls
bān-kun-tsháu,萬斤草,16,bān-kun-chháu,ban7kuntshau2,ban7kunchhau2,bankuntshau,bankunchhau,bkt,bkc
bān-thô-hue,萬桃花,16,bān-thô-hoe,ban7tho5hue,ban7tho5hoe,banthohue,banthohoe,bth,bth
bān-tiám-kim,萬點金,16,bān-tiám-kim,ban7tiam2kim,ban7tiam2kim,bantiamkim,bantiamkim,btk,btk
e-á-tshài,萵仔菜,16,e-á-chhài,ea2tshai3,ea2chhai3,eatshai,eachhai,eat,eac
pián-thiok-tsháu,萹蓄草,16,pián-thiok-chháu,pian2thioktshau2,pian2thiokchhau2,pianthioktshau,pianthiokchhau,ptt,ptc
lo̍h-khak-tsan,落殼櫕,16,lo̍h-khak-chan,loh8khaktsan,loh8khakchan,lohkhaktsan,lohkhakchan,lkt,lkc
hio̍h-ē-tsu,葉下珠,16,hio̍h-ē-chu,hioh8e7tsu,hioh8e7chu,hiohetsu,hiohechu,het,hec
hio̍h-ē-pe̍h,葉下白,16,hio̍h-ē-pe̍h,hioh8e7peh8,hioh8e7peh8,hiohepeh,hiohepeh,hep,hep
hio̍h-ē-âng,葉下紅,16,hio̍h-ē-âng,hioh8e7ang5,hioh8e7ang5,hioheang,hioheang,hea,hea
kuah-tîn-tsháu,葛藤草,16,koah-tîn-chháu,kuahtin5tshau2,koahtin5chhau2,kuahtintshau,koahtinchhau,ktt,ktc
hô-lôo-pû,葫蘆匏,16,hô-lô͘-pû,ho5loo5pu5,ho5loo5pu5,holoopu,holoopu,hlp,hlp
pôo-kong-ing,蒲公英,16,pô͘-kong-eng,poo5konging,poo5kongeng,pookonging,pookongeng,pki,pke
kuà-tshiú-hiunn,蓋手香,16,kòa-chhiú-hiuⁿ,kua3tshiu2hiunn,koa3chhiu2hiunn,kuatshiuhiunn,koachhiuhiunn,kth,kch
pi-muâ-á,蓖麻仔,16,pi-môa-á,pimua5a2,pimoa5a2,pimuaa,pimoaa,pma,pma
liân-tsiau-hue,蓮蕉花,16,liân-chiau-hoe,lian5tsiauhue,lian5chiauhoe,liantsiauhue,lianchiauhoe,lth,lch
tshuà-pán-tsháu,蔡板草,16,chhòa-pán-chháu,tshua3pan2tshau2,chhoa3pan2chhau2,tshuapantshau,chhoapanchhau,tpt,cpc
huan-á-tshì,蕃仔刺,16,hoan-á-chhì,huana2tshi3,hoana2chhi3,huanatshi,hoanachhi,hat,hac
huan-á-uan,蕃仔灣,16,hoan-á-oan,huana2uan,hoana2oan,huanauan,hoanaoan,hau,hao
huan-á-hue,蕃仔花,16,hoan-á-hoe,huana2hue,hoana2hoe,huanahue,hoanahoe,hah,hah
huan-á-tîn,蕃仔藤,16,hoan-á-tîn,huana2tin5,hoana2tin5,huanatin,hoanatin,hat,hat
huan-á-tāu,蕃仔豆,16,hoan-á-tāu,huana2tau7,hoana2tau7,huanatau,hoanatau,hat,hat
huan-tshì-á,蕃刺仔,16,hoan-chhì-á,huantshi3a2,hoanchhi3a2,huantshia,hoanchhia,hta,hca
huan-pô-uân,蕃婆怨,16,hoan-pô-oân,huanpo5uan5,hoanpo5oan5,huanpouan,hoanpooan,hpu,hpo
huan-pô-tshiū,蕃婆樹,16,hoan-pô-chhiū,huanpo5tshiu7,hoanpo5chhiu7,huanpotshiu,hoanpochhiu,hpt,hpc
huan-pô-uan,蕃婆灣,16,hoan-pô-oan,huanpo5uan,hoanpo5oan,huanpouan,hoanpooan,hpu,hpo
han-tsû-kū,蕃薯舅,16,han-chû-kū,hantsu5ku7,hanchu5ku7,hantsuku,hanchuku,htk,hck
keh-niau-tsháu,蕨猫草,16,keh-niau-chháu,kehniautshau2,kehniauchhau2,kehniautshau,kehniauchhau,knt,knc
po̍h-kiunn-á,薄姜仔,16,po̍h-kiuⁿ-á,poh8kiunna2,poh8kiunna2,pohkiunna,pohkiunna,pka,pka
hóo-kā-hông,虎咬廣,16,hó͘-kā-hông,hoo2ka7hong5,hoo2ka7hong5,hookahong,hookahong,hkh,hkh
hóo-kā-hông,虎咬癀,16,hó͘-kā-hông,hoo2ka7hong5,hoo2ka7hong5,hookahong,hookahong,hkh,hkh
hóo-bé-lân,虎尾蘭,16,hó͘-bé-lân,hoo2be2lan5,hoo2be2lan5,hoobelan,hoobelan,hbl,hbl
hóo-m̂-tshì,虎梅刺,16,hó͘-m̂-chhì,hoo2m5tshi3,hoo2m5chhi3,hoomtshi,hoomchhi,hmt,hmc
hóo-jiáu-tāu,虎爪豆,16,hó͘-jiáu-tāu,hoo2jiau2tau7,hoo2jiau2tau7,hoojiautau,hoojiautau,hjt,hjt
hóo-phê-lâm,虎皮楠,16,hó͘-phê-lâm,hoo2phe5lam5,hoo2phe5lam5,hoophelam,hoophelam,hpl,hpl
hôo-hī-tsháu,虎耳草,16,hô͘-hī-chháu,hoo5hi7tshau2,hoo5hi7chhau2,hoohitshau,hoohichhau,hht,hhc
hóo-thâu-kam,虎頭柑,16,hó͘-thâu-kam,hoo2thau5kam,hoo2thau5kam,hoothaukam,hoothaukam,htk,htk
sat-bú-tsí,虱母子,16,sat-bú-chí,satbu2tsi2,satbu2chi2,satbutsi,satbuchi,sbt,sbc
sat-bú-thâu,虱母頭,16,sat-bú-thâu,satbu2thau5,satbu2thau5,satbuthau,satbuthau,sbt,sbt
sat-pìn-tsháu,虱篦草,16,sat-pìn-chháu,satpin3tshau2,satpin3chhau2,satpintshau,satpinchhau,spt,spc
báng-á-hun,蚊仔煙,16,báng-á-hun,bang2a2hun,bang2a2hun,bangahun,bangahun,bah,bah
juā-á-tsháu,蚋仔草,16,jōa-á-chháu,jua7a2tshau2,joa7a2chhau2,juaatshau,joaachhau,jat,jac
juē-á-tsháu,蚋仔草,16,jōe-á-chháu,jue7a2tshau2,joe7a2chhau2,jueatshau,joeachhau,jat,jac
tsuâ-tsi̍h-hông,蛇舌黃,16,chôa-chi̍h-hông,tsua5tsih8hong5,choa5chih8hong5,tsuatsihhong,choachihhong,tth,cch
ngôo-bî-tāu,蛾眉豆,16,ngô͘-bî-tāu,ngoo5bi5tau7,ngoo5bi5tau7,ngoobitau,ngoobitau,nbt,nbt
giâ-kang-tsháu,蜈蚣草,16,giâ-kang-chháu,gia5kangtshau2,gia5kangchhau2,giakangtshau,giakangchhau,gkt,gkc
hê-kong-tshiu,蝦公鬚,16,hê-kong-chhiu,he5kongtshiu,he5kongchhiu,hekongtshiu,hekongchhiu,hkt,hkc
hê-koo-tsháu,蝦蛄草,16,hê-ko͘-chháu,he5kootshau2,he5koochhau2,hekootshau,hekoochhau,hkt,hkc
ôo-tia̍p-lân,蝴蝶蘭,16,ô͘-tia̍p-lân,oo5tiap8lan5,oo5tiap8lan5,ootiaplan,ootiaplan,otl,otl
hôo-sîn-si̍t,蝴蠅翼,16,hô͘-sîn-si̍t,hoo5sin5sit8,hoo5sin5sit8,hoosinsit,hoosinsit,hss,hss
ia̍h-á-tsháu,蝶仔草,16,ia̍h-á-chháu,iah8a2tshau2,iah8a2chhau2,iahatshau,iahachhau,iat,iac
tsîm-kóng-tshài,蟳管菜,16,chîm-kóng-chhài,tsim5kong2tshai3,chim5kong2chhai3,tsimkongtshai,chimkongchhai,tkt,ckc
sîn-si̍t-tsháu,蠅翼草,16,sîn-si̍t-chháu,sin5sit8tshau2,sin5sit8chhau2,sinsittshau,sinsitchhau,sst,ssc
ô-khak-á,蠔殼仔,16,ô-khak-á,o5khaka2,o5khaka2,okhaka,okhaka,oka,oka
niû-á-tshiū,蠶仔樹,16,niû-á-chhiū,niu5a2tshiu7,niu5a2chhiu7,niuatshiu,niuachhiu,nat,nac
kiàn-hông-hông,見紅黃,16,kiàn-hông-hông,kian3hong5hong5,kian3hong5hong5,kianhonghong,kianhonghong,khh,khh
kuan-im-tik,觀音竹,16,koan-im-tek,kuanimtik,koanimtek,kuanimtik,koanimtek,kit,kit
piàn-tē-hut,變地忽,16,piàn-tē-hut,pian3te7hut,pian3te7hut,piantehut,piantehut,pth,pth
ti-sái-tshài,豬屎菜,16,ti-sái-chhài,tisai2tshai3,tisai2chhai3,tisaitshai,tisaichhai,tst,tsc
ti-tshài-tsháu,豬菜草,16,ti-chhài-chháu,titshai3tshau2,tichhai3chhau2,titshaitshau,tichhaichhau,ttt,tcc
niau-kong-tshi,貓公刺,16,niau-kong-chhi,niaukongtshi,niaukongchhi,niaukongtshi,niaukongchhi,nkt,nkc
tsha̍t-á-tshiū,賊仔樹,16,chha̍t-á-chhiū,tshat8a2tshiu7,chhat8a2chhiu7,tshatatshiu,chhatachhiu,tat,cac
sù-bí-tsháu,賜米草,16,sù-bí-chháu,su3bi2tshau2,su3bi2chhau2,subitshau,subichhau,sbt,sbc
tshiah-kun-tshài,赤根菜,16,chhiah-kun-chhài,tshiahkuntshai3,chhiahkunchhai3,tshiahkuntshai,chhiahkunchhai,tkt,ckc
tshiah-huih-á,赤血仔,16,chhiah-huih-á,tshiahhuiha2,chhiahhuiha2,tshiahhuiha,chhiahhuiha,tha,cha
tsáu-bé-thai,走馬胎,16,cháu-bé-thai,tsau2be2thai,chau2be2thai,tsaubethai,chaubethai,tbt,cbt
ku-tsiân-tsháu,車前草,16,ku-chiân-chháu,kutsian5tshau2,kuchian5chhau2,kutsiantshau,kuchianchhau,ktt,kcc
kiō-kǹg-tik,轎槓竹,16,kiō-kǹg-tek,kio7kng3tik,kio7kng3tek,kiokngtik,kiokngtek,kkt,kkt
kè-suann-hiunn,過山香,16,kè-soaⁿ-hiuⁿ,ke3suannhiunn,ke3soannhiunn,kesuannhiunn,kesoannhiunn,ksh,ksh
kuè-suann-lîng,過山龍,16,kòe-soaⁿ-lêng,kue3suannling5,koe3soannleng5,kuesuannling,koesoannleng,ksl,ksl
kè-kang-lîng,過江龍,16,kè-kang-lêng,ke3kangling5,ke3kangleng5,kekangling,kekangleng,kkl,kkl
ké-kau-tshái,過溝菜,16,ké-kau-chhái,ke2kautshai2,ke2kauchhai2,kekautshai,kekauchhai,kkt,kkc
kè-kau-lîng,過溝龍,16,kè-kau-lêng,ke3kauling5,ke3kauleng5,kekauling,kekauleng,kkl,kkl
sik-kia-kó,釋迦果,16,sek-kia-kó,sikkiako2,sekkiako2,sikkiako,sekkiako,skk,skk
kim-put-huàn,金不換,16,kim-put-hoàn,kimputhuan3,kimputhoan3,kimputhuan,kimputhoan,kph,kph
kim-tsài-kau,金再鈎,16,kim-chài-kau,kimtsai3kau,kimchai3kau,kimtsaikau,kimchaikau,ktk,kck
kim-kiàm-tsháu,金劍草,16,kim-kiàm-chháu,kimkiam3tshau2,kimkiam3chhau2,kimkiamtshau,kimkiamchhau,kkt,kkc
kim-ha̍p-huan,金合歡,16,kim-ha̍p-hoan,kimhap8huan,kimhap8hoan,kimhaphuan,kimhaphoan,khh,khh
kim-siā-liû,金榭榴,16,kim-siā-liû,kimsia7liu5,kimsia7liu5,kimsialiu,kimsialiu,ksl,ksl
kim-tsio̍h-ha̍k,金石斛,16,kim-chio̍h-ha̍k,kimtsioh8hak8,kimchioh8hak8,kimtsiohhak,kimchiohhak,kth,kch
kim-sia̍h-liû,金石榴,16,kim-sia̍h-liû,kimsiah8liu5,kimsiah8liu5,kimsiahliu,kimsiahliu,ksl,ksl
kim-tsio̍h-uí,金石韋,16,kim-chio̍h-úi,kimtsioh8ui2,kimchioh8ui2,kimtsiohui,kimchiohui,ktu,kcu
kim-suànn-liân,金線蓮,16,kim-sòaⁿ-liân,kimsuann3lian5,kimsoann3lian5,kimsuannlian,kimsoannlian,ksl,ksl
kim-hī-tuī,金耳墜,16,kim-hī-tūi,kimhi7tui7,kimhi7tui7,kimhitui,kimhitui,kht,kht
kim-tsiam-tshài,金針菜,16,kim-chiam-chhài,kimtsiamtshai3,kimchiamchhai3,kimtsiamtshai,kimchiamchhai,ktt,kcc
kim-gûn-hue,金銀花,16,kim-gûn-hoe,kimgun5hue,kimgun5hoe,kimgunhue,kimgunhoe,kgh,kgh
kim-só-sî,金鎖匙,16,kim-só-sî,kimso2si5,kimso2si5,kimsosi,kimsosi,kss,kss
kim-hî-tsháu,金魚草,16,kim-hî-chháu,kimhi5tshau2,kimhi5chhau2,kimhitshau,kimhichhau,kht,khc
kim-ku-tshiū,金龜樹,16,kim-ku-chhiū,kimkutshiu7,kimkuchhiu7,kimkutshiu,kimkuchhiu,kkt,kkc
liú-á-kiô,鈕仔茄,16,liú-á-kiô,liu2a2kio5,liu2a2kio5,liuakio,liuakio,lak,lak
tshìng-tshn̂g-lâm,銃床楠,16,chhèng-chhn̂g-lâm,tshing3tshng5lam5,chheng3chhng5lam5,tshingtshnglam,chhengchhnglam,ttl,ccl
kim-hī-tsháu,錦耳草,16,kim-hī-chháu,kimhi7tshau2,kimhi7chhau2,kimhitshau,kimhichhau,kht,khc
thih-sái-lâm,鐵屎楠,16,thih-sái-lâm,thihsai2lam5,thihsai2lam5,thihsailam,thihsailam,tsl,tsl
thih-kûn-thâu,鐵拳頭,16,thih-kûn-thâu,thihkun5thau5,thihkun5thau5,thihkunthau,thihkunthau,tkt,tkt
thih-bo̍k-kùn,鐵木棍,16,thih-bo̍k-kùn,thihbok8kun3,thihbok8kun3,thihbokkun,thihbokkun,tbk,tbk
thih-sik-tshiū,鐵色樹,16,thih-sek-chhiū,thihsiktshiu7,thihsekchhiu7,thihsiktshiu,thihsekchhiu,tst,tsc
thih-tiò-kuann,鐵釣竿,16,thih-tiò-koaⁿ,thihtio3kuann,thihtio3koann,thihtiokuann,thihtiokoann,ttk,ttk
thih-kau-tsháu,鐵鉤草,16,thih-kau-chháu,thihkautshau2,thihkauchhau2,thihkautshau,thihkauchhau,tkt,tkc
thih-hōo-suànn,鐵雨傘,16,thih-hō͘-sòaⁿ,thihhoo7suann3,thihhoo7soann3,thihhoosuann,thihhoosoann,ths,ths
thih-bí-pinn,鐵馬鞭,16,thih-bí-piⁿ,thihbi2pinn,thihbi2pinn,thihbipinn,thihbipinn,tbp,tbp
thih-kut-mn̂g,鐵骨毛,16,thih-kut-mn̂g,thihkutmng5,thihkutmng5,thihkutmng,thihkutmng,tkm,tkm
tn̂g-ki-á,長枝仔,16,tn̂g-ki-á,tng5kia2,tng5kia2,tngkia,tngkia,tka,tka
khui-pî-tsháu,開脾草,16,khui-pî-chháu,khuipi5tshau2,khuipi5chhau2,khuipitshau,khuipichhau,kpt,kpc
kuan-to-tāu,關刀豆,16,koan-to-tāu,kuantotau7,koantotau7,kuantotau,koantotau,ktt,ktt
a-lí-sim,阿里參,16,a-lí-sim,ali2sim,ali2sim,alisim,alisim,als,als
sang-bīn-tshì,雙面刺,16,sang-bīn-chhì,sangbin7tshi3,sangbin7chhi3,sangbintshi,sangbinchhi,sbt,sbc
hōo-suànn-á,雨傘仔,16,hō͘-sòaⁿ-á,hoo7suann3a2,hoo7soann3a2,hoosuanna,hoosoanna,hsa,hsa
hōo-suànn-á,雨傘子,16,hō͘-sòaⁿ-á,hoo7suann3a2,hoo7soann3a2,hoosuanna,hoosoanna,hsa,hsa
luî-kong-tshìng,雷公銃,16,lûi-kong-chhèng,lui5kongtshing3,lui5kongchheng3,luikongtshing,luikongchheng,lkt,lkc
tshinn-ba̍k-hiunn,青木香,16,chhiⁿ-ba̍k-hiuⁿ,tshinnbak8hiunn,chhinnbak8hiunn,tshinnbakhiunn,chhinnbakhiunn,tbh,cbh
tshinn-phê-tāu,青皮豆,16,chhiⁿ-phê-tāu,tshinnphe5tau7,chhinnphe5tau7,tshinnphetau,chhinnphetau,tpt,cpt
tshinn-o-tsháu,青萵草,16,chhiⁿ-o-chháu,tshinnotshau2,chhinnochhau2,tshinnotshau,chhinnochhau,tot,coc
bîn-thâu-ké,面頭菓,16,bîn-thâu-ké,bin5thau5ke2,bin5thau5ke2,binthauke,binthauke,btk,btk
bīn-thâu-ké,面頭菓,16,bīn-thâu-ké,bin7thau5ke2,bin7thau5ke2,binthauke,binthauke,btk,btk
ām-sê-tāu,頷垂豆,16,ām-sê-tāu,am7se5tau7,am7se5tau7,amsetau,amsetau,ast,ast
hong-put-tōng,風不動,16,hong-put-tōng,hongputtong7,hongputtong7,hongputtong,hongputtong,hpt,hpt
hong-thai-tsháu,風颱草,16,hong-thai-chháu,hongthaitshau2,hongthaichhau2,hongthaitshau,hongthaichhau,htt,htc
bé-kháu-tshiū,馬口樹,16,bé-kháu-chhiū,be2khau2tshiu7,be2khau2chhiu7,bekhautshiu,bekhauchhiu,bkt,bkc
bé-bé-si,馬尾絲,16,bé-bé-si,be2be2si,be2be2si,bebesi,bebesi,bbs,bbs
bé-tê-kim,馬蹄金,16,bé-tê-kim,be2te5kim,be2te5kim,betekim,betekim,btk,btk
bé-uann-tîn,馬鞍藤,16,bé-oaⁿ-tîn,be2uanntin5,be2oanntin5,beuanntin,beoanntin,but,bot
bé-pinn-tsháu,馬鞭草,16,bé-piⁿ-chháu,be2pinntshau2,be2pinnchhau2,bepinntshau,bepinnchhau,bpt,bpc
bé-khí-tāu,馬齒豆,16,bé-khí-tāu,be2khi2tau7,be2khi2tau7,bekhitau,bekhitau,bkt,bkt
kut-tshuì-pòo,骨碎補,16,kut-chhùi-pò͘,kuttshui3poo3,kutchhui3poo3,kuttshuipoo,kutchhuipoo,ktp,kcp
kuâinn-tshiûnn-iū,高墻柚,16,koâiⁿ-chhiûⁿ-iū,kuainn5tshiunn5iu7,koainn5chhiunn5iu7,kuainntshiunniu,koainnchhiunniu,kti,kci
ko-lê-tshài,高麗菜,16,ko-lê-chhài,kole5tshai3,kole5chhai3,koletshai,kolechhai,klt,klc
kuí-liú-kun,鬼柳根,16,kúi-liú-kun,kui2liu2kun,kui2liu2kun,kuiliukun,kuiliukun,klk,klk
hî-tsho-tsháu,魚臊草,16,hî-chho-chháu,hi5tshotshau2,hi5chhochhau2,hitshotshau,hichhochhau,htt,hcc
hî-tsiam-tsháu,魚針草,16,hî-chiam-chháu,hi5tsiamtshau2,hi5chiamchhau2,hitsiamtshau,hichiamchhau,htt,hcc
hî-liu-tsháu,魚鰌草,16,hî-liu-chháu,hi5liutshau2,hi5liuchhau2,hiliutshau,hiliuchhau,hlt,hlc
lóo-huà-tshiū,魯化樹,16,ló͘-hòa-chhiū,loo2hua3tshiu7,loo2hoa3chhiu7,loohuatshiu,loohoachhiu,lht,lhc
tsit-á-tánn,鯽仔膽,16,chit-á-táⁿ,tsita2tann2,chita2tann2,tsitatann,chitatann,tat,cat
tsit-hî-tánn,鯽魚膽,16,chit-hî-táⁿ,tsithi5tann2,chithi5tann2,tsithitann,chithitann,tht,cht
hau-khak-tshì,鱟壳刺,16,hau-khak-chhì,haukhaktshi3,haukhakchhi3,haukhaktshi,haukhakchhi,hkt,hkc
hāu-khak-tshì,鱟壳刺,16,hāu-khak-chhì,hau7khaktshi3,hau7khakchhi3,haukhaktshi,haukhakchhi,hkt,hkc
hāu-khak-tîn,鱟壳藤,16,hāu-khak-tîn,hau7khaktin5,hau7khaktin5,haukhaktin,haukhaktin,hkt,hkt
tsiáu-á-hue,鳥仔花,16,chiáu-á-hoe,tsiau2a2hue,chiau2a2hoe,tsiauahue,chiauahoe,tah,cah
tsiáu-á-tāu,鳥仔豆,16,chiáu-á-tāu,tsiau2a2tau7,chiau2a2tau7,tsiauatau,chiauatau,tat,cat
tsiáu-sái-tshîng,鳥屎榕,16,chiáu-sái-chhêng,tsiau2sai2tshing5,chiau2sai2chheng5,tsiausaitshing,chiausaichheng,tst,csc
tsiáu-kiān-hue,鳥腱花,16,chiáu-kiān-hoe,tsiau2kian7hue,chiau2kian7hoe,tsiaukianhue,chiaukianhoe,tkh,ckh
tsiáu-ta̍h-tshì,鳥踏刺,16,chiáu-ta̍h-chhì,tsiau2tah8tshi3,chiau2tah8chhi3,tsiautahtshi,chiautahchhi,ttt,ctc
hōng-bé-tik,鳳尾竹,16,hōng-bé-tek,hong7be2tik,hong7be2tek,hongbetik,hongbetek,hbt,hbt
hōng-bé-pit,鳳尾筆,16,hōng-bé-pit,hong7be2pit,hong7be2pit,hongbepit,hongbepit,hbp,hbp
hōng-bé-tsháu,鳳尾草,16,hōng-bé-chháu,hong7be2tshau2,hong7be2chhau2,hongbetshau,hongbechhau,hbt,hbc
hōng-bé-hông,鳳尾黃,16,hōng-bé-hông,hong7be2hong5,hong7be2hong5,hongbehong,hongbehong,hbh,hbh
ah-tshuì-hông,鴨嘴黃,16,ah-chhùi-hông,ahtshui3hong5,ahchhui3hong5,ahtshuihong,ahchhuihong,ath,ach
ap-bú-tshiū,鴨母樹,16,ap-bú-chhiū,apbu2tshiu7,apbu2chhiu7,apbutshiu,apbuchhiu,abt,abc
ah-bú-tsu,鴨母珠,16,ah-bú-chu,ahbu2tsu,ahbu2chu,ahbutsu,ahbuchu,abt,abc
ah-bú-tsháu,鴨母草,16,ah-bú-chháu,ahbu2tshau2,ahbu2chhau2,ahbutshau,ahbuchhau,abt,abc
ah-kiān-tîn,鴨腱藤,16,ah-kiān-tîn,ahkian7tin5,ahkian7tin5,ahkiantin,ahkiantin,akt,akt
ah-kha-pê,鴨腳筢,16,ah-kha-pê,ahkhape5,ahkhape5,ahkhape,ahkhape,akp,akp
ah-kha-sué,鴨腳黍,16,ah-kha-sóe,ahkhasue2,ahkhasoe2,ahkhasue,ahkhasoe,aks,aks
ah-tsi̍h-tsháu,鴨舌草,16,ah-chi̍h-chháu,ahtsih8tshau2,ahchih8chhau2,ahtsihtshau,ahchihchhau,att,acc
ah-chi̍h-hông,鴨舌黃,16,ah-chi̍h-hông,ahchih8hong5,ahchih8hong5,ahchihhong,ahchihhong,ach,ach
ah-tsih-hông,鴨舌黃,16,ah-chih-hông,ahtsihhong5,ahchihhong5,ahtsihhong,ahchihhong,ath,ach
ah-tsi̍h-hông,鴨舌黃,16,ah-chi̍h-hông,ahtsih8hong5,ahchih8hong5,ahtsihhong,ahchihhong,ath,ach
ah-tuê-tsháu,鴨蹄草,16,ah-tôe-chháu,ahtue5tshau2,ahtoe5chhau2,ahtuetshau,ahtoechhau,att,atc
ap-mâ-kua̍t,鴨麻瓜,16,ap-mâ-koa̍t,apma5kuat8,apma5koat8,apmakuat,apmakoat,amk,amk
giâ-á-tsháu,鵞仔草,16,giâ-á-chháu,gia5a2tshau2,gia5a2chhau2,giaatshau,giaachhau,gat,gac
giâ-á-tshài,鵞仔菜,16,giâ-á-chhài,gia5a2tshai3,gia5a2chhai3,giaatshai,giaachhai,gat,gac
keh-tsiáu-hue,鵲鳥花,16,keh-chiáu-hoe,kehtsiau2hue,kehchiau2hoe,kehtsiauhue,kehchiauhoe,kth,kch
ing-jiáu-thô,鶯爪桃,16,eng-jiáu-thô,ingjiau2tho5,engjiau2tho5,ingjiautho,engjiautho,ijt,ejt
kue-kè-hue,鷄冠花,16,koe-kè-hoe,kueke3hue,koeke3hoe,kuekehue,koekehoe,kkh,kkh
kue-sái-tîn,鷄屎藤,16,koe-sái-tîn,kuesai2tin5,koesai2tin5,kuesaitin,koesaitin,kst,kst
kue-bú-tsú,鷄母子,16,koe-bú-chú,kuebu2tsu2,koebu2chu2,kuebutsu,koebuchu,kbt,kbc
kue-bú-tsu,鷄母珠,16,koe-bú-chu,kuebu2tsu,koebu2chu,kuebutsu,koebuchu,kbt,kbc
kue-jiáu-lân,鷄爪蘭,16,koe-jiáu-lân,kuejiau2lan5,koejiau2lan5,kuejiaulan,koejiaulan,kjl,kjl
kue-kha-tsháu,鷄脚草,16,koe-kha-chháu,kuekhatshau2,koekhachhau2,kuekhatshau,koekhachhau,kkt,kkc
kue-kha-lân,鷄脚蘭,16,koe-kha-lân,kuekhalan5,koekhalan5,kuekhalan,koekhalan,kkl,kkl
kue-tn̂g-tsháu,鷄腸草,16,koe-tn̂g-chháu,kuetng5tshau2,koetng5chhau2,kuetngtshau,koetngchhau,ktt,ktc
kue-tsih-hông,鷄舌黃,16,koe-chih-hông,kuetsihhong5,koechihhong5,kuetsihhong,koechihhong,kth,kch
kue-tsi̍h-hông,鷄舌黃,16,koe-chi̍h-hông,kuetsih8hong5,koechih8hong5,kuetsihhong,koechihhong,kth,kch
kue-phang-tîn,鷄香藤,16,koe-phang-tîn,kuephangtin5,koephangtin5,kuephangtin,koephangtin,kpt,kpt
kue-kut-hông,鷄骨癀,16,koe-kut-hông,kuekuthong5,koekuthong5,kuekuthong,koekuthong,kkh,kkh
kue-kak-kong,鷄鵤公,16,koe-kak-kong,kuekakkong,koekakkong,kuekakkong,koekakkong,kkk,kkk
ing-hio̍h-tshì,鷹葉刺,16,eng-hio̍h-chhì,inghioh8tshi3,enghioh8chhi3,inghiohtshi,enghiohchhi,iht,ehc
iâm-tang-hue,鹽東花,16,iâm-tang-hoe,iam5tanghue,iam5tanghoe,iamtanghue,iamtanghoe,ith,ith
iâm-sng-á,鹽桑仔,16,iâm-sng-á,iam5snga2,iam5snga2,iamsnga,iamsnga,isa,isa
iâm-sng-tsháu,鹽酸草,16,iâm-sng-chháu,iam5sngtshau2,iam5sngchhau2,iamsngtshau,iamsngchhau,ist,isc
lo̍k-á-tshiū,鹿仔樹,16,lo̍k-á-chhiū,lok8a2tshiu7,lok8a2chhiu7,lokatshiu,lokachhiu,lat,lac
lo̍k-á-tshài,鹿仔菜,16,lo̍k-á-chhài,lok8a2tshai3,lok8a2chhai3,lokatshai,lokachhai,lat,lac
lo̍k-jiông-tshàu,鹿茸草,16,lo̍k-jiông-chhàu,lok8jiong5tshau3,lok8jiong5chhau3,lokjiongtshau,lokjiongchhau,ljt,ljc
beh-suī-hong,麥穗黃,16,beh-sūi-hong,behsui7hong,behsui7hong,behsuihong,behsuihong,bsh,bsh
bi̍k-bûn-tong,麥門冬,16,be̍k-bûn-tong,bik8bun5tong,bek8bun5tong,bikbuntong,bekbuntong,bbt,bbt
n̂g-sim-á,黃心仔,16,n̂g-sim-á,ng5sima2,ng5sima2,ngsima,ngsima,nsa,nsa
n̂g-ki-hue,黃枝花,16,n̂g-ki-hoe,ng5kihue,ng5kihoe,ngkihue,ngkihoe,nkh,nkh
n̂g-tsuí-kiô,黃水茄,16,n̂g-chúi-kiô,ng5tsui2kio5,ng5chui2kio5,ngtsuikio,ngchuikio,ntk,nck
n̂g-ba̍k-tsí,黃目子,16,n̂g-ba̍k-chí,ng5bak8tsi2,ng5bak8chi2,ngbaktsi,ngbakchi,nbt,nbc
n̂g-bah-tshiū,黃肉樹,16,n̂g-bah-chhiū,ng5bahtshiu7,ng5bahchhiu7,ngbahtshiu,ngbahchhiu,nbt,nbc
n̂g-ôo-ia̍p,黃蝴蝶,16,n̂g-ô͘-ia̍p,ng5oo5iap8,ng5oo5iap8,ngooiap,ngooiap,noi,noi
n̂g-kim-kuì,黃金桂,16,n̂g-kim-kùi,ng5kimkui3,ng5kimkui3,ngkimkui,ngkimkui,nkk,nkk
oo-ba̍k-á,黑目仔,16,o͘-ba̍k-á,oobak8a2,oobak8a2,oobaka,oobaka,oba,oba
pih-á-tsháu,鼈仔草,16,pih-á-chháu,piha2tshau2,piha2chhau2,pihatshau,pihachhau,pat,pac
tiann-tshuè-tîn,鼎刷藤,16,tiaⁿ-chhòe-tîn,tianntshue3tin5,tiannchhoe3tin5,tianntshuetin,tiannchhoetin,ttt,tct
tiann-tshe-tîn,鼎炊藤,16,tiaⁿ-chhe-tîn,tianntshetin5,tiannchhetin5,tianntshetin,tiannchhetin,ttt,tct
tshú-bé-hông,鼠尾紅,16,chhú-bé-hông,tshu2be2hong5,chhu2be2hong5,tshubehong,chhubehong,tbh,cbh
tsháu-bé-hông,鼠尾黃,16,chháu-bé-hông,tshau2be2hong5,chhau2be2hong5,tshaubehong,chhaubehong,tbh,cbh
tshú-bé-hông,鼠尾黃,16,chhú-bé-hông,tshu2be2hong5,chhu2be2hong5,tshubehong,chhubehong,tbh,cbh
tshú-kun-hông,鼠筋黃,16,chhú-kun-hông,tshu2kunhong5,chhu2kunhong5,tshukunhong,chhukunhong,tkh,ckh
tshú-khak-tsháu,鼠麴草,16,chhú-khak-chháu,tshu2khaktshau2,chhu2khakchhau2,tshukhaktshau,chhukhakchhau,tkt,ckc
lîng-thòo-tsu,龍吐珠,16,lêng-thò͘-chu,ling5thoo3tsu,leng5thoo3chu,lingthootsu,lengthoochu,ltt,ltc
lîng-tsi̍h-hông,龍舌黃,16,lêng-chi̍h-hông,ling5tsih8hong5,leng5chih8hong5,lingtsihhong,lengchihhong,lth,lch
lîng-tsûn-hue,龍船花,16,lêng-chûn-hoe,ling5tsun5hue,leng5chun5hoe,lingtsunhue,lengchunhoe,lth,lch
lîng-tshiu-tîn,龍鬚藤,16,lêng-chhiu-tîn,ling5tshiutin5,leng5chhiutin5,lingtshiutin,lengchhiutin,ltt,lct
lîng-lân-tsháu,龍麟草,16,lêng-lân-chháu,ling5lan5tshau2,leng5lan5chhau2,linglantshau,lenglanchhau,llt,llc
tsu̍t-bí-tsháu,𥟇米草,16,chu̍t-bí-chháu,tsut8bi2tshau2,chut8bi2chhau2,tsutbitshau,chutbichhau,tbt,cbc
tāi-hî-lân,𩻸魚鱗,16,tāi-hî-lân,tai7hi5lan5,tai7hi5lan5,taihilan,taihilan,thl,thl
