漢字,異用字,羅馬字
一,蜀,tsi̍t/tsi̍k
一,壹,it
人,儂,lâng
上,尚,siōng/siāng
千,仟,tshing/tshuinn/tshainn/tshirinn
大人,大儂,tuā-lâng
大氣,大喟,tuā-khuì
仇,讎,siû
今,旦,tann
內,裡,lāi/lǎi
仙,銑,sián
代,事,tāi
凹,坳,nah
奶,乳,ling/ni/lin
扒,𢻷,pe
生,青,tshenn/tshinn
田,塍,tshân
田,堘,tshân
甲,𢓜,kah
甲,徦,kah
甲,到,kah
石榴,榭榴,sia̍h-liû/tsio̍h-liû
交,加,ka
共,給,kā/kāng
成人,成儂,tsiânn-lâng
佗,叼,tó/tá
佗,搭,tó/tá
佗,叼,toh/tah/to̍h
佗,搭,toh/tah
含,唅,kânn
吵,訬,tshá
妝,粧,tsng
汰,汏,thuā
沖,衝,tshiong
沙,砂,sua
灶,竈,tsàu
災,瘟,tse/tser
災,𣩈,tse/tser
牢,稠,tiâu
牢,椆,tiâu
牢,著,tiâu
佮,及,kah
佮,甲,kah
佮,合,kah
佮,合,kap
到,甲,kàu
姊,姐,tsé
姊,姐,tsí
怪人,怪儂,kuài-lâng
怪人,怪儂,kuài--lâng/kuè--lâng
拍,打,phah
拍,扑,phah
昏,暈,hūn
泏,注,tsuh
泏,𤁢,tsuat
泏,𤁢,tsuah
爸,父,pē/pě
的,个,ê/gê
祀,𫞼,tshāi
祀,在,tshāi
空,孔,khang
芟,刪,sing/sng/san/sainn/sang/sirinn/suinn
芡,焮,khiàn
芳,香,phang
咧,在,teh/leh/terh/lerh/lirh/eh/tih/lih
咧,塊,teh/leh/terh/lerh/lirh/eh/tih/lih
姦,幹,kàn
峇,密,bā
枷,椵,kê
柯,過,kua
柯,枯,kua
苛,科,khô
食,噍,tsia̍h
食,吃,tsia̍h
食補,噍補,tsia̍h-póo
食補,吃補,tsia̍h-póo
倚,偎,uá
埋,坮,tâi
泄,疶,tshuā
茫,濛,bâng
鬥,湊,tàu
做人,做儂,tsò-lâng/tsuè-lâng/tserè-lâng
做人,做儂,tsò--lâng/tsuè--lâng/tserè--lâng
啖,嘗,tam
掩,抰,ng/uinn
晝,罩,tàu
欲,要,beh/bueh/berh/boh
欲,卜,beh/bueh/berh/boh
液,𫟊,sio̍h
淋,湳,lâm
脫,突,thu̍t
莫,勿,mài
逐,迮,jiok/lip/jip/jik/tsip/giok/liok
這,今,tse
這,即,tse
這,今,tsit/tsik
這,即,tsit/tsik
勞力,擼力,lóo-la̍t
勞力,努力,lóo-la̍t
寒,凝,gân
循,順,sūn
湧,泳,íng
焦,乾,ta
焦,凋,ta
焦,礁,ta
番,蕃,huan/han
痟,𤞚,siáu
粧,妝,tsng
舒,敷,tshu/tshir
萎,虧,ui
著,𤏸,to̍h
裂,撕,liah
閒,閑,îng/uînn/âinn/irînn
嗚,嗡,onn
塗,土,thôo
媽,嬤,má
搜,抄,tshiau
斟,漛,thîn
滇,淀,tīnn/tǐnn
當時,東時,tang-sî
筧,梘,kíng/káinn
較,校,kah
較,卡,khah
遐,許,hiah
遐,赫,hiah
鼎,鐤,tiánn
厭,饜,ià
孵,伏,pū
孵,菢,pū
摻,攙,tsham
熔,鎔,iûnn/iônn
噗,烞,pok
噗,泡,phok
數,賬,siàu
瘦,㾪,sán
盤,蹣,puânn
稻,粙,tiū/tiǔ
箠,棰,tshuê/tshê
踢,躂,that
輪,碾,lián
輪,輾,lián
輪,輦,lián
遮,這,tsia/tsiâ/tsiô
遮,即,tsiah
閬,曠,làng
霆,陳,tân
駐,住,tū
擔,担,tànn
橐,簏,lok
濁,醪,lô
燃,烆,hiânn
親情,親成,tshin-tsiânn
翼,翅,si̍t
黜,托,thuh
黜,拓,thuh
蟲,虫,thâng
軁,鑽,nǹg/nuì
轉,返,tńg/tuínn
羹,焿,kenn/kinn
懸,峘,kuân/kuînn/kuâinn/kirînn
懸,高,kuân/kuînn/kuâinn/kirînn
瀾,涎,nuā
疊,沓,tha̍h
鱉,鼈,pih
驚人,驚儂,kiann-lâng
驚人,驚儂,kiann--lâng
腥,青,tshènn/tshìnn/tshenn/tshinn
司,師,sai
岩,巖,gâm
芟,刪,sing/sng/san/sainn/sang/sirinn/suinn
枷,椵,kê
庭,埕,tiânn
浡,浮,phu̍h
參,蔘,sim/som/serm/song
連,蓮,nî
番,蕃,huan/han
碇,矴,tīng
腥,青,tshènn/tshìnn/tshenn/tshinn
遍,片,phiàn
寬,緩,khuann
撫,拊,hú
頸,䫀,kún
欸,呃,--eh
欸,吓,--eh
二步七仔,二步拭仔,--jī-pōo-tshit-á/--lī-pōo-tshit-á
二步七仔,兩步拭仔,--jī-pōo-tshit-á/--lī-pōo-tshit-á
阿里不達,阿理不達,a-lí-put-ta̍t
阿媽,俺媽,a-má
阿媽,阿嬤,a-má
阿媽,俺嬤,a-má
阿舍囝,阿舍子,a-sià-kiánn
腌臢,阿渣,a-tsa
阿姊,阿姐,a-tsí
曷,抑,a̍h
鴨仔囝,鴨仔子,ah-á-kiánn
壓味,押味,ah-bī
鴨咪仔,鴨微仔,ah-bî-á
鴨母喙,鴨母嘴,ah-bó-tshuì
鴨鵤,鴨角,ah-kak
鴨鵤,鴨公,ah-kak
壓霸,惡霸,ah-pà
鴨鯗,鴨賞,ah-siúnn
愛媠,愛美,ài-suí
沃,渥,ak
沃澹,沃霑,ak-tâm
罨,掩,am
掩崁,掩蓋,am-khàm
涵空,涵孔,âm-khang
涵空龜,涵孔龜,âm-khang-ku
頷頸,頷䫀,ām-kún
頷頸珠,頷䫀珠,ām-kún-tsu
暗暝,暗冥,àm-mê/àm-mî
暗殕,暗䀟,àm-phú
暗殕,暗醭,àm-phú
絚,拫,ân
安份,安分,an-hūn
限數,限賬,ān-siàu
按怎,安怎,án-tsuánn
按怎樣,安怎樣,án-tsuánn-iūnn
尪仔,翁仔,ang-á
尪架桌,紅架桌,ang-kè-toh
紅膏赤蠘,紅膏赤脂,âng-ko-tshiah-tshi̍h
紅龜粿,紅龜餜,âng-ku-kué/âng-ku-ké
紅毛塗,紅毛土,âng-mn̂g-thôo
翁婿,尪婿,ang-sài
紅塗,紅土,âng-thôo
攔孤爿,掗孤爿,ânn-koo-pîng
遏,折,at
遏泔,閼泔,at-ám
遏手把,遏手霸,at-tshiú-pà
遏手把,折手把,at-tshiú-pà
遏手把,折手霸,at-tshiú-pà
後跤,後骹,āu-kha
後跤,後腳,āu-kha
後擴,後売,āu-khok
後鈕,後紐,āu-liú
拗裒,拗紨,áu-pôo
後世人,後世儂,āu-sì-lâng
後岫,後受,āu-siū
後岫,後巢,āu-siū
後頭厝,後頭茨,āu-thâu-tshù
喉滇,喉淀,âu-tīnn
後坐,後座,āu-tsē
懊嘟面,懊盹面,àu-tū-bīn
懊嘟面,懊揬面,àu-tū-bīn
拗鬱,拗熨,áu-ut
媌仔,貓仔,bâ-á
峇微,麻微,bâ-bui
鴟鴞,覓鷂,bā-hio̍h
鴟鴞,覓鴞,bā-hio̍h
麻藥,痲藥,bâ-io̍h
貓兒竹,麻兒竹,bâ-jî-tik/bâ-lî-tik
貓兒竹,貓猊竹,bâ-jî-tik/bâ-lî-tik
麻痺,痲痺,bâ-pì
麻醉,痲醉,bâ-tsuì
肉羹,肉焿,bah-kenn/bah-kinn
肉跤仔,肉骹仔,bah-kha-á
肉跤仔,肉腳仔,bah-kha-á
肉乾,肉干,bah-kuann
肉圓,肉丸,bah-uân
䆀才,鄙才,bái-tsâi
䆀才,僫材,bái-tsâi
䆀才,孬材,bái-tsâi
䆀手,僫手,bái-tshiú
目空,目孔,ba̍k-khang
目空赤,目孔赤,ba̍k-khang-tshiah
目睭,目珠,ba̍k-tsiu
目睭仁,目珠仁,ba̍k-tsiu-jîn/ba̍k-tsiu-lîn
目睭皮,目珠皮,ba̍k-tsiu-phuê/ba̍k-tsiu-phê
挽喙齒,挽嘴齒,bán tshuì-khí
屘囝,屘子,ban-kiánn
蠻皮,慢皮,bân-phuê/bân-phê
蠓,蚊,báng
蠓仔,蚊仔,báng-á
蠓仔香,蚊仔香,báng-á-hiunn
蠓仔水,蚊仔水,báng-á-tsuí
蠓捽仔,蚊捽仔,báng-sut-á
蠓捽仔,蠓摔仔,báng-sut-á
蠓捽仔,蚊摔仔,báng-sut-á
蠓罩,蚊罩,báng-tà
蠓蟲,蚊蟲,báng-thâng
蠓蟲,蠓虫,báng-thâng
蠓蟲,蚊虫,báng-thâng
捌字,識字,bat-jī/bat-lī
㴘,泡,bāu
貿工,𢯾工,bāu-kang
袂按算,𣍐按算,bē àn-sǹg/buē àn-sǹg
袂合,𣍐合,bē ha̍h/buē ha̍h
袂曉衰,𣍐曉衰,bē-hiáu-sue/buē-hiáu-sue
袂和,𣍐和,bē-hô/buē-hô
袂赴市,𣍐赴市,bē-hù-tshī/buē-hù-tshī
袂赴,𣍐赴,bē-hù/buē-hù
袂用得,𣍐用得,bē-īng-tit/buē-īng-tit
袂堪得,𣍐堪得,bē-kham-tit/buē-kham-tit
袂磕得,𣍐磕得,bē-kha̍p--tit/buē-kha̍p--tit
袂記得,𣍐記得,bē-kì-tit/buē-kì-tit
袂見笑,𣍐見笑,bē-kiàn-siàu/buē-kiàn-siàu
袂講得,𣍐講得,bē-kóng-tit/buē-kóng-tit
袂使得,𣍐使得,bē-sái-tit/buē-sái-tit
袂使,𣍐使,bē-sái/buē-sái
袂收山,𣍐收山,bē-siu-suann/buē-siu-suann
袂輸講,𣍐輸講,bē-su-kóng/buē-su-kóng
袂輸,𣍐輸,bē-su/buē-su
袂當,袂凍,bē-tàng/buē-tàng
袂得過,𣍐得過,bē-tit kuè/buē-tit kè
袂直,𣍐直,bē-ti̍t/buē-ti̍t
袂食袂睏,𣍐食𣍐睏,bē-tsia̍h-bē-khùn/buē-tsia̍h-buē-khùn
袂食袂睏,袂噍𣍐睏,bē-tsia̍h-bē-khùn/buē-tsia̍h-buē-khùn
袂食袂睏,袂吃袂睏,bē-tsia̍h-bē-khùn/buē-tsia̍h-buē-khùn
袂,𣍐,bē/buē
欲暗仔,要暗仔,beh-àm-á/bueh-àm-á
欲哭欲𥍉,要哭要𥍉,beh-khàu-beh-nih/bueh-khàu-bueh-nih
欲哭欲𥍉,卜哭卜𥍉,beh-khàu-beh-nih/bueh-khàu-bueh-nih
欲呢,要呢,beh-nî/bueh-nî
欲死欲活,要死要活,beh-sí-beh-ua̍h/bueh-sí-bueh-ua̍h
欲知,要知,beh-tsai/bueh-tsai
眯,瞇,bî
美國塗豆,美國土豆,Bí-kok-thôo-tāu
米粩,米荖,bí-láu
米粩,米佬,bí-láu
米奶,米乳,bí-ling/bí-ni
米芳,米香,bí-phang
米潘,米䊩,bí-phun
米蟲,米虫,bí-thâng
米攕,米扦,bí-tshiám
免數想,免賬想,bián siàu-siūnn
覕,匿,bih
覕,宓,bih
覕雨,匿雨,bih-hōo
覕相揣,覕相找,bih-sio-tshuē/bih-sio-tshē
覕相揣,匿相揣,bih-sio-tshuē/bih-sio-tshē
覕相揣,匿相找,bih-sio-tshuē/bih-sio-tshē
篾蓆,篾𥱊,bi̍h-tshio̍h
覕喙,匿嘴,bih-tshuì
覕喙,匿喙,bih-tshuì
覕喙,覕嘴,bih-tshuì
抿,笢,bín
抿,刡,bín
抿仔,刡仔,bín-á
明仔載,明仔再,bîn-á-tsài
明仔載,明仔哉,bîn-á-tsài
明仔載,明旦載,bîn-á-tsài
敏豆,閔豆,bín-tāu
廟埕,廟庭,biō-tiânn
沕,密,bi̍t
無毋著,無不對,bô m̄-tio̍h
無議量,無藝量,bô-gī-niū
無影無跡,無影無迹,bô-iánn-bô-tsiah
無閒,無閑,bô-îng
無較縒,無較差,bô-khah-tsua̍h
無氣,無喟,bô-khuì
無人緣,無儂緣,bô-lâng-iân
無時閒,無時閑,bô-sî-îng
無啥物,無啥乜,bô-siánn-mih
無啥物,無啥麼,bô-siánn-mih
無心情,無心成,bô-sim-tsîng
無代無誌,無事無志,bô-tāi-bô-tsì
無張持,無張除,bô-tiunn-tî
無彩,無采,bô-tshái
無彩工,無采工,bô-tshái-kang
沐沐泅,沒沒囚,bo̍k-bo̍k-siû
木心枋,木心板,bo̍k-sim-pang
雺,濛,bông
雺,茫,bông
雺霧,濛霧,bông-bū
雺霧,茫霧,bông-bū
某,姥,bóo
某囝,某子,bóo-kiánn
某乜人,某物人,bóo-mí-lâng
某乜人,某乜儂,bóo-mí-lâng
某乜人,某物儂,bóo-mí-lâng
某大姊,某大姐,bóo-tuā-tsí
拇,母,bú
母仔囝,母仔子,bú-á-kiánn
母囝椅,母子椅,bú-kiánn-í
末趁,沒趁,bua̍t-thàn
尾仔囝,尾仔子,bué-á-kiánn/bé-á-kiánn
尾蝶,尾蛾,bué-ia̍h/bé-ia̍h
尾蝶,美蝶,bué-ia̍h/bé-ia̍h
尾脽,尾錐,bué-tsui/bé-tsui
襪仔,袜仔,bue̍h-á
文光尺,門公尺,bûn-kong-tshioh
挨絃仔,挨弦仔,e hiân-á
下暗,兮暗,e-àm
鞋抿仔,鞋笢仔,ê-bín-á/uê-bín-á
鞋抿仔,鞋刡仔,ê-bín-á/uê-bín-á
下昏,兮昏,e-hng
下昏暗,兮昏暗,e-hng-àm
下跤,下骹,ē-kha
下跤,下腳,ē-kha
下跤手人,下跤手儂,ē-kha-tshiú-lâng
下跤手人,下骹手儂,ē-kha-tshiú-lâng
下跤手人,下腳手儂,ē-kha-tshiú-lâng
挨粿,挨餜,e-kué/e-ké
矮人,矮儂,é-lâng/ué-lâng
下晡,兮晡,ē-poo
會當,會凍,ē-tàng
下晝,兮晝,ē-tàu
下早仔,今早仔,e-tsái-á
呃,噎,eh
𠢕,賢,gâu
𠢕,爻,gâu
𠢕人,𠢕儂,gâu-lâng
𠢕人,賢儂,gâu-lâng
𠢕人,賢人,gâu-lâng
𠢕早,賢早,gâu-tsá
嚙,囓,gè
攑,揭,gia̍h
攑,舉,gia̍h
攑,擧,gia̍h
攑箸,舉箸,gia̍h tī/gia̍h tū
攑箸,擧箸,gia̍h tī/gia̍h tū
攑旗軍仔,揭旗軍仔,gia̍h-kî-kun-á
攑旗軍仔,舉旗軍仔,gia̍h-kî-kun-á
攑旗軍仔,擧旗軍仔,gia̍h-kî-kun-á
攑懸,舉懸,gia̍h-kuân
攑懸,擧懸,gia̍h-kuân
攑頭,舉頭,gia̍h-thâu
攑頭,擧頭,gia̍h-thâu
攑頭香,揭頭香,gia̍h-thâu-hiunn
攑頭香,舉頭香,gia̍h-thâu-hiunn
攑頭香,擧頭香,gia̍h-thâu-hiunn
攑手,舉手,gia̍h-tshiú
攑手,擧手,gia̍h-tshiú
言詞,言辭,giân-sû
鋏仔,夾仔,giap-á
蠍仔,蝎仔,giat-á
砛,岒,gîm
砛,岑,gîm
砛,坅,gîm
砛仔,岒仔,gîm-á
砛仔,岑仔,gîm-á
砛仔,坅仔,gîm-á
錦痀,顉痀,gìm-ku
錦痀,趛痀,gìm-ku
砛簷,岑簷,gîm-tsînn
砛簷,岒簷,gîm-tsînn
砛簷,坅簷,gîm-tsînn
囡仔,囝仔,gín-á
囡仔款,囝仔款,gín-á-khuán
囡仔人,囡仔儂,gín-á-lâng
蟯桮,蟯篦,giô-pue
戇,怣,gōng
戇戇,怣怣,gōng-gōng
戇人,戇儂,gōng-lâng
戇人,怣儂,gōng-lâng
戇人,怣人,gōng-lâng
戇神,怣神,gōng-sîn
戇想,怣想,gōng-siūnn
戇呆,戇獃,gōng-tai
戇呆,怣獃,gōng-tai
戇呆,怣呆,gōng-tai
戇膽,怣膽,gōng-tánn
戇頭戇面,怣頭怣面,gōng-thâu-gōng-bīn
戇直,怣直,gōng-ti̍t
戇大呆,怣大呆,gōng-tuā-tai
戇大呆,戇大獃,gōng-tuā-tai
戇大呆,怣大獃,gōng-tuā-tai
戇話,怣話,gōng-uē
牛仔囝,牛仔子,gû-á-kiánn
牛犅,牛牨,gû-káng
牛𡳞脬檨,牛膦脬檨,gû-lān-pha-suāinn
牛奶粉,牛乳粉,gû-ling-hún/gû-ni-hún
牛奶色,牛乳色,gû-ling-sik/gû-ni-sik
牛奶糖,牛乳糖,gû-ling-thn̂g/gû-ni-thn̂g
牛奶喙仔,牛乳喙仔,gû-ling-tshuì-á/gû-ni-tshuì-á
牛奶喙仔,牛奶嘴仔,gû-ling-tshuì-á/gû-ni-tshuì-á
牛奶喙仔,牛乳嘴仔,gû-ling-tshuì-á/gû-ni-tshuì-á
牛奶,牛乳,gû-ling/gû-ni
牛捽仔,牛摔仔,gû-sut-á
牛牢,牛椆,gû-tiâu
牛牢,牛稠,gû-tiâu
牛喙罨,牛喙籠,gû-tshuì-am
牛喙罨,牛嘴罨,gû-tshuì-am
牛喙罨,牛嘴籠,gû-tshuì-am
偌,若,guā
偌,外,guā
外人,外儂,guā-lâng
外媽,外嬤,guā-má
月內風,月內瘋,gue̍h-lāi-hong/ge̍h-lāi-hong
孝尾囝,孝尾子,hà-bué-kiánn/hà-bé-kiánn
箬,笚,ha̍h
哈唏,哈肺,hah-hì
海湧,海泳,hái-íng
海虼蚻,海虼蠽,hái-ka-tsua̍h
海虼蚻,海虼蠘,hái-ka-tsua̍h
海虼蚻,海加絕,hái-ka-tsua̍h
海沙埔,海砂埔,hái-sua-poo
害蟲,害虫,hāi-thâng
唉,哎,haih
蓄厝,蓄茨,hak-tshù
譀,䫲,hàm
譀,幻,hàm
譀,泛,hàm
譀鏡,泛鏡,hàm-kiànn
譀浡,泛浮,hàm-phu̍h
譀浡,䫲浡,hàm-phu̍h
番薯仔囝,番薯仔子,han-tsî-á-kiánn/han-tsû-á-kiánn
番薯箍,蕃薯箍,han-tsî-khoo/han-tsû-khoo
番薯簽,蕃薯簽,han-tsî-tshiam/han-tsû-tshiam
番薯簽,蕃薯籤,han-tsî-tshiam/han-tsû-tshiam
番薯簽,番薯籤,han-tsî-tshiam/han-tsû-tshiam
番薯,番藷,han-tsî/han-tsû
番薯,蕃薯,han-tsî/han-tsû
番薯,蕃藷,han-tsî/han-tsû
欱,哈,hap
合喙,合嘴,ha̍p-tshuì
吼,哮,háu
鱟桸,鱟杓,hāu-hia
鱟桸,鱟瓠,hāu-hia
鱟𣁳仔,鱟戛仔,hāu-khat-á
孝呆,孝獃,hàu-tai
蝦蛄擗仔,蝦蛄拍仔,hê-koo-phia̍k-á
痚呴嗽,蝦龜嗽,he-ku-sàu
桸,杓,hia
桸,瓠,hia
瓦窯,瓦窰,hiā-iô
瓦厝,瓦茨,hiā-tshù
遐爾,許呢,hiah-nī
遐爾,赫爾,hiah-nī
遐爾,遐呢,hiah-nī
遐爾仔,遐呢仔,hiah-nī-á
薟,馦,hiam
薟薑仔,辛薑仔,hiam-kiunn-á
搟,撼,hián
絃仔,弦仔,hiân-á
現流仔,現撈仔,hiān-lâu-á
顯目,炫目,hiánn-ba̍k
燃火,烆火,hiânn-hué/hiânn-hé
兄弟姊妹,兄弟姐妹,hiann-tī-tsí-muē/hiann-tī-tsí-bē
燃柴,烆柴,hiânn-tshâ
燃水,烆水,hiânn-tsuí
僥倖錢,嬈倖錢,hiau-hīng-tsînn
嬈花,嬲花,hiâu-hue
囂俳,嬈俳,hiau-pai
藃蟶,僥蟶,hiauh-than
藃蟶,翹坦,hiauh-than
欣羨,歆羨,him-siān
還數,還賬,hîng siàu
耳空吼,耳孔吼,hīnn-khang-háu/hī-khang-háu
耳空吼,耳空哮,hīnn-khang-háu/hī-khang-háu
耳空輕,耳孔輕,hīnn-khang-khin/hī-khang-khin
耳空鬼仔,耳孔鬼仔,hīnn-khang-kuí-á/hī-khang-kuí-á
耳空重,耳孔重,hīnn-khang-tāng/hī-khang-tāng
耳空,耳孔,hīnn-khang/hī-khang
歇睏,歇困,hioh-khùn
兇,凶,hiong
香港跤,香港骹,hiong-káng-kha
香港跤,香港腳,hiong-káng-kha
兇狂,凶狂,hiong-kông
翕,熻,hip
翕相,翕像,hip-siòng
翕相機,翕像機,hip-siòng-ki
翕相館,翕像館,hip-siòng-kuán
彼款,迄款,hit khuán
彼擺,迄擺,hit pái
彼爿,彼旁,hit pîng
彼爿,迄旁,hit pîng
彼爿,迄爿,hit pîng
彼跡,迄跡,hit-jiah/hit-liah
彼號,迄號,hit-lō
彼時,迄時,hit-sî
彼搭,迄搭,hit-tah
彼站,迄暫,hit-tsām
彼一日,迄一日,hit-tsi̍t-ji̍t/hit-tsi̍t-li̍t
彼陣,彼瞬,hit-tsūn
彼陣,迄陣,hit-tsūn
彼陣,迄瞬,hit-tsūn
香烌,香灰,hiunn-hu
香櫞瓜,香圓瓜,hiunn-înn-kue
香跤,香腳,hiunn-kha
噷噷,默默,hm̍h-hm̍h
好唯是,好惟是,hó-bî-sī
好唯是,好未是,hó-bî-sī
好唯是,好味是,hó-bî-sī
好額人,好額儂,hó-gia̍h-lâng
好好人,好好儂,hó-hó-lâng
好佳哉,好嘉哉,hó-ka-tsài
好佳哉,好佳在,hó-ka-tsài
好空,好孔,hó-khang
好囝,好子,hó-kiánn
好死毋死,好死不死,hó-sí-m̄-sí
好喙,好嘴,hó-tshuì
好喙斗,好嘴斗,hó-tshuì-táu
復原,復元,ho̍k-guân
服侍,服祀,ho̍k-sāi
復習,複習,ho̍k-si̍p
揈,封,hong
風湧,風泳,hong-íng
風飛沙,風飛砂,hong-pue-sua
風溼,風濕,hong-sip
封頭壁,風頭壁,hong-thâu-piah
風吹輪,風吹輾,hong-tshue-lián/hong-tshe-lián
封喙,封嘴,hong-tshuì
風喙口,風嘴口,hong-tshuì-kháu
予,互,hōo
唬,虎,hóo
唬人,虎人,hóo--lâng
雨幔,雨𧜞,hōo-mua
戽杓,戽桸,hòo-sia̍h
胡蠅,葫蠅,hôo-sîn
胡蠅拍仔,胡蠅打仔,hôo-sîn-phah-á
胡蠅拍仔,胡蠅扑仔,hôo-sîn-phah-á
戶橂,戶定,hōo-tīng
戶橂,戶閬,hōo-tīng
拊,撫,hú
烌,灰,hu
婦人人,婦人儂,hū-jîn-lâng/hū-lîn-lâng
喝玲瑯,喝玲瓏,huah-lin-long
番仔幔,蕃仔幔,huan-á-mua
番仔幔,番仔𧜞,huan-á-mua
番仔幔,蕃仔𧜞,huan-á-mua
犯人,犯儂,huān-lâng
凡勢,犯勢,huān-sè
番社,蕃社,huan-siā
番顛,蕃顛,huan-tian
翻轉年,返當年,huan-tńg-nî
販厝,販茨,huàn-tshù
扞,按,huānn
扞,捍,huānn
扞家,按家,huānn-ke
扞家,捍家,huānn-ke
扞盤,按盤,huānn-puânn
扞盤,捍盤,huānn-puânn
扞數,捍數,huānn-siàu
扞數,扞賬,huānn-siàu
扞數,捍賬,huānn-siàu
扞頭,按頭,huānn-thâu
扞頭,捍頭,huānn-thâu
扞鼎灶,捍鼎灶,huānn-tiánn-tsàu
扞鼎灶,按鼎灶,huānn-tiánn-tsàu
罰徛,罰企,hua̍t-khiā
罰徛,罰豎,hua̍t-khiā
發粿,發餜,huat-kué/huat-ké
花袂牢枝,花袂稠枝,hue-bē-tiâu-ki/hue-buē-tiâu-ki
花袂牢枝,花𣍐牢枝,hue-bē-tiâu-ki/hue-buē-tiâu-ki
花袂牢枝,花𣍐稠枝,hue-bē-tiâu-ki/hue-buē-tiâu-ki
花血,花纈,hue-hiat
回覆,回復,huê-hok/hê-hok
火薰,火熏,hué-hun/hé-hun
火薰,火煙,hué-hun/hé-hun
灰窯,灰窰,hue-iô
火金蛄,火金姑,hué-kim-koo/hé-kim-koo
花彔彔,花菉菉,hue-lok-lok
花莓,花苺,hue-m̂
火燒厝,火燒茨,hué-sio-tshù/hé-sio-tshù
瓷,磁,huî
瓷仔,磁仔,huî-á
瓷仔店,磁仔店,huî-á-tiàm
份,分,hūn
昏去,暈去,hūn--khì
昏倒,暈倒,hūn--tó
昏迷,暈迷,hūn-bê
份額,分額,hūn-gia̍h
薰屎,熏屎,hun-sái
薰屎,煙屎,hun-sái
薰頭,熏頭,hun-thâu
薰頭,煙頭,hun-thâu
薰吹,熏吹,hun-tshue/hun-tshe
薰吹,煙吹,hun-tshue/hun-tshe
拂,㧾,hut
奕,弈,ī
厭𤺪,饜𤺪,ià-siān
蛾仔,蝶仔,ia̍h-á
搤空,挖空,iah-khang
搤空,挖孔,iah-khang
搤空,搤孔,iah-khang
沿,椽,iân
厭氣,嚥氣,iàn-khì
厭氣,燕氣,iàn-khì
緣投,嫣頭,iân-tâu
緣投,嫣投,iân-tâu
夭,殀,iáu
枵,飢,iau
枵,餓,iau
枵飢失頓,餓飢失頓,iau-ki-sit-tǹg
猶閣,猶擱,iáu-koh
猶閣,猶甲,iáu-koh
猶閣咧,抑更咧,iáu-koh teh
猶閣咧,抑甲咧,iáu-koh teh
猶閣咧,猶擱咧,iáu-koh teh
枵過飢,餓過飢,iau-kuè-ki
枵鬼,飢鬼,iau-kuí
枵鬼,餓鬼,iau-kuí
猶毋過,抑毋擱,iáu-m̄-koh
猶毋過,猶不過,iáu-m̄-koh
猶毋過,抑不過,iáu-m̄-koh
枵飽吵,飢飽吵,iau-pá-tshá
枵饞,飢饞,iau-sâi
枵饞,餓饞,iau-sâi
枵饞,枵豺,iau-sâi
夭壽,殀壽,iáu-siū
夭壽仔,殀壽仔,iáu-siū-á
夭壽骨,殀壽骨,iáu-siū-kut
夭壽短命,殀壽短命,iáu-siū-té-miā
枵燥,餓燥,iau-sò
溢奶,呃奶,ik-ling/ik-ni
溢奶,溢乳,ik-ling/ik-ni
溢奶,呃乳,ik-ling/ik-ni
陰桮,陰杯,im-pue
陰鴆,陰沉,im-thim
𪜶,怹,in
允頭路,引頭路,ín-thâu-lōo/ún-thâu-lōo
應喙,應嘴,ìn-tshuì
應喙應舌,應嘴應舌,ìn-tshuì-ìn-tsi̍h
壅田,壅塍,ìng tshân
閒仔話,閑仔話,îng-á-uē
往往,永永,íng-íng
閒工,閑工,îng-kang
閒間,閑間,îng-king
往過,永過,íng-kuè/íng-kè
閒人,閑人,îng-lâng
閒人,閑儂,îng-lâng
閒人,閒儂,îng-lâng
往擺,永擺,íng-pái
閒仙仙,閑仙仙,îng-sian-sian
閒錢,閑錢,îng-tsînn
圓仔粞,圓仔𥽕,înn-á-tshè/înn-á-tshuè
纓纏,絪纏,inn-tînn
纓纏,縈纏,inn-tînn
窯,窰,iô
育囝,育子,io-kiánn
憶著,亄著,it-tio̍h
幽幽仔疼,幽幽仔痛,iu-iu-á-thiànn
幼囝,幼子,iù-kiánn
又閣,又更,iū-koh
又閣,又復,iū-koh
又閣,又擱,iū-koh
幼麵麵,幼咪咪,iù-mī-mī
油蔥粿,油蔥餜,iû-tshang-kué/iû-tshang-ké
油炸粿,油車粿,iû-tsia̍h-kué/iû-tsia̍h-ké
油炸粿,油車餜,iû-tsia̍h-kué/iû-tsia̍h-ké
油炸粿,油炸餜,iû-tsia̍h-kué/iû-tsia̍h-ké
羊犅,羊牨,iûnn-káng
字爿,字旁,jī-pîng/lī-pîng
字勻,字巡,jī-ûn/lī-ûn
惹代誌,惹事志,jiá-tāi-tsì/liá-tāi-tsì
遮閘,遮截,jia-tsa̍h/lia-tsa̍h
爪仔,抓仔,jiáu-á/niáu-á
抓,爪,jiàu/liàu
人家厝仔,人家茨仔,jîn-ke-tshù-á/lîn-ke-tshù-á
人參,人蔘,jîn-sim/lîn-sim
尿桸,尿杓,jiō-hia/liō-hia
尿桸,尿瓠,jiō-hia/liō-hia
尿苴仔,尿敷仔,jiō-tsū-á/liō-tsū-á
入厝,入茨,ji̍p-tshù/li̍p-tshù
鰇魚羹,魷魚焿,jiû-hî-kenn/liû-hû-kinn
鰇魚羹,鰇魚焿,jiû-hî-kenn/liû-hû-kinn
鰇魚,柔魚,jiû-hî/liû-hû
鰇魚,魷魚,jiû-hî/liû-hû
挐氅氅,茹氅氅,jû-tsháng-tsháng/lû-tsháng-tsháng
挐,茹,jû/lû
熱人,熱儂,jua̍h--lâng/lua̍h--lâng
挼,揉,juê/lê
家己,家治,ka-kī
家己人,家治人,ka-kī-lâng
交落身,交落娠,ka-la̍uh-sin
交懍恂,加懍恂,ka-lún-sún
交懍恂,交懍損,ka-lún-sún
交懍恂,加懍損,ka-lún-sún
加擔,椵擔,ka-tann
加擔,枷擔,ka-tann
鉸刀爿,鉸刀旁,ka-to-pîng
佳哉,嘉哉,ka-tsài
加車,枷車,ka-tshia
咬喙,咬嘴,kā-tshuì
咬喙,齩喙,kā-tshuì
加薦仔,茭薦仔,ka-tsì-á/ka-tsù-á
虼蚻,虼蠽,ka-tsua̍h
虼蚻,虼蠘,ka-tsua̍h
虼蚻,加絕,ka-tsua̍h
甲箬笠,甲笚笠,kah-ha̍h-le̍h
甲箬笠,甲籜笠,kah-ha̍h-le̍h
佮意,愜意,kah-ì
佮意,合意,kah-ì
甲是,𢓜是,kah-sī
甲是,徦是,kah-sī
甲是,到是,kah-sī
佮喙,合嘴,kah-tshuì
佮喙,合喙,kah-tshuì
改薰,戒薰,kái-hun
改薰,解薰,kái-hun
𡢃,嫺,kán
𡢃,嫻,kán
艱苦人,艱苦儂,kan-khóo-lâng
姦撟,幹譑,kàn-kiāu
奸詭,奸鬼,kan-kuí
干樂,矸轆,kan-lo̍k
干焦,干但,kan-na
干焦,乾焦,kan-na
干焦,干單,kan-na
干焦,干乾,kan-na
仝,同,kāng
仝,共,kāng
仝沿,同沿,kāng-iân
仝沿,共沿,kāng-iân
仝款,同款,kāng-khuán
仝款,共款,kāng-khuán
工人,工儂,kang-lâng
仝爸各母,同爸各母,kāng-pē-koh-bú
仝心,同心,kāng-sim
仝心,共心,kāng-sim
敢若,假若,kánn-ná
敢若,假那,kánn-ná
敆爐,合爐,kap-lôo
敆作,合作,kap-tsoh
狗蟻,蚼蟻,káu-hiā
厚薰,厚熏,kāu-hun
厚薰,厚煙,kāu-hun
狗空,狗孔,káu-khang
夠氣,夠喟,kàu-khuì
狡怪,狡獪,káu-kuài
猴山仔,猴猻仔,kâu-san--á
狗蝨,狗虱,káu-sat
狗岫,狗巢,káu-siū
厚沙屑,厚砂屑,kāu-sua-sap
到站,甲站,kàu-tsām
厚紙坯,厚紙胚,kāu-tsuá-phue/kāu-tsuá-phe
嫁查某囝,嫁查某子,kè tsa-bóo-kiánn
雞仔囝,雞仔子,ke-á-kiánn/kue-á-kiánn
嫁翁,嫁尪,kè-ang
雞母蟲,雞母虫,ke-bó-thâng/kue-bó-thâng
假𠢕,假賢,ké-gâu
家伙,家賄,ke-hué/ke-hé
雞鵤,雞角,ke-kak/kue-kak
雞跤爪,雞腳爪,ke-kha-jiáu/kue-kha-niáu
雞卷,雞𩜇,ke-kńg/kue-kńg
假仙假觸,假仙假𧰵,ké-sian-ké-tak
假痟,假𤞚,ké-siáu
價數,價賬,kè-siàu
雞牢,雞椆,ke-tiâu/kue-tiâu
雞牢,雞稠,ke-tiâu/kue-tiâu
低厝仔,低茨仔,kē-tshù-á
低厝仔,下茨仔,kē-tshù-á
低厝仔,下厝仔,kē-tshù-á
雞喙變鴨喙,雞嘴變鴨嘴,ke-tshuì piàn ah-tshuì/kue-tshuì piàn ah-tshuì
假喙齒,假嘴齒,ké-tshuì-khí
膎,鮭,kê/kuê
扴味,逆味,ke̍h-bī
哽,骾,kénn
哽,鯁,kénn
經跤經手,經骹經手,kenn-kha-kenn-tshiú/kinn-kha-kinn-tshiú
經跤經手,經腳經手,kenn-kha-kenn-tshiú/kinn-kha-kinn-tshiú
跤,腳,kha
跤,骹,kha
跤,奇,kha
跤仔,骹仔,kha-á
跤仔,腳仔,kha-á
跤後曲,腳後曲,kha-āu-khiau
跤後曲,骹後曲,kha-āu-khiau
跤後蹬,骹後𩨑,kha-āu-tenn
跤後蹬,腳後𩨑,kha-āu-tenn
跤後肚,骹後肚,kha-āu-tóo
跤後肚,腳後肚,kha-āu-tóo
跤麻手痺,腳麻手痺,kha-bâ-tshiú-pì
跤麻手痺,骹麻手痺,kha-bâ-tshiú-pì
跤目,骹目,kha-ba̍k
跤目,腳目,kha-ba̍k
跤模,腳模,kha-bôo
跤模手印,骹模手印,kha-bôo-tshiú-ìn
跤模手印,腳模手印,kha-bôo-tshiú-ìn
跤尾飯,骹尾飯,kha-bué-pn̄g/kha-bé-pn̄g
跤尾飯,腳尾飯,kha-bué-pn̄g/kha-bé-pn̄g
跤尾錢,腳尾錢,kha-bué-tsînn/kha-bé-tsînn
跤尾,骹尾,kha-bué/kha-bé
跤尾,腳尾,kha-bué/kha-bé
敲虎𡳞,敲虎膦,khà-hóo-lān
敲油,扣油,khà-iû
跤跡,跤迹,kha-jiah/kha-liah
跤跡,骹跡,kha-jiah/kha-liah
跤跡,腳跡,kha-jiah/kha-liah
跤枷,骹椵,kha-kê
跤枷,腳椵,kha-kê
跤筋,骹筋,kha-kin/kha-kun
跤筋,腳筋,kha-kin/kha-kun
跤球,骹球,kha-kiû
跤球,腳球,kha-kiû
跤骨,骹骨,kha-kut
跤骨,腳骨,kha-kut
跤來手來,骹來手來,kha-lâi-tshiú-lâi
跤來手來,腳來手來,kha-lâi-tshiú-lâi
跤帛,跤白,kha-pe̍h
跤帛,骹帛,kha-pe̍h
跤帛,腳帛,kha-pe̍h
茭白筍,加白筍,kha-pe̍h-sún
跤縫,骹縫,kha-phāng
跤縫,腳縫,kha-phāng
跤鼻臁,骹鼻臁,kha-phīnn-liâm
跤鼻臁,腳鼻臁,kha-phīnn-liâm
跤步,骹步,kha-pōo
跤步,腳步,kha-pōo
跤捗,腳捗,kha-pôo
跤捗,骹捗,kha-pôo
跤盤,骹盤,kha-puânn
跤盤,腳盤,kha-puânn
跤梢,骹騷,kha-sau
跤梢,腳騷,kha-sau
跤梢間仔,骹踃間仔,kha-sau-king-á
跤梢間仔,腳踃間仔,kha-sau-king-á
跤數,骹數,kha-siàu
跤數,腳色,kha-siàu
跤數,腳賬,kha-siàu
跤液,跤𫟊,kha-sio̍h
跤液,骹液,kha-sio̍h
跤液,腳𫟊,kha-sio̍h
跤踏仔,骹踏仔,kha-ta̍h-á
跤踏仔,腳踏仔,kha-ta̍h-á
跤斗,骹斗,kha-táu
跤斗,腳斗,kha-táu
跤兜,骹兜,kha-tau
跤兜,腳兜,kha-tau
跤兜,腳都,kha-tau
跤底,骹底,kha-té/kha-tué
跤底,腳底,kha-té/kha-tué
跤桶,骹桶,kha-tháng
跤桶,腳桶,kha-tháng
跤頭趺,骹頭窩,kha-thâu-u
跤頭趺,腳頭窩,kha-thâu-u
跤腿,骹腿,kha-thuí
跤腿,腳腿,kha-thuí
跤刀,骹刀,kha-to
跤刀,腳刀,kha-to
跤擋,骹擋,kha-tòng
跤擋,腳擋,kha-tòng
跤肚,骹肚,kha-tóo
跤肚,腳肚,kha-tóo
跤手,骹手,kha-tshiú
跤手,腳手,kha-tshiú
尻川,腳倉,kha-tshng
尻川後話,尻倉後話,kha-tshng-āu-uē
尻川後話,腳倉后話,kha-tshng-āu-uē
尻川口,腳倉口,kha-tshng-kháu
尻川䫌,腳倉䫌,kha-tshng-phué
尻脊,加脊,kha-tsiah
跤尖手幼,骹尖手幼,kha-tsiam-tshiú-iù
跤尖手幼,腳尖手幼,kha-tsiam-tshiú-iù
跤指頭仔,腳指頭仔,kha-tsíng-thâu-á
跤指頭仔,骹指頭仔,kha-tsíng-thâu-á
籗仔,筁仔,khah-á
較停仔,卡停仔,khah-thîng-á
開銷,開消,khai-siau
掮,肩,khainn
麴,麯,khak
殼仔絃,殼仔弦,khak-á-hiân
崁跤,崁骹,khàm-kha
崁跤,崁腳,khàm-kha
歁歁,憨憨,khám-khám
牽闔,牽卡,khan-kha̍h
牽磕,牽卡,khan-kha̍p
牽磕,牽闔,khan-kha̍p
牽抾,牽扱,khan-khioh
牽罟,牽罛,khan-koo
牽龜落湳,牽龜落坔,khan-ku-lo̍h-làm
空縫,孔縫,khang-phāng
空厝間,空茨間,khang-tshù-king
空喙,空嘴,khang-tshuì
空喙,孔喙,khang-tshuì
空喙,孔嘴,khang-tshuì
空喙哺舌,空嘴哺舌,khang-tshuì-pōo-tsi̍h
空喙哺舌,空嘴薄舌,khang-tshuì-pōo-tsi̍h
𣁳,戛,khat
薅,摳,khau
剾皮,刨皮,khau phuê/khau phê
剾皮,摳皮,khau phuê/khau phê
薅草,摳草,khau tsháu
剾仔,刨仔,khau-á
剾仔,摳仔,khau-á
剾風,刨風,khau-hong
剾洗,刨洗,khau-sé/khau-sué
剾洗,刮洗,khau-sé/khau-sué
剾削,刨削,khau-siah
剾削,摳削,khau-siah
剾刀,刨刀,khau-to
剾刀,摳刀,khau-to
剾刀花,刨刀花,khau-to-hue
剾刀花,摳刀花,khau-to-hue
口灶,口竈,kháu-tsàu
契兄,客兄,khè-hiann/khuè-hiann
契囝,契子,khè-kiánn/khuè-kiánn
契爸,契父,khè-pē/khuè-pē
齧,囓,khè/khuè
客人,客儂,Kheh-lâng
𤲍,擠,kheh/khueh
坑崁,坑坎,khenn-khàm/khinn-khàm
齒抿仔,齒刡仔,khí-bín-á
起無空,起無孔,khí-bô-khang
起雄,起兇,khí-hiông
起挐,起茹,khí-jû/khí-lû
起跤,起骹,khí-kha
起跤,起腳,khí-kha
起跤動手,起骹動手,khí-kha-tāng-tshiú
起跤動手,起腳動手,khí-kha-tāng-tshiú
齒觳仔,齒殼仔,khí-khok-á
起痟,起𤞚,khí-siáu
齒戳仔,齒拓仔,khí-thok-á
忌喙,忌嘴,khī-tshuì
徛,企,khiā
欹,迦,khia
徛眉,企眉,khiā-bâi
徛眉,豎眉,khiā-bâi
徛家,豎家,khiā-ke
徛家,企家,khiā-ke
徛起,企起,khiā-khí
徛起,豎起,khiā-khí
徛靈,企靈,khiā-lîng
徛靈,豎靈,khiā-lîng
徛名,企名,khiā-miâ
徛名,豎名,khiā-miâ
徛黃,企黃,khiā-n̂g
徛黃,豎黃,khiā-n̂g
徛票,企票,khiā-phiò
徛票,豎票,khiā-phiò
徛屏,企屏,khiā-pîn
徛屏,豎屏,khiā-pîn
徛泅,企泅,khiā-siû
徛泅,豎泅,khiā-siû
徛台,企台,khiā-tâi
徛頭,企頭,khiā-thâu
徛頭,豎頭,khiā-thâu
徛燈篙,豎燈篙,khiā-ting-ko
徛秋,企秋,khiā-tshiu
欠數,欠賬,khiàm-siàu
掔,摼,khian
芡芳,芡香,khiàn-phang
芡芳,焮芳,khiàn-phang
見天,頏天,khiàn-thian
勥跤,勥骹,khiàng-kha
勥跤,勥腳,khiàng-kha
㾀屎,怯屎,khiap-sái
曲跤,蹺骹,khiau-kha
曲跤,蹺腳,khiau-kha
缺喙,缺嘴,khih-tshuì
克虧,喫虧,khik-khui
襟胸,禽胸,khim-hing
窮分,傾分,khîng-hun
拑,捦,khînn
拑牢牢,捦稠稠,khînn-tiâu-tiâu
抾,卻,khioh
抾,拾,khioh
抾,摭,khioh
抾囡仔,扱囡仔,khioh-gín-á
抾囡仔,拾囝仔,khioh-gín-á
抾恨,扱恨,khioh-hīn/khioh-hūn
抾捔,扱桷,khioh-ka̍k
抾捔,拾擱,khioh-ka̍k
抾捔,抾掬,khioh-ka̍k
抾捔,抾确,khioh-ka̍k
抾客,扱客,khioh-kheh
抾襇,扱襇,khioh-kíng
抾骨,扱骨,khioh-kut
抾骨,拾骨,khioh-kut
抾骨頭,拾骨頭,khioh-kut-thâu
抾骨頭,扱骨頭,khioh-kut-thâu
抾骨頭,卻骨頭,khioh-kut-thâu
抾骨頭,摭骨頭,khioh-kut-thâu
抾拾,扱拾,khioh-si̍p
抾稅,扱稅,khioh-suè/khioh-sè
抾丁錢,卻丁錢,khioh-ting-tsînn
抾丁錢,拾丁錢,khioh-ting-tsînn
抾丁錢,摭丁錢,khioh-ting-tsînn
抾著,扱著,khioh-tio̍h
抾柴,扱柴,khioh-tshâ
抾錢,扱錢,khioh-tsînn
恐喝,恐嚇,khióng-hat
杙,楬,khi̍t
乞食,乞噍,khit-tsia̍h
乞食,乞吃,khit-tsia̍h
乞食琴,乞噍琴,khit-tsia̍h-khîm
乞食琴,乞吃琴,khit-tsia̍h-khîm
搝,扭,khiú
虯,虬,khiû
虯,𧺤,khiû
虯虯,虬虬,khiû-khiû
虯虯,𧺤𧺤,khiû-khiû
搝搝搦搦,扭扭搙搙,khiú-khiú-la̍k-la̍k
虯毛,虬毛,khiû-mn̂g
虯毛,𧺤毛,khiû-mn̂g
噤喙,噤嘴,khiūnn-tshuì
洘旱,涸旱,khó-huānn
可憐代,可憐事,khó-liân-tāi
苛頭,科頭,khô-thâu
擴頭,凸頭,khok-thâu
擴頭,廓頭,khok-thâu
炕,焢,khòng
炕肉,焢肉,khòng-bah
炕肉飯,焢肉飯,khòng-bah-pn̄g
炕窯,焢窰,khòng-iô
吭跤翹,吭骹翹,khōng-kha-khiàu
吭跤翹,吭腳翹,khōng-kha-khiàu
悾歁,悾憨,khong-khám
炕菜頭,焢菜頭,khòng-tshài-thâu
褲跤,褲骹,khòo-kha
褲跤,褲腳,khòo-kha
呼噓仔,呼㗭仔,khoo-si-á
呼噓仔,呼㗭也,khoo-si-á
呼噓仔,呼噓也,khoo-si-á
跍,竘,khû
看袂起,看𣍐起,khuànn-bē-khí/khuànn-buē-khí
看袂上目,看𣍐上目,khuànn-bē-tsiūnn-ba̍k/khuànn-buē-tsiūnn-ba̍k
看人無,看儂無,khuànn-lâng-bô
看破跤手,看破骹手,khuànn-phuà-kha-tshiú
看破跤手,看破腳手,khuànn-phuà-kha-tshiú
架跤,架骹,khuè kha/khè kha
架跤,架腳,khuè kha/khè kha
瘸跤,瘸骹,khuê-kha/khê-kha
瘸跤,瘸腳,khuê-kha/khê-kha
開跤褲,開腳褲,khui-kha-khòo
開跤褲,開骹褲,khui-kha-khòo
氣口,喟口,khuì-kháu
氣力,喟力,khuì-la̍t
開喙,開嘴,khui-tshuì
睏晝,睏罩,khùn-tàu
棋,碁,kî
飢荒,饑荒,ki-hng
棋子,碁子,kî-jí/kî-lí
指指揬揬,指指突突,kí-kí-tu̍h-tu̍h
棋盤,碁盤,kî-puânn
寄跤,寄腳,kià-kha
寄跤,寄骹,kià-kha
寄生蟲,寄生虫,kià-senn-thâng/kià-sinn-thâng
鹹酸苦汫,鹹酸苦𩟗,kiâm-sng-khóo-tsiánn
劍筍,箭筍,kiàm-sún
劍竹,箭竹,kiàm-tik
檢采,檢採,kiám-tshái
檢采,檢彩,kiám-tshái
鹹汫,鹹𩟗,kiâm-tsiánn
堅乾,堅干,kian-kuann
堅巴,堅粑,kian-pa
見笑代,見笑事,kiàn-siàu-tāi
囝,子,kiánn
行袂開跤,行𣍐開腳,kiânn-bē-khui-kha/kiânn-buē-khui-kha
行袂開跤,行𣍐開骹,kiânn-bē-khui-kha/kiânn-buē-khui-kha
囝兒,子兒,kiánn-jî/kiánn-lî
行跤花,行腳花,kiânn-kha-hue
行跤花,行骹花,kiânn-kha-hue
行棋,行碁,kiânn-kî
囝婿,子婿,kiánn-sài
驚生份,驚青份,kiann-senn-hūn/kiann-sinn-hūn
驚生份,驚生分,kiann-senn-hūn/kiann-sinn-hūn
驚生份,驚青分,kiann-senn-hūn/kiann-sinn-hūn
驚死人,驚死儂,kiann-sí-lâng
囝孫,子孫,kiánn-sun
結果擲捒,結果擲搡,kiat-kó-tàn-sak
結果擲捒,結果掞捒,kiat-kó-tàn-sak
結果擲捒,結果掞搡,kiat-kó-tàn-sak
結數,結賬,kiat-siàu
筊,儌,kiáu
筊,徼,kiáu
筊跤,儌跤,kiáu-kha
筊跤,賭腳,kiáu-kha
筊仙,筊先,kiáu-sian
筊岫,筊巢,kiáu-siū
禁氣,禁喟,kìm-khuì
禁喙,禁嘴,kìm-tshuì
今仔日,今旦日,kin-á-ji̍t/kin-á-li̍t
緊跤,緊腳,kín-kha
緊跤,緊骹,kín-kha
根底,根柢,kin-té/kun-tué
近倚,近偎,kīn-uá/kūn-uá
楗,拱,kīng
楗,挭,kīng
襇,襉,kíng
揀食,揀噍,kíng-tsia̍h
揀食,揀吃,kíng-tsia̍h
弓蕉,芎蕉,king-tsio
弓蕉,金蕉,king-tsio
弓蕉油,金蕉油,king-tsio-iû
弓蕉油,芎蕉油,king-tsio-iû
叫毋敢,叫不敢,kiò-m̄-kánn
強欲,強要,kiōng-beh/kiōng-bueh
糾,勼,kiù
勼,丩,kiu
勼跤,勼骹,kiu-kha
勼跤,勼腳,kiu-kha
勼跤勼手,丩跤丩手,kiu-kha-kiu-tshiú
糾筋,縮筋,kiù-kin/kiù-kun
糾筋,勼筋,kiù-kin/kiù-kun
救人,救儂,kiù-lâng
球桮,球篦,kiû-pue
球箠,球棰,kiû-tshuê/kiû-tshê
糾帶,勼帶,kiù-tuà
捲薰,捲熏,kńg-hun
捲薰,捲煙,kńg-hun
貫捾,貫綰,kǹg-kuānn
貫捾,絭捾,kǹg-kuānn
光爍爍,光熠熠,kng-sih-sih
光爍爍,光熾熾,kng-sih-sih
高麗參,高麗蔘,ko-lê-sim
閣,擱,koh
閣,故,koh
胳下空,胳下孔,koh-ē-khang
閣較,更較,koh-khah
閣較,甲較,koh-khah
閣較,閣卡,koh-khah
閣較,擱較,koh-khah
閣再,擱再,koh-tsài
各人,各儂,kok-lâng
各馝,各鱉,kok-pih
講嘐潲話,講嘐韶話,kóng hau-siâu-uē
公媽,公嬤,kong-má
講仙古,講僊古,kóng-sian-kóo
貢糖,摃糖,kòng-thn̂g
講親情,講親成,kóng-tshin-tsiânn
貢丸,摃丸,kòng-uân
罟,罛,koo
罟仔,罛仔,koo-á
古意人,古意儂,kóo-ì-lâng
孤跤手,孤腳手,koo-kha-tshiú
孤跤手,孤骹手,koo-kha-tshiú
過謙,顧謙,kòo-khiam
過謙,故謙,kòo-khiam
孤囝,孤子,koo-kiánn
姑不而將,姑不二將,koo-put-jî-tsiong/koo-put-lî-tsiong
姑不而將,姑不二終,koo-put-jî-tsiong/koo-put-lî-tsiong
枯焦,枯憔,koo-ta
鼓井,古井,kóo-tsénn/kóo-tsínn
姑情,姑成,koo-tsiânn
跔,痀,ku
龜跤,龜骹,ku-kha
龜跤,龜腳,ku-kha
龜龜鱉鱉,龜龜鼈鼈,ku-ku-pih-pih
龜祟,龜綏,ku-sui
韭菜,韮菜,kú-tshài
韭菜花,韮菜花,kú-tshài-hue
割肉,刈肉,kuah-bah
割香,葛香,kuah-hiunn
割金,刈金,kuah-kim
割包,刈包,kuah-pau
懸價,高價,kuân kè
懸山,高山,kuân suann
懸低,高低,kuân-kē
懸低,懸下,kuân-kē
懸低,高下,kuân-kē
管數,管賬,kuán-siàu
懸頂,峘頂,kuân-tíng
懸頂,高頂,kuân-tíng
懸度,高度,kuân-tōo
寒人,寒儂,kuânn--lâng
肝𦟪,肝連,kuann-liân
菅蓁,菅榛,kuann-tsin
跂跤,跂骹,kué kha/ké kha
跂跤,跂腳,kué kha/ké kha
粿仔,餜仔,kué-á/ké-á
粿印,餜印,kué-ìn/ké-ìn
過氣,過喟,kuè-khuì/kè-khuì
過數,過賬,kuè-siàu/kè-siàu
粿粞,餜粞,kué-tshè/ké-tshuè
粿粞,粿𥽕,kué-tshè/ké-tshuè
粿粞,餜𥽕,kué-tshè/ké-tshuè
過喙,過嘴,kuè-tshuì/kè-tshuì
蕨貓,過貓,kueh-niau
挂,罣,kuì
挂,掛,kuì
劌,刲,kuì
規,歸,kui
規个,歸个,kui-ê
規工,歸工,kui-kang
規氣,歸氣,kui-khì
規爿,規旁,kui-pîng
規半晡,歸半晡,kui-puànn-poo
規半晡,歸半埔,kui-puànn-poo
規世人,歸世儂,kui-sì-lâng
貴參參,貴蔘蔘,kuì-som-som
規山坪,歸山坪,kui-suann-phiânn
規陣,歸陣,kui-tīn
𤉙,焄,kûn
滾耍笑,滾爽笑,kún-sńg-tshiò
拳頭拇,拳頭母,kûn-thâu-bú
骨烌,骨灰,kut-hu
骨力,搰力,kut-la̍t
內籬仔,裡籬仔,lāi-lî-á
內媽,內嬤,lāi-má
搦,搙,la̍k
戮空,戮孔,lak-khang
搦權,搙權,la̍k-khuân
慄慄掣,搦搦掣,la̍k-la̍k-tshuah
橐袋仔,簏袋仔,lak-tē-á
湳,坔,làm
湳仔地,坔仔地,làm-á-tē
荏懶,荏爛,lám-nuā
南爿,南旁,lâm-pîng
濫糝,濫摻,lām-sám
荏身,弱身,lám-sin
濫使,亂使,lām-sú
湳塗,湳土,làm-thôo
湳塗,坔塗,làm-thôo
湳塗,坔土,làm-thôo
湳田,坔田,làm-tshân
淋水,湳水,lâm-tsuí
𡳞,膦,lān
𡳞核,膦核,lān-hu̍t
𡳞核,卵核,lān-hu̍t
𡳞脬,膦脬,lān-pha
𡳞脬,卵葩,lān-pha
𡳞神,膦神,lān-sîn
𡳞𦉎,膦綏,lān-sui
𡳞𦉎,膦嘴,lān-sui
𡳞鳥,膦屌,lān-tsiáu
𡳞鳥,膦鳥,lān-tsiáu
人面,儂面,lâng-bīn
閬月,曠月,làng-gue̍h/làng-ge̍h
人緣,儂緣,lâng-iân
人影,儂影,lâng-iánn
閬工,曠工,làng-kang
人工,儂工,lâng-kang
人客,儂客,lâng-kheh
人人,儂儂,lâng-lâng
閬縫,曠縫,làng-phāng
人頭,儂頭,lâng-thâu
人才,儂才,lâng-tsâi
閬站,曠站,làng-tsām
弄喙花,弄嘴花,lāng-tshuì-hue
佬仔,老仔,láu-á
樓仔厝,樓仔茨,lâu-á-tshù
老番顛,老番癲,lāu-huan-tian
老歲仔,老伙仔,lāu-huè-á/lāu-hè-á
落勾,落交,làu-kau
樓跤,樓骹,lâu-kha
樓跤,樓腳,lâu-kha
老硞硞,老痀痀,lāu-khok-khok
落氣,漏喟,làu-khuì
老人,老儂,lāu-lâng
老人目,老儂目,lāu-lâng-ba̍k
老人斑,老儂斑,lāu-lâng-pan
流瀾,流涎,lâu-nuā
老板,老闆,láu-pán
老爸,老父,lāu-pē
落屎,漏屎,làu-sái
落屎馬,漏屎馬,làu-sái-bé
落屎星,漏屎星,làu-sái-tshenn/làu-sái-tshinn
落杓,漏桸,làu-sia̍h
落翼仔,落翅仔,làu-si̍t-á
老頹,老傫,lāu-thē/lāu-thuē
老頹,老俀,lāu-thē/lāu-thuē
流豬哥瀾,流豬哥涎,lâu-ti-ko-nuā/lâu-tu-ko-nuā
流糍,流餈,lâu-tsî
流糍,流粢,lâu-tsî
老大人,老大儂,lāu-tuā-lâng
腡,螺,lê
你,汝,lí
狸猫,貍貓,lî-bâ
離跤手,離骹手,lī-kha-tshiú
離跤手,離腳手,lī-kha-tshiú
離離落落,哩哩落落,li-li-lak-lak
掠枵,掠飢,lia̍h-iau
掠枵,掠餓,lia̍h-iau
掠龜走鱉,掠龜走鼈,lia̍h-ku-tsáu-pih
唸,念,liām
連鞭,臨邊,liâm-mi
黏塗,粘土,liâm-thôo
黏塗,粘塗,liâm-thôo
拈田嬰,拈田𧉅,liam-tshân-enn/liam-tshân-inn
念咒,唸咒,liām-tsiù
念珠,唸珠,liām-tsu
輪仔,輾仔,lián-á
輪框,輾框,lián-khing
撚寶,捻寶,lián-pó
練痟話,練𤞚話,liān-siáu-uē
連紲,連續,liân-suà
輾轉,輪轉,liàn-tńg
撚鑽,捻鑽,lián-tsǹg
攝屎,懾屎,liap-sái
料想袂到,料想𣍐到,liāu-sióng-bē-kàu/liāu-sióng-buē-kàu
啉,飲,lim
啉茶,飲茶,lim tê
啉酒,飲酒,lim tsiú
啉水,飲水,lim tsuí
臨時臨曜,臨時臨要,lîm-sî-lîm-iāu
啉酒醉,飲酒醉,lim-tsiú-tsuì
奶母車,乳母車,ling-bú-tshia/ni-bú-tshia
奶母,乳母,ling-bú/ni-bú
奶癌,乳癌,ling-gâm/ni-gâm
奶帕仔,乳帕仔,ling-phè-á/ni-phè-á
奶頭,乳頭,ling-thâu/ni-thâu
靈厝,靈茨,lîng-tshù
奶喙仔,乳喙仔,ling-tshuì-á/ni-tshuì-á
奶喙仔,奶嘴仔,ling-tshuì-á/ni-tshuì-á
奶喙仔,乳嘴仔,ling-tshuì-á/ni-tshuì-á
鈕,紐,liú
鈕鈕仔,紐紐仔,liú liú-á
鈕鈕仔,紐鈕仔,liú liú-á
鈕鈕仔,鈕紐仔,liú liú-á
鈕仔,紐仔,liú-á
鈕仔空,紐仔空,liú-á-khang
鈕仔空,鈕仔孔,liú-á-khang
鈕仔空,紐仔孔,liú-á-khang
餾粿,餾餜,liū-kué/liū-ké
扭搦,扭搙,liú-la̍k
柳丁,柳橙,liú-ting
柳丁汁,柳橙汁,liú-ting-tsiap
躼,軂,lò
叨,嘮,lo
躼跤仔,躼骹仔,lò-kha-á
躼跤仔,躼腳仔,lò-kha-á
躼跤蠓,軂腳蚊,lò-kha-báng
落跤氣,落骹氣,lo̍h-kha-khì
落跤氣,落腳氣,lo̍h-kha-khì
落湳,落坔,lo̍h-làm
落塗,落土,lo̍h-thôo
落妝,落粧,lo̍h-tsng
橐仔,簏仔,lok-á
漉糊糜,路糊糜,lo̍k-kôo-muê/lo̍k-kôo-bê
漉喙,摝喙,lo̍k-tshuì
挵,撞,lòng
挵鼓,撞鼓,lòng kóo
挵門,撞門,lòng mn̂g
挵鐘,撞鐘,lòng tsing
挵破,撞破,lòng-phuà
𢲸,櫓,lōo
滷,魯,lóo
滷肉飯,魯肉飯,lóo-bah-pn̄g
蕗蕎,蕗藠,lōo-giō
硓𥑮石,咾咕石,lóo-kóo-tsio̍h
路邊擔仔,路邊担仔,lōo-pinn-tànn-á
路沖,路衝,lōo-tshiong
攄塗機,攄土機,lu-thôo-ki
亂操操,亂吵吵,luān-tshau-tshau
癗,瘤,luî
毋,不,m̄
毋,呣,m̄
毋,唔,m̄
毋捌,不捌,m̄ bat
毋好,不好,m̄ hó
毋好勢,不好勢,m̄ hó-sè
毋甘願,不甘願,m̄ kam-guān
毋敢,呣敢,m̄ kánn
毋敢,不敢,m̄ kánn
毋驚,不驚,m̄ kiann
毋知,不知,m̄ tsai
毋知影,不知影,m̄ tsai-iánn
毋免,不免,m̄-bián
毋願,不願,m̄-guān
毋甘嫌,不甘嫌,m̄-kam hiâm
毋過,毋閣,m̄-koh
毋過,不過,m̄-koh
毋但,不但,m̄-nā
毋但,不爾,m̄-nā
毋但,毋爾,m̄-nā
毋是款,不是款,m̄-sī-khuán
毋是款,呣是款,m̄-sī-khuán
毋是款,唔是款,m̄-sī-khuán
毋是勢,不是勢,m̄-sī-sè
毋挃,不挃,m̄-ti̍h
毋著,不著,m̄-tio̍h
毋知人,毋知儂,m̄-tsai-lâng
毋知人,不知人,m̄-tsai-lâng
毋知人,不知儂,m̄-tsai-lâng
毋知死,不知死,m̄-tsai-sí
毋成,不成,m̄-tsiânn
毋成囡仔,不成囡仔,m̄-tsiânn-gín-á
毋成樣,不成樣,m̄-tsiânn-iūnn
毋成猴,不成猴,m̄-tsiânn-kâu
毋成囝,不成囝,m̄-tsiânn-kiánn
毋成囝,毋成子,m̄-tsiânn-kiánn
毋成囝,不成子,m̄-tsiânn-kiánn
毋成人,毋成儂,m̄-tsiânn-lâng
毋成人,不成人,m̄-tsiânn-lâng
毋成人,不成儂,m̄-tsiânn-lâng
毋成物,不成物,m̄-tsiânn-mi̍h/m̄-tsiânn-mn̍gh
毋情願,不情願,m̄-tsîng-guān
毋拄好,不拄好,m̄-tú-hó
嘛欲,嘛要,mā beh/mā bueh
嘛嘛吼,嗎嗎哭,mà-mà-háu
媽祖,嬤祖,Má-tsóo
卯喙,卯嘴,mauh-tshuì
棉裘,綿裘,mî-hiû
棉紗,綿紗,mî-se
物食,物噍,mi̍h-tsia̍h/mn̍gh-tsia̍h
毛跤,毛骹,mn̂g-kha
毛跤,毛腳,mn̂g-kha
門跤口,門骹口,mn̂g-kha-kháu
門跤口,門腳口,mn̂g-kha-kháu
門口埕,門口庭,mn̂g-kháu-tiânn
門圈,門鏲,mn̂g-khian
門喙,門嘴,mn̂g-tshuì
魔神仔,墓神仔,môo-sîn-á
𢯾鼻,抈鼻,mooh-phīnn
𢯾鼻,瘼鼻,mooh-phīnn
幔,𧜞,mua
幔被仔,幪被仔,mua-phuē-á/mua-phē-á
幔被仔,𧜞被仔,mua-phuē-á/mua-phē-á
麻糍,麻粢,muâ-tsî
麻糍,麻餈,muâ-tsî
媒人公,媒儂公,muê-lâng-kong/hm̂-lâng-kong
媒人禮,媒儂禮,muê-lâng-lé/hm̂-lâng-lé
媒人婆,媒儂婆,muê-lâng-pô/hm̂-lâng-pô
媒人喙,媒儂喙,muê-lâng-tshuì/hm̂-lâng-tshuì
媒人喙,媒儂嘴,muê-lâng-tshuì/hm̂-lâng-tshuì
媒人,媒儂,muê-lâng/hm̂-lâng
哪毋,哪不,ná m̄
嚨喉空,嚨喉孔,nâ-âu-khang
林菝仔,林拔仔,ná-pua̍t-á
林投姊仔,林投姐仔,Nâ-tâu-tsí--á
哪著,那著,ná-tio̍h
爁日,爍日,nah-ji̍t/nah-li̍t
躡,企,neh/nih
捥,抁,ńg
向望,映望,ǹg-bāng
黃錦錦,黃扲扲,n̂g-gìm-gìm
黃酸,黃痠,n̂g-sng
硬喙,硬嘴,ngē-tshuì/ngī-tshuì
擽,搔,ngiau
𩵱仔,午仔,ngóo-á
爾爾,耳耳,niā-niā
鳥鼠擗仔,老鼠擗仔,niáu-tshí-phia̍k-á/niáu-tshú-phia̍k-á
鳥鼠觸仔,老鼠觸仔,niáu-tshí-tak-á/niáu-tshú-tak-á
𥍉目,瞬目,nih-ba̍k
娘𡢃,娘嫺,niû-kán
娘𡢃,娘嫻,niû-kán
娘嬭,娘奶,niû-lé
梁柱,樑柱,niû-thiāu
軁狗空仔,軁狗孔仔,nǹg-káu-khang-á
軟跤,軟骹,nńg-kha
軟跤,軟腳,nńg-kha
軟跤蝦,軟腳蝦,nńg-kha-hê
軟塗深掘,軟土深掘,nńg-thôo-tshim-ku̍t
軟汫,軟孱,nńg-tsiánn
軁錢空,趡錢孔,nǹg-tsînn-khang
卵蛋,卵端,nn̄g-tuann
瀾垂,涎垂,nuā-sê
爛塗,爛土,nuā-thôo
爛塗糜,爛土糜,nuā-thôo-muê/nuā-thôo-bê
蚵,蠔,ô
蚵仔,蠔仔,ô-á
蚵仔煎,蠔仔煎,ô-á-tsian
呵咾,阿咾,o-ló
呵咾,謳咾,o-ló
蚵炱,蚵嗲,ô-te
蚵炱,蠔炱,ô-te
學人,學儂,o̍h--lâng
惡人,惡儂,ok-lâng
王梨,鳳萊,ông-lâi
王梨酥,鳳萊酥,ông-lâi-soo
烏鴉喙,烏鴉嘴,oo-a-tshuì
烏蝛,烏微,oo-bui
烏昏,烏荒,oo-hng
挖空,挖孔,óo-khang/ué-khang
芋粿曲,芋餜蹺,ōo-kué-khiau/ōo-ké-khiau
芋粿,芋餜,ōo-kué/ōo-ké
烏人,烏儂,oo-lâng
烏魯木齊,烏魯沐債,oo-lóo-bo̍k-tsè
烏魯木齊,烏漉沐漬,oo-lóo-bo̍k-tsè
烏貓姊仔,烏貓姐仔,oo-niau-tsí--á
烏枋,烏板,oo-pang
烏枋拭仔,烏板拭仔,oo-pang-tshit-á
烏鉎,烏鏥,oo-sian
烏焦瘦,烏乾瘦,oo-ta-sán
烏焦瘦,烏乾㾪,oo-ta-sán
烏焦瘦,烏焦㾪,oo-ta-sán
烏糖粿,烏糖餜,oo-thn̂g-kué/oo-thn̂g-ké
挖塗,挖土,óo-thôo/ué-thôo
烏喙筆仔,烏嘴筆仔,oo-tshuì-pit-á
烏真珠,烏珍珠,oo-tsin-tsu
飽呃,飽噎,pá-eh
巴郎,巴攏,pa-lang
飽滇,飽淀,pá-tīnn
百百空,百百孔,pah-pah-khang
拜公媽,拜公嬤,pài kong-má
跛跤,跛骹,pái-kha
跛跤,跛腳,pái-kha
縛跤,縛骹,pa̍k-kha
縛跤,縛腳,pa̍k-kha
縛跤縛手,縛骹縛手,pa̍k-kha-pa̍k-tshiú
縛跤縛手,縛腳縛手,pa̍k-kha-pa̍k-tshiú
北爿,北旁,pak-pîng
腹肚枵,腹肚飢,pak-tóo-iau
腹肚枵,腹肚餓,pak-tóo-iau
斑鴿,斑甲,pan-kah
枋,板,pang
枋仔,板仔,pang-á
枋模,板模,pang-bôo
放數,放賬,pàng-siàu
枋堵,板堵,pang-tóo
菝仔票,芭仔票,pa̍t-á-phiò
八字跤,八字骹,pat-jī-kha/pat-lī-kha
八字跤,八字腳,pat-jī-kha/pat-lī-kha
別人,別儂,pa̍t-lâng
爸母,父母,pē-bú
爸老囝幼,父老子幼,pē-lāu-kiánn-iù
爸老囝幼,爸老子幼,pē-lāu-kiánn-iù
爸老囝幼,父老囝幼,pē-lāu-kiánn-iù
扒飯,𢻷飯,pe-pn̄g
白跤蹄,白骹蹄,pe̍h-kha-tê
白跤蹄,白腳蹄,pe̍h-kha-tê
𬦰懸𬦰低,𬦰高𬦰下,peh-kuân-peh-kē
白鑠鑠,白晰晰,pe̍h-siak-siak
白頭鵠仔,白頭殼仔,pe̍h-thâu-khok-á
白汫無味,白𩟗無味,pe̍h-tsiánn-bô-bī
平洋,平陽,pênn-iûnn/pînn-iûnn
病囝,病子,pēnn-kiánn/pīnn-kiánn
病人,病儂,pēnn-lâng/pīnn-lâng
病疼,病痛,pēnn-thiànn/pīnn-thiànn
拍金仔,打金仔,phah kim-á
拍金仔,扑金仔,phah kim-á
拍拳頭,扑拳頭,phah kûn-thâu
拍賣,打賣,phah-bē/phah-buē
拍賣,扑賣,phah-bē/phah-buē
拍無去,打無去,phah-bô--khì
拍無去,扑無去,phah-bô--khì
拍某菜,打某菜,phah-bóo-tshài
拍某菜,扑姥菜,phah-bóo-tshài
拍某菜,拍姆菜,phah-bóo-tshài
拍呃,拍嗝,phah-eh
拍呃,拍噎,phah-eh
拍呃,打呃,phah-eh
拍火,打火,phah-hué/phah-hé
拍火,扑火,phah-hué/phah-hé
拍字機,打字機,phah-jī-ki/phah-lī-ki
拍字機,扑字機,phah-jī-ki/phah-lī-ki
拍交落,扑交落,phah-ka-la̍uh
拍交落,打交落,phah-ka-la̍uh
拍結,打結,phah-kat
拍結,扑結,phah-kat
拍結毬,拍結球,phah-kat-kiû
拍結毬,打結球,phah-kat-kiû
拍咳啾,拍交嗆,phah-kha-tshiùnn
拍咳啾,打咳啾,phah-kha-tshiùnn
拍咳啾,扑咳啾,phah-kha-tshiùnn
拍尻川,打尻川,phah-kha-tshng
拍尻川,扑尻川,phah-kha-tshng
拍球,打球,phah-kiû
拍球,扑球,phah-kiû
拍咯雞,打咯雞,phah-ko̍k-ke
拍咯雞,扑咯雞,phah-ko̍k-ke
拍官司,打官司,phah-kuann-si
拍官司,扑官司,phah-kuann-si
拍拳,扑拳,phah-kûn
拍拳,打拳,phah-kûn
拍抐涼,打納涼,phah-lā-liâng
拍抐涼,扑納涼,phah-lā-liâng
拍獵,打獵,phah-la̍h
拍獵,扑獵,phah-la̍h
拍鱗,打麟,phah-lân
拍鱗,扑麟,phah-lân
拍莓,拍苺,phah-m̂
拍毋見,打不見,phah-m̄-kìnn
拍毋見,拍不見,phah-m̄-kìnn
拍麻雀,打麻雀,phah-muâ-tshiok
拍麻雀,扑麻雀,phah-muâ-tshiok
拍派,打派,phah-phài
拍派,扑派,phah-phài
拍歹,打歹,phah-pháinn
拍歹,扑歹,phah-pháinn
拍拍,打拍,phah-phik
拍拍,扑拍,phah-phik
拍噗仔,打噗仔,phah-pho̍k-á
拍噗仔,扑噗仔,phah-pho̍k-á
拍殕仔光,拍䀟仔光,phah-phú-á-kng
拍殕仔光,打殕仔光,phah-phú-á-kng
拍殕仔光,拍普仔光,phah-phú-á-kng
拍破,打破,phah-phuà
拍破,扑破,phah-phuà
拍翸,打翸,phah-phún
拍翸,扑翸,phah-phún
拍拚,打拚,phah-piànn
拍拚,扑拼,phah-piànn
拍拚,扑拚,phah-piànn
拍損,扑損,phah-sńg
拍損,打損,phah-sńg
拍損,打爽,phah-sńg
拍算,扑算,phah-sǹg
拍算,打算,phah-sǹg
拍算盤,打算盤,phah-sǹg-puânn
拍算盤,扑算盤,phah-sǹg-puânn
拍鐵,打鐵,phah-thih
拍鐵,扑鐵,phah-thih
拍鐵仔褲,打鐵仔褲,phah-thih-á-khòo
拍鐵仔褲,扑鐵仔褲,phah-thih-á-khòo
拍鐵仔師,打鐵仔師,phah-thih-á-sai
拍鐵仔師,扑鐵仔師,phah-thih-á-sai
拍通關,打通關,phah-thong-kuan
拍通關,扑通關,phah-thong-kuan
拍斷,扑斷,phah-tn̄g
拍斷,打斷,phah-tn̄g
拍層,打層,phah-tsân
拍層,扑層,phah-tsân
拍生驚,打青驚,phah-tshenn-kiann/phah-tshinn-kiann
拍生驚,扑生驚,phah-tshenn-kiann/phah-tshinn-kiann
拍醒,打醒,phah-tshénn/phah-tshínn
拍醒,扑醒,phah-tshénn/phah-tshínn
拍觸衰,扑觸衰,phah-tshik-sue
拍觸衰,打觸衰,phah-tshik-sue
拍手,打手,phah-tshiú
拍手,扑手,phah-tshiú
拍手銃,打手銃,phah-tshiú-tshìng
拍手銃,扑手銃,phah-tshiú-tshìng
拍喙鼓,打嘴鼓,phah-tshuì-kóo
拍喙鼓,扑喙鼓,phah-tshuì-kóo
拍喙鼓,拍嘴鼓,phah-tshuì-kóo
拍折,打折,phah-tsiat
拍折,扑折,phah-tsiat
拍鳥帽,打鳥帽,phah-tsiáu-bō
拍鳥帽,扑鳥帽,phah-tsiáu-bō
拍種,扑種,phah-tsíng
拍種,打種,phah-tsíng
拍石,打石,phah-tsio̍h
拍石,扑石,phah-tsio̍h
拍石師,打石師,phah-tsio̍h-sai
拍石師,扑石師,phah-tsio̍h-sai
歹空,歹孔,pháinn-khang
歹囝,歹子,pháinn-kiánn
歹人,歹儂,pháinn-lâng
歹扭搦,歹扭搙,pháinn-liú-la̍k
歹命人,歹命儂,pháinn-miā-lâng
歹代,歹事,pháinn-tāi
歹喙,歹嘴,pháinn-tshuì
歹喙斗,歹嘴斗,pháinn-tshuì-táu
歹食,歹噍,pháinn-tsia̍h
歹食,歹吃,pháinn-tsia̍h
歹食,歹呷,pháinn-tsia̍h
芳味,香味,phang-bī
芳粉,香粉,phang-hún
芳貢貢,香烘烘,phang-kòng-kòng
芳貢貢,芳絳絳,phang-kòng-kòng
芳瓜,香瓜,phang-kue
芳料,香料,phang-liāu
蜂岫,蜂巢,phang-siū
芳水,香水,phang-tsuí
冇炭,冇碳,phànn-thuànn
披,帔,phi
披仔,批仔,phi-á
騙囡仔,騙囝仔,phiàn-gín-á
骿支骨,骿肢骨,phiann-ki-kut
骿條,骿膫,phiann-liâu
標致,標緻,phiau-tì
𥰔仔,品仔,phín-á
鼻目喙,鼻目嘴,phīnn-ba̍k-tshuì
鼻空,鼻孔,phīnn-khang
鼻空風,鼻孔風,phīnn-khang-hong
鼻芳,鼻香,phīnn-phang
鼻翼,鼻翅,phīnn-si̍t
膨,胖,phòng
膨椅,肨椅,phòng-í
椪柑,凸柑,phòng-kam
蘋果,蓬果,phông-kó
膨疱,肨泡,phòng-phā
豐沛,豐派,phong-phài
蓬鬆,膨鬆,phōng-song
蓬鬆,唪鬆,phōng-song
碰釘,掽丁,phòng-ting
扶𡳞脬,扶膦脬,phôo-lān-pha
扶挺,扶撑,phôo-thánn
普渡,普度,phóo-tōo
殕,䀟,phú
殕,醭,phú
殕殕,䀟䀟,phú-phú
殕殕,醭醭,phú-phú
殕色,䀟色,phú-sik
殕色,醭色,phú-sik
破柴,剖柴,phuà tshâ
破格喙,破格嘴,phuà-keh-tshuì
破空,破孔,phuà-khang
破鼎,破鐤,phuà-tiánn
袚,佩,phua̍h
袚鍊,珮鏈,phua̍h-liān
袚鍊,斾鍊,phua̍h-liān
批桶,批筒,phue-tháng
坯,胚,phue/phe
呸瀾,呸涎,phuì-nuā
埤,陂,pi
閉思,秘四,pì-sù
壁空,壁孔,piah-khang
煏桌,爆桌,piak-toh
變無撚,變無捻,piàn-bô-lián
變撚,變捻,piàn-lián
便媒人,便媒儂,piān-muê-lâng
拚,拼,piànn
拚暝工,拼暝工,piànn-mê-kang/piànn-mî-kang
拚命,拼命,piànn-miā
拚硬仔,拼硬仔,piànn-ngē-á/piànn-ngī-á
拚勢,拼勢,piànn-sè
拚性命,拼性命,piànn-sènn-miā/piànn-sìnn-miā
拚生死,拼生死,piànn-senn-sí/piànn-sinn-sí
拚生理,拼生理,piànn-sing-lí
拚俗,拼俗,piànn-sio̍k
拚輸贏,拼輸贏,piànn-su-iânn
摒盪,摒蕩,piànn-tn̄g
婊囝,婊子,piáu-kiánn
表姊,表姐,piáu-tsí
撆,襒,pih
撆,彆,pih
撆褲跤,撇褲骹,pih-khòo-kha
撆褲跤,撇褲腳,pih-khòo-kha
撆褲跤,襒褲骹,pih-khòo-kha
撆褲跤,襒褲腳,pih-khòo-kha
撆紮,襒紮,pih-tsah
撆手䘼,襒手䘼,pih-tshiú-ńg
迫倚,迫偎,pik-uá
箅,箄,pín
箅仔,箄仔,pín-á
箅仔骨,骿仔骨,pín-á-kut
鬢跤,鬢骹,pìn-kha
鬢跤,鬢腳,pìn-kha
貧惰,貧憚,pîn-tuānn
貧惰骨,貧憚骨,pîn-tuānn-kut
爿,旁,pîng
反輾轉,反輪轉,píng-liàn-tńg
反輾轉,扳輦轉,píng-liàn-tńg
反爿,反旁,píng-pîng
必,𤿎,pit
必開,𤿎開,pit--khui
必痕,𤿎痕,pit-hûn
必巡,𤿎巡,pit-sûn
必叉,𤿎叉,pit-tshe
筆跡,筆蹟,pit-tsik
飯坩,飯硿,pn̄g-khann
飯匙銃,飯匙倩,pn̄g-sî-tshìng
報鳥鼠仔冤,報老鼠仔冤,pò-niáu-tshí-á-uan/pò-niáu-tshú-á-uan
報數,報賬,pò-siàu
卜面,博面,poh-bīn
噗薰,烞薰,pok-hun
暴穎,爆穎,pok-ínn
暴穎,暴芽,pok-ínn
磅米芳,磅米香,pōng-bí-phang
磅空,磅孔,pōng-khang
碰壁,磅壁,pōng-piah
佈,布,pòo
裒,紨,pôo
補喙齒,補嘴齒,póo tshuì-khí
部份,部分,pōo-hūn
布機,布規,pòo-kui
步輦,步輾,pōo-lián
步頻,暴憑,pōo-pîn
脯脯,痡痡,póo-póo
斧頭,釜頭,póo-thâu
匏桸,匏杓,pû-hia
匏桸,匏瓠,pû-hia
孵岫,孵巢,pū-siū
跋筊,跋繳,pua̍h-kiáu
跋筊,博筊,pua̍h-kiáu
跋筊,博徼,pua̍h-kiáu
跋牌仔,博牌仔,pua̍h-pâi-á
跋歹筊,跋歹徼,pua̍h-pháinn-kiáu
跋歹筊,跋歹儌,pua̍h-pháinn-kiáu
跋歹筊,博歹徼,pua̍h-pháinn-kiáu
跋歹筊,博歹儌,pua̍h-pháinn-kiáu
跋歹筊,博歹筊,pua̍h-pháinn-kiáu
跋桮,跋杯,pua̍h-pue
拔桶,跋桶,pua̍h-tháng
拌蠓仔,拌蚊仔,puānn báng-á
半路師,半路司,puànn-lōo-sai
盤撋,蹣撋,puânn-nuá
半世人,半世儂,puànn-sì-lâng
盤數,盤賬,puânn-siàu
半桶師仔,半桶司仔,puànn-tháng-sai-á
半節,半截,puànn-tsat
搬厝,搬茨,puann-tshù
盤喙錦,盤嘴錦,puânn-tshuì-gím
搬話,盤話,puann-uē
掰,㧳,pué
桮,𤖯,pue
掰會,㧳會,pué-huē/pé-hē
掰開,撥開,pué-khui
掰開,掊開,pué-khui
掰開,擘開,pué-khui
菠薐仔,飛薐仔,pue-lîng-á/pe-lîng-á
掰手面,擘手面,pué-tshiú-bīn
掰手面,撥手面,pué-tshiú-bīn
痱仔,疿仔,puì-á
歕,噴,pûn
歕觱仔,歕嗶仔,pûn pi-á
歕風,噴風,pûn-hong
歕火,噴火,pûn-hué/pûn-hé
本份,本分,pún-hūn
歕雞胿,噴雞胿,pûn-ke-kui/pûn-kue-kui
糞口蟲,糞口虫,pùn-kháu-thâng
畚箕,糞箕,pùn-ki
本人,本儂,pún-lâng
分伻,分平,pun-phenn
分伻,分偏,pun-phenn
糞埽籠,畚掃籠,pùn-sò-láng
糞埽桶,畚掃桶,pùn-sò-tháng
糞埽市場,畚埽市場,pùn-sò-tshī-tiûnn
糞埽車,畚埽車,pùn-sò-tshia
畚斗,糞斗,pùn-táu
不止,不只,put-tsí
沙茶,沙嗲,sa-te
揌,腮,sai
師仔,司仔,sai-á
師傅,師父,sai-hū
私奇,私家,sai-khia
私奇,私敧,sai-khia
司公,師公,sai-kong
西爿,西旁,sai-pîng
屎桮齒,屎篦齒,sái-pue-khí
使喙,使嘴,sái-tshuì
饞食,饞噍,sâi-tsia̍h
饞食,饞吃,sâi-tsia̍h
饞食,豺食,sâi-tsia̍h
捒,搡,sak
捒走,搡走,sak-tsáu
三絃,三弦,sam-hiân
糝粉,摻粉,sám-hún
瘦田,㾪田,sán tshân
瘦肉,㾪肉,sán-bah
散凶,散鄉,sàn-hiong
散凶人,散凶儂,sàn-hiong-lâng
瘦猴,㾪猴,sán-kâu
瘦卑巴,㾪豍羓,sán-pi-pa
瘦抽,㾪抽,sán-thiu
散食人,散赤人,sàn-tsia̍h-lâng
散食人,窮赤人,sàn-tsia̍h-lâng
相佮,相合,sann-kap
相佮,相及,sann-kap
三跤馬,三骹馬,sann-kha-bé
三跤馬,三腳馬,sann-kha-bé
三跤貓,三骹貓,sann-kha-niau
三跤貓,三腳貓,sann-kha-niau
三輪車,三輾車,sann-lián-tshia
虱,蝨,sat
蝨母,虱母,sat-bó
蝨篦,虱篦,sat-pìn
掃塗跤,掃土腳,sàu thôo-kha
掃塗跤,掃塗骹,sàu thôo-kha
掃塗跤,掃塗腳,sàu thôo-kha
梢聲,莦聲,sau-siann
梢聲,嗽聲,sau-siann
梢聲,酥聲,sau-siann
掃帚,掃箒,sàu-tshiú
掃帚星,掃箒星,sàu-tshiú-tshenn/sàu-tshiú-tshinn
西洋人,西洋儂,Se-iûnn-lâng
世間人,世間儂,sè-kan-lâng
細囝,細子,sè-kiánn/suè-kiánn
細粒子,小粒子,sè-lia̍p-tsí/suè-lia̍p-tsí
洗衫枋,洗衫板,sé-sann-pang/sué-sann-pang
世俗人,世俗儂,sè-sio̍k-lâng
洗汰,洗汏,sé-thuā/sué-thuā
洗喙,洗嘴,sé-tshuì/sué-tshuì
梳妝打扮,梳粧打扮,se-tsng-tánn-pān/sue-tsng-tánn-pān
楔,揳,seh
楔,塞,seh
楔後手,揳後手,seh-āu-tshiú
楔空,塞孔,seh-khang
楔空,揳空,seh-khang
楔空,揳孔,seh-khang
楔縫,揳縫,seh-phāng
楔手縫,揳手縫,seh-tshiú-phāng
生仔,鍟仔,senn-á/sinn-á
生份人,生份儂,senn-hūn-lâng/sinn-hūn-lâng
生份人,生分人,senn-hūn-lâng/sinn-hūn-lâng
生份,生分,senn-hūn/sinn-hūn
生份,青份,senn-hūn/sinn-hūn
生份,青分,senn-hūn/sinn-hūn
生囝,生子,senn-kiánn/sinn-kiánn
生菇,生菰,senn-koo/sinn-koo
生鉎,生銹,senn-sian/sinn-sian
生鉎,生鏥,senn-sian/sinn-sian
生鐵,鍟鐵,senn-thih/sinn-thih
生鍋,鍟鍋,senn-ue/sinn-e
死囡仔䖙,死囡仔撐,sí-gín-á-the
四跤仔,四骹仔,sì-kha-á
四跤仔,四腳仔,sì-kha-á
四跤仔泅,四骹仔泅,sì-kha-á-siû
四跤仔泅,四腳仔泅,sì-kha-á-siû
四跤杜定,四骹杜定,sì-kha-tōo-tīng
四跤杜定,四腳杜定,sì-kha-tōo-tīng
四淋垂,四湳垂,sì-lâm-suî
死人面,死儂面,sí-lâng-bīn
死人款,死儂款,sí-lâng-khuán
死賴人,死賴儂,sí-luā--lâng
四爿,四旁,sì-pîng
窸倏,迅速,sī-suā
窸倏,彳亍,sī-suā
四伨,四媵,sì-thīn
死坐活食,死坐活噍,sí-tsē-ua̍h-tsia̍h
死坐活食,死坐活吃,sí-tsē-ua̍h-tsia̍h
序大,視大,sī-tuā
序大人,序大儂,sī-tuā-lâng
序大人,視大人,sī-tuā-lâng
賒數,賒賬,sia-siàu
杓,桸,sia̍h
杓仔,勺仔,sia̍h-á
削削叫,嗄嗄叫,siah-siah-kiò
閃爍,閃熾,siám-sih
閃爍,閃熠,siám-sih
𤺪,僐,siān
𤺪,倦,siān
鉎,鏥,sian
仙拚仙,仙拼仙,sian-piànn-sian
先生媽,先生嬤,sian-sinn-má
搧喙䫌,搧嘴䫌,siàn-tshuì-phué
雙爿,雙旁,siang-pîng
唌人,唌儂,siânn--lâng
啥貨,甚貨,siánn-huè/siánn-hè
啥人,甚人,siánn-lâng
啥人,甚儂,siánn-lâng
啥人,啥儂,siánn-lâng
啥物,啥乜,siánn-mih
啥物,啥麼,siánn-mih
𣛮籃,盛籃,siānn-nâ
𣛮籃,墭籃,siānn-nâ
啥潲,啥韶,siánn-siâu
聖拄聖,聖抵聖,siànn-tú-siànn
屧,塞,siap
屧貼,塞貼,siap-thiap
屧手縫,塞手縫,siap-tshiú-phāng
設緣投,設嫣頭,siat-iân-tâu
潲,韶,siâu
潲,精,siâu
痟話,𤞚話,siáu uē
痟的,𤞚的,siáu--ê
數目,賬目,siàu-ba̍k
數額,帳額,siàu-gia̍h
痟狗,𤞚狗,siáu-káu
痟狗湧,𤞚狗湧,siáu-káu-íng
痟狗病,𤞚狗病,siáu-káu-pēnn/siáu-káu-pīnn
數櫃,賬櫃,siàu-kuī
痟人,𤞚人,siáu-lâng
痟人,𤞚儂,siáu-lâng
痟人,痟儂,siáu-lâng
數念,賬念,siàu-liām
數房,賬房,siàu-pâng
數簿,賬簿,siàu-phōo
消瘦落肉,消㾪落肉,siau-sán-lo̍h-bah
數想,賬想,siàu-siūnn
痟貪,𤞚貪,siáu-tham
數單,賬單,siàu-tuann
爍爁,爍乍,sih-nah
爍爁,熠爁,sih-nah
爍爁,熾爁,sih-nah
爍爁,熠乍,sih-nah
熟似,熟姒,si̍k-sāi
熟似,熟視,si̍k-sāi
熟似人,熟似儂,si̍k-sāi-lâng
愖,侺,sīm
參仔,蔘仔,sim-á
心狂火著,心狂火𤏸,sim-kông-hué-to̍h/sim-kông-hé-to̍h
心肝仔囝,心肝仔子,sim-kuann-á-kiánn
心內話,心裡話,sim-lāi-uē
新人,新儂,sin-lâng
牲醴,牲禮,sing-lé
生理人,生理儂,sing-lí-lâng
相仝,相共,sio-kāng
小囝,小子,sió-kiánn
相楗,相拱,sio-kīng
相楗,相挭,sio-kīng
小管仔,小卷仔,sió-kńg-á
相連紲,相連續,sio-liân-suà
燒烙,燒暖,sio-lō
相拍,相打,sio-phah
相拍,相扑,sio-phah
相拍雞仔,相打雞仔,sio-phah-ke-á/sio-phah-kue-á
相拍雞仔,相扑雞仔,sio-phah-ke-á/sio-phah-kue-á
相拍電,相打電,sio-phah-tiān
相拍電,相扑電,sio-phah-tiān
相袚,相旆,sio-phua̍h
相卸代,相卸事,sio-sià-tāi
相𫝛,相像,sio-siāng
相疊,相沓,sio-tha̍h
相疼痛,相痛疼,sio-thiànn-thàng
相伨,相媵,sio-thīn
相諍,相爭,sio-tsènn/sio-tsìnn
小食,小噍,sió-tsia̍h
小食,小吃,sió-tsia̍h
相唚,相親,sio-tsim
相舂,相爭,sio-tsing
相舂,相衝,sio-tsing
相舂,相掙,sio-tsing
相倚,相偎,sio-uá
上無,尚無,siōng-bô
上尾,尚尾,siōng-bué/siōng-bé
傷跡,傷迹,siong-jiah/siong-liah
上久,尚久,siōng-kú
松梧,松羅,siông-ngôo
溼,濕,sip
溼溼,濕濕,sip-sip
食物,噍物,si̍t-bu̍t
食物,吃物,si̍t-bu̍t
翼股,翅股,si̍t-kóo
失人禮,失儂禮,sit-lâng-lé
失電,熄電,sit-tiān
繡,綉,siù
收跤洗手,收骹洗手,siu-kha-sé-tshiú/siu-kha-sué-tshiú
收跤洗手,收腳洗手,siu-kha-sé-tshiú/siu-kha-sué-tshiú
收瀾,收涎,siu-nuā
收數,收賬,siu-siàu
收擔,收担,siu-tànn
受當袂起,受當𣍐起,siū-tong-bē-khí/siū-tong-buē-khí
受債,受制,siū-tsè
收喙,收嘴,siu-tshuì
想空想縫,想孔想縫,siūnn-khang-siūnn-phāng
象桮,象杯,siūnn-pue
象桮,聖杯,siūnn-pue
耍,爽,sńg
算袂和,算𣍐和,sǹg-bē-hô/sǹg-buē-hô
算數,算賬,sǹg-siàu
桑椹,桑葚,sng-suî
痠疼,痠痛,sng-thiànn
痠抽疼,痠抽痛,sng-thiu-thiànn
損蕩,損盪,sńg-tn̄g
挲,搓,so
挲,搔,so
挲鹽,搓鹽,so-iâm
挲圓,搓圓,so-înn
挲草,搓草,so-tsháu
挲草,搔草,so-tsháu
倯,傖,sông
宋盼的,宋盻个,sòng-phàn--ê
紲,續,suà
紲落去,續落去,suà--lo̍h-khì
紲落來,續落來,suà--lo̍h-lâi
鯊魚,沙魚,sua-hî/sua-hû
徙跤,徙骹,suá-kha
徙跤,徙腳,suá-kha
紲拍,續拍,suà-phah
紲拍,煞拍,suà-phah
紲拍,續扑,suà-phah
徙鋪,徙舖,suá-phoo
沙埔,砂埔,sua-poo
沙挑,砂挑,sua-thio
紲攤,續攤,suà-thuann
紲手,續手,suà-tshiú
紲喙,續喙,suà-tshuì
紲話,續話,suà-uē
山雺,山濛,suann-bông
山雺,山茫,suann-bông
散形,散雄,suànn-hîng
山跤,山骹,suann-kha
山跤,山腳,suann-kha
山苳蒿,山茼萵,suann-tang-o
稅厝,稅茨,suè-tshù/sè-tshù
欶,𠲿,suh
欶,嗍,suh
欶奶,吸奶,suh ling/suh ni
欶奶,嗍奶,suh ling/suh ni
欶水,吸水,suh tsuí
欶水,嗍水,suh tsuí
欶管,吸管,suh-kóng
欶管,嗍管,suh-kóng
媠,美,suí
媠面,美面,suí-bīn
媠氣,美氣,suí-khuì
媠氣,媠喟,suí-khuì
媠氣,美喟,suí-khuì
媠色,美色,suí-sik
媠噹噹,美噹噹,suí-tang-tang
媠噹噹,媠璫璫,suí-tang-tang
媠噹噹,美璫璫,suí-tang-tang
榫空,榫孔,sún-khang
筍乾,筍干,sún-kuann
順紲,順續,sūn-suà
捽,摔,sut
捽仔,摔仔,sut-á
捽目尾,摔目尾,sut-ba̍k-bué/sut-ba̍k-bé
捽繩,摔繩,sut-tsîn
罩雺,罩濛,tà-bông
罩雺,罩茫,tà-bông
大家,乾家,ta-ke
大家官,大家倌,ta-ke-kuann
大官,大倌,ta-kuann
焦蔫,乾蔫,ta-lian
焦蔫,凋蔫,ta-lian
焦蔫,礁蔫,ta-lian
焦料,乾料,ta-liāu
打馬膠路,點仔膠路,tá-má-ka-lōo
焦鬆,乾鬆,ta-sang
焦鬆,礁鬆,ta-sang
焦洗,乾洗,ta-sé/ta-sué
焦洗,凋洗,ta-sé/ta-sué
焦燥,乾燥,ta-sò
踏枋,踏板,ta̍h-pang
貼心,搭心,tah-sim
貼底,搭底,tah-té/tah-tué
呆,獃,tai
大甲蓆,大甲𥱊,Tāi-kah-tshio̍h
代先,事先,tāi-sing
代誌,事志,tāi-tsì
澹,霑,tâm
澹糊糊,霑糊糊,tâm-kôo-kôo
澹漉漉,霑漉漉,tâm-lok-lok
啖糝,啖點,tām-sám
啖糝,啗嘇,tām-sám
啖糝,啖嘇,tām-sám
擲,掞,tàn
擲㧒捔,掞㧒捔,tàn-hiat-ka̍k
霆雷公,陳雷公,tân-luî-kong
丹田,單田,tan-tiân
霆水螺,陳水螺,tân-tsuí-lê
重敧爿,重敧旁,tāng-khi-pîng
苳蒿,冬蒿,tang-o
苳蒿,苳萵,tang-o
苳蒿,茼萵,tang-o
東爿,東邊,tang-pîng
東爿,東旁,tang-pîng
銅仙,銅銑,tâng-sián
重擔,重担,tāng-tànn
凍喙齒,凍嘴齒,tàng-tshuì-khí
擔仔,担仔,tànn-á
擔仔麵,担仔麵,tànn-á-mī
打扎,打紮,tánn-tsah
答喙鼓,答嘴鼓,tap-tshuì-kóo
掜,㨮,tau
鬥無閒,湊無閒,tàu-bô-îng
鬥無閒,鬥無閑,tàu-bô-îng
鬥無閒,逗無閒,tàu-bô-îng
鬥夥計,搭夥計,tàu-hué-kì/tàu-hé-kì
鬥夥計,湊夥計,tàu-hué-kì/tàu-hé-kì
鬥跤手,鬥骹手,tàu-kha-tshiú
鬥跤手,鬥腳手,tàu-kha-tshiú
鬥跤手,湊腳手,tàu-kha-tshiú
鬥空,湊空,tàu-khang
鬥空,湊孔,tàu-khang
鬥空,鬥孔,tàu-khang
豆箍,豆麩,tāu-khoo
鬥股,湊股,tàu-kóo
鬥句,湊句,tàu-kù
豆乾,豆干,tāu-kuann
豆乾糋,豆干糋,tāu-kuann-tsìnn
鬥鬧熱,湊鬧熱,tàu-lāu-jia̍t/tàu-lāu-lia̍t
鬥鬧熱,逗鬧熱,tàu-lāu-jia̍t/tàu-lāu-lia̍t
豆奶,豆乳,tāu-ling/tāu-ni
鬥相共,湊相共,tàu-sann-kāng
鬥榫頭,湊榫頭,tàu-sún-thâu
鬥陣,湊陣,tàu-tīn
豆簽,豆籤,tāu-tshiam
鬥做伙,湊做伙,tàu-tsò-hué/tàu-tsuè-hé
茶甌,茶𥕥,tê-au
題緣,題捐,tê-iân/tuê-iân
茶鈷,茶𥑮,tê-kóo
硩,矺,teh
硩番薯,硩番藷,teh han-tsî/teh han-tsû
硩番薯,硩蕃薯,teh han-tsî/teh han-tsû
硩番薯,硩蕃藷,teh han-tsî/teh han-tsû
硩番薯,矺番藷,teh han-tsî/teh han-tsû
硩番薯,矺蕃薯,teh han-tsî/teh han-tsû
硩番薯,矺蕃藷,teh han-tsî/teh han-tsû
咧欲,在要,teh-beh/teh-bueh
佯戇,盯戇,tènn-gōng/tìnn-gōng
佯戇,佯怣,tènn-gōng/tìnn-gōng
佯戇,盯怣,tènn-gōng/tìnn-gōng
瞪力,殿力,tènn-la̍t/tìnn-la̍t
佯毋知,殿不知,tènn-m̄-tsai/tìnn-m̄-tsai
佯毋知,盯毋知,tènn-m̄-tsai/tìnn-m̄-tsai
佯毋知,盯不知,tènn-m̄-tsai/tìnn-m̄-tsai
瞪屎,殿屎,tènn-sái/tìnn-sái
瞪屎,脹屎,tènn-sái/tìnn-sái
佯痟,𩏠痟,tènn-siáu/tìnn-siáu
佯顛佯戇,佯癲佯怣,tènn-tian-tènn-gōng/tìnn-tian-tìnn-gōng
佯生,盯生,tènn-tshenn/tìnn-tshinn
佯生,盯青,tènn-tshenn/tìnn-tshinn
癩𰣻,癩哥,thái-ko
癩𰣻鬼,癩哥鬼,thái-ko-kuí
癩𰣻爛癆,癩哥爛癆,thái-ko-nuā-lô
泰國菝仔,泰國芭樂,Thài-kok-pua̍t-á
呔討,汰討,thài-thó
讀冊人,讀冊儂,tha̍k-tsheh-lâng
痰瀾,痰涎,thâm-nuā
貪食,貪噍,tham-tsia̍h
貪食,貪吃,tham-tsia̍h
趁,賺,thàn
坦徛,坦企,thán-khiā
坦徛,挺徛,thán-khiā
坦徛,坦豎,thán-khiā
趁流水,賺流水,thàn-lâu-tsuí
坦直,侹直,thán-ti̍t
趁食,賺食,thàn-tsia̍h
趁食人,賺食人,thàn-tsia̍h-lâng
趁食人,賺吃人,thàn-tsia̍h-lâng
趁食人,趁噍儂,thàn-tsia̍h-lâng
趁食查某,趁吃查某,thàn-tsia̍h-tsa-bóo
趁食查某,賺食查某,thàn-tsia̍h-tsa-bóo
趁食查某,賺噍查某,thàn-tsia̍h-tsa-bóo
趁錢,賺錢,thàn-tsînn
迵過,通過,thàng--kuè/thàng--kè
蟲豸,虫豸,thâng-thuā
塌跤,搨骹,thap-kha
塌跤,搨腳,thap-kha
塌空,塌孔,thap-khang
塌本,凹本,thap-pún
塌錢,凹錢,thap-tsînn
踢被,躂被,that phuē/that phē
踢毽子,躂毽子,that-kiàn-tsí
窒倒街,塞倒街,that-tó-ke/that-tó-kue
窒倒街,踢倒街,that-tó-ke/that-tó-kue
窒喙空,窒嘴空,that-tshuì-khang
窒喙空,窒嘴孔,that-tshuì-khang
窒喙空,窒喙孔,that-tshuì-khang
敨,㪗,tháu
偷拈,偷捻,thau ni
敨中氣,㪗中氣,tháu tiong-khuì
敨中氣,敨中喟,tháu tiong-khuì
敨中氣,㪗中喟,tháu tiong-khuì
偷食,偷噍,thau tsia̍h
偷食,偷吃,thau tsia̍h
敨開,㪗開,tháu--khui
頭眩目暗,頭暈目暗,thâu-hîn-ba̍k-àm
敨氣,敨喟,tháu-khuì
敨氣,㪗喟,tháu-khuì
敨氣,㪗氣,tháu-khuì
頭人,頭儂,thâu-lâng
頭路,投路,thâu-lōo
敨放,㪗放,tháu-pàng
頭帛,頭白,thâu-pe̍h
頭麩,頭粕,thâu-phoo
透世人,透世儂,thàu-sì-lâng
偷提,偷摕,thau-the̍h
頭疼,頭痛,thâu-thiànn
頭轉客,頭返客,thâu-tńg-kheh
頭鬃尾,頭㨑尾,thâu-tsang-bué/thâu-tsang-bé
偷走厝,偷走茨,thau-tsáu-tshù
頭喙,頭嘴,thâu-tshuì
偷食步,偷噍步,thau-tsia̍h-pōo
偷食步,偷吃步,thau-tsia̍h-pōo
頭拄仔,頭抵仔,thâu-tú-á
推捒,推搡,the-sak
退色,褪色,thè-sik
體剔,體托,thé-thak/thué-thak
提囡仔,摕囡仔,the̍h-gín-á
牚,撐,thènn
牚懸,牚高,thènn-kuân
牚懸,撐懸,thènn-kuân
牚懸,撐高,thènn-kuân
牚頭,撐頭,thènn-thâu
牚腿,撐腿,thènn-thuí/thìnn-thuí
褫,展,thí
拆食落腹,拆噍落腹,thiah-tsia̍h-lo̍h-pak
拆食落腹,拆吃落腹,thiah-tsia̍h-lo̍h-pak
忝,悿,thiám
添粧,添妝,thiam-tsng
天秤,天平,thian-pîng
天篷,天房,thian-pông
天篷,天棚,thian-pông
展翼,展翅,thián-si̍t
疼,痛,thiànn
疼某菜,痛某菜,thiànn-bóo-tshài
疼命命,痛命命,thiànn-miā-miā
疼心,痛心,thiànn-sim
疼惜,痛惜,thiànn-sioh
疼痛,痛疼,thiànn-thàng
聽喙,聽嘴,thiann-tshuì
貼人食,貼儂食,thiap-lâng-tsia̍h
貼人食,貼人噍,thiap-lâng-tsia̍h
貼人食,貼儂吃,thiap-lâng-tsia̍h
柱仔跤,柱仔骹,thiāu-á-kha
柱仔跤,柱仔腳,thiāu-á-kha
刁工,挑工,thiau-kang
鐵人,鐵儂,thih-lâng
鐵枋,鐵板,thih-pang
鐵鉎,鐵鏥,thih-sian
伨,媵,thīn
斟茶,漛茶,thîn tê
斟酒,漛酒,thîn tsiú
伨頭,媵頭,thīn-thâu
停跤,停骹,thîng-kha
停跤,停腳,thîng-kha
寵倖,寵盛,thíng-sīng
挑手爿,挑手旁,thio-tshiú-pîng
抽懸,抽峘,thiu-kuân
抽懸,抽高,thiu-kuân
抽疼,抽痛,thiu-thiànn
褪褲𡳞,褪褲膦,thǹg-khòo-lān
褪赤跤,褪赤骹,thǹg-tshiah-kha
褪赤跤,脫赤腳,thǹg-tshiah-kha
討海人,討海儂,thó-hái-lâng
討契兄,討客兄,thó-khè-hiann/thó-khuè-hiann
討皮疼,討皮痛,thó-phuê-thiànn/thó-phê-thiànn
討數,討賬,thó-siàu
討趁,討賺,thó-thàn
討債囝,討債子,thó-tsè-kiánn
捅,統,thóng
捅頭,統頭,thóng-thâu
塗尪仔,土尪仔,thôo-ang-á
吐肉箭,吐肉搢,thóo-bah-tsìnn
塗粉,土粉,thôo-hún
塗窯,土窯,thôo-iô
塗窯,土窰,thôo-iô
塗墼,土埆,thôo-kat
塗墼,塗埆,thôo-kat
塗墼厝,土埆厝,thôo-kat-tshù
塗墼厝,土埆茨,thôo-kat-tshù
塗墼厝,塗埆茨,thôo-kat-tshù
塗跤,土骹,thôo-kha
塗跤,土腳,thôo-kha
吐氣,吐喟,thóo-khuì
土人,土儂,thóo-lâng
塗礱,土礱,thôo-lâng
塗龍,土龍,thôo-liông
塗捀,土捧,thôo-phâng
塗虱,土虱,thôo-sat
塗色,土色,thôo-sik
塗沙,土沙,thôo-sua
塗沙,土砂,thôo-sua
塗豆,土豆,thôo-tāu
塗豆油,土豆油,thôo-tāu-iû
塗豆仁,土豆仁,thôo-tāu-jîn/thôo-tāu-lîn
塗豆糖,土豆糖,thôo-tāu-thn̂g
塗魠,土魠,thôo-thoh
塗魠,土鮀,thôo-thoh
塗魠,塗鮀,thôo-thoh
塗炭,土炭,thôo-thuànn
塗炭,土碳,thôo-thuànn
塗炭,塗碳,thôo-thuànn
吐腸頭,凸腸頭,thóo-tn̂g-thâu
塗石流,土石流,thôo-tsio̍h-lâu
塗水,土水,thôo-tsuí
塗水師,土水師,thôo-tsuí-sai
吐大氣,吐大喟,thóo-tuā-khuì
拖沙,拖砂,thua-sua
挩,脫,thuah
挩門,拖門,thuah-mn̂g
挩門,屜門,thuah-mn̂g
挩門,抴門,thuah-mn̂g
挩枋,挩板,thuah-pang
挩窗,脫窗,thuah-thang
炭,碳,thuànn
炭空,碳空,thuànn-khang
炭空,炭孔,thuànn-khang
炭空,碳孔,thuànn-khang
炭礦,碳礦,thuànn-khòng
炭屎,碳屎,thuànn-sái
黜仔,托仔,thuh-á
黜仔,拓仔,thuh-á
黜塗機,拓土機,thuh-thôo-ki
槌,鎚,thuî
槌,椎,thuî
坉塗,坉土,thūn-thôo
坉塗,填土,thūn-thôo
坉塗,填塗,thūn-thôo
脫箠,突棰,thut-tshuê/thut-tshê
豬仔囝,豬仔子,ti-á-kiánn/tu-á-kiánn
豬母奶仔,豬母乳仔,ti-bó-ling-á/tu-bó-ni-á
治枵,治飫,tī-iau
豬狗精牲,豬狗牲生,ti-káu-tsing-senn/tu-káu-tsing-sinn
豬跤箍,豬骹箍,ti-kha-khoo/tu-kha-khoo
豬跤箍,豬腳箍,ti-kha-khoo/tu-kha-khoo
豬跤麵線,豬骹麵線,ti-kha-mī-suànn/tu-kha-mī-suànn
豬跤麵線,豬腳麵線,ti-kha-mī-suànn/tu-kha-mī-suànn
豬跤,豬骹,ti-kha/tu-kha
豬跤,豬腳,ti-kha/tu-kha
底代,底事,tī-tāi
豬頭爿,豬頭旁,ti-thâu-pîng/tu-thâu-pîng
豬牢,豬椆,ti-tiâu/tu-tiâu
豬牢,豬稠,ti-tiâu/tu-tiâu
豬灶,豬竈,ti-tsàu/tu-tsàu
電塗,電土,tiān-thôo
埕,庭,tiânn
定銀,訂銀,tiānn-gîn/tiānn-gûn
鼎疕,鼎糒,tiánn-phí
雕,彫,tiau
召鏡,吊鏡,tiàu-kiànn
刁故意,挑故意,tiau-kòo-ì
牢鼎,椆鼎,tiâu-tiánn
牢鼎,稠鼎,tiâu-tiánn
竹箬,竹籜,tik-ha̍h
竹箬,竹笚,tik-ha̍h
竹䈄,竹筨,tik-ham
竹跤,竹骹,tik-kha
竹跤,竹腳,tik-kha
竹棑,竹筏,tik-pâi
竹披仔,竹批仔,tik-phi-á
竹田嬰,竹塍蠳,tik-tshân-enn/tik-tshân-inn
竹蓆,竹𥱊,tik-tshio̍h
掂,敁,tìm
掂,鈂,tìm
掂篤,敁篤,tìm-táu
掂篤,鈂篤,tìm-táu
掂篤,敁斗,tìm-táu
掂篤,鈂斗,tìm-táu
掂篤,掂斗,tìm-táu
燖鍋,燖鍡,tīm-ue/tīm-e
振動,震動,tín-tāng
𠕇,橂,tīng
𠕇,𠕆,tīng
亭仔跤,亭仔骹,tîng-á-kha
亭仔跤,亭仔腳,tîng-á-kha
訂婚,定婚,tīng-hun
𠕇硞硞,𠕆硞硞,tīng-khok-khok
𠕇硞硞,碇硞硞,tīng-khok-khok
頂懸,頂高,tíng-kuân
頂世人,頂世儂,tíng-sì-lâng
重巡,重紃,tîng-sûn
重重疊疊,重重沓沓,tîng-tîng-tha̍h-tha̍h
纏跤絆手,纏腳絆手,tînn-kha-puànn-tshiú
纏跤絆手,纏骹絆手,tînn-kha-puànn-tshiú
甜粿,甜餜,tinn-kué/tinn-ké
纏綴,纏跟,tînn-tuè/tînn-tè
纏綴,纏隨,tînn-tuè/tînn-tè
趒跤頓蹄,投骹蹔蹄,tiô-kha-tǹg-tê
趒跤頓蹄,投腳蹔蹄,tiô-kha-tǹg-tê
著蟲,著虫,tio̍h-thâng
著生驚,著青驚,tio̍h-tshenn-kiann/tio̍h-tshinn-kiann
中人,中儂,tiong-lâng
中晝,中罩,tiong-tàu
中晝頓,中罩頓,tiong-tàu-tǹg
重食,重噍,tiōng-tsia̍h
重食,重吃,tiōng-tsia̍h
得人惜,得儂惜,tit-lâng-sioh
得人疼,得人痛,tit-lâng-thiànn
稻草人,稻草儂,tiū-tsháu-lâng
漲懸價,漲高價,tiùnn-kuân-kè
丈人,丈儂,tiūnn-lâng
丈人公,丈儂公,tiūnn-lâng-kong
丈人媽,丈儂媽,tiūnn-lâng-má
丈人媽,丈人嬤,tiūnn-lâng-má
丈人媽,丈儂嬤,tiūnn-lâng-má
丈人爸,丈儂爸,tiūnn-lâng-pâ
轉後頭,返後頭,tńg āu-thâu
轉外家,返外家,tńg guā-ke
張鳥鼠,張老鼠,tng niáu-tshí/tng niáu-tshú
腸仔𣻸,腸仔瘍,tn̂g-á-siûnn
頓印,擲印,tǹg-ìn
長尻川,長尻瘡,tn̂g-kha-tshng
斷奶,斷乳,tn̄g-ling/tn̄g-ni
唐山,長山,Tn̂g-suann
長短跤話,長短骹話,tn̂g-té-kha-uē
長短跤話,長短腳話,tn̂g-té-kha-uē
轉臍,斷臍,tńg-tsâi
轉喙,轉嘴,tńg-tshuì
轉成,長成,tńg-tsiânn
佗落,叨落,tó-lo̍h/tá-lo̍h
佗落,搭落,tó-lo̍h/tá-lo̍h
倒爿,倒旁,tò-pîng
倒數,倒賬,tó-siàu
倒擔,倒担,tó-tànn
倒轉,倒返,tò-tńg
倒轉去,倒返去,tò-tńg--khì
到手芳,倒手芳,tò-tshiú-phang
倒手爿,倒手旁,tò-tshiú-pîng
佗位,叨位,tó-uī
著火,𤏸火,to̍h-hué/to̍h-hé
桌跤,桌骹,toh-kha
桌跤,桌腳,toh-kha
桌崁,桌蓋,toh-khàm
剁,斵,tok
侗戇,侗怣,tòng-gōng
肚綰,肚捾,tóo-kuānn
杜伯仔,土扒仔,tōo-peh-á
度晬,度歲,tōo-tsè
查某𡢃,查某嫺,tsa-bóo-kán
查某𡢃,查某嫻,tsa-bóo-kán
查某囝,查某子,tsa-bóo-kiánn
查某人,查某儂,tsa-bóo-lâng
昨昏,昨方,tsa-hng
查埔,查甫,tsa-poo
查埔,查夫,tsa-poo
查埔,諸夫,tsa-poo
查埔囝,查甫囝,tsa-poo-kiánn
查埔囝,查甫子,tsa-poo-kiánn
查埔囝,查埔子,tsa-poo-kiánn
查埔人,查甫人,tsa-poo-lâng
查埔人,查甫儂,tsa-poo-lâng
查埔人,查埔儂,tsa-poo-lâng
閘,截,tsa̍h
閘風,截風,tsa̍h hong
閘日,截日,tsa̍h ji̍t/tsa̍h li̍t
閘光,截光,tsa̍h kng
閘車,截車,tsa̍h tshia
閘路,截路,tsa̍h-lōo
閘屏,柵屏,tsa̍h-pîn
閘屏,截屏,tsa̍h-pîn
在人,在儂,tsāi-lâng
在地人,在地儂,tsāi-tē-lâng/tsāi-tuē-lâng
在欉的,在叢的,tsāi-tsâng--ê
鏨,斬,tsām
沾,呫,tsam
沾,噆,tsam
蹔跤步,蹔骹步,tsàm-kha-pōo
蹔跤步,蹔腳步,tsàm-kha-pōo
鏨頭,斬頭,tsām-thâu
纘袂牢,贊袂牢,tsàn-bē-tiâu/tsàn-buē-tiâu
纘袂牢,贈袂牢,tsàn-bē-tiâu/tsàn-buē-tiâu
贊助,贈助,tsàn-tsōo
㨑,鬃,tsang
欉,叢,tsâng
粽箬,粽笚,tsàng-ha̍h
粽箬,粽籜,tsàng-ha̍h
棕鑢仔,棕攎仔,tsang-lù-á
棕蓑,棕簑,tsang-sui
摠頭,總頭,tsáng-thâu
十二生相,十二生肖,tsa̍p-jī senn-siùnn/tsa̍p-lī sinn-siùnn
雜唸,雜念,tsa̍p-liām
實腹,塞腹,tsa̍t-pak
實鼻,寔鼻,tsa̍t-phīnn
實櫼,塞櫼,tsa̍t-tsinn
走袂開跤,走𣍐開腳,tsáu-bē-khui-kha/tsáu-buē-khui-kha
走袂開跤,走袂開骹,tsáu-bē-khui-kha/tsáu-buē-khui-kha
走袂離,走𣍐離,tsáu-bē-lī/tsáu-buē-lī
灶跤,竈跤,tsàu-kha
灶跤,灶骹,tsàu-kha
灶跤,灶腳,tsàu-kha
走標,走飆,tsáu-pio
灶頭,竈頭,tsàu-thâu
走傱,走蹤,tsáu-tsông
走傱,走撞,tsáu-tsông
晬,歲,tsè
諍喙,諍嘴,tsènn-tshuì/tsìnn-tshuì
吵家抐計,訬家抐計,tshá-ke-lā-kè
吵家抐宅,訬家抐宅,tshá-ke-lā-the̍h
吵抐,訬抐,tshá-lā
吵抐,訬撓,tshá-lā
吵鬧,訬鬧,tshá-nāu
柴頭尪仔,柴頭翁仔,tshâ-thâu-ang-á
𫞼,在,tshāi
踩街,彩街,tshái-ke/tshái-kue
菜擴,菜觳,tshài-khok
菜宅,菜垞,tshài-the̍h
𫞼諍王,在諍王,tshāi-tsènn-ông/tshāi-tsìnn-ông
菜礤,菜擦,tshài-tshuah
菜櫥,菜廚,tshài-tû
插代誌,插代志,tshap tāi-tsì
插代誌,插事志,tshap tāi-tsì
插喙,插嘴,tshap-tshuì
插喙插舌,插嘴插舌,tshap-tshuì-tshap-tsi̍h
檫仔,擦仔,tshat-á
檫仔,𢄧仔,tshat-á
臭火薰,臭火熏,tshàu-hué-hun/tshàu-hé-hun
臭火薰,臭火煙,tshàu-hué-hun/tshàu-hé-hun
臭火焦,臭火凋,tshàu-hué-ta/tshàu-hé-ta
臭火焦,臭火礁,tshàu-hué-ta/tshàu-hé-ta
臭尿薟,臭尿辛,tshàu-jiō-hiam/tshàu-liō-hiam
臭跤液,臭跤餿,tshàu-kha-sio̍h
臭跤液,臭骹液,tshàu-kha-sio̍h
臭跤液,臭腳液,tshàu-kha-sio̍h
草人,草儂,tsháu-lâng
臭人,臭儂,tshàu-lâng
臭奶呆,臭奶獃,tshàu-ling-tai/tshàu-ni-tai
臭奶呆,臭乳呆,tshàu-ling-tai/tshàu-ni-tai
臭奶呆,臭乳獃,tshàu-ling-tai/tshàu-ni-tai
臭殕,臭醭,tshàu-phú
臭焦,臭乾,tshàu-ta
草地人,草地儂,tsháu-tē-lâng/tsháu-tuē-lâng
臭塗味,臭土味,tshàu-thôo-bī
臭腥公,臭青公,tshàu-tshenn-kong/tshàu-tshinn-kong
臭腥,臭青,tshàu-tshènn/tshàu-tshìnn
草蓆,草𥱊,tsháu-tshio̍h
草厝仔,草茨仔,tsháu-tshù-á
臭喙角,臭嘴角,tshàu-tshuì-kak
差教,差校,tshe-kà
坐毋著,坐不著,tshē-m̄-tio̍h
坐數,坐賬,tshē-siàu
粞,𥽕,tshè/tshuè
生番,生蕃,tshenn-huan/tshinn-huan
生猴,青猴,tshenn-kâu/tshinn-kâu
生驚,青驚,tshenn-kiann/tshinn-kiann
生狂,青狂,tshenn-kông/tshinn-kông
生冷,青冷,tshenn-líng/tshinn-líng
青盲牛,青瞑牛,tshenn-mê-gû/tshinn-mî-gû
青盲,青瞑,tshenn-mê/tshinn-mî
青磅白磅,青碰白碰,tshenn-pōng-pe̍h-pōng/tshinn-pōng-pe̍h-pōng
生疏,青疏,tshenn-soo/tshinn-soo
青恂恂,青損損,tshenn-sún-sún/tshinn-sún-sún
青苔仔,青笛仔,tshenn-tî-á/tshinn-tî-á
青苔仔,青池仔,tshenn-tî-á/tshinn-tî-á
青苔仔,青啼仔,tshenn-tî-á/tshinn-tî-á
青苔仔,青絲仔,tshenn-tî-á/tshinn-tî-á
腥臊,青臊,tshenn-tshau/tshe-tshau
生真,生瞋,tshenn-tsin/tshinn-tsin
試看覓,試看昧,tshì khuànn-māi
試鹹汫,試鹹𩟗,tshì kiâm-tsiánn
鼠麴粿,鼠殼粿,tshí-khak-kué/tshú-khak-ké
鼠麴粿,鼠殼餜,tshí-khak-kué/tshú-khak-ké
鼠麴粿,鼠麴餜,tshí-khak-kué/tshú-khak-ké
刺毛蟲,蛓毛蟲,tshì-môo-thâng
刺波,刺藨,tshì-pho
車輪,車輾,tshia-lián
車幫,車番,tshia-pang
捙拚,捙拼,tshia-piànn
捙拚,車拚,tshia-piànn
捙畚斗,捙糞斗,tshia-pùn-táu
赤跤,赤骹,tshiah-kha
赤跤,赤腳,tshiah-kha
赤跤仙仔,赤骹仙仔,tshiah-kha-sian-á
赤跤仙仔,赤腳仙仔,tshiah-kha-sian-á
赤跤仙仔,赤骹先仔,tshiah-kha-sian-á
赤跤仙仔,赤腳先仔,tshiah-kha-sian-á
刺繡,刺綉,tshiah-siù
嚓嚓趒,雀雀趒,tshia̍k-tshia̍k-tiô
攕擔,攕担,tshiam-tann
蹌跤雞,蹌骹雞,tshiáng-kha-ke/tshiáng-kha-kue
蹌跤雞,蹌腳雞,tshiáng-kha-ke/tshiáng-kha-kue
唱聲,嗆聲,tshiàng-siann
唱聲,倡聲,tshiàng-siann
請人客,請儂客,tshiánn-lâng-kheh
揤,捏,tshi̍h
深山林內,深山林裡,tshim-suann-nâ-lāi
秤仔,稱仔,tshìn-á
親人,親儂,tshin-lâng
清閒,清閑,tshing-îng
銃空,銃孔,tshìng-khang
清芳,清香,tshing-phang
擤鼻,凊鼻,tshìng-phīnn
清數,清賬,tshing-siàu
鮮沢,鮮尺,tshinn-tshioh
笑咍咍,笑咳咳,tshiò-hai-hai
笑桮,笑杯,tshiò-pue
蓆,𥱊,tshio̍h
浞,踿,tshio̍k
姼仔,七仔,tshit-á
姼仔詼,七仔詼,tshit-á-khue
七娘媽生,七娘嬤生,Tshit-niû-má-senn/Tshit-niû-má-sinn
𨑨迌,彳亍,tshit-thô
𨑨迌,佚陶,tshit-thô
𨑨迌,得桃,tshit-thô
𨑨迌,敕桃,tshit-thô
𨑨迌人,𨑨迌儂,tshit-thô-lâng
𨑨迌查某,佚陶查某,tshit-thô-tsa-bóo
揫,揪,tshiû
手扞仔,手捍仔,tshiú-huānn-á
手扞仔,手按仔,tshiú-huānn-á
樹奶糖,樹乳糖,tshiū-ling-thn̂g/tshiū-ni-thn̂g
樹奶,樹乳,tshiū-ling/tshiū-ni
手梳攑懸,手梳揭峘,tshiú-se-gia̍h-kuân
手液,手𫟊,tshiú-sio̍h
象棋,象碁,tshiūnn-kî
上殕,上醭,tshiūnn-phú
上殕,上䀟,tshiūnn-phú
上水,汲水,tshiūnn-tsuí
剉,剒,tshò
剉柴,剒柴,tshò-tshâ
創空,創孔,tshòng-khang
衝碰,沖碰,tshóng-pōng
粗跤重蹄,粗骹重蹄,tshoo-kha-tāng-tê/tshoo-kha-tāng-tuê
粗跤重蹄,粗腳重蹄,tshoo-kha-tāng-tê/tshoo-kha-tāng-tuê
粗人,粗儂,tshoo-lâng
粗坯,粗胚,tshoo-phue/tshoo-phe
厝,茨,tshù
厝,戍,tshù
趨,趄,tshu
厝瓦,茨瓦,tshù-hiā
處份,處分,tshú-hūn
厝角頭,茨角頭,tshù-kak-thâu
厝角鳥仔,茨角鳥仔,tshù-kak-tsiáu-á
厝跤,茨骹,tshù-kha
厝跤,厝腳,tshù-kha
厝契,茨契,tshù-khè/tshù-khuè
厝內,茨內,tshù-lāi
跙流籠,趨流籠,tshū-liû-lông
舒被,敷被,tshu-phuē/tshu-phē
厝邊,茨邊,tshù-pinn
厝邊隔壁,茨邊隔壁,tshù-pinn-keh-piah
厝邊兜,茨邊兜,tshù-pinn-tau
厝邊兜,戍邊兜,tshù-pinn-tau
厝邊頭尾,茨邊頭尾,tshù-pinn-thâu-bué/tshù-pinn-thâu-bé
厝稅,茨稅,tshù-suè/tshù-sè
厝地,茨地,tshù-tē/tshù-tuē
厝頭家,茨頭家,tshù-thâu-ke
厝宅,茨宅,tshù-the̍h
厝頂,茨頂,tshù-tíng
厝主,茨主,tshù-tsú
泄尿,疶尿,tshuā-jiō/tshuā-liō
娶新娘,𤆬新娘,tshuā-sin-niû
疶,泄,tshuah
礤,攃,tshuah
礤冰,攃冰,tshuah-ping
疶屎,泄屎,tshuah-sái
疶屎星,泄屎星,tshuah-sái-tshenn/tshuah-sái-tshinn
礤簽,攃簽,tshuah-tshiam
攢,僎,tshuân
喘氣,喘喟,tshuán-khuì
串講,闖講,tshuàn-kóng
喘大氣,喘大喟,tshuán-tuā-khuì
扦,䉔,tshuann
炊粿,炊餜,tshue kué/tshe ké
眵,覻,tshuh
眵目,覻目,tshuh-ba̍k
眵眵,覻覻,tshuh-tshuh
喙,嘴,tshuì
喙罨,嘴罨,tshuì-am
喙尾,嘴尾,tshuì-bué/tshuì-bé
喙下斗,嘴下斗,tshuì-ē-táu
喙角,嘴角,tshuì-kak
喙空,喙孔,tshuì-khang
喙空,嘴空,tshuì-khang
喙空,嘴孔,tshuì-khang
喙口,嘴口,tshuì-kháu
喙齒,嘴齒,tshuì-khí
喙齒根,嘴齒根,tshuì-khí-kin/tshuì-khí-kun
喙齒縫,嘴齒縫,tshuì-khí-phāng
喙箍,嘴箍,tshuì-khoo
喙瀾,嘴涎,tshuì-nuā
喙䫌,嘴䫌,tshuì-phué
喙扁,嘴扁,tshuì-pínn
喙桮,嘴桮,tshuì-pue
喙水,嘴水,tshuì-suí
喙斗,嘴斗,tshuì-táu
喙臭,嘴臭,tshuì-tshàu
喙凊,嘴凊,tshuì-tshìn
喙笑目笑,嘴笑目笑,tshuì-tshiò-ba̍k-tshiò
喙舌,嘴舌,tshuì-tsi̍h
喙殘,嘴殘,tshuì-tsuânn
喙脣,嘴脣,tshuì-tûn
喙脣皮,嘴唇皮,tshuì-tûn-phuê/tshuì-tûn-phê
賰,偆,tshun
賰,伸,tshun
伸跤,伸骹,tshun-kha
伸跤,伸腳,tshun-kha
伸勼,伸糾,tshun-kiu
出業,卒業,tshut-gia̍p
出氣,出喟,tshut-khuì
出代誌,出事志,tshut-tāi-tsì
出喙,出嘴,tshut-tshuì
止喙焦,止嘴焦,tsí tshuì-ta
止喙焦,止喙乾,tsí tshuì-ta
止喙焦,止嘴乾,tsí tshuì-ta
膣屄,之屄,tsi-bai
姊夫,姐夫,tsí-hu
止枵,止飢,tsí-iau
止枵,止餓,tsí-iau
止飢,止饑,tsí-ki
姊妹,姐妹,tsí-muē/tsí-bē
止疼,止痛,tsí-thiànn
蔗箬,蔗笚,tsià-ha̍h
蔗箬,蔗籜,tsià-ha̍h
食人,食儂,tsia̍h--lâng
食人,噍儂,tsia̍h--lâng
食人,吃人,tsia̍h--lâng
食暗,噍暗,tsia̍h-àm
食暗,吃暗,tsia̍h-àm
食外口,噍外口,tsia̍h-guā-kháu
食外口,吃外口,tsia̍h-guā-kháu
食福,噍福,tsia̍h-hok
食福,吃福,tsia̍h-hok
食風,吃風,tsia̍h-hong
食薰,噍薰,tsia̍h-hun
食薰,吃煙,tsia̍h-hun
食認,吃認,tsia̍h-jīn/tsia̍h-līn
食苦,噍苦,tsia̍h-khóo
食苦,吃苦,tsia̍h-khóo
食虧,噍虧,tsia̍h-khui
食虧,吃虧,tsia̍h-khui
食鹼,食羹,tsia̍h-kinn
食人夠夠,吃人夠夠,tsia̍h-lâng-kàu-kàu
食力,噍力,tsia̍h-la̍t
食力,吃力,tsia̍h-la̍t
食老,噍老,tsia̍h-lāu
食老,吃老,tsia̍h-lāu
食老出癖,吃老出癖,tsia̍h-lāu-tshut-phia̍h
食命,噍命,tsia̍h-miā
食命,吃命,tsia̍h-miā
食名,噍名,tsia̍h-miâ
食名,吃名,tsia̍h-miâ
遮爾,即爾,tsiah-nī
遮爾,則尼,tsiah-nī
遮爾,者爾,tsiah-nī
遮爾,遮呢,tsiah-nī
遮爾,這呢,tsiah-nī
遮爾仔,遮尼仔,tsiah-nī-á
遮爾仔,這爾仔,tsiah-nī-á
遮爾仔,即尼仔,tsiah-nī-á
食軟驚硬,噍軟驚硬,tsia̍h-nńg-kiann-ngē/tsia̍h-nńg-kiann-ngī
食軟驚硬,吃軟驚硬,tsia̍h-nńg-kiann-ngē/tsia̍h-nńg-kiann-ngī
食膨餅,噍膨餅,tsia̍h-phòng-piánn
食膨餅,吃凸餅,tsia̍h-phòng-piánn
食飯廳,噍飯廳,tsia̍h-pn̄g-thiann
食飯廳,吃飯廳,tsia̍h-pn̄g-thiann
食飯桌,噍飯桌,tsia̍h-pn̄g-toh
食飯桌,吃飯桌,tsia̍h-pn̄g-toh
食褒,噍褒,tsia̍h-po
食褒,吃褒,tsia̍h-po
食聲,吃聲,tsia̍h-siann
食色,噍色,tsia̍h-sik
食色,吃色,tsia̍h-sik
食食,噍食,tsia̍h-si̍t
食食,吃食,tsia̍h-si̍t
食倯,噍倯,tsia̍h-sông
食倯,吃倯,tsia̍h-sông
食倯,噍傖,tsia̍h-sông
食銅食鐵,吃銅吃鐵,tsia̍h-tâng-tsia̍h-thih
食晝,噍晝,tsia̍h-tàu
食晝,吃晝,tsia̍h-tàu
食晝,食罩,tsia̍h-tàu
食茶,吃茶,tsia̍h-tê
食頭路,噍頭路,tsia̍h-thâu-lōo
食頭路,吃頭路,tsia̍h-thâu-lōo
食桌,噍桌,tsia̍h-toh
食桌,吃桌,tsia̍h-toh
食菜,噍菜,tsia̍h-tshài
食菜,吃菜,tsia̍h-tshài
食餐廳,吃餐廳,tsia̍h-tshan-thiann
食秤頭,噍秤頭,tsia̍h-tshìn-thâu
食秤頭,吃秤頭,tsia̍h-tshìn-thâu
食穿,噍穿,tsia̍h-tshīng
食穿,吃穿,tsia̍h-tshīng
食清,噍清,tsia̍h-tshing
食清,吃清,tsia̍h-tshing
食清領便,噍清領便,tsia̍h-tshing-niá-piān
食清領便,吃清領便,tsia̍h-tshing-niá-piān
食臊,噍臊,tsia̍h-tsho
食臊,吃臊,tsia̍h-tsho
食醋,噍醋,tsia̍h-tshòo
食醋,吃醋,tsia̍h-tshòo
食錢,噍錢,tsia̍h-tsînn
食錢,吃錢,tsia̍h-tsînn
食錢官,噍錢官,tsia̍h-tsînn-kuann
食錢官,吃錢官,tsia̍h-tsînn-kuann
食漿,噍漿,tsia̍h-tsiunn
食漿,吃漿,tsia̍h-tsiunn
食祖,噍祖,tsia̍h-tsóo
食祖,吃祖,tsia̍h-tsóo
食罪,吃罪,tsia̍h-tsuē
尖跤幼手,尖骹幼手,tsiam-kha-iù-tshiú
尖跤幼手,尖腳幼手,tsiam-kha-iù-tshiú
僭權,佔權,tsiàm-khuân
針灸,鍼灸,tsiam-kù
尖喙掘仔,尖嘴掘仔,tsiam-tshuì-ku̍t-á
尖喙夾仔,尖嘴夾仔,tsiam-tshuì-ngeh-á
針黹,針指,tsiam-tsí
僭話,搢話,tsiàm-uē
剪筊,剪儌,tsián-kiáu
剪筊,剪徼,tsián-kiáu
剪綹仔,剪紐仔,tsián-liú-á
剪綹仔,剪鈕仔,tsián-liú-á
賤蟲,賤虫,tsiān-thâng
汫,𩟗,tsiánn
正爿,正旁,tsiànn-pîng
正手爿,正手旁,tsiànn-tshiú-pîng
接跤,接骹,tsiap-kha
接跤,接腳,tsiap-kha
接喙,接嘴,tsiap-tshuì
照起工,照紀綱,tsiàu-khí-kang
真珠,珍珠,tsin-tsu
整筊,整儌,tsíng-kiáu
整筊,整徼,tsíng-kiáu
眾人,眾儂,tsìng-lâng
前人囝,前人子,tsîng-lâng-kiánn
前人囝,前儂子,tsîng-lâng-kiánn
前人囝,前儂囝,tsîng-lâng-kiánn
精牲,牲生,tsing-senn/tsing-sinn
指頭仔,掌頭仔,tsíng-thâu-á
精差,爭差,tsing-tsha
種作,種做,tsìng-tsoh
茈,芓,tsínn
茈,嫩,tsínn
櫼,掙,tsinn
搢風,戰風,tsìnn-hong
錢鼠,氈鼠,tsînn-tshí/tsînn-tshú
茈鳥仔,芓鳥仔,tsínn-tsiáu-á
茈鳥仔,嫩鳥仔,tsínn-tsiáu-á
招囝婿,招子婿,tsio-kiánn-sài
借人,借儂,tsioh--lâng
石降,石蝀,tsio̍h-kàng
石距,石鮔,tsio̍h-kī/tsio̍h-kū
石枋,石板,tsio̍h-pang
𠯗一下,咠一下,tsi̍p--tsi̍t-ē
一口灶,一口竈,tsi̍t kháu tsàu
這氣,今氣,tsit-khuì
這氣,即氣,tsit-khuì
這過,即過,tsit-kuè/tsit-kè
這馬,即馬,tsit-má
這馬,這碼,tsit-má
這馬,職馬,tsit-má
這馬,這嘛,tsit-má
這世人,這世儂,tsit-sì-lâng
一世人,一世儂,tsi̍t-sì-lâng
這搭,即搭,tsit-tah
這點仔,即點仔,tsit-tiám-á
這站,即暫,tsit-tsām
這陣,即陣,tsit-tsūn
酒杯,酒桮,tsiú-pue
上卌袂攝,上卌𣍐攝,tsiūnn-siap-bē-liap/tsiūnn-siap-buē-liap
螿蜍,螿蠩,tsiunn-tsî
庄,莊,tsng
磚仔窯,磚仔窰,tsng-á-iô
庄跤,庄骹,tsng-kha
庄跤,庄腳,tsng-kha
庄跤人,庄跤儂,tsng-kha-lâng
裝痟的,莊孝維,tsng-siáu--ê
做議量,做藝量,tsò-gī-niū/tsuè-gī-niū
做司公,做師公,tsò-sai-kong/tsuè-sai-kong
做瘦氣,做㾪氣,tsò-sán-khuì/tsuè-sán-khuì
做瘦氣,做散喟,tsò-sán-khuì/tsuè-sán-khuì
做臭人,做臭儂,tsò-tshàu-lâng/tsuè-tshàu-lâng
作穡,做穡,tsoh-sit
作穡人,作穡儂,tsoh-sit-lâng
作穡人,做穡人,tsoh-sit-lâng
作穡人,做穡儂,tsoh-sit-lâng
作田,做田,tsoh-tshân
作田人,作田儂,tsoh-tshân-lâng
作田人,做田人,tsoh-tshân-lâng
作田人,做田儂,tsoh-tshân-lâng
作弊,做弊,tsok-pè
傱,蹌,tsông
總根頭,摠根頭,tsóng-kin-thâu/tsóng-kun-thâu
總鋪,總舖,tsóng-phoo
傱錢,蹌錢,tsông-tsînn
祖媽,祖嬤,tsóo-má
祖厝,祖茨,tsóo-tshù
租厝,租茨,tsoo-tshù
注文,註文,tsù-bûn
註解,注解,tsù-kái
主人,主儂,tsú-lâng
註死,注死,tsù-sí
註銷,註消,tsù-siau
註定,注定,tsù-tiānn
煮食,煮噍,tsú-tsia̍h
煮食,煮吃,tsú-tsia̍h
煮食裙仔,煮噍裙仔,tsú-tsia̍h-kûn-á
煮食裙仔,煮吃裙仔,tsú-tsia̍h-kûn-á
紙橐仔,紙簏仔,tsuá-lok-á
紙枋,紙板,tsuá-pang
紙坯,紙胚,tsuá-phue/tsuá-phe
縒,轍,tsua̍h
賺食,賺噍,tsuán-tsia̍h
賺食,賺吃,tsuán-tsia̍h
絕氣,絕喟,tsua̍t-khuì
水薰吹,水熏吹,tsuí-hun-tshue/tsuí-hun-tshe
水薰吹,水煙吹,tsuí-hun-tshue/tsuí-hun-tshe
水雞,水蛙,tsuí-ke/tsuí-kue
水觳仔,水殼仔,tsuí-khok-á
水筧,水梘,tsuí-kíng
水閘,水截,tsuí-tsa̍h
顫悶,顫璺,tsùn-būn
顫悶,戰悶,tsùn-būn
陣疼,陣痛,tsūn-thiànn
拄欲,抵欲,tú beh/tú bueh
拄欲,拄要,tú beh/tú bueh
拄欲,抵要,tú beh/tú bueh
櫥仔,廚仔,tû-á
拄好,抵好,tú-hó
拄數,抵賬,tú-siàu
拄數,抵數,tú-siàu
拄數,拄賬,tú-siàu
拄著,抵著,tú-tio̍h
拄搪,抵搪,tú-tn̄g
拄才,拄則,tú-tsiah
拄才,拄即,tú-tsiah
蹛,帶,tuà
蹛,滯,tuà
大漢囝,大漢子,tuā-hàn-kiánn
大湧,大泳,tuā-íng
大跤胴,大骹筒,tuā-kha-tâng
大跤胴,大腳筒,tuā-kha-tâng
大箍呆,大箍獃,tuā-khoo-tai
大氣喘,大喟喘,tuā-khuì-tshuán
大囝,大子,tuā-kiánn
大廣絃,大廣弦,tuā-kóng-hiân
大嚨喉空,大嚨喉孔,tuā-nâ-âu-khang
大範,大辨,tuā-pān
大爿,大旁,tuā-pîng
大心氣,大心喟,tuā-sim-khuì
大頭拇,大頭母,tuā-thâu-bú
大灶,大竈,tuā-tsàu
大厝,大茨,tuā-tshù
大厝起,大茨起,tuā-tshù-khí
大姊,大姐,tuā-tsí
單跤手,單骹手,tuann-kha-tshiú
單跤手,單腳手,tuann-kha-tshiú
綴人走,綴儂走,tuè-lâng-tsáu/tè-lâng-tsáu
盹瞌睡,拄磕睡,tuh-ka-tsuē
盹龜,拄龜,tuh-ku
盹龜,拄痀,tuh-ku
盹龜,盹眗,tuh-ku
墜跤氣,墜腳氣,tuī-kha-khì
對數,對賬,tuì-siàu
對喙,對嘴,tuì-tshuì
屯,囤,tūn
囤,躉,tún
鈍跤鈍手,鈍腳鈍手,tūn-kha-tūn-tshiú
鈍跤鈍手,鈍骹鈍手,tūn-kha-tūn-tshiú
頓蹬,頓𩨑,tùn-tenn/tùn-tinn
有耳無喙,有耳無嘴,ū-hīnn-bô-tshuì/ū-hī-bô-tshuì
有閒,有閑,ū-îng
有空無榫,有孔無榫,ū-khang-bô-sún
有人緣,有儂緣,ū-lâng-iân
有錢人,有錢儂,ū-tsînn-lâng
倚意,偎意,uá-ì
倚靠,偎靠,uá-khò
倚近,偎近,uá-kīn/uá-kūn
倚年,偎年,uá-nî
倚壁,偎壁,uá-piah
倚山食山,倚山吃山,uá-suann-tsia̍h-suann
倚晝,偎晝,uá-tàu
倚蹛,倚帶,uá-tuà
倚蹛,偎蹛,uá-tuà
活欲,活要,ua̍h-beh/ua̍h-bueh
歪喙,歪嘴,uai-tshuì
圓栱門,圓光門,uân-kong-mn̂g
彎來斡去,彎來拐去,uan-lâi-uat-khì
冤仇人,冤仇儂,uan-siû-lâng
怨慼,怨切,uàn-tsheh/uàn-tshueh
彎彎斡斡,彎彎拐拐,uan-uan-uat-uat
碗公,碗疆,uánn-kong
碗粿,碗餜,uánn-kué/uánn-ké
換喙,換嘴,uānn-tshuì
越,斡,ua̍t
越頭,斡頭,ua̍t-thâu
畫虎𡳞,話虎膦,uē-hóo-lān
畫巡,畫紃,uē-sûn
圍棋,圍碁,uî-kî
飫喙,飫嘴,uì-tshuì
隱,煴,ún
勻仔是,緩仔是,ûn-á-sī
隱弓蕉,隱金蕉,ún-king-tsio
隱弓蕉,隱芎蕉,ún-king-tsio
隱痀,隱龜,ún-ku
隱痀橋,隱龜橋,ún-ku-kiô
運動埕,運動庭,ūn-tōng-tiânn
運途,運圖,ūn-tôo
勻勻仔,緩緩仔,ûn-ûn-á
勻勻仔火,緩緩仔火,ûn-ûn-á-hué/ûn-ûn-á-hé
鬱歲,屈歲,ut-huè/ut-hè
鬱傷,屈傷,ut-siong
,,
笑,𫝙,tshiò
霧,𫝞,bū