tl,hanzi,frequency,poj,tl_num,poj_num
tê,茶,3426,tê,te5,te5
liân,蓮,999,liân,lian5,lian5
kiunn,薑,400,kiuⁿ,kiunn,kiunn
tîn,藤,350,tîn,tin5,tin5
tōo,杜,300,tō͘,too7,too7
sam,杉,200,sam,sam,sam
tsang,棕,200,chang,tsang,chang
tsiunn,樟,200,chiuⁿ,tsiunn,chiunn
tshat,漆,150,chhat,tshat,chhat
tshîng,松,100,chhêng,tshing5,chheng5
tshîng,榕,100,chhêng,tshing5,chheng5
phuē,稗,100,phōe,phue7,phoe7
kiô,茄,100,kiô,kio5,kio5
hiānn,艾,50,hiāⁿ,hiann7,hiann7
hò,荷,50,hò,ho3,ho3
sann-khak,三麴,25,saⁿ-khak,sannkhak,sannkhak
khu-phiô,丘萍,25,khu-phiô,khuphio5,khuphio5
tiong-iū,中柚,25,tiong-iū,tiongiu7,tiongiu7
káu-tsô,九槽,25,káu-chô,kau2tso5,kau2cho5
kiú-kiong,九芎,25,kiú-kiong,kiu2kiong,kiu2kiong
lin-tsháu,乳草,25,lin-chháu,lintshau2,linchhau2
lin-tîn,乳藤,25,lin-tîn,lintin5,lintin5
kan-kuah,乾葛,25,kan-koah,kankuah,kankoah
a-sam,亞杉,25,a-sam,asam,asam
jîn-kí,仁𣏌,25,jîn-kí,jin5ki2,jin5ki2
sian-tan,仙丹,25,sian-tan,siantan,siantan
sian-tsháu,仙草,25,sian-chháu,siantshau2,sianchhau2
hu̍t-siú,佛手,25,hu̍t-siú,hut8siu2,hut8siu2
tshik-peh,側柏,25,chhek-peh,tshikpeh,chhekpeh
pueh-kak,八角,25,poeh-kak,puehkak,poehkak
phànn-khīng,冇柏,25,phàⁿ-khēng,phann3khing7,phann3kheng7
phànn-kuì,冇桂,25,phàⁿ-kùi,phann3kui3,phann3kui3
phànn-tsiunn,冇樟,25,phàⁿ-chiuⁿ,phann3tsiunn,phann3chiunn
tshì-á,刺仔,25,chhì-á,tshi3a2,chhi3a2
tshì-keh,刺格,25,chhì-keh,tshi3keh,chhi3keh
tshì-tông,刺桐,25,chhì-tông,tshi3tong5,chhi3tong5
tshì-lâm,刺楠,25,chhì-lâm,tshi3lam5,chhi3lam5
tshì-tik,刺竹,25,chhì-tek,tshi3tik,chhi3tek
tshì-kiô,刺茄,25,chhì-kiô,tshi3kio5,chhi3kio5
tshì-tsháu,刺草,25,chhì-chháu,tshi3tshau2,chhi3chhau2
tshì-hīng,刺莧,25,chhì-hēng,tshi3hing7,chhi3heng7
tshì-tshang,刺葱,25,chhì-chhang,tshi3tshang,chhi3chhang
tshì-soo,刺蒐,25,chhì-so͘,tshi3soo,chhi3soo
pû-á,匏仔,25,pû-á,pu5a2,pu5a2
pak-tsio,北蕉,25,pak-chio,paktsio,pakchio
puàn-hā,半夏,25,poàn-hā,puan3ha7,poan3ha7
kńg-peh,卷柏,25,kńg-peh,kng2peh,kng2peh
kāu-khak,厚殼,25,kāu-khak,kau7khak,kau7khak
hâm-siàu,含笑,25,hâm-siàu,ham5siau3,ham5siau3
siong-lio̍k,商陸,25,siong-lio̍k,siongliok8,siongliok8
siān-po̍k,善薄,25,siān-po̍k,sian7pok8,sian7pok8
tshuì-tsháu,嘴草,25,chhùi-chháu,tshui3tshau2,chhui3chhau2
phùn-seh,噴雪,25,phùn-seh,phun3seh,phun3seh
thóo-sam,土杉,25,thó͘-sam,thoo2sam,thoo2sam
thóo-lâm,土楠,25,thó͘-lâm,thoo2lam5,thoo2lam5
thóo-tsiunn,土樟,25,thó͘-chiuⁿ,thoo2tsiunn,thoo2chiunn
thóo-hun,土烟,25,thó͘-hun,thoo2hun,thoo2hun
thóo-hun,土煙,25,thó͘-hun,thoo2hun,thoo2hun
thóo-ho̍k,土茯,25,thó͘-ho̍k,thoo2hok8,thoo2hok8
thôo-tāu,土豆,25,thô͘-tāu,thoo5tau7,thoo5tau7
thôo-hiunn,土香,25,thô͘-hiuⁿ,thoo5hiunn,thoo5hiunn
tē-ting,地丁,25,tē-teng,te7ting,te7teng
suî-liú,垂柳,25,sûi-liú,sui5liu2,sui5liu2
poo-kiunn,埔姜,25,po͘-kiuⁿ,pookiunn,pookiunn
poo-lûn,埔崙,25,po͘-lûn,poolun5,poolun5
poo-tiū,埔稻,25,po͘-tiū,pootiu7,pootiu7
poo-iâm,埔鹽,25,po͘-iâm,pooiam5,pooiam5
hē-bê,夏粥,25,hē-bê,he7be5,he7be5
iā-ha̍p,夜合,25,iā-ha̍p,ia7hap8,ia7hap8
tuā-phànn,大冇,25,tōa-phàⁿ,tua7phann3,toa7phann3
tuā-tsó,大棗,25,tōa-chó,tua7tso2,toa7cho2
tuā-tshinn,大菁,25,tōa-chhiⁿ,tua7tshinn,toa7chhinn
tuā-tshài,大菜,25,tōa-chhài,tua7tshai3,toa7chhai3
tuā-phiô,大萍,25,tōa-phiô,tua7phio5,toa7phio5
tuā-be̍h,大麥,25,tōa-be̍h,tua7beh8,toa7beh8
thian-tsháu,天草,25,thian-chháu,thiantshau2,thianchhau2
siā-kan,射干,25,siā-kan,sia7kan,sia7kan
sió-tshinn,小菁,25,sió-chhiⁿ,sio2tshinn,sio2chhinn
sió-be̍h,小麥,25,sió-be̍h,sio2beh8,sio2beh8
suann-nai,山奈,25,soaⁿ-nai,suannnai,soannnai
suann-sam,山杉,25,soaⁿ-sam,suannsam,soannsam
suann-khīng,山柏,25,soaⁿ-khēng,suannkhing7,soannkheng7
suann-khī,山柿,25,soaⁿ-khī,suannkhi7,soannkhi7
suann-lâi,山梨,25,soaⁿ-lâi,suannlai5,soannlai5
suann-tsang,山棕,25,soaⁿ-chang,suanntsang,soannchang
suann-tshîng,山榕,25,soaⁿ-chhêng,suanntshing5,soannchheng5
suann-tshat,山漆,25,soaⁿ-chhat,suanntshat,soannchhat
suann-tê,山茶,25,soaⁿ-tê,suannte5,soannte5
suann-tshinn,山菁,25,soaⁿ-chhiⁿ,suanntshinn,soannchhinn
suann-kiok,山菊,25,soaⁿ-kiok,suannkiok,soannkiok
suann-muâ,山麻,25,soaⁿ-môa,suannmua5,soannmoa5
tshuan-tshit,川七,25,chhoan-chhit,tshuantshit,chhoanchhit
pa-tau,巴豆,25,pa-tau,patau,patau
pa-tāu,巴豆,25,pa-tāu,patau7,patau7
tshī-tshang,市葱,25,chhī-chhang,tshi7tshang,chhi7chhang
pòo-kiunn,布姜,25,pò͘-kiuⁿ,poo3kiunn,poo3kiunn
siông-san,常山,25,siông-san,siong5san,siong5san
nî-kam,年柑,25,nî-kam,ni5kam,ni5kam
kóng-á,廣仔,25,kóng-á,kong2a2,kong2a2
gōng-tshiū,戇樹,25,gōng-chhiū,gong7tshiu7,gong7chhiu7
tshiú-io̍h,手藥,25,chhiú-io̍h,tshiu2ioh8,chhiu2ioh8
pat-á,扒仔,25,pat-á,pata2,pata2
tánn-tsio,打招,25,táⁿ-chio,tann2tsio,tann2chio
buah-tsháu,抹草,25,boah-chháu,buahtshau2,boahchhau2
pua̍t-á,拔仔,25,poa̍t-á,puat8a2,poat8a2
iông-phoo,揚波,25,iông-pho͘,iong5phoo,iong5phoo
phang-kuì,攀桂,25,phang-kùi,phangkui3,phangkui3
bûn-tàn,文旦,25,bûn-tàn,bun5tan3,bun5tan3
táu-iū,斗柚,25,táu-iū,tau2iu7,tau2iu7
táu-lo̍k,斗鹿,25,táu-lo̍k,tau2lok8,tau2lok8
tsá-iū,早柚,25,chá-iū,tsa2iu7,cha2iu7
bān-iū,晚柚,25,bān-iū,ban7iu7,ban7iu7
ge̍h-thô,月桃,25,ge̍h-thô,geh8tho5,geh8tho5
bo̍k-ha̍k,木斛,25,bo̍k-ha̍k,bok8hak8,bok8hak8
bo̍k-kua,木瓜,25,bo̍k-koa,bok8kua,bok8koa
ba̍k-lô,木羅,25,ba̍k-lô,bak8lo5,bak8lo5
ba̍k-hiunn,木香,25,ba̍k-hiuⁿ,bak8hiunn,bak8hiunn
pún-tsiunn,本樟,25,pún-chiuⁿ,pun2tsiunn,pun2chiunn
pún-tshinn,本菁,25,pún-chhiⁿ,pun2tshinn,pun2chhinn
phoh-á,朴仔,25,phoh-á,phoha2,phoha2
kuann-á,杆仔,25,koaⁿ-á,kuanna2,koanna2
sam-á,杉仔,25,sam-á,sama2,sama2
lí-á,李仔,25,lí-á,li2a2,li2a2
tōo-á,杜仔,25,tō͘-á,too7a2,too7a2
tshîng-peh,松柏,25,chhêng-peh,tshing5peh,chheng5peh
siông-ngôo,松梧,25,siông-ngô͘,siong5ngoo5,siong5ngoo5
siông-lô,松蘿,25,siông-lô,siong5lo5,siong5lo5
gî-pê,枇杷,25,gî-pê,gi5pe5,gi5pe5
nâ-tâu,林投,25,nâ-tâu,na5tau5,na5tau5
tsí-á,枳仔,25,chí-á,tsi2a2,chi2a2
tsí-poo,枳枯,25,chí-po͘,tsi2poo,chi2poo
kóo-kí,枸杞,25,kó͘-kí,koo2ki2,koo2ki2
khīng-á,柏仔,25,khēng-á,khing7a2,kheng7a2
iū-á,柚仔,25,iū-á,iu7a2,iu7a2
kho-á,柯仔,25,kho-á,khoa2,khoa2
kua-thôo,柯土,25,koa-thô͘,kuathoo5,koathoo5
kho-si,柯絲,25,kho-si,khosi,khosi
tshâ-ôo,柴胡,25,chhâ-ô͘,tsha5oo5,chha5oo5
khī-á,柿仔,25,khī-á,khi7a2,khi7a2
khī-kôo,柿糊,25,khī-kô͘,khi7koo5,khi7koo5
la̍t-tsí,栗子,25,la̍t-chí,lat8tsi2,lat8chi2
káu-la̍t,校栗,25,káu-la̍t,kau2lat8,kau2lat8
káu-tsan,校櫕,25,káu-chan,kau2tsan,kau2chan
kuì-ki,桂枝,25,kùi-ki,kui3ki,kui3ki
kuì-tik,桂竹,25,kùi-tek,kui3tik,kui3tek
kuì-hue,桂花,25,kùi-hoe,kui3hue,kui3hoe
thô-jîn,桃仁,25,thô-jîn,tho5jin5,tho5jin5
thô-á,桃仔,25,thô-á,tho5a2,tho5a2
thô-tik,桃竹,25,thô-tek,tho5tik,tho5tek
kong-lông,桄榔,25,kong-lông,konglong5,konglong5
song-tshiū,桑樹,25,song-chhiū,songtshiu7,songchhiu7
tháng-kam,桶柑,25,tháng-kam,thang2kam,thang2kam
muî-á,梅仔,25,mûi-á,mui5a2,mui5a2
ngôo-tông,梧桐,25,ngô͘-tông,ngoo5tong5,ngoo5tong5
lâi-á,梨仔,25,lâi-á,lai5a2,lai5a2
mî-la̍t,棉栗,25,mî-la̍t,mi5lat8,mi5lat8
tsó-á,棗仔,25,chó-á,tso2a2,cho2a2
iâ-phiô,椰瓢,25,iâ-phiô,ia5phio5,ia5phio5
iông-muâi,楊梅,25,iông-moâi,iong5muai5,iong5moai5
png-á,楓仔,25,png-á,pnga2,pnga2
phng-siū,楓樹,25,phng-siū,phngsiu7,phngsiu7
lâm-á,楠仔,25,lâm-á,lam5a2,lam5a2
tshîng-tshiū,榕樹,25,chhêng-chhiū,tshing5tshiu7,chheng5chhiu7
tsiunn-gû,樟牛,25,chiuⁿ-gû,tsiunngu5,chiunngu5
tshiū-m̂,樹梅,25,chhiū-m̂,tshiu7m5,chhiu7m5
tshiū-tsû,樹薯,25,chhiū-chû,tshiu7tsu5,chhiu7chu5
tshiū-lân,樹蘭,25,chhiū-lân,tshiu7lan5,chhiu7lan5
tshiū-tāu,樹豆,25,chhiū-tāu,tshiu7tau7,chhiu7tau7
tshiū-tshinn,樹青,25,chhiū-chhiⁿ,tshiu7tshinn,chhiu7chhinn
tshiū-lîng,樹龍,25,chhiū-lêng,tshiu7ling5,chhiu7leng5
kann-ná,橄欖,25,kaⁿ-ná,kannna2,kannna2
ting-tông,橙桐,25,teng-tông,tingtong5,tengtong5
ting-lân,橙欄,25,teng-lân,tinglan5,tenglan5
tuânn-hiunn,檀香,25,tôaⁿ-hiuⁿ,tuann5hiunn,toann5hiunn
suāinn-á,檨仔,25,soāiⁿ-á,suainn7a2,soainn7a2
tâi-á,檯仔,25,tâi-á,tai5a2,tai5a2
pin-nn̂g,檳榔,25,pin-nn̂g,pinnng5,pinnng5
luân-tshiū,欒樹,25,loân-chhiū,luan5tshiu7,loan5chhiu7
lám-jîn,欖仁,25,lám-jîn,lam2jin5,lam2jin5
tsí-kiong,止宮,25,chí-kiong,tsi2kiong,chi2kiong
tsiànn-tshîng,正榕,25,chiàⁿ-chhêng,tsiann3tshing5,chiann3chheng5
khak-tshài,殼菜,25,khak-chhài,khaktshai3,khakchhai3
mô-khī,毛柿,25,mô-khī,mo5khi7,mo5khi7
kiû-lân,毬蘭,25,kiû-lân,kiu5lan5,kiu5lan5
tsuí-kam,水柑,25,chúi-kam,tsui2kam,chui2kam
tsuí-liú,水柳,25,chúi-liú,tsui2liu2,chui2liu2
tsuí-lâi,水梨,25,chúi-lâi,tsui2lai5,chui2lai5
tsuí-tshat,水漆,25,chúi-chhat,tsui2tshat,chui2chhat
tsuí-tsik,水燭,25,chúi-chek,tsui2tsik,chui2chek
tsuí-pit,水筆,25,chúi-pit,tsui2pit,chui2pit
tsuí-tîn,水籐,25,chúi-tîn,tsui2tin5,chui2tin5
tsuí-ōo,水芋,25,chúi-ō͘,tsui2oo7,chui2oo7
tsuí-kiô,水茄,25,chúi-kiô,tsui2kio5,chui2kio5
tsuí-tsháu,水草,25,chúi-chháu,tsui2tshau2,chui2chhau2
tsuí-phiô,水萍,25,chúi-phiô,tsui2phio5,chui2phio5
iû-bo̍k,油木,25,iû-bo̍k,iu5bok8,iu5bok8
iû-sam,油杉,25,iû-sam,iu5sam,iu5sam
iû-tshîng,油杉,25,iû-chhêng,iu5tshing5,iu5chheng5
iû-kam,油柑,25,iû-kam,iu5kam,iu5kam
iû-tông,油桐,25,iû-tông,iu5tong5,iu5tong5
iû-tê,油茶,25,iû-tê,iu5te5,iu5te5
iû-muâ,油麻,25,iû-môa,iu5mua5,iu5moa5
hái-tông,海棠,25,hái-tông,hai2tong5,hai2tong5
lîm-lî,淋漓,25,lîm-lî,lim5li5,lim5li5
tām-tik,淡竹,25,tām-tek,tam7tik,tam7tek
siap-lâi,澁梨,25,siap-lâi,siaplai5,siaplai5
siap-hio̍h,澁葉,25,siap-hio̍h,siaphioh8,siaphioh8
ti̍k-lân,澤蘭,25,te̍k-lân,tik8lan5,tek8lan5
oo-sam,烏杉,25,o͘-sam,oosam,oosam
oo-tshîng,烏榕,25,o͘-chhêng,ootshing5,oochheng5
oo-tinn,烏甜,25,o͘-tiⁿ,ootinn,ootinn
oo-tāu,烏豆,25,o͘-tāu,ootau7,ootau7
oo-muâ,烏麻,25,o͘-môa,oomua5,oomoa5
hun-tsháu,煙草,25,hun-chháu,huntshau2,hunchhau2
nuā-sim,爛心,25,nōa-sim,nua7sim,noa7sim
gû-lin,牛乳,25,gû-lin,gu5lin,gu5lin
gû-tsiunn,牛樟,25,gû-chiuⁿ,gu5tsiunn,gu5chiunn
giû-tshik,牛膝,25,giû-chhek,giu5tshik,giu5chhek
káu-tsit,狗脊,25,káu-chit,kau2tsit,kau2chit
bíng-tshiū,猛樹,25,béng-chhiū,bing2tshiu7,beng2chhiu7
to̍k-hua̍t,獨活,25,to̍k-hoa̍t,tok8huat8,tok8hoat8
giô-tsí,玉枳,25,giô-chí,gio5tsi2,gio5chi2
gio̍k-lân,玉蘭,25,gio̍k-lân,giok8lan5,giok8lan5
kam-tsià,甘蔗,25,kam-chià,kamtsia3,kamchia3
tinn-kiat,甜橘,25,tiⁿ-kiat,tinnkiat,tinnkiat
tinn-tshài,甜菜,25,tiⁿ-chhài,tinntshai3,tinnchhai3
tinn-be̍h,甜麥,25,tiⁿ-be̍h,tinnbeh8,tinnbeh8
tshinn-kiunn,生姜,25,chhiⁿ-kiuⁿ,tshinnkiunn,chhinnkiunn
tshân-tshinn,田菁,25,chhân-chhiⁿ,tshan5tshinn,chhan5chhinn
tshân-tsû,田薯,25,chhân-chû,tshan5tsu5,chhan5chu5
pe̍h-jîn,白仁,25,pe̍h-jîn,peh8jin5,peh8jin5
pe̍h-á,白仔,25,pe̍h-á,peh8a2,peh8a2
pe̍h-mn̂g,白們,25,pe̍h-mn̂g,peh8mng5,peh8mng5
pe̍h-pû,白匏,25,pe̍h-pû,peh8pu5,peh8pu5
pe̍h-khing,白柏,25,pe̍h-kheng,peh8khing,peh8kheng
pe̍h-tông,白桐,25,pe̍h-tông,peh8tong5,peh8tong5
pe̍h-muî,白梅,25,pe̍h-mûi,peh8mui5,peh8mui5
pe̍h-tshîng,白榕,25,pe̍h-chhêng,peh8tshing5,peh8chheng5
pe̍h-tshiū,白樹,25,pe̍h-chhiū,peh8tshiu7,peh8chhiu7
pe̍h-sua,白沙,25,pe̍h-soa,peh8sua,peh8soa
pe̍h-tshài,白菜,25,pe̍h-chhài,peh8tshai3,peh8chhai3
pe̍h-tāu,白豆,25,pe̍h-tāu,peh8tau7,peh8tau7
pe̍h-gûn,白銀,25,pe̍h-gûn,peh8gun5,peh8gun5
pe̍h-lîn,白隣,25,pe̍h-lîn,peh8lin5,peh8lin5
pe̍h-muâ,白麻,25,pe̍h-môa,peh8mua5,peh8moa5
tsinn-tik,矢竹,25,chiⁿ-tek,tsinntik,chinntek
tsio̍h-kiàm,石劍,25,chio̍h-kiàm,tsioh8kiam3,chioh8kiam3
tsio̍h-phok,石博,25,chio̍h-phok,tsioh8phok,chioh8phok
tsio̍h-ge̍h,石月,25,chio̍h-ge̍h,tsioh8geh8,chioh8geh8
tsio̍h-tshîng,石松,25,chio̍h-chhêng,tsioh8tshing5,chioh8chheng5
tsio̍h-lîng,石柃,25,chio̍h-lêng,tsioh8ling5,chioh8leng5
tsio̍h-liú,石柳,25,chio̍h-liú,tsioh8liu2,chioh8liu2
sia̍h-liû,石榴,25,sia̍h-liû,siah8liu5,siah8liu5
tsio̍h-tsu,石櫧,25,chio̍h-chu,tsioh8tsu,chioh8chu
tsio̍h-siap,石澁,25,chio̍h-siap,tsioh8siap,chioh8siap
tsio̍h-tik,石竹,25,chio̍h-tek,tsioh8tik,chioh8tek
tsio̍h-tsû,石薯,25,chio̍h-chû,tsioh8tsu5,chioh8chu5
bé-tsî,碼薯,25,bé-chî,be2tsi5,be2chi5
bō-tsháu,磨草,25,bō-chháu,bo7tshau2,bo7chhau2
kî-gāi,祈艾,25,kî-gāi,ki5gai7,ki5gai7
siù-ing,秀英,25,siù-eng,siu3ing,siu3eng
tshiu-lân,秋蘭,25,chhiu-lân,tshiulan5,chhiulan5
tiû-á,稠仔,25,tiû-á,tiu5a2,tiu5a2
tsang-bo̍k,稯木,25,chang-bo̍k,tsangbok8,changbok8
tiū-á,稻仔,25,tiū-á,tiu7a2,tiu7a2
tik-peh,竹柏,25,tek-peh,tikpeh,tekpeh
tsìnn-tik,箭竹,25,chìⁿ-tek,tsinn3tik,chinn3tek
bí-tāu,米豆,25,bí-tāu,bi2tau7,bi2tau7
hun-tsio,粉蕉,25,hun-chio,huntsio,hunchio
phoh-á,粕仔,25,phoh-á,phoha2,phoha2
kôo-thu,糊樗,25,kô͘-thu,koo5thu,koo5thu
khong-lông,糠榔,25,khong-lông,khonglong5,khonglong5
âng-sam,紅杉,25,âng-sam,ang5sam,ang5sam
âng-kam,紅柑,25,âng-kam,ang5kam,ang5kam
âng-tshâ,紅柴,25,âng-chhâ,ang5tsha5,ang5chha5
âng-khī,紅柿,25,âng-khī,ang5khi7,ang5khi7
âng-tsó,紅棗,25,âng-chó,ang5tso2,ang5cho2
âng-tām,紅淡,25,âng-tām,ang5tam7,ang5tam7
âng-tsu,紅珠,25,âng-chu,ang5tsu,ang5chu
âng-phê,紅皮,25,âng-phê,ang5phe5,ang5phe5
âng-tik,紅竹,25,âng-tek,ang5tik,ang5tek
âng-tshài,紅菜,25,âng-chhài,ang5tshai3,ang5chhai3
âng-phiô,紅萍,25,âng-phiô,ang5phio5,ang5phio5
sò-sim,素心,25,sò-sim,so3sim,so3sim
sòo-hiunn,素香,25,sò͘-hiuⁿ,soo3hiunn,soo3hiunn
tsú-tuânn,紫檀,25,chú-tôaⁿ,tsu2tuann5,chu2toann5
tsí-soo,紫蘇,25,chí-so͘,tsi2soo,chi2soo
sè-sin,細辛,25,sè-sin,se3sin,se3sin
si-kue,絲瓜,25,si-koe,sikue,sikoe
li̍k-tsiunn,綠樟,25,le̍k-chiuⁿ,lik8tsiunn,lek8chiunn
lik-tik,綠竹,25,lek-tek,liktik,lektek
li̍k-tāu,綠豆,25,le̍k-tāu,lik8tau7,lek8tau7
eng-be̍h,罌麥,25,eng-be̍h,engbeh8,engbeh8
iûnn-tāu,羊豆,25,iûⁿ-tāu,iunn5tau7,iunn5tau7
jio̍k-kuì,肉桂,25,jio̍k-kùi,jiok8kui3,jiok8kui3
bah-tāu,肉豆,25,bah-tāu,bahtau7,bahtau7
siau-lâm,肖楠,25,siau-lâm,siaulam5,siaulam5
ho-tsio,胡椒,25,ho-chio,hotsio,hochio
la̍h-tshì,臘刺,25,la̍h-chhì,lah8tshi3,lah8chhi3
tshàu-hīng,臭杏,25,chhàu-hēng,tshau3hing7,chhau3heng7
tshàu-tsiunn,臭樟,25,chhàu-chiuⁿ,tshau3tsiunn,chhau3chiunn
tshàu-kue,臭瓜,25,chhàu-koe,tshau3kue,chhau3koe
ōo-á,芋仔,25,ō͘-á,oo7a2,oo7a2
king-tsio,芎蕉,25,keng-chio,kingtsio,kengchio
phû-iông,芙蓉,25,phû-iông,phu5iong5,phu5iong5
tsi-muâ,芝麻,25,chi-môa,tsimua5,chimoa5
kuà-tshài,芥菜,25,kòa-chhài,kua3tshai3,koa3chhai3
hue-tshó,花草,25,hoe-chhó,huetsho2,hoechho2
khûn-tshài,芹菜,25,khûn-chhài,khun5tshai3,khun5chhai3
khóo-thu,苦株,25,khó͘-thu,khoo2thu,khoo2thu
khóo-līng,苦楝,25,khó͘-lēng,khoo2ling7,khoo2leng7
khóo-kue,苦瓜,25,khó͘-koe,khoo2kue,khoo2koe
khóo-tê,苦茶,25,khó͘-tê,khoo2te5,khoo2te5
khóo-muâ,苦麻,25,khó͘-môa,khoo2mua5,khoo2moa5
tuē-á,苧仔,25,tōe-á,tue7a2,toe7a2
thú-muâ,苧麻,25,thú-môa,thu2mua5,thu2moa5
kiô-á,茄仔,25,kiô-á,kio5a2,kio5a2
ka-tang,茄苳,25,ka-tang,katang,katang
hm̂-á,茅仔,25,hm̂-á,hm5a2,hm5a2
hm̂-tsháu,茅草,25,hm̂-chháu,hm5tshau2,hm5chhau2
bak-nī,茉莉,25,bak-nī,bakni7,bakni7
huê-hiunn,茴香,25,hôe-hiuⁿ,hue5hiunn,hoe5hiunn
tê-muî,茶梅,25,tê-mûi,te5mui5,te5mui5
tê-lân,茶蘭,25,tê-lân,te5lan5,te5lan5
tang-o,茼萵,25,tang-o,tango,tango
tsháu-se,草紗,25,chháu-se,tshau2se,chhau2se
nāi-tsi,荔枝,25,nāi-chi,nai7tsi,nai7chi
láu-tîn,荖藤,25,láu-tîn,lau2tin5,lau2tin5
hò-siū,荷樹,25,hò-siū,ho3siu7,ho3siu7
tshinn-á,菁仔,25,chhiⁿ-á,tshinna2,chhinna2
kuann-bâng,菅芒,25,koaⁿ-bâng,kuannbang5,koannbang5
kiok-á,菊仔,25,kiok-á,kioka2,kioka2
kak-hue,菊花,25,kak-hoe,kakhue,kakhoe
kiok-hue,菊花,25,kiok-hoe,kiokhue,kiokhoe
tshong-pô,菖蒲,25,chhong-pô,tshongpo5,chhongpo5
tshài-kue,菜瓜,25,chhài-koe,tshai3kue,chhai3koe
tshài-hue,菜花,25,chhài-hoe,tshai3hue,chhai3hoe
tshài-tāu,菜豆,25,chhài-tāu,tshai3tau7,chhai3tau7
tshài-thâu,菜頭,25,chhài-thâu,tshai3thau5,chhai3thau5
lâi-ho̍k,萊菔,25,lâi-ho̍k,lai5hok8,lai5hok8
suan-á,萱仔,25,soan-á,suana2,soana2
pián-thiok,萹蓄,25,pián-thiok,pian2thiok,pian2thiok
kuah-tsû,葛薯,25,koah-chû,kuahtsu5,koahchu5
kuah-tîn,葛藤,25,koah-tîn,kuahtin5,koahtin5
phû-tô,葡萄,25,phû-tô,phu5to5,phu5to5
tshang-á,葱仔,25,chhang-á,tshanga2,chhanga2
tshang-thâu,葱頭,25,chhang-thâu,tshangthau5,chhangthau5
suàn-á,蒜仔,25,soàn-á,suan3a2,soan3a2
pôo-kuî,蒲葵,25,pô͘-kûi,poo5kui5,poo5kui5
tsi̍t-lê,蒺藜,25,chi̍t-lê,tsit8le5,chit8le5
tshio̍h-tsháu,蓆草,25,chhio̍h-chháu,tshioh8tshau2,chhioh8chhau2
pi-muâ,蓖麻,25,pi-môa,pimua5,pimoa5
thong-tshó,蓪草,25,thong-chhó,thongtsho2,thongchho2
liân-hue,蓮花,25,liân-hoe,lian5hue,lian5hoe
lô-tîn,蔞藤,25,lô-tîn,lo5tin5,lo5tin5
muâ-á,蔴仔,25,môa-á,mua5a2,moa5a2
muâ-tik,蔴竹,25,môa-tek,mua5tik,moa5tek
tshì-muî,蕀梅,25,chhì-mûi,tshi3mui5,chhi3mui5
huan-kam,蕃柑,25,hoan-kam,huankam,hoankam
huan-hue,蕃花,25,hoan-hoe,huanhue,hoanhoe
huan-tshinn,蕃菁,25,hoan-chhiⁿ,huantshinn,hoanchhinn
huan-kiunn,蕃薑,25,hoan-kiuⁿ,huankiunn,hoankiunn
han-tsû,蕃薯,25,han-chû,hantsu5,hanchu5
huan-be̍h,蕃麥,25,hoan-be̍h,huanbeh8,hoanbeh8
huan-sué,蕃黍,25,hoan-sóe,huansue2,hoansoe2
kiô-be̍h,蕎麥,25,kiô-be̍h,kio5beh8,kio5beh8
lōo-giō,蕗蕎,25,lō͘-giō,loo7gio7,loo7gio7
lōo-tîn,蕗藤,25,lō͘-tîn,loo7tin5,loo7tin5
keh-niau,蕨猫,25,keh-niau,kehniau,kehniau
po̍h-phê,薄皮,25,po̍h-phê,poh8phe5,poh8phe5
po̍h-ho,薄荷,25,po̍h-ho,poh8ho,poh8ho
kiunn-n̂g,薑黃,25,kiuⁿ-n̂g,kiunnng5,kiunnng5
tsû-táu,薯斗,25,chû-táu,tsu5tau2,chu5tau2
tsû-nn̂g,薯榔,25,chû-nn̂g,tsu5nng5,chu5nng5
tsû-tāu,薯豆,25,chû-tāu,tsu5tau7,chu5tau7
tîn-tsû,藤薯,25,tîn-chû,tin5tsu5,tin5chu5
io̍h-hóo,藥虎,25,io̍h-hó͘,ioh8hoo2,ioh8hoo2
lôo-tik,蘆竹,25,lô͘-tek,loo5tik,loo5tek
lôo-hē,蘆薈,25,lô͘-hē,loo5he7,loo5he7
lōo-sué,蘆黍,25,lō͘-sóe,loo7sue2,loo7soe2
soo-bo̍k,蘇木,25,so͘-bo̍k,soobok8,soobok8
soo-thih,蘇鐵,25,so͘-thih,soothih,soothih
pîn-pô,蘋婆,25,pîn-pô,pin5po5,pin5po5
hóo-tshì,虎刺,25,hó͘-chhì,hoo2tshi3,hoo2chhi3
tsuâ-pô,蛇婆,25,chôa-pô,tsua5po5,choa5po5
tsuâ-pho,蛇波,25,chôa-pho,tsua5pho,choa5pho
bit-iū,蜜柚,25,bit-iū,bitiu7,bitiu7
pián-tsiong,蝙章,25,pián-chiong,pian2tsiong,pian2chiong
hê-bé,蝦尾,25,hê-bé,he5be2,he5be2
ia̍h-lân,蝶蘭,25,ia̍h-lân,iah8lan5,iah8lan5
thâng-sái,蟲屎,25,thâng-sái,thang5sai2,thang5sai2
tsîm-tshài,蟳菜,25,chîm-chhài,tsim5tshai3,chim5chhai3
tshâm-tāu,蠶豆,25,chhâm-tāu,tsham5tau7,chham5tau7
huih-tông,血桐,25,huih-tông,huihtong5,huihtong5
huih-tîn,血藤,25,huih-tîn,huihtin5,huihtin5
si-kue,西瓜,25,si-koe,sikue,sikoe
kak-tshài,角菜,25,kak-chhài,kaktshai3,kakchhai3
tāu-tshài,豆菜,25,tāu-chhài,tau7tshai3,tau7chhai3
tāu-hóo,豆虎,25,tāu-hó͘,tau7hoo2,tau7hoo2
kòng-á,貢仔,25,kòng-á,kong3a2,kong3a2
kuàn-tsiòng,貫眾,25,koàn-chiòng,kuan3tsiong3,koan3chiong3
tshiah-ko,赤柯,25,chhiah-ko,tshiahko,chhiahko
tshiah-kua,赤柯,25,chhiah-koa,tshiahkua,chhiahkoa
tshiah-káu,赤校,25,chhiah-káu,tshiahkau2,chhiahkau2
tshiah-iông,赤榕,25,chhiah-iông,tshiahiong5,chhiahiong5
tshiah-phê,赤皮,25,chhiah-phê,tshiahphe5,chhiahphe5
tshiah-lân,赤蘭,25,chhiah-lân,tshiahlan5,chhiahlan5
tshiah-liû,赤鱗,25,chhiah-liû,tshiahliu5,chhiahliu5
uán-tsì,遠志,25,oán-chì,uan2tsi3,oan2chi3
sng-kiat,酸橘,25,sng-kiat,sngkiat,sngkiat
sng-tìn,酸藤,25,sng-tìn,sngtin3,sngtin3
kim-kam,金柑,25,kim-kam,kimkam,kimkam
kim-kue,金瓜,25,kim-koe,kimkue,kimkoe
kim-tsuánn,金盞,25,kim-chóaⁿ,kimtsuann2,kimchoann2
kim-sún,金筍,25,kim-sún,kimsun2,kimsun2
kim-ing,金英,25,kim-eng,kiming,kimeng
kau-tîn,鈎藤,25,kau-tîn,kautin5,kautin5
kau-tîn,鉤藤,25,kau-tîn,kautin5,kautin5
thih-á,鐵仔,25,thih-á,thiha2,thiha2
thih-tshiū,鐵樹,25,thih-chhiū,thihtshiu7,thihchhiu7
hông-kí,防巳,25,hông-kí,hong5ki2,hong5ki2
hông-hong,防風,25,hông-hong,hong5hong,hong5hong
kue-bâi,雞眉,25,koe-bâi,kuebai5,koebai5
seh-kam,雪柑,25,seh-kam,sehkam,sehkam
tshinn-tông,青桐,25,chhiⁿ-tông,tshinntong5,chhinntong5
tshinn-png,青楓,25,chhiⁿ-png,tshinnpng,chhinnpng
tshi-siunn,青箱,25,chhi-siuⁿ,tshisiunn,chhisiunn
tshinn-o,青荷,25,chhiⁿ-o,tshinno,chhinno
tshinn-phiô,青萍,25,chhiⁿ-phiô,tshinnphio5,chhinnphio5
kú-tshài,韮菜,25,kú-chhài,ku2tshai3,ku2chhai3
hong-tîn,風藤,25,hong-tîn,hongtin5,hongtin5
hong-kóo,風鼓,25,hong-kó͘,hongkoo2,hongkoo2
hiunn-înn,香圓,25,hiuⁿ-îⁿ,hiunninn5,hiunninn5
hiunn-sam,香杉,25,hiuⁿ-sam,hiunnsam,hiunnsam
hiong-kó,香果,25,hiong-kó,hiongko2,hiongko2
hiunn-kam,香柑,25,hiuⁿ-kam,hiunnkam,hiunnkam
hiunn-iū,香柚,25,hiuⁿ-iū,hiunniu7,hiunniu7
hiunn-kuì,香桂,25,hiuⁿ-kùi,hiunnkui3,hiunnkui3
phang-lâi,香梨,25,phang-lâi,phanglai5,phanglai5
hiunn-lâm,香楠,25,hiuⁿ-lâm,hiunnlam5,hiunnlam5
hiunn-jû,香榆,25,hiuⁿ-jû,hiunnju5,hiunnju5
hiong-iân,香櫞,25,hiong-iân,hiongian5,hiongian5
hiunn-hû,香符,25,hiuⁿ-hû,hiunnhu5,hiunnhu5
phang-hue,香花,25,phang-hoe,phanghue,phanghoe
hiang-hm̂,香茅,25,hiang-hm̂,hianghm5,hianghm5
hiong-jû,香茹,25,hiong-jû,hiongju5,hiongju5
hiunn-tsháu,香草,25,hiuⁿ-chháu,hiunntshau2,hiunnchhau2
phang-tsháu,香草,25,phang-chháu,phangtshau2,phangchhau2
ko-pue,高杯,25,ko-poe,kopue,kopoe
hî-tîn,魚藤,25,hî-tîn,hi5tin5,hi5tin5
tsiáu-lâi,鳥梨,25,chiáu-lâi,tsiau2lai5,chiau2lai5
tsiáu-tshîng,鳥榕,25,chiáu-chhêng,tsiau2tshing5,chiau2chheng5
tsiáu-tsiunn,鳥樟,25,chiáu-chiuⁿ,tsiau2tsiunn,chiau2chiunn
kue-kè,鷄冠,25,koe-kè,kueke3,koeke3
kue-jiû,鷄柔,25,koe-jiû,kuejiu5,koejiu5
kue-iû,鷄油,25,koe-iû,kueiu5,koeiu5
kue-bâi,鷄眉,25,koe-bâi,kuebai5,koebai5
iâm-pô,鹽婆,25,iâm-pô,iam5po5,iam5po5
lo̍k-pn̄g,鹿飯,25,lo̍k-pn̄g,lok8png7,lok8png7
be̍h-á,麥仔,25,be̍h-á,beh8a2,beh8a2
bi̍k-tshong,麥葱,25,be̍k-chhong,bik8tshong,bek8chhong
n̂g-ki,黃枝,25,n̂g-ki,ng5ki,ng5ki
n̂g-peh,黃柏,25,n̂g-peh,ng5peh,ng5peh
n̂g-kam,黃柑,25,n̂g-kam,ng5kam,ng5kam
n̂g-kun,黃根,25,n̂g-kun,ng5kun,ng5kun
n̂g-tsuí,黃槿,25,n̂g-chúi,ng5tsui2,ng5chui2
n̂g-kú,黃櫸,25,n̂g-kú,ng5ku2,ng5ku2
n̂g-phî,黃皮,25,n̂g-phî,ng5phi5,ng5phi5
n̂g-tîn,黃籐,25,n̂g-tîn,ng5tin5,ng5tin5
n̂g-sik,黃粟,25,n̂g-sek,ng5sik,ng5sek
n̂g-tîn,黃藤,25,n̂g-tîn,ng5tin5,ng5tin5
n̂g-muâ,黃麻,25,n̂g-môa,ng5mua5,ng5moa5
n̂g-kí,黃𣏌,25,n̂g-kí,ng5ki2,ng5ki2
sué-á,黍仔,25,sóe-á,sue2a2,soe2a2
tshú-khak,鼠麴,25,chhú-khak,tshu2khak,chhu2khak
kí-thok,齒托,25,kí-thok,ki2thok,ki2thok
gîng-gíng,龍眼,25,gêng-géng,ging5ging2,geng5geng2
ku-hue,龜花,25,ku-hoe,kuhue,kuhoe
ōng-lâi,𦬬萊,25,ōng-lâi,ong7lai5,ong7lai5
it-ki-hiunn,一枝香,16,it-ki-hiuⁿ,itkihiunn,itkihiunn
it-tiám-hông,一點紅,16,it-tiám-hông,ittiam2hong5,ittiam2hong5
tshit-hōo-liân,七厚蓮,16,chhit-hō͘-liân,tshithoo7lian5,chhithoo7lian5
tshit-tshùn-kim,七寸金,16,chhit-chhùn-kim,tshittshun3kim,chhitchhun3kim
tshit-ji̍t-n̄g,七日暈,16,chhit-ji̍t-n̄g,tshitjit8ng7,chhitjit8ng7
tshit-lí-hiong,七星香,16,chhit-lí-hiong,tshitli2hiong,chhitli2hiong
tshit-hio̍h-liân,七葉蓮,16,chhit-hio̍h-liân,tshithioh8lian5,chhithioh8lian5
tshit-lí-hiong,七里香,16,chhit-lí-hiong,tshitli2hiong,chhitli2hiong
sann-pán-to,三版刀,16,saⁿ-pán-to,sannpan2to,sannpan2to
sann-hī-tsháu,三耳草,16,saⁿ-hī-chháu,sannhi7tshau2,sannhi7chhau2
sann-kha-ting,三脚丁,16,saⁿ-kha-teng,sannkhating,sannkhateng
sann-kha-pia̍t,三脚別,16,saⁿ-kha-pia̍t,sannkhapiat8,sannkhapiat8
sann-kha-tiāu,三脚掉,16,saⁿ-kha-tiāu,sannkhatiau7,sannkhatiau7
sann-kha-phî,三脚皮,16,saⁿ-kha-phî,sannkhaphi5,sannkhaphi5
sann-kha-hóo,三脚虎,16,saⁿ-kha-hó͘,sannkhahoo2,sannkhahoo2
sann-kha-pih,三脚鼈,16,saⁿ-kha-pih,sannkhapih,sannkhapih
sann-kha-puà,三角破,16,saⁿ-kha-pòa,sannkhapua3,sannkhapoa3
sann-kha-pih,三角鼈,16,saⁿ-kha-pih,sannkhapih,sannkhapih
sann-pih-pí,三鼈比,16,saⁿ-pih-pí,sannpihpi2,sannpihpi2
put-liû-hîng,不留行,16,put-liû-hêng,putliu5hing5,putliu5heng5
m̄-kiann-king,不驚經,16,m̄-kiaⁿ-keng,m7kiannking,m7kiannkeng
m̄-kiann-tê,不驚茶,16,m̄-kiaⁿ-tê,m7kiannte5,m7kiannte5
tshǹg-phīnn-lîng,串鼻龍,16,chhǹg-phīⁿ-lêng,tshng3phinn7ling5,chhng3phinn7leng5
káu-tsàn-thah,九層塔,16,káu-chàn-thah,kau2tsan3thah,kau2chan3thah
kiú-kiong-kū,九芎舅,16,kiú-kiong-kū,kiu2kiongku7,kiu2kiongku7
káu-tîng-tshe,九重吹,16,káu-têng-chhe,kau2ting5tshe,kau2teng5chhe
khit-tshia̍h-uánn,乞食碗,16,khit-chhia̍h-óaⁿ,khittshiah8uann2,khitchhiah8oann2
lin-á-tsháu,乳仔草,16,lin-á-chháu,lina2tshau2,lina2chhau2
gōo-the̍h-kiô,五宅茄,16,gō͘-the̍h-kiô,goo7theh8kio5,goo7theh8kio5
gōo-kun-tsháu,五根草,16,gō͘-kun-chháu,goo7kuntshau2,goo7kunchhau2
ngóo-jiáu-jiông,五爪絨,16,ngó͘-jiáu-jiông,ngoo2jiau2jiong5,ngoo2jiau2jiong5
ngóo-jiáu-lîng,五爪龍,16,ngó͘-jiáu-lêng,ngoo2jiau2ling5,ngoo2jiau2leng5
gōo-kha-lí,五脚里,16,gō͘-kha-lí,goo7khali2,goo7khali2
góo-lîng-lân,五龍蘭,16,gó͘-lêng-lân,goo2ling5lan5,goo2leng5lan5
tsínn-pinn-tsháu,井邊草,16,chíⁿ-piⁿ-chháu,tsinn2pinntshau2,chinn2pinnchhau2
jîn-biān-tik,人面竹,16,jîn-biān-tek,jin5bian7tik,jin5bian7tek
jîn-tshì-tshang,仁刺葱,16,jîn-chhì-chhang,jin5tshi3tshang,jin5chhi3chhang
sian-pa-tsiúnn,仙巴掌,16,sian-pa-chiúⁿ,sianpatsiunn2,sianpachiunn2
hô-siú-oo,何首烏,16,hô-siú-o͘,ho5siu2oo,ho5siu2oo
hu̍t-thâu-kó,佛頭果,16,hu̍t-thâu-kó,hut8thau5ko2,hut8thau5ko2
sù-kun-tsú,使君子,16,sù-kun-chú,su3kuntsu2,su3kunchu2
tó-tuē-kióng,倒地拱,16,tó-tōe-kióng,to2tue7kiong2,to2toe7kiong2
tó-tuē-lîng,倒地柃,16,tó-tōe-lêng,to2tue7ling5,to2toe7leng5
tó-kî-lîn,倒麒麟,16,tó-kî-lîn,to2ki5lin5,to2ki5lin5
siong-si̍t-tsháu,傷食草,16,siong-si̍t-chháu,siongsit8tshau2,siongsit8chhau2
guân-siau-kam,元宵柑,16,goân-siau-kam,guan5siaukam,goan5siaukam
thòo-á-tshài,兔仔草,16,thò͘-á-chhài,thoo3a2tshai3,thoo3a2chhai3
thòo-hī-tsháu,兔耳草,16,thò͘-hī-chháu,thoo3hi7tshau2,thoo3hi7chhau2
lāi-tang-tsí,內冬子,16,lāi-tang-chí,lai7tangtsi2,lai7tangchi2
pat-kuà-tsháu,八卦草,16,pat-kòa-chháu,patkua3tshau2,patkoa3chhau2
pueh-kak-á,八角仔,16,poeh-kak-á,puehkaka2,poehkaka2
pueh-kak-liân,八角蓮,16,poeh-kak-liân,puehkaklian5,poehkaklian5
kong-sun-kiat,公孫橘,16,kong-sun-kiat,kongsunkiat,kongsunkiat
la̍k-ge̍h-seh,六月雪,16,la̍k-ge̍h-seh,lak8geh8seh,lak8geh8seh
la̍k-liàm-á,六棯仔,16,la̍k-liàm-á,lak8liam3a2,lak8liam3a2
la̍k-kiám-á,六檢仔,16,la̍k-kiám-á,lak8kiam2a2,lak8kiam2a2
la̍k-kak-ing,六角英,16,la̍k-kak-eng,lak8kaking,lak8kakeng
la̍k-kak-tsháu,六角草,16,la̍k-kak-chháu,lak8kaktshau2,lak8kakchhau2
tsài-sing-kiat,再生橘,16,chài-seng-kiat,tsai3singkiat,chai3sengkiat
líng-pn̄g-tîn,冷飯藤,16,léng-pn̄g-tîn,ling2png7tin5,leng2png7tin5
tshìn-pn̄g-tîn,凊飯藤,16,chhìn-pn̄g-tîn,tshin3png7tin5,chhin3png7tin5
tshut-sing-láu,出生老,16,chhut-seng-láu,tshutsinglau2,chhutsenglau2
to-siong-tsháu,刀傷草,16,to-siong-chháu,tosiongtshau2,tosiongchhau2
tò-kè-tsháu,到繼草,16,tò-kè-chháu,to3ke3tshau2,to3ke3chhau2
tshì-tōo-bi̍t,刺杜蜜,16,chhì-tō͘-bi̍t,tshi3too7bit8,chhi3too7bit8
tshì-kam-á,刺柑仔,16,chhì-kam-á,tshi3kama2,chhi3kama2
tshì-keh-á,刺格仔,16,chhì-keh-á,tshi3keha2,chhi3keha2
tshì-kiû-hue,刺毬花,16,chhì-kiû-hoe,tshi3kiu5hue,chhi3kiu5hoe
tshì-tshang-tshiū,刺葱樹,16,chhì-chhang-chhiū,tshi3tshangtshiu7,chhi3chhangchhiu7
tsián-jiông-hue,剪絨花,16,chián-jiông-hoe,tsian2jiong5hue,chian2jiong5hoe
ka-ji̍p-kū,加入舅,16,ka-ji̍p-kū,kajip8ku7,kajip8ku7
ka-po̍h-mî,加薄棉,16,ka-po̍h-mî,kapoh8mi5,kapoh8mi5
sip-lí-hiong,十里香,16,sip-lí-hiong,sipli2hiong,sipli2hiong
tshian-kun-puih,千斤拔,16,chhian-kun-puih,tshiankunpuih,chhiankunpuih
tshian-lí-kong,千里光,16,chhian-lí-kong,tshianli2kong,chhianli2kong
gōo-sî-tsháu,午時草,16,gō͘-sî-chháu,goo7si5tshau2,goo7si5chhau2
lâm-hong-tsháu,南風草,16,lâm-hong-chháu,lam5hongtshau2,lam5hongchhau2
kāu-khak-á,厚殼仔,16,kāu-khak-á,kau7khaka2,kau7khaka2
kau-khak-kuì,厚殼桂,16,kau-khak-kùi,kaukhakkui3,kaukhakkui3
sim-á-hio̍h,參仔葉,16,sim-á-hio̍h,sima2hioh8,sima2hioh8
kháu-kha-á,口脚仔,16,kháu-kha-á,khau2khaa2,khau2khaa2
kóo-gua̍t-kun,古月根,16,kó͘-goa̍t-kun,koo2guat8kun,koo2goat8kun
tông-tī-tsháu,同治草,16,tông-tī-chháu,tong5ti7tshau2,tong5ti7chhau2
hiòng-thian-tsuánn,向天盞,16,hiòng-thian-chóaⁿ,hiong3thiantsuann2,hiong3thianchoann2
hiòng-thian-hông,向天黃,16,hiòng-thian-hông,hiong3thianhong5,hiong3thianhong5
hiòng-ji̍t-kuî,向日葵,16,hiòng-ji̍t-kûi,hiong3jit8kui5,hiong3jit8kui5
kā-lâng-káu,咬人狗,16,kā-lâng-káu,ka7lang5kau2,ka7lang5kau2
kā-lâng-niau,咬人猫,16,kā-lâng-niau,ka7lang5niau,ka7lang5niau
hâm-hong-tsháu,咸豐草,16,hâm-hong-chháu,ham5hongtshau2,ham5hongchhau2
to-nî-á,哆哖仔,16,to-nî-á,toni5a2,toni5a2
lā-lí-á,嘮哩仔,16,lā-lí-á,la7li2a2,la7li2a2
sù-kuì-tshun,四季春,16,sù-kùi-chhun,su3kui3tshun,su3kui3chhun
sù-kuì-kiat,四季橘,16,sù-kùi-kiat,su3kui3kiat,su3kui3kiat
sù-sî-tshun,四時春,16,sù-sî-chhun,su3si5tshun,su3si5chhun
sù-bí-tsháu,四米草,16,sù-bí-chháu,su3bi2tshau2,su3bi2chhau2
sì-hio̍h-tshài,四葉菜,16,sì-hio̍h-chhài,si3hioh8tshai3,si3hioh8chhai3
sì-hio̍h-liân,四葉蓮,16,sì-hio̍h-liân,si3hioh8lian5,si3hioh8lian5
înn-á-hue,圓仔花,16,îⁿ-á-hoe,inn5a2hue,inn5a2hoe
înn-tshài-thâu,圓菜頭,16,îⁿ-chhài-thâu,inn5tshai3thau5,inn5chhai3thau5
thóo-puàn-hā,土半夏,16,thó͘-poàn-hā,thoo2puan3ha7,thoo2poan3ha7
thóo-tshuan-nî,土川連,16,thó͘-chhoan-nî,thoo2tshuanni5,thoo2chhoanni5
thóo-tîm-hiunn,土沈香,16,thó͘-tîm-hiuⁿ,thoo2tim5hiunn,thoo2tim5hiunn
thóo-giû-tshit,土牛七,16,thó͘-giû-chhit,thoo2giu5tshit,thoo2giu5chhit
thóo-jio̍k-kuì,土肉桂,16,thó͘-jio̍k-kùi,thoo2jiok8kui3,thoo2jiok8kui3
thóo-ho̍k-lîng,土茯苓,16,thó͘-ho̍k-lêng,thoo2hok8ling5,thoo2hok8leng5
thôo-tāu-kū,土豆舅,16,thô͘-tāu-kū,thoo5tau7ku7,thoo5tau7ku7
tuē-giâ-kang,地蜈蚣,16,tōe-giâ-kang,tue7gia5kang,toe7gia5kang
tē-kut-phî,地骨皮,16,tē-kut-phî,te7kutphi5,te7kutphi5
poo-lûn-á,埔崙仔,16,po͘-lûn-á,poolun5a2,poolun5a2
poo-pit-á,埔筆仔,16,po͘-pit-á,poopita2,poopita2
poo-tsháu-iūnn,埔草樣,16,po͘-chháu-iūⁿ,pootshau2iunn7,poochhau2iunn7
poo-iâm-á,埔鹽仔,16,po͘-iâm-á,pooiam5a2,pooiam5a2
hē-koo-tsháu,夏枯草,16,hē-ko͘-chháu,he7kootshau2,he7koochhau2
hâ-phî-lâm,夏皮楠,16,hâ-phî-lâm,ha5phi5lam5,ha5phi5lam5
tāi-ting-hông,大丁黃,16,tāi-teng-hông,tai7tinghong5,tai7tenghong5
tuā-phànn-tshiū,大冇樹,16,tōa-phàⁿ-chhiū,tua7phann3tshiu7,toa7phann3chhiu7
tuā-huê-hûn,大回魂,16,tōa-hôe-hûn,tua7hue5hun5,toa7hoe5hun5
tuā-gōng-tshiū,大戇樹,16,tōa-gōng-chhiū,tua7gong7tshiu7,toa7gong7chhiu7
tuā-táu-iū,大斗柚,16,tōa-táu-iū,tua7tau2iu7,toa7tau2iu7
tuā-phànn-tshiū,大有樹,16,tōa-phàⁿ-chhiū,tua7phann3tshiu7,toa7phann3chhiu7
tuā-tsuí-phiô,大水萍,16,tōa-chúi-phiô,tua7tsui2phio5,toa7chui2phio5
tāi-kah-tsháu,大甲草,16,tāi-kah-chháu,tai7kahtshau2,tai7kahchhau2
tuā-pe̍h-hue,大白花,16,tōa-pe̍h-hoe,tua7peh8hue,toa7peh8hoe
tuā-âng-sim,大紅心,16,tōa-âng-sim,tua7ang5sim,toa7ang5sim
tuā-âng-hue,大紅花,16,tōa-âng-hoe,tua7ang5hue,toa7ang5hoe
tuā-huan-hûn,大翻魂,16,tōa-hoan-hûn,tua7huanhun5,toa7hoanhun5
tuā-hio̍h-phànn,大葉冇,16,tōa-hio̍h-phàⁿ,tua7hioh8phann3,toa7hioh8phann3
tuā-hio̍h-tōo,大葉杜,16,tōa-hio̍h-tō͘,tua7hioh8too7,toa7hioh8too7
tuā-hio̍h-lâm,大葉楠,16,tōa-hio̍h-lâm,tua7hioh8lam5,toa7hioh8lam5
tuā-phû-tô,大葡萄,16,tōa-phû-tô,tua7phu5to5,toa7phu5to5
tuā-thè-hông,大退癀,16,tōa-thè-hông,tua7the3hong5,toa7the3hong5
tuā-kim-ing,大金英,16,tōa-kim-eng,tua7kiming,toa7kimeng
tuā-thâu-tê,大頭茶,16,tōa-thâu-tê,tua7thau5te5,toa7thau5te5
tuā-thâu-tshang,大頭葱,16,tōa-thâu-chhang,tua7thau5tshang,toa7thau5chhang
tuā-hong-tsháu,大風草,16,tōa-hong-chháu,tua7hongtshau2,toa7hongchhau2
tuā-hong-tîn,大風藤,16,tōa-hong-tîn,tua7hongtin5,toa7hongtin5
tāi-hông-tsháu,大黃草,16,tāi-hông-chháu,tai7hong5tshau2,tai7hong5chhau2
thian-lâm-sing,天南星,16,thian-lâm-seng,thianlam5sing,thianlam5seng
thian-bûn-tong,天門冬,16,thian-bûn-tong,thianbun5tong,thianbun5tong
kip-tik-thô,夾竹桃,16,kip-tek-thô,kiptiktho5,kiptektho5
ko-pô-ōo,姑婆芋,16,ko-pô-ō͘,kopo5oo7,kopo5oo7
ui-lîng-sian,威靈仙,16,ui-lêng-sian,uiling5sian,uileng5sian
bēng-tsong-tik,孟宗竹,16,bēng-chong-tek,beng7tsongtik,beng7chongtek
tīng-king-tsháu,定經草,16,tēng-keng-chháu,ting7kingtshau2,teng7kengchhau2
gî-hoo-tuan,宜呼端,16,gî-ho͘-toan,gi5hootuan,gi5hootoan
hu-kuì-tāu,富貴豆,16,hu-kùi-tāu,hukui3tau7,hukui3tau7
sió-lé-hue,小禮花,16,sió-lé-hoe,sio2le2hue,sio2le2hoe
sió-huan-hûn,小翻魂,16,sió-hoan-hûn,sio2huanhun5,sio2hoanhun5
sió-kim-ing,小金英,16,sió-kim-eng,sio2kiming,sio2kimeng
tsiam-bé-hong,尖尾峯,16,chiam-bé-hong,tsiambe2hong,chiambe2hong
tsiam-bé-hong,尖尾風,16,chiam-bé-hong,tsiambe2hong,chiambe2hong
bé-ia̍h-hue,尾蝶花,16,bé-ia̍h-hoe,be2iah8hue,be2iah8hoe
suann-siann-tsa,山仙查,16,soaⁿ-siaⁿ-cha,suannsianntsa,soannsianncha
suann-tshì-kue,山刺瓜,16,soaⁿ-chhì-koe,suanntshi3kue,soannchhi3koe
suann-sù-ing,山四英,16,soaⁿ-sù-eng,suannsu3ing,soannsu3eng
suann-thôo-tāu,山土豆,16,soaⁿ-thô͘-tāu,suannthoo5tau7,soannthoo5tau7
suann-poo-kiunn,山埔姜,16,soaⁿ-po͘-kiuⁿ,suannpookiunn,soannpookiunn
suann-poo-iâm,山埔鹽,16,soaⁿ-po͘-iâm,suannpooiam5,soannpooiam5
suann-pòo-tsí,山布子,16,soaⁿ-pò͘-chí,suannpoo3tsi2,soannpoo3chi2
suann-tang-iū,山東柚,16,soaⁿ-tang-iū,suanntangiu7,soanntangiu7
suann-gî-pê,山枇杷,16,soaⁿ-gî-pê,suanngi5pe5,soanngi5pe5
suann-nâ-tâu,山林投,16,soaⁿ-nâ-tâu,suannna5tau5,soannna5tau5
suann-kam-á,山柑仔,16,soaⁿ-kam-á,suannkama2,soannkama2
suann-iū-á,山柚仔,16,soaⁿ-iū-á,suanniu7a2,soanniu7a2
suann-kun-lîng,山根龍,16,soaⁿ-kun-lêng,suannkunling5,soannkunleng5
suann-kuì-hue,山桂花,16,soaⁿ-kùi-hoe,suannkui3hue,soannkui3hoe
suann-suāinn-á,山檨仔,16,soaⁿ-soāiⁿ-á,suannsuainn7a2,soannsoainn7a2
suann-pin-nn̂g,山檳榔,16,soaⁿ-pin-nn̂g,suannpinnng5,soannpinnng5
suann-eng-thô,山櫻桃,16,soaⁿ-eng-thô,suannengtho5,soannengtho5
suann-tsuí-liú,山水柳,16,soaⁿ-chúi-liú,suanntsui2liu2,soannchui2liu2
suann-ti̍k-lân,山澤蘭,16,soaⁿ-te̍k-lân,suanntik8lan5,soanntek8lan5
suann-hun-tsháu,山煙草,16,soaⁿ-hun-chháu,suannhuntshau2,soannhunchhau2
suann-gû-lin,山牛乳,16,soaⁿ-gû-lin,suanngu5lin,soanngu5lin
suann-ti-kê,山猪枷,16,soaⁿ-ti-kê,suanntike5,soanntike5
suann-ti-bah,山猪肉,16,soaⁿ-ti-bah,suanntibah,soanntibah
suann-ti-kuann,山猪肝,16,soaⁿ-ti-koaⁿ,suanntikuann,soanntikoann
suann-kue-tshài,山瓜菜,16,soaⁿ-koe-chhài,suannkuetshai3,soannkoechhai3
suann-pe̍h-tshài,山白菜,16,soaⁿ-pe̍h-chhài,suannpeh8tshai3,soannpeh8chhai3
suann-bé-tsî,山碼薯,16,soaⁿ-bé-chî,suannbe2tsi5,soannbe2chi5
suann-âng-be̍h,山紅麥,16,soaⁿ-âng-be̍h,suannang5beh8,soannang5beh8
suann-sòo-ing,山素英,16,soaⁿ-sò͘-eng,suannsoo3ing,soannsoo3eng
suann-tsí-soo,山紫蘇,16,soaⁿ-chí-so͘,suanntsi2soo,soannchi2soo
suann-iûnn-sái,山羊屎,16,soaⁿ-iûⁿ-sái,suanniunn5sai2,soanniunn5sai2
suann-iûnn-hī,山羊耳,16,soaⁿ-iûⁿ-hī,suanniunn5hi7,soanniunn5hi7
suann-jio̍k-kuì,山肉桂,16,soaⁿ-jio̍k-kùi,suannjiok8kui3,soannjiok8kui3
suann-bah-tāu,山肉豆,16,soaⁿ-bah-tāu,suannbahtau7,soannbahtau7
suann-ho-tsio,山胡椒,16,soaⁿ-ho-chio,suannhotsio,soannhochio
suann-tshàu-tsiunn,山臭樟,16,soaⁿ-chhàu-chiuⁿ,suanntshau3tsiunn,soannchhau3chiunn
suann-king-tsio,山芎蕉,16,soaⁿ-keng-chio,suannkingtsio,soannkengchio
suann-phû-iông,山芙蓉,16,soaⁿ-phû-iông,suannphu5iong5,soannphu5iong5
suann-kuà-tshài,山芥菜,16,soaⁿ-kòa-chhài,suannkua3tshai3,soannkoa3chhai3
suann-khóo-līng,山苦楝,16,soaⁿ-khó͘-lēng,suannkhoo2ling7,soannkhoo2leng7
suann-khóo-kue,山苦瓜,16,soaⁿ-khó͘-koe,suannkhoo2kue,soannkhoo2koe
suann-tê-á,山茶仔,16,soaⁿ-tê-á,suannte5a2,soannte5a2
suann-hīng-tshài,山莕菜,16,soaⁿ-hēng-chhài,suannhing7tshai3,soannheng7chhai3
suann-kuann-lân,山菅蘭,16,soaⁿ-koaⁿ-lân,suannkuannlan5,soannkoannlan5
suann-tshài-tāu,山菜豆,16,soaⁿ-chhài-tāu,suanntshai3tau7,soannchhai3tau7
suann-pe-lîng,山菠薐,16,soaⁿ-pe-lêng,suannpeling5,soannpeleng5
suann-kuah-tshài,山葛菜,16,soaⁿ-koah-chhài,suannkuahtshai3,soannkoahchhai3
suann-phû-tô,山葡萄,16,soaⁿ-phû-tô,suannphu5to5,soannphu5to5
suann-suàn-thâu,山蒜頭,16,soaⁿ-soàn-thâu,suannsuan3thau5,soannsoan3thau5
suann-neh-kiau,山蕨猫,16,soaⁿ-neh-kiau,suannnehkiau,soannnehkiau
suann-io̍k-tsû,山藥薯,16,soaⁿ-io̍k-chû,suanniok8tsu5,soanniok8chu5
suann-ti-bah,山豬肉,16,soaⁿ-ti-bah,suanntibah,soanntibah
suann-tsha̍t-á,山賊仔,16,soaⁿ-chha̍t-á,suanntshat8a2,soannchhat8a2
suann-hiunn-înn,山香圓,16,soaⁿ-hiuⁿ-îⁿ,suannhiunninn5,soannhiunninn5
suann-bé-tê,山馬茶,16,soaⁿ-bé-tê,suannbe2te5,soannbe2te5
suann-bé-tê,山馬蹄,16,soaⁿ-bé-tê,suannbe2te5,soannbe2te5
suann-tsiáu-tsiunn,山鳥樟,16,soaⁿ-chiáu-chiuⁿ,suanntsiau2tsiunn,soannchiau2chiunn
suann-iâm-tshinn,山鹽菁,16,soaⁿ-iâm-chhiⁿ,suanniam5tshinn,soanniam5chhinn
suann-iâm-sng,山鹽酸,16,soaⁿ-iâm-sng,suanniam5sng,soanniam5sng
suann-n̂g-ki,山黃枝,16,soaⁿ-n̂g-ki,suannng5ki,soannng5ki
suann-n̂g-kinn,山黃梔,16,soaⁿ-n̂g-kiⁿ,suannng5kinn,soannng5kinn
suann-iûnn-muâ,山黃麻,16,soaⁿ-iûⁿ-môa,suanniunn5mua5,soanniunn5moa5
suann-gîng-gíng,山龍眼,16,soaⁿ-gêng-géng,suannging5ging2,soanngeng5geng2
pòo-pòo-oo,布布烏,16,pò͘-pò͘-o͘,poo3poo3oo,poo3poo3oo
pòo-kut-siau,布骨梢,16,pò͘-kut-siau,poo3kutsiau,poo3kutsiau
sai-kong-giang,師公銒,16,sai-kong-giang,saikonggiang,saikonggiang
siông-san-nî,常山尼,16,siông-san-nî,siong5sanni5,siong5sanni5
siông-san-tshiū,常山樹,16,siông-san-chhiū,siong5santshiu7,siong5sanchhiu7
bō-á-tún,帽仔盾,16,bō-á-tún,bo7a2tun2,bo7a2tun2
liân-siau-kam,年宵柑,16,liân-siau-kam,lian5siaukam,lian5siaukam
kóng-hio̍h-sam,廣葉杉,16,kóng-hio̍h-sam,kong2hioh8sam,kong2hioh8sam
sim-kong-tsháu,心廣草,16,sim-kong-chháu,simkongtshau2,simkongchhau2
jím-tang-tîn,忍冬藤,16,jím-tang-tîn,jim2tangtin5,jim2tangtin5
ò-giô-tsí,愛玉子,16,ò-giô-chí,o3gio5tsi2,o3gio5chi2
gōng-gōng-tsháu,戇戇草,16,gōng-gōng-chháu,gong7gong7tshau2,gong7gong7chhau2
phah-bóo-tshài,打妻菜,16,phah-bó͘-chhài,phahboo2tshai3,phahboo2chhai3
khînn-piah-tîn,扲壁藤,16,khîⁿ-piah-tîn,khinn5piahtin5,khinn5piahtin5
hû-song-hue,扶桑花,16,hû-song-hoe,hu5songhue,hu5songhoe
liam-la̍t-á,拈力仔,16,liam-la̍t-á,liamlat8a2,liamlat8a2
tsńg-kah-hue,指甲花,16,chńg-kah-hoe,tsng2kahhue,chng2kahhoe
sàu-tshiú-tsháu,掃箒草,16,sàu-chhiú-chháu,sau3tshiu2tshau2,sau3chhiu2chhau2
tuah-phīnn-tsháu,掇鼻草,16,toah-phīⁿ-chháu,tuahphinn7tshau2,toahphinn7chhau2
tsiap-kut-tang,接骨筒,16,chiap-kut-tang,tsiapkuttang,chiapkuttang
tsiap-kut-tsháu,接骨草,16,chiap-kut-chháu,tsiapkuttshau2,chiapkutchhau2
tah-bah-tshì,搭肉刺,16,tah-bah-chhì,tahbahtshi3,tahbahchhi3
tshuah-phīnn-tsháu,擦鼻草,16,chhoah-phīⁿ-chháu,tshuahphinn7tshau2,chhoahphinn7chhau2
bûn-tsu-lân,文珠蘭,16,bûn-chu-lân,bun5tsulan5,bun5chulan5
bûn-thâu-ké,文頭菓,16,bûn-thâu-ké,bun5thau5ke2,bun5thau5ke2
ji̍t-ji̍t-tshun,日日春,16,ji̍t-ji̍t-chhun,jit8jit8tshun,jit8jit8chhun
tsá-liân-tsháu,早蓮草,16,chá-liân-chháu,tsa2lian5tshau2,cha2lian5chhau2
ge̍h-lâi-hiong,月來香,16,ge̍h-lâi-hiong,geh8lai5hiong,geh8lai5hiong
ba̍k-lông-tshiū,木浪樹,16,ba̍k-lông-chhiū,bak8long5tshiu7,bak8long5chhiu7
bo̍k-tsi̍k-tsháu,木賊草,16,bo̍k-che̍k-chháu,bok8tsik8tshau2,bok8chek8chhau2
bo̍k-muâ-hông,木麻黃,16,bo̍k-môa-hông,bok8mua5hong5,bok8moa5hong5
bo̍k-pih-tsú,木鼈子,16,bo̍k-pih-chú,bok8pihtsu2,bok8pihchu2
tsu-tsú-tsháu,朱子草,16,chu-chú-chháu,tsutsu2tshau2,chuchu2chhau2
phoh-á-tsháu,朴仔草,16,phoh-á-chháu,phoha2tshau2,phoha2chhau2
kuann-á-phê,杆仔皮,16,koaⁿ-á-phê,kuanna2phe5,koanna2phe5
tōo-bi̍t-tshiū,杜蜜樹,16,tō͘-bi̍t-chhiū,too7bit8tshiu7,too7bit8chhiu7
siông-lô-tōo,松蘿杜,16,siông-lô-tō͘,siong5lo5too7,siong5lo5too7
nâ-tâu-koo,林投菰,16,nâ-tâu-ko͘,na5tau5koo,na5tau5koo
koo-lí-tin,枯里珍,16,ko͘-lí-tin,kooli2tin,kooli2tin
khīng-á-tshiū,柏仔樹,16,khēng-á-chhiū,khing7a2tshiu7,kheng7a2chhiu7
liú-á-hông,柳仔黃,16,liú-á-hông,liu2a2hong5,liu2a2hong5
liú-hio̍h-kiô,柳葉茄,16,liú-hio̍h-kiô,liu2hioh8kio5,liu2hioh8kio5
tshâ-tsńg-kah,柴指甲,16,chhâ-chńg-kah,tsha5tsng2kah,chha5chng2kah
khī-kôo-bo̍k,柿糊木,16,khī-kô͘-bo̍k,khi7koo5bok8,khi7koo5bok8
tshe-thâu-hîng,栖頭恒,16,chhe-thâu-hêng,tshethau5hing5,chhethau5heng5
kuì-tik-á,桂竹仔,16,kùi-tek-á,kui3tika2,kui3teka2
tông-tsi-tshiū,桐子樹,16,tông-chi-chhiū,tong5tsitshiu7,tong5chichhiu7
tông-tsí-tshiū,桐子樹,16,tông-chí-chhiū,tong5tsi2tshiu7,tong5chi2chhiu7
sng-tsâi-á,桑材仔,16,sng-châi-á,sngtsai5a2,sngchai5a2
tháng-kau-tîn,桶鈎藤,16,tháng-kau-tîn,thang2kautin5,thang2kautin5
kak-á-tik,桷仔竹,16,kak-á-tek,kaka2tik,kaka2tek
iûnn-muî-thô,楊梅桃,16,iûⁿ-mûi-thô,iunn5mui5tho5,iunn5mui5tho5
se-tsí-á,樨枳仔,16,se-chí-á,setsi2a2,sechi2a2
tshiū-tsí-á,樹子仔,16,chhiū-chí-á,tshiu7tsi2a2,chhiu7chi2a2
tshiū-tsháu-liân,樹草蓮,16,chhiū-chháu-liân,tshiu7tshau2lian5,chhiu7chhau2lian5
lám-jîn-kū,欖仁舅,16,lám-jîn-kū,lam2jin5ku7,lam2jin5ku7
bú-hia-tîn,武靴藤,16,bú-hia-tîn,bu2hiatin5,bu2hiatin5
mn̂g-tsiong-kun,毛將軍,16,mn̂g-chiong-kun,mng5tsiongkun,mng5chiongkun
mô-khī-keh,毛柿格,16,mô-khī-keh,mo5khi7keh,mo5khi7keh
tsuí-ting-hiunn,水丁香,16,chúi-teng-hiuⁿ,tsui2tinghiunn,chui2tenghiunn
tsuí-ting-hông,水丁黃,16,chúi-teng-hông,tsui2tinghong5,chui2tenghong5
tsuí-sian-hue,水仙花,16,chúi-sian-hoe,tsui2sianhue,chui2sianhoe
tsuí-tang-kue,水冬瓜,16,chúi-tang-koe,tsui2tangkue,chui2tangkoe
tsuí-to-nî,水刀連,16,chúi-to-nî,tsui2toni5,chui2toni5
tsuí-kho-á,水柯仔,16,chúi-kho-á,tsui2khoa2,chui2khoa2
tsuí-liú-á,水柳仔,16,chúi-liú-á,tsui2liu2a2,chui2liu2a2
tsuí-liú-kho,水柳柯,16,chúi-liú-kho,tsui2liu2kho,chui2liu2kho
tsuí-kang-lîng,水江龍,16,chúi-kang-lêng,tsui2kangling5,chui2kangleng5
tsuí-liû-kho,水流柯,16,chúi-liû-kho,tsui2liu5kho,chui2liu5kho
tsuí-pit-á,水筆仔,16,chúi-pit-á,tsui2pita2,chui2pita2
tsuí-kóng-sim,水管心,16,chúi-kóng-sim,tsui2kong2sim,chui2kong2sim
tsuí-khûn-tshài,水芹菜,16,chúi-khûn-chhài,tsui2khun5tshai3,chui2khun5chhai3
tsuí-khûn-tshái,水芹菜,16,chúi-khûn-chhái,tsui2khun5tshai2,chui2khun5chhai2
tsuí-ka-tang,水茄苳,16,chúi-ka-tang,tsui2katang,chui2katang
tsuí-láu-tsháu,水荖草,16,chúi-láu-chháu,tsui2lau2tshau2,chui2lau2chhau2
tsuí-liân-hue,水蓮花,16,chúi-liân-hoe,tsui2lian5hue,chui2lian5hoe
tsuí-lôo-tik,水蘆竹,16,chúi-lô͘-tek,tsui2loo5tik,chui2loo5tek
tsuí-kòng-á,水貢仔,16,chúi-kòng-á,tsui2kong3a2,chui2kong3a2
tsuí-tsha̍t-á,水賊仔,16,chúi-chha̍t-á,tsui2tshat8a2,chui2chhat8a2
tsuí-kim-tiānn,水金定,16,chúi-kim-tiāⁿ,tsui2kimtiann7,chui2kimtiann7
tsiú-gím-hue,水錦花,16,chiú-gím-hoe,tsiu2gim2hue,chiu2gim2hoe
tsuí-hûn-á,水魂仔,16,chúi-hûn-á,tsui2hun5a2,chui2hun5a2
tsuí-kue-iû,水鷄油,16,chúi-koe-iû,tsui2kueiu5,chui2koeiu5
tsuí-iâm-sng,水鹽酸,16,chúi-iâm-sng,tsui2iam5sng,chui2iam5sng
iû-tông-tshiū,油桐樹,16,iû-tông-chhiū,iu5tong5tshiu7,iu5tong5chhiu7
iû-tê-tshiū,油茶樹,16,iû-tê-chhiū,iu5te5tshiu7,iu5te5chhiu7
iû-hio̍h-lâm,油葉楠,16,iû-hio̍h-lâm,iu5hioh8lam5,iu5hioh8lam5
iû-hio̍h-tê,油葉茶,16,iû-hio̍h-tê,iu5hioh8te5,iu5hioh8te5
pho-lô-bi̍t,波羅蜜,16,pho-lô-bi̍t,pholo5bit8,pholo5bit8
hái-poo-kiunn,海埔姜,16,hái-po͘-kiuⁿ,hai2pookiunn,hai2pookiunn
hái-lâi-kam,海梨柑,16,hái-lâi-kam,hai2lai5kam,hai2lai5kam
hái-suāinn-á,海檨仔,16,hái-soāiⁿ-á,hai2suainn7a2,hai2soainn7a2
hái-iông-phoo,海洋波,16,hái-iông-pho͘,hai2iong5phoo,hai2iong5phoo
hái-ka-tang,海茄苳,16,hái-ka-tang,hai2katang,hai2katang
hái-ka-tîn,海茄藤,16,hái-ka-tîn,hai2katin5,hai2katin5
tshing-bîng-tsháu,清明草,16,chheng-bêng-chháu,tshingbing5tshau2,chhengbeng5chhau2
un-tsiu-sam,溫州杉,16,un-chiu-sam,untsiusam,unchiusam
muá-thian-sing,滿天星,16,móa-thian-seng,mua2thiansing,moa2thianseng
muá-suann-âng,滿山紅,16,móa-soaⁿ-âng,mua2suannang5,moa2soannang5
tshat-tshit-tshiū,漆七樹,16,chhat-chhit-chhiū,tshattshittshiu7,chhatchhitchhiu7
tsiunn-linn-á,漿乳仔,16,chiuⁿ-liⁿ-á,tsiunnlinna2,chiunnlinna2
siap-á-tshiū,澁仔樹,16,siap-á-chhiū,siapa2tshiu7,siapa2chhiu7
te̍k-lân-tsháu,澤蘭草,16,te̍k-lân-chháu,tek8lan5tshau2,tek8lan5chhau2
hé-sio-kua,火燒柯,16,hé-sio-koa,he2siokua,he2siokoa
hé-kn̂g-tik,火管竹,16,hé-kn̂g-tek,he2kng5tik,he2kng5tek
phàu-á-tsháu,炮仔草,16,phàu-á-chháu,phau3a2tshau2,phau3a2chhau2
uî-hōo-sian,為候仙,16,ûi-hō͘-sian,ui5hoo7sian,ui5hoo7sian
oo-á-tshài,烏仔菜,16,o͘-á-chhài,ooa2tshai3,ooa2chhai3
oo-tshì-á,烏刺仔,16,o͘-chhì-á,ootshi3a2,oochhi3a2
oo-tshì-kiô,烏刺茄,16,o͘-chhì-kiô,ootshi3kio5,oochhi3kio5
oo-tsí-kiô,烏子茄,16,o͘-chí-kiô,ootsi2kio5,oochi2kio5
oo-sim-tsio̍h,烏心石,16,o͘-sim-chio̍h,oosimtsioh8,oosimchioh8
oo-tshâi-á,烏材仔,16,o͘-chhâi-á,ootshai5a2,oochhai5a2
oo-tshâi-khī,烏材柿,16,o͘-chhâi-khī,ootshai5khi7,oochhai5khi7
oo-kam-á,烏柑仔,16,o͘-kam-á,ookama2,ookama2
oo-hun-hue,烏煙花,16,o͘-hun-hoe,oohunhue,oohunhoe
oo-tinn-á,烏甜仔,16,o͘-tiⁿ-á,ootinna2,ootinna2
oo-tshân-oo,烏田烏,16,o͘-chhân-o͘,ootshan5oo,oochhan5oo
oo-phê-tê,烏皮茶,16,o͘-phê-tê,oophe5te5,oophe5te5
oo-tik-á,烏竹仔,16,o͘-tek-á,ootika2,ooteka2
oo-hio̍h-iū,烏葉柚,16,o͘-hio̍h-iū,oohioh8iu7,oohioh8iu7
oo-kue-bú,烏雞母,16,o͘-koe-bú,ookuebu2,ookoebu2
oo-bīn-bé,烏面馬,16,o͘-bīn-bé,oobin7be2,oobin7be2
oo-hî-hue,烏魚花,16,o͘-hî-hoe,oohi5hue,oohi5hoe
oo-kue-kut,烏鷄骨,16,o͘-koe-kut,ookuekut,ookoekut
bô-kun-tsháu,無根草,16,bô-kun-chháu,bo5kuntshau2,bo5kunchhau2
bû-hua-kô,無花果,16,bû-hoa-kô,bu5huako5,bu5hoako5
bô-thâu-hiunn,無頭香,16,bô-thâu-hiuⁿ,bo5thau5hiunn,bo5thau5hiunn
ting-á-tsháu,燈仔草,16,teng-á-chháu,tinga2tshau2,tenga2chhau2
ting-sim-tsháu,燈心草,16,teng-sim-chháu,tingsimtshau2,tengsimchhau2
ting-phing-á,燈秤仔,16,teng-pheng-á,tingphinga2,tengphenga2
ting-phîng-hue,燈秤花,16,teng-phêng-hoe,tingphing5hue,tengpheng5hoe
ting-tshing-hue,燈稱花,16,teng-chheng-hoe,tingtshinghue,tengchhenghoe
nuānn-sim-bo̍k,爛心木,16,nōaⁿ-sim-bo̍k,nuann7simbok8,noann7simbok8
gû-lin-pông,牛乳房,16,gû-lin-pông,gu5linpong5,gu5linpong5
gû-lin-tshiū,牛乳樹,16,gû-lin-chhiū,gu5lintshiu7,gu5linchhiu7
gû-sái-tê,牛屎茶,16,gû-sái-tê,gu5sai2te5,gu5sai2te5
giû-sim-lâi,牛心梨,16,giû-sim-lâi,giu5simlai5,giu5simlai5
gû-kak-uai,牛角歪,16,gû-kak-oai,gu5kakuai,gu5kakoai
gû-kak-hue,牛角花,16,gû-kak-hoe,gu5kakhue,gu5kakhoe
gû-tùn-tsháu,牛頓草,16,gû-tùn-chháu,gu5tun3tshau2,gu5tun3chhau2
gû-kut-á,牛骨仔,16,gû-kut-á,gu5kuta2,gu5kuta2
gû-tsang-tshì,牛鬃刺,16,gû-chang-chhì,gu5tsangtshi3,gu5changchhi3
luê-piah-tshì,犁壁刺,16,lôe-piah-chhì,lue5piahtshi3,loe5piahchhi3
luê-piah-tsháu,犁壁草,16,lôe-piah-chháu,lue5piahtshau2,loe5piahchhau2
luê-piah-tîn,犁壁藤,16,lôe-piah-tîn,lue5piahtin5,loe5piahtin5
káu-bé-tsháu,狗尾草,16,káu-bé-chháu,kau2be2tshau2,kau2be2chhau2
káu-sái-kue,狗屎瓜,16,káu-sái-koe,kau2sai2kue,kau2sai2koe
káu-lia̍p-bí,狗粒米,16,káu-lia̍p-bí,kau2liap8bi2,kau2liap8bi2
káu-kha-tuê,狗腳蹄,16,káu-kha-tôe,kau2khatue5,kau2khatoe5
káu-kut-á,狗骨仔,16,káu-kut-á,kau2kuta2,kau2kuta2
káu-kut-siau,狗骨消,16,káu-kut-siau,kau2kutsiau,kau2kutsiau
ti-bú-lin,猪母乳,16,ti-bú-lin,tibu2lin,tibu2lin
ti-bú-tsháu,猪母草,16,ti-bú-chháu,tibu2tshau2,tibu2chhau2
ti-kha-lâm,猪脚楠,16,ti-kha-lâm,tikhalam5,tikhalam5
kâu-huann-hí,猴歡喜,16,kâu-hoaⁿ-hí,kau5huannhi2,kau5hoannhi2
ông-put-liû,王不留,16,ông-put-liû,ong5putliu5,ong5putliu5
tin-tiong-pit,珍中筆,16,tin-tiong-pit,tintiongpit,tintiongpit
tsu-á-tsháu,珠仔草,16,chu-á-chháu,tsua2tshau2,chua2chhau2
pan-tsi-tshiū,班芝樹,16,pan-chi-chhiū,pantsitshiu7,panchichhiu7
liû-kiû-tik,琉球竹,16,liû-kiû-tek,liu5kiu5tik,liu5kiu5tek
kue-tsi-tsháu,瓜子草,16,koe-chi-chháu,kuetsitshau2,koechichhau2
ìng-tshài-hông,甕菜黃,16,èng-chhài-hông,ing3tshai3hong5,eng3chhai3hong5
kam-a-bi̍t,甘仔蜜,16,kam-a-bi̍t,kamabit8,kamabit8
kam-á-bìt,甘仔蜜,16,kam-á-bìt,kama2bit3,kama2bit3
tinn-á-puânn,甜仔盤,16,tiⁿ-á-pôaⁿ,tinna2puann5,tinna2poann5
tshinn-to-tsháu,生刀草,16,chhiⁿ-to-chháu,tshinntotshau2,chhinntochhau2
tshinn-to-io̍h,生刀藥,16,chhiⁿ-to-io̍h,tshinntoioh8,chhinntoioh8
tshinn-ki-hiunn,生支香,16,chhiⁿ-ki-hiuⁿ,tshinnkihiunn,chhinnkihiunn
tshân-oo-tsháu,田烏草,16,chhân-o͘-chháu,tshan5ootshau2,chhan5oochhau2
tshân-ōo-á,田芋仔,16,chhân-ō͘-á,tshan5oo7a2,chhan5oo7a2
tshân-pinn-tsháu,田邊草,16,chhân-piⁿ-chháu,tshan5pinntshau2,chhan5pinnchhau2
tshân-hiunn-tsháu,田香草,16,chhân-hiuⁿ-chháu,tshan5hiunntshau2,chhan5hiunnchhau2
ting-khiā-u,登竪杇,16,teng-khiā-u,tingkhia7u,tengkhia7u
ting-lông-tsháu,登郎草,16,teng-lông-chháu,tinglong5tshau2,tenglong5chhau2
pe̍h-kî-tshun,白其春,16,pe̍h-kî-chhun,peh8ki5tshun,peh8ki5chhun
pe̍h-pû-á,白匏仔,16,pe̍h-pû-á,peh8pu5a2,peh8pu5a2
pe̍h-kāu-phoh,白厚朴,16,pe̍h-kāu-phoh,peh8kau7phoh,peh8kau7phoh
pe̍h-poo-kiunn,白埔姜,16,pe̍h-po͘-kiuⁿ,peh8pookiunn,peh8pookiunn
pe̍h-khun-tsháu,白昆草,16,pe̍h-khun-chháu,peh8khuntshau2,peh8khunchhau2
pe̍h-tshîng-peh,白松柏,16,pe̍h-chhêng-peh,peh8tshing5peh,peh8chheng5peh
pe̍h-káu-tsan,白校櫕,16,pe̍h-káu-chan,peh8kau2tsan,peh8kau2chan
pe̍h-tshiū-á,白樹仔,16,pe̍h-chhiū-á,peh8tshiu7a2,peh8chhiu7a2
pe̍h-sia̍h-liû,白石榴,16,pe̍h-sia̍h-liû,peh8siah8liu5,peh8siah8liu5
pe̍h-tsí-soo,白紫蘇,16,pe̍h-chí-so͘,peh8tsi2soo,peh8chi2soo
pe̍h-bah-iū,白肉柚,16,pe̍h-bah-iū,peh8bahiu7,peh8bahiu7
pe̍h-bah-tshîng,白肉榕,16,pe̍h-bah-chhêng,peh8bahtshing5,peh8bahchheng5
pe̍h-bah-tāu,白肉豆,16,pe̍h-bah-tāu,peh8bahtau7,peh8bahtau7
pe̍h-hue-tsháu,白花草,16,pe̍h-hoe-chháu,peh8huetshau2,peh8hoechhau2
pe̍h-khóo-thiāu,白苦柱,16,pe̍h-khó͘-thiāu,peh8khoo2thiau7,peh8khoo2thiau7
pe̍h-kiok-hue,白菊花,16,pe̍h-kiok-hoe,peh8kiokhue,peh8kiokhoe
pe̍h-pi-sián,白萆蘚,16,pe̍h-pi-sián,peh8pisian2,peh8pisian2
pe̍h-hio̍h-ē,白葉下,16,pe̍h-hio̍h-ē,peh8hioh8e7,peh8hioh8e7
pe̍h-hio̍h-á,白葉仔,16,pe̍h-hio̍h-á,peh8hioh8a2,peh8hioh8a2
pe̍h-hio̍h-iū,白葉柚,16,pe̍h-hio̍h-iū,peh8hioh8iu7,peh8hioh8iu7
pe̍h-tsi̍t-lê,白蒺藜,16,pe̍h-chi̍t-lê,peh8tsit8le5,peh8chit8le5
peh-tsû-nn̂g,白薯榔,16,peh-chû-nn̂g,pehtsu5nng5,pehchu5nng5
pe̍h-hiong-hù,白香附,16,pe̍h-hiong-hù,peh8hionghu3,peh8hionghu3
pe̍h-bé-sái,白馬屎,16,pe̍h-bé-sái,peh8be2sai2,peh8be2sai2
pe̍h-hōng-tshài,白鳳菜,16,pe̍h-hōng-chhài,peh8hong7tshai3,peh8hong7chhai3
pe̍h-kue-kè,白鷄冠,16,pe̍h-koe-kè,peh8kueke3,peh8koeke3
pe̍h-kue-iû,白鷄油,16,pe̍h-koe-iû,peh8kueiu5,peh8koeiu5
pah-ji̍t-tsháu,百日草,16,pah-ji̍t-chháu,pahjit8tshau2,pahjit8chhau2
pah-jit-tshinn,百日青,16,pah-jit-chhiⁿ,pahjittshinn,pahjitchhinn
hông-tè-tāu,皇帝豆,16,hông-tè-tāu,hong5te3tau7,hong5te3tau7
ah-bú-tsháu,益母草,16,ah-bú-chháu,ahbu2tshau2,ahbu2chhau2
siunn-si-á,相思仔,16,siuⁿ-si-á,siunnsia2,siunnsia2
hiong-si-siū,相思樹,16,hiong-si-siū,hiongsisiu7,hiongsisiu7
siunn-su-tsháu,相思草,16,siuⁿ-su-chháu,siunnsutshau2,siunnsuchhau2
tsin-hong-tîn,真風藤,16,chin-hong-tîn,tsinhongtin5,chinhongtin5
tsìnn-tik-á,矢竹仔,16,chìⁿ-tek-á,tsinn3tika2,chinn3teka2
tsio̍h-lîng-kū,石柃舅,16,chio̍h-lêng-kū,tsioh8ling5ku7,chioh8leng5ku7
tsio̍h-tsu-á,石珠仔,16,chio̍h-chu-á,tsioh8tsua2,chioh8chua2
tsio̍h-tik-á,石竹仔,16,chio̍h-tek-á,tsioh8tika2,chioh8teka2
tsio̍h-tshiong-pô,石菖蒲,16,chio̍h-chhiong-pô,tsioh8tshiongpo5,chioh8chhiongpo5
tsio̍h-tshiong-pôo,石菖蒲,16,chio̍h-chhiong-pô͘,tsioh8tshiongpoo5,chioh8chhiongpoo5
tsio̍h-thâu-iū,石頭柚,16,chio̍h-thâu-iū,tsioh8thau5iu7,chioh8thau5iu7
phuà-pòo-tsí,破布子,16,phòa-pò͘-chí,phua3poo3tsi2,phoa3poo3chi2
phuà-pòo-bo̍k,破布木,16,phòa-pò͘-bo̍k,phua3poo3bok8,phoa3poo3bok8
uánn-kong-hue,碗公花,16,óaⁿ-kong-hoe,uann2konghue,oann2konghoe
uánn-lîng-tshiū,碗龍樹,16,óaⁿ-lêng-chhiū,uann2ling5tshiu7,oann2leng5chhiu7
mn̂g-huē-bak,磅蟹目,16,mn̂g-hōe-bak,mng5hue7bak,mng5hoe7bak
mn̂g-huē-tsháu,磅蟹草,16,mn̂g-hōe-chháu,mng5hue7tshau2,mng5hoe7chhau2
bō-á-tsháu,磨仔草,16,bō-á-chháu,bo7a2tshau2,bo7a2chhau2
hok-tsiu-sam,福州杉,16,hok-chiu-sam,hoktsiusam,hokchiusam
tsu̍t-bí-tsháu,秫米草,16,chu̍t-bí-chháu,tsut8bi2tshau2,chut8bi2chhau2
hi-tshiam-tsháu,稀簽草,16,hi-chhiam-chháu,hitshiamtshau2,hichhiamchhau2
tshuan-san-liông,穿山龍,16,chhoan-san-liông,tshuansanliong5,chhoansanliong5
tik-á-tshài,竹仔菜,16,tek-á-chhài,tika2tshai3,teka2chhai3
tik-á-hio̍h,竹仔葉,16,tek-á-hio̍h,tika2hioh8,teka2hioh8
tik-tsat-hông,竹節黃,16,tek-chat-hông,tiktsathong5,tekchathong5
tik-hio̍h-lâm,竹葉楠,16,tek-hio̍h-lâm,tikhioh8lam5,tekhioh8lam5
pit-á-tsháu,筆仔草,16,pit-á-chháu,pita2tshau2,pita2chhau2
pit-tâng-tshiū,筆筒樹,16,pit-tâng-chhiū,pittang5tshiu7,pittang5chhiu7
pit-lô-tsí,筆羅子,16,pit-lô-chí,pitlo5tsi2,pitlo5chi2
kun-thâu-tik,筋頭竹,16,kun-thâu-tek,kunthau5tik,kunthau5tek
tsat-tsat-âng,節節紅,16,chat-chat-âng,tsattsatang5,chatchatang5
tsat-tsat-hue,節節花,16,chat-chat-hoe,tsattsathue,chatchathoe
tîn-tik-á,籐竹仔,16,tîn-tek-á,tin5tika2,tin5teka2
bí-nâ-tsháu,米籃草,16,bí-nâ-chháu,bi2na5tshau2,bi2na5chhau2
tshoo-khng-á,粗糠仔,16,chho͘-khng-á,tshookhnga2,chhookhnga2
tshoo-khng-kak,粗糠壳,16,chho͘-khng-kak,tshookhngkak,chhookhngkak
pùn-ki-tîn,糞箕藤,16,pùn-ki-tîn,pun3kitin5,pun3kitin5
âng-lin-tsháu,紅乳草,16,âng-lin-chháu,ang5lintshau2,ang5linchhau2
âng-kāu-khak,紅厚殼,16,âng-kāu-khak,ang5kau7khak,ang5kau7khak
âng-tsí-á,紅子仔,16,âng-chí-á,ang5tsi2a2,ang5chi2a2
âng-sim-á,紅心仔,16,âng-sim-á,ang5sima2,ang5sima2
âng-tshîng-peh,紅松柏,16,âng-chhêng-peh,ang5tshing5peh,ang5chheng5peh
âng-káu-tsan,紅校櫕,16,âng-káu-chan,ang5kau2tsan,ang5kau2chan
âng-mn̂g-tsháu,紅毛草,16,âng-mn̂g-chháu,ang5mng5tshau2,ang5mng5chhau2
âng-tām-pí,紅淡比,16,âng-tām-pí,ang5tam7pi2,ang5tam7pi2
âng-tsu-á,紅珠仔,16,âng-chu-á,ang5tsua2,ang5chua2
âng-tsu-bo̍k,紅珠木,16,âng-chu-bo̍k,ang5tsubok8,ang5chubok8
âng-tshân-oo,紅田烏,16,âng-chhân-o͘,ang5tshan5oo,ang5chhan5oo
âng-phê-kua,紅皮柯,16,âng-phê-koa,ang5phe5kua,ang5phe5koa
âng-sia̍h-liû,紅石榴,16,âng-sia̍h-liû,ang5siah8liu5,ang5siah8liu5
âng-tsí-soo,紅紫蘇,16,âng-chí-so͘,ang5tsi2soo,ang5chi2soo
âng-bah-tōo,紅肉杜,16,âng-bah-tō͘,ang5bahtoo7,ang5bahtoo7
âng-ka-tang,紅茄苳,16,âng-ka-tang,ang5katang,ang5katang
âng-tshài-thâu,紅菜頭,16,âng-chhài-thâu,ang5tshai3thau5,ang5chhai3thau5
âng-pi-muâ,紅蓖麻,16,âng-pi-môa,ang5pimua5,ang5pimoa5
âng-ì-á,紅薏仔,16,âng-ì-á,ang5i3a2,ang5i3a2
âng-bīn-huan,紅面番,16,âng-bīn-hoan,ang5bin7huan,ang5bin7hoan
âng-kut-tsuâ,紅骨蛇,16,âng-kut-chôa,ang5kuttsua5,ang5kutchoa5
âng-hōng-tshài,紅鳳菜,16,âng-hōng-chhài,ang5hong7tshai3,ang5hong7chhai3
âng-kue-iû,紅鷄油,16,âng-koe-iû,ang5kueiu5,ang5koeiu5
suè-hio̍h-lâm,細葉楠,16,sòe-hio̍h-lâm,sue3hioh8lam5,soe3hioh8lam5
sù-bî-tsháu,絮薇草,16,sù-bî-chháu,su3bi5tshau2,su3bi5chhau2
si-suànn-tsháu,絲線草,16,si-sòaⁿ-chháu,sisuann3tshau2,sisoann3chhau2
lik-san-ôo,綠珊瑚,16,lek-san-ô͘,liksanoo5,leksanoo5
tiû-tshun-hue,綢春花,16,tiû-chhun-hoe,tiu5tshunhue,tiu5chhunhoe
tàu-piah-hông,罩壁黃,16,tàu-piah-hông,tau3piahhong5,tau3piahhong5
iûnn-tài-lâi,羊帶來,16,iûⁿ-tài-lâi,iunn5tai3lai5,iunn5tai3lai5
iûnn-kang-tshì,羊牨刺,16,iûⁿ-kang-chhì,iunn5kangtshi3,iunn5kangchhi3
iûnn-kak-tāu,羊角豆,16,iûⁿ-kak-tāu,iunn5kaktau7,iunn5kaktau7
gī-nâ-puânn,義藍盤,16,gī-nâ-pôaⁿ,gi7na5puann5,gi7na5poann5
huan-hûn-tsháu,翻魂草,16,hoan-hûn-chháu,huanhun5tshau2,hoanhun5chhau2
hī-kau-tsháu,耳鉤草,16,hī-kau-chháu,hi7kautshau2,hi7kauchhau2
ian-tsi-hue,胭脂花,16,ian-chi-hoe,iantsihue,ianchihoe
kha-bú-tsháu,脚母草,16,kha-bú-chháu,khabu2tshau2,khabu2chhau2
kha-bak-tsháu,脚目草,16,kha-bak-chháu,khabaktshau2,khabakchhau2
kha-pe̍h-sún,腳白筍,16,kha-pe̍h-sún,khapeh8sun2,khapeh8sun2
sàn-huih-tsháu,臭天黃,16,sàn-huih-chháu,san3huihtshau2,san3huihchhau2
tshàu-sái-lâm,臭屎楠,16,chhàu-sái-lâm,tshau3sai2lam5,chhau3sai2lam5
tshàu-sái-kue,臭屎瓜,16,chhàu-sái-koe,tshau3sai2kue,chhau3sai2koe
tshàu-tshuan-kiong,臭川芎,16,chhàu-chhoan-kiong,tshau3tshuankiong,chhau3chhoankiong
tshàu-kám-tsháu,臭敢草,16,chhàu-kám-chháu,tshau3kam2tshau2,chhau3kam2chhau2
tshàu-khang-á,臭空仔,16,chhàu-khang-á,tshau3khanga2,chhau3khanga2
tshàu-tsho-tsháu,臭臊草,16,chhàu-chho-chháu,tshau3tshotshau2,chhau3chhochhau2
tshàu-phû-iông,臭芙蓉,16,chhàu-phû-iông,tshau3phu5iong5,chhau3phu5iong5
ōo-koo-tsháu,芋菰草,16,ō͘-ko͘-chháu,oo7kootshau2,oo7koochhau2
khóo-līng-kang,苦楝江,16,khó͘-lēng-kang,khoo2ling7kang,khoo2leng7kang
khóo-līng-kū,苦楝舅,16,khó͘-lēng-kū,khoo2ling7ku7,khoo2leng7ku7
khóo-kue-tsháu,苦瓜草,16,khó͘-koe-chháu,khoo2kuetshau2,khoo2koechhau2
khóo-nâ-puânn,苦藍盤,16,khó͘-nâ-pôaⁿ,khoo2na5puann5,khoo2na5poann5
ing-á-tsháu,英仔草,16,eng-á-chháu,inga2tshau2,enga2chhau2
tang-e-tshài,苳萵菜,16,tang-e-chhài,tangetshai3,tangechhai3
hm̂-á-tsháu,茅仔草,16,hm̂-á-chháu,hm5a2tshau2,hm5a2chhau2
bâ-lî-tik,茅茹竹,16,bâ-lî-tek,ba5li5tik,ba5li5tek
ba̍k-nī-hue,茉莉花,16,ba̍k-nī-hoe,bak8ni7hue,bak8ni7hoe
ka-pe̍h-sún,茭白筍,16,ka-pe̍h-sún,kapeh8sun2,kapeh8sun2
tê-sî-hông,茶匙黃,16,tê-sî-hông,te5si5hong5,te5si5hong5
tê-bí-tsháu,茶米草,16,tê-bí-chháu,te5bi2tshau2,te5bi2chhau2
tê-si-hông,茶絲黃,16,tê-si-hông,te5sihong5,te5sihong5
tâng-o-tshài,茼萵菜,16,tâng-o-chhài,tang5otshai3,tang5ochhai3
hô-lân-tsû,荷蘭薯,16,hô-lân-chû,ho5lan5tsu5,ho5lan5chu5
ho-lin-tāu,荷蘭豆,16,ho-lin-tāu,holintau7,holintau7
tshinn-hong-tsháu,菁方草,16,chhiⁿ-hong-chháu,tshinnhongtshau2,chhinnhongchhau2
kiok-hue-bo̍k,菊花木,16,kiok-hoe-bo̍k,kiokhuebok8,kiokhoebok8
tshài-to-tāu,菜刀豆,16,chhài-to-tāu,tshai3totau7,chhai3totau7
tshài-tsháu-thâu,菜草頭,16,chhài-chháu-thâu,tshai3tshau2thau5,chhai3chhau2thau5
bān-siū-kó,萬壽果,16,bān-siū-kó,ban7siu7ko2,ban7siu7ko2
bān-liân-siông,萬年松,16,bān-liân-siông,ban7lian5siong5,ban7lian5siong5
bān-kun-tsháu,萬斤草,16,bān-kun-chháu,ban7kuntshau2,ban7kunchhau2
bān-thô-hue,萬桃花,16,bān-thô-hoe,ban7tho5hue,ban7tho5hoe
bān-tiám-kim,萬點金,16,bān-tiám-kim,ban7tiam2kim,ban7tiam2kim
e-á-tshài,萵仔菜,16,e-á-chhài,ea2tshai3,ea2chhai3
pián-thiok-tsháu,萹蓄草,16,pián-thiok-chháu,pian2thioktshau2,pian2thiokchhau2
lo̍h-khak-tsan,落殼櫕,16,lo̍h-khak-chan,loh8khaktsan,loh8khakchan
hio̍h-ē-tsu,葉下珠,16,hio̍h-ē-chu,hioh8e7tsu,hioh8e7chu
hio̍h-ē-pe̍h,葉下白,16,hio̍h-ē-pe̍h,hioh8e7peh8,hioh8e7peh8
hio̍h-ē-âng,葉下紅,16,hio̍h-ē-âng,hioh8e7ang5,hioh8e7ang5
kuah-tîn-tsháu,葛藤草,16,koah-tîn-chháu,kuahtin5tshau2,koahtin5chhau2
hô-lôo-pû,葫蘆匏,16,hô-lô͘-pû,ho5loo5pu5,ho5loo5pu5
pôo-kong-ing,蒲公英,16,pô͘-kong-eng,poo5konging,poo5kongeng
kuà-tshiú-hiunn,蓋手香,16,kòa-chhiú-hiuⁿ,kua3tshiu2hiunn,koa3chhiu2hiunn
pi-muâ-á,蓖麻仔,16,pi-môa-á,pimua5a2,pimoa5a2
liân-tsiau-hue,蓮蕉花,16,liân-chiau-hoe,lian5tsiauhue,lian5chiauhoe
tshuà-pán-tsháu,蔡板草,16,chhòa-pán-chháu,tshua3pan2tshau2,chhoa3pan2chhau2
huan-á-tshì,蕃仔刺,16,hoan-á-chhì,huana2tshi3,hoana2chhi3
huan-á-uan,蕃仔灣,16,hoan-á-oan,huana2uan,hoana2oan
huan-á-hue,蕃仔花,16,hoan-á-hoe,huana2hue,hoana2hoe
huan-á-tîn,蕃仔藤,16,hoan-á-tîn,huana2tin5,hoana2tin5
huan-á-tāu,蕃仔豆,16,hoan-á-tāu,huana2tau7,hoana2tau7
huan-tshì-á,蕃刺仔,16,hoan-chhì-á,huantshi3a2,hoanchhi3a2
huan-pô-uân,蕃婆怨,16,hoan-pô-oân,huanpo5uan5,hoanpo5oan5
huan-pô-tshiū,蕃婆樹,16,hoan-pô-chhiū,huanpo5tshiu7,hoanpo5chhiu7
huan-pô-uan,蕃婆灣,16,hoan-pô-oan,huanpo5uan,hoanpo5oan
han-tsû-kū,蕃薯舅,16,han-chû-kū,hantsu5ku7,hanchu5ku7
keh-niau-tsháu,蕨猫草,16,keh-niau-chháu,kehniautshau2,kehniauchhau2
po̍h-kiunn-á,薄姜仔,16,po̍h-kiuⁿ-á,poh8kiunna2,poh8kiunna2
hóo-kā-hông,虎咬廣,16,hó͘-kā-hông,hoo2ka7hong5,hoo2ka7hong5
hóo-kā-hông,虎咬癀,16,hó͘-kā-hông,hoo2ka7hong5,hoo2ka7hong5
hóo-bé-lân,虎尾蘭,16,hó͘-bé-lân,hoo2be2lan5,hoo2be2lan5
hóo-m̂-tshì,虎梅刺,16,hó͘-m̂-chhì,hoo2m5tshi3,hoo2m5chhi3
hóo-jiáu-tāu,虎爪豆,16,hó͘-jiáu-tāu,hoo2jiau2tau7,hoo2jiau2tau7
hóo-phê-lâm,虎皮楠,16,hó͘-phê-lâm,hoo2phe5lam5,hoo2phe5lam5
hôo-hī-tsháu,虎耳草,16,hô͘-hī-chháu,hoo5hi7tshau2,hoo5hi7chhau2
hóo-thâu-kam,虎頭柑,16,hó͘-thâu-kam,hoo2thau5kam,hoo2thau5kam
sat-bú-tsí,虱母子,16,sat-bú-chí,satbu2tsi2,satbu2chi2
sat-bú-thâu,虱母頭,16,sat-bú-thâu,satbu2thau5,satbu2thau5
sat-pìn-tsháu,虱篦草,16,sat-pìn-chháu,satpin3tshau2,satpin3chhau2
báng-á-hun,蚊仔煙,16,báng-á-hun,bang2a2hun,bang2a2hun
juā-á-tsháu,蚋仔草,16,jōa-á-chháu,jua7a2tshau2,joa7a2chhau2
juē-á-tsháu,蚋仔草,16,jōe-á-chháu,jue7a2tshau2,joe7a2chhau2
tsuâ-tsi̍h-hông,蛇舌黃,16,chôa-chi̍h-hông,tsua5tsih8hong5,choa5chih8hong5
ngôo-bî-tāu,蛾眉豆,16,ngô͘-bî-tāu,ngoo5bi5tau7,ngoo5bi5tau7
giâ-kang-tsháu,蜈蚣草,16,giâ-kang-chháu,gia5kangtshau2,gia5kangchhau2
hê-kong-tshiu,蝦公鬚,16,hê-kong-chhiu,he5kongtshiu,he5kongchhiu
hê-koo-tsháu,蝦蛄草,16,hê-ko͘-chháu,he5kootshau2,he5koochhau2
ôo-tia̍p-lân,蝴蝶蘭,16,ô͘-tia̍p-lân,oo5tiap8lan5,oo5tiap8lan5
hôo-sîn-si̍t,蝴蠅翼,16,hô͘-sîn-si̍t,hoo5sin5sit8,hoo5sin5sit8
ia̍h-á-tsháu,蝶仔草,16,ia̍h-á-chháu,iah8a2tshau2,iah8a2chhau2
tsîm-kóng-tshài,蟳管菜,16,chîm-kóng-chhài,tsim5kong2tshai3,chim5kong2chhai3
sîn-si̍t-tsháu,蠅翼草,16,sîn-si̍t-chháu,sin5sit8tshau2,sin5sit8chhau2
ô-khak-á,蠔殼仔,16,ô-khak-á,o5khaka2,o5khaka2
niû-á-tshiū,蠶仔樹,16,niû-á-chhiū,niu5a2tshiu7,niu5a2chhiu7
kiàn-hông-hông,見紅黃,16,kiàn-hông-hông,kian3hong5hong5,kian3hong5hong5
kuan-im-tik,觀音竹,16,koan-im-tek,kuanimtik,koanimtek
piàn-tē-hut,變地忽,16,piàn-tē-hut,pian3te7hut,pian3te7hut
ti-sái-tshài,豬屎菜,16,ti-sái-chhài,tisai2tshai3,tisai2chhai3
ti-tshài-tsháu,豬菜草,16,ti-chhài-chháu,titshai3tshau2,tichhai3chhau2
niau-kong-tshi,貓公刺,16,niau-kong-chhi,niaukongtshi,niaukongchhi
tsha̍t-á-tshiū,賊仔樹,16,chha̍t-á-chhiū,tshat8a2tshiu7,chhat8a2chhiu7
sù-bí-tsháu,賜米草,16,sù-bí-chháu,su3bi2tshau2,su3bi2chhau2
tshiah-kun-tshài,赤根菜,16,chhiah-kun-chhài,tshiahkuntshai3,chhiahkunchhai3
tshiah-huih-á,赤血仔,16,chhiah-huih-á,tshiahhuiha2,chhiahhuiha2
tsáu-bé-thai,走馬胎,16,cháu-bé-thai,tsau2be2thai,chau2be2thai
ku-tsiân-tsháu,車前草,16,ku-chiân-chháu,kutsian5tshau2,kuchian5chhau2
kiō-kǹg-tik,轎槓竹,16,kiō-kǹg-tek,kio7kng3tik,kio7kng3tek
kè-suann-hiunn,過山香,16,kè-soaⁿ-hiuⁿ,ke3suannhiunn,ke3soannhiunn
kuè-suann-lîng,過山龍,16,kòe-soaⁿ-lêng,kue3suannling5,koe3soannleng5
kè-kang-lîng,過江龍,16,kè-kang-lêng,ke3kangling5,ke3kangleng5
ké-kau-tshái,過溝菜,16,ké-kau-chhái,ke2kautshai2,ke2kauchhai2
kè-kau-lîng,過溝龍,16,kè-kau-lêng,ke3kauling5,ke3kauleng5
sik-kia-kó,釋迦果,16,sek-kia-kó,sikkiako2,sekkiako2
kim-put-huàn,金不換,16,kim-put-hoàn,kimputhuan3,kimputhoan3
kim-tsài-kau,金再鈎,16,kim-chài-kau,kimtsai3kau,kimchai3kau
kim-kiàm-tsháu,金劍草,16,kim-kiàm-chháu,kimkiam3tshau2,kimkiam3chhau2
kim-ha̍p-huan,金合歡,16,kim-ha̍p-hoan,kimhap8huan,kimhap8hoan
kim-siā-liû,金榭榴,16,kim-siā-liû,kimsia7liu5,kimsia7liu5
kim-tsio̍h-ha̍k,金石斛,16,kim-chio̍h-ha̍k,kimtsioh8hak8,kimchioh8hak8
kim-sia̍h-liû,金石榴,16,kim-sia̍h-liû,kimsiah8liu5,kimsiah8liu5
kim-tsio̍h-uí,金石韋,16,kim-chio̍h-úi,kimtsioh8ui2,kimchioh8ui2
kim-suànn-liân,金線蓮,16,kim-sòaⁿ-liân,kimsuann3lian5,kimsoann3lian5
kim-hī-tuī,金耳墜,16,kim-hī-tūi,kimhi7tui7,kimhi7tui7
kim-tsiam-tshài,金針菜,16,kim-chiam-chhài,kimtsiamtshai3,kimchiamchhai3
kim-gûn-hue,金銀花,16,kim-gûn-hoe,kimgun5hue,kimgun5hoe
kim-só-sî,金鎖匙,16,kim-só-sî,kimso2si5,kimso2si5
kim-hî-tsháu,金魚草,16,kim-hî-chháu,kimhi5tshau2,kimhi5chhau2
kim-ku-tshiū,金龜樹,16,kim-ku-chhiū,kimkutshiu7,kimkuchhiu7
liú-á-kiô,鈕仔茄,16,liú-á-kiô,liu2a2kio5,liu2a2kio5
tshìng-tshn̂g-lâm,銃床楠,16,chhèng-chhn̂g-lâm,tshing3tshng5lam5,chheng3chhng5lam5
kim-hī-tsháu,錦耳草,16,kim-hī-chháu,kimhi7tshau2,kimhi7chhau2
thih-sái-lâm,鐵屎楠,16,thih-sái-lâm,thihsai2lam5,thihsai2lam5
thih-kûn-thâu,鐵拳頭,16,thih-kûn-thâu,thihkun5thau5,thihkun5thau5
thih-bo̍k-kùn,鐵木棍,16,thih-bo̍k-kùn,thihbok8kun3,thihbok8kun3
thih-sik-tshiū,鐵色樹,16,thih-sek-chhiū,thihsiktshiu7,thihsekchhiu7
thih-tiò-kuann,鐵釣竿,16,thih-tiò-koaⁿ,thihtio3kuann,thihtio3koann
thih-kau-tsháu,鐵鉤草,16,thih-kau-chháu,thihkautshau2,thihkauchhau2
thih-hōo-suànn,鐵雨傘,16,thih-hō͘-sòaⁿ,thihhoo7suann3,thihhoo7soann3
thih-bí-pinn,鐵馬鞭,16,thih-bí-piⁿ,thihbi2pinn,thihbi2pinn
thih-kut-mn̂g,鐵骨毛,16,thih-kut-mn̂g,thihkutmng5,thihkutmng5
tn̂g-ki-á,長枝仔,16,tn̂g-ki-á,tng5kia2,tng5kia2
khui-pî-tsháu,開脾草,16,khui-pî-chháu,khuipi5tshau2,khuipi5chhau2
kuan-to-tāu,關刀豆,16,koan-to-tāu,kuantotau7,koantotau7
a-lí-sim,阿里參,16,a-lí-sim,ali2sim,ali2sim
sang-bīn-tshì,雙面刺,16,sang-bīn-chhì,sangbin7tshi3,sangbin7chhi3
hōo-suànn-á,雨傘仔,16,hō͘-sòaⁿ-á,hoo7suann3a2,hoo7soann3a2
hōo-suànn-á,雨傘子,16,hō͘-sòaⁿ-á,hoo7suann3a2,hoo7soann3a2
luî-kong-tshìng,雷公銃,16,lûi-kong-chhèng,lui5kongtshing3,lui5kongchheng3
tshinn-ba̍k-hiunn,青木香,16,chhiⁿ-ba̍k-hiuⁿ,tshinnbak8hiunn,chhinnbak8hiunn
tshinn-phê-tāu,青皮豆,16,chhiⁿ-phê-tāu,tshinnphe5tau7,chhinnphe5tau7
tshinn-o-tsháu,青萵草,16,chhiⁿ-o-chháu,tshinnotshau2,chhinnochhau2
bîn-thâu-ké,面頭菓,16,bîn-thâu-ké,bin5thau5ke2,bin5thau5ke2
bīn-thâu-ké,面頭菓,16,bīn-thâu-ké,bin7thau5ke2,bin7thau5ke2
ām-sê-tāu,頷垂豆,16,ām-sê-tāu,am7se5tau7,am7se5tau7
hong-put-tōng,風不動,16,hong-put-tōng,hongputtong7,hongputtong7
hong-thai-tsháu,風颱草,16,hong-thai-chháu,hongthaitshau2,hongthaichhau2
bé-kháu-tshiū,馬口樹,16,bé-kháu-chhiū,be2khau2tshiu7,be2khau2chhiu7
bé-bé-si,馬尾絲,16,bé-bé-si,be2be2si,be2be2si
bé-tê-kim,馬蹄金,16,bé-tê-kim,be2te5kim,be2te5kim
bé-uann-tîn,馬鞍藤,16,bé-oaⁿ-tîn,be2uanntin5,be2oanntin5
bé-pinn-tsháu,馬鞭草,16,bé-piⁿ-chháu,be2pinntshau2,be2pinnchhau2
bé-khí-tāu,馬齒豆,16,bé-khí-tāu,be2khi2tau7,be2khi2tau7
kut-tshuì-pòo,骨碎補,16,kut-chhùi-pò͘,kuttshui3poo3,kutchhui3poo3
kuâinn-tshiûnn-iū,高墻柚,16,koâiⁿ-chhiûⁿ-iū,kuainn5tshiunn5iu7,koainn5chhiunn5iu7
ko-lê-tshài,高麗菜,16,ko-lê-chhài,kole5tshai3,kole5chhai3
kuí-liú-kun,鬼柳根,16,kúi-liú-kun,kui2liu2kun,kui2liu2kun
hî-tsho-tsháu,魚臊草,16,hî-chho-chháu,hi5tshotshau2,hi5chhochhau2
hî-tsiam-tsháu,魚針草,16,hî-chiam-chháu,hi5tsiamtshau2,hi5chiamchhau2
hî-liu-tsháu,魚鰌草,16,hî-liu-chháu,hi5liutshau2,hi5liuchhau2
lóo-huà-tshiū,魯化樹,16,ló͘-hòa-chhiū,loo2hua3tshiu7,loo2hoa3chhiu7
tsit-á-tánn,鯽仔膽,16,chit-á-táⁿ,tsita2tann2,chita2tann2
tsit-hî-tánn,鯽魚膽,16,chit-hî-táⁿ,tsithi5tann2,chithi5tann2
hau-khak-tshì,鱟壳刺,16,hau-khak-chhì,haukhaktshi3,haukhakchhi3
hāu-khak-tshì,鱟壳刺,16,hāu-khak-chhì,hau7khaktshi3,hau7khakchhi3
hāu-khak-tîn,鱟壳藤,16,hāu-khak-tîn,hau7khaktin5,hau7khaktin5
tsiáu-á-hue,鳥仔花,16,chiáu-á-hoe,tsiau2a2hue,chiau2a2hoe
tsiáu-á-tāu,鳥仔豆,16,chiáu-á-tāu,tsiau2a2tau7,chiau2a2tau7
tsiáu-sái-tshîng,鳥屎榕,16,chiáu-sái-chhêng,tsiau2sai2tshing5,chiau2sai2chheng5
tsiáu-kiān-hue,鳥腱花,16,chiáu-kiān-hoe,tsiau2kian7hue,chiau2kian7hoe
tsiáu-ta̍h-tshì,鳥踏刺,16,chiáu-ta̍h-chhì,tsiau2tah8tshi3,chiau2tah8chhi3
hōng-bé-tik,鳳尾竹,16,hōng-bé-tek,hong7be2tik,hong7be2tek
hōng-bé-pit,鳳尾筆,16,hōng-bé-pit,hong7be2pit,hong7be2pit
hōng-bé-tsháu,鳳尾草,16,hōng-bé-chháu,hong7be2tshau2,hong7be2chhau2
hōng-bé-hông,鳳尾黃,16,hōng-bé-hông,hong7be2hong5,hong7be2hong5
ah-tshuì-hông,鴨嘴黃,16,ah-chhùi-hông,ahtshui3hong5,ahchhui3hong5
ap-bú-tshiū,鴨母樹,16,ap-bú-chhiū,apbu2tshiu7,apbu2chhiu7
ah-bú-tsu,鴨母珠,16,ah-bú-chu,ahbu2tsu,ahbu2chu
ah-bú-tsháu,鴨母草,16,ah-bú-chháu,ahbu2tshau2,ahbu2chhau2
ah-kiān-tîn,鴨腱藤,16,ah-kiān-tîn,ahkian7tin5,ahkian7tin5
ah-kha-pê,鴨腳筢,16,ah-kha-pê,ahkhape5,ahkhape5
ah-kha-sué,鴨腳黍,16,ah-kha-sóe,ahkhasue2,ahkhasoe2
ah-tsi̍h-tsháu,鴨舌草,16,ah-chi̍h-chháu,ahtsih8tshau2,ahchih8chhau2
ah-chi̍h-hông,鴨舌黃,16,ah-chi̍h-hông,ahchih8hong5,ahchih8hong5
ah-tsih-hông,鴨舌黃,16,ah-chih-hông,ahtsihhong5,ahchihhong5
ah-tsi̍h-hông,鴨舌黃,16,ah-chi̍h-hông,ahtsih8hong5,ahchih8hong5
ah-tuê-tsháu,鴨蹄草,16,ah-tôe-chháu,ahtue5tshau2,ahtoe5chhau2
ap-mâ-kua̍t,鴨麻瓜,16,ap-mâ-koa̍t,apma5kuat8,apma5koat8
giâ-á-tsháu,鵞仔草,16,giâ-á-chháu,gia5a2tshau2,gia5a2chhau2
giâ-á-tshài,鵞仔菜,16,giâ-á-chhài,gia5a2tshai3,gia5a2chhai3
keh-tsiáu-hue,鵲鳥花,16,keh-chiáu-hoe,kehtsiau2hue,kehchiau2hoe
ing-jiáu-thô,鶯爪桃,16,eng-jiáu-thô,ingjiau2tho5,engjiau2tho5
kue-kè-hue,鷄冠花,16,koe-kè-hoe,kueke3hue,koeke3hoe
kue-sái-tîn,鷄屎藤,16,koe-sái-tîn,kuesai2tin5,koesai2tin5
kue-bú-tsú,鷄母子,16,koe-bú-chú,kuebu2tsu2,koebu2chu2
kue-bú-tsu,鷄母珠,16,koe-bú-chu,kuebu2tsu,koebu2chu
kue-jiáu-lân,鷄爪蘭,16,koe-jiáu-lân,kuejiau2lan5,koejiau2lan5
kue-kha-tsháu,鷄脚草,16,koe-kha-chháu,kuekhatshau2,koekhachhau2
kue-kha-lân,鷄脚蘭,16,koe-kha-lân,kuekhalan5,koekhalan5
kue-tn̂g-tsháu,鷄腸草,16,koe-tn̂g-chháu,kuetng5tshau2,koetng5chhau2
kue-tsih-hông,鷄舌黃,16,koe-chih-hông,kuetsihhong5,koechihhong5
kue-tsi̍h-hông,鷄舌黃,16,koe-chi̍h-hông,kuetsih8hong5,koechih8hong5
kue-phang-tîn,鷄香藤,16,koe-phang-tîn,kuephangtin5,koephangtin5
kue-kut-hông,鷄骨癀,16,koe-kut-hông,kuekuthong5,koekuthong5
kue-kak-kong,鷄鵤公,16,koe-kak-kong,kuekakkong,koekakkong
ing-hio̍h-tshì,鷹葉刺,16,eng-hio̍h-chhì,inghioh8tshi3,enghioh8chhi3
iâm-tang-hue,鹽東花,16,iâm-tang-hoe,iam5tanghue,iam5tanghoe
iâm-sng-á,鹽桑仔,16,iâm-sng-á,iam5snga2,iam5snga2
iâm-sng-tsháu,鹽酸草,16,iâm-sng-chháu,iam5sngtshau2,iam5sngchhau2
lo̍k-á-tshiū,鹿仔樹,16,lo̍k-á-chhiū,lok8a2tshiu7,lok8a2chhiu7
lo̍k-á-tshài,鹿仔菜,16,lo̍k-á-chhài,lok8a2tshai3,lok8a2chhai3
lo̍k-jiông-tshàu,鹿茸草,16,lo̍k-jiông-chhàu,lok8jiong5tshau3,lok8jiong5chhau3
beh-suī-hong,麥穗黃,16,beh-sūi-hong,behsui7hong,behsui7hong
bi̍k-bûn-tong,麥門冬,16,be̍k-bûn-tong,bik8bun5tong,bek8bun5tong
n̂g-sim-á,黃心仔,16,n̂g-sim-á,ng5sima2,ng5sima2
n̂g-ki-hue,黃枝花,16,n̂g-ki-hoe,ng5kihue,ng5kihoe
n̂g-tsuí-kiô,黃水茄,16,n̂g-chúi-kiô,ng5tsui2kio5,ng5chui2kio5
n̂g-ba̍k-tsí,黃目子,16,n̂g-ba̍k-chí,ng5bak8tsi2,ng5bak8chi2
n̂g-bah-tshiū,黃肉樹,16,n̂g-bah-chhiū,ng5bahtshiu7,ng5bahchhiu7
n̂g-ôo-ia̍p,黃蝴蝶,16,n̂g-ô͘-ia̍p,ng5oo5iap8,ng5oo5iap8
n̂g-kim-kuì,黃金桂,16,n̂g-kim-kùi,ng5kimkui3,ng5kimkui3
oo-ba̍k-á,黑目仔,16,o͘-ba̍k-á,oobak8a2,oobak8a2
pih-á-tsháu,鼈仔草,16,pih-á-chháu,piha2tshau2,piha2chhau2
tiann-tshuè-tîn,鼎刷藤,16,tiaⁿ-chhòe-tîn,tianntshue3tin5,tiannchhoe3tin5
tiann-tshe-tîn,鼎炊藤,16,tiaⁿ-chhe-tîn,tianntshetin5,tiannchhetin5
tshú-bé-hông,鼠尾紅,16,chhú-bé-hông,tshu2be2hong5,chhu2be2hong5
tsháu-bé-hông,鼠尾黃,16,chháu-bé-hông,tshau2be2hong5,chhau2be2hong5
tshú-bé-hông,鼠尾黃,16,chhú-bé-hông,tshu2be2hong5,chhu2be2hong5
tshú-kun-hông,鼠筋黃,16,chhú-kun-hông,tshu2kunhong5,chhu2kunhong5
tshú-khak-tsháu,鼠麴草,16,chhú-khak-chháu,tshu2khaktshau2,chhu2khakchhau2
lîng-thòo-tsu,龍吐珠,16,lêng-thò͘-chu,ling5thoo3tsu,leng5thoo3chu
lîng-tsi̍h-hông,龍舌黃,16,lêng-chi̍h-hông,ling5tsih8hong5,leng5chih8hong5
lîng-tsûn-hue,龍船花,16,lêng-chûn-hoe,ling5tsun5hue,leng5chun5hoe
lîng-tshiu-tîn,龍鬚藤,16,lêng-chhiu-tîn,ling5tshiutin5,leng5chhiutin5
lîng-lân-tsháu,龍麟草,16,lêng-lân-chháu,ling5lan5tshau2,leng5lan5chhau2
tsu̍t-bí-tsháu,𥟇米草,16,chu̍t-bí-chháu,tsut8bi2tshau2,chut8bi2chhau2
tāi-hî-lân,𩻸魚鱗,16,tāi-hî-lân,tai7hi5lan5,tai7hi5lan5
